OBJECTID,Name,Address,City,State,Zip,Status,x,y
54234,WALGREENS #7230,495 E Holt Ave,POMONA,CA,917675539,open,-13107011.544995,4037267.61778564
54244,VENTURA CENTRAL PHARMACY INC,16661 VENTURA BLVD STE111,ENCINO,CA,91436,open,-13190964.4748106,4050087.5265817
54245,WALGREENS #7263,8900 WASHINGTON BLVD,PICO RIVERA,CA,906603765,open,-13146603.9916879,4026524.67128727
54256,SAMS PHARMACY 10-4767,39940 10th St W,PALMDALE,CA,935513002,open,-13151878.0865228,4110763.47113951
54259,WALGREENS #6972,150 S GRAND AVE,COVINA,CA,917243236,open,-13121455.9168423,4040244.95847647
54261,WALGREENS #7403,15740 WOODRUFF AVE,BELLFLOWER,CA,907064018,open,-13148688.2265141,4014034.42066675
54262,Beverly Pharmacy,2105 BEVERLY BLVD STE 107,LOS ANGELES,CA,90057,open,-13165805.8246134,4037792.09684105
54268,CVS Pharmacy #16040,9725 LAUREL CANYON BLVD,Arleta,CA,913314100,open,-13182352.1310859,4061886.55373669
54269,CVS Pharmacy #16044,5700 FIRESTONE BLVD,SOUTH GATE,CA,90280,open,-13154330.7888634,4021863.56619255
54270,CVS Pharmacy #16047,2270 N BELLFLOWER BLVD,LONG BEACH,CA,90815,open,-13149632.438435,4001733.27759098
54271,CVS Pharmacy #16050,3433 SEPULVEDA BLVD,TORRANCE,CA,90505,open,-13174207.88582,4005536.04138159
54275,CVS Pharmacy #16748,141 LAKEWOOD CENTER MALL,LAKEWOOD,CA,90712,open,-13151341.4152576,4009022.11248563
54289,COSTCO PHARMACY #769,3560 W CENTURY BLVD,INGLEWOOD,CA,903031201,open,-13172920.3645894,4021461.52814947
54296,DDE PHARMACY,18491 E COLIMA RD,ROWLAND HEIGHTS,CA,91748,open,-13124748.524741,4027360.13194614
54305,ROSA II PHARMACY,8729 Valley Blvd Ste D,ROSEMEAD,CA,91770,open,-13144558.0507667,4039675.34105442
54309,MOLINAS PHARMACY,3746 WHITTIER BLVD,LOS ANGELES,CA,900231795,open,-13157128.0250281,4031999.97859442
54312,PACIFIC PHARMACY,11525 BROOKSHIRE AVE STE 100,DOWNEY,CA,90241,open,-13150408.2239663,4020161.71092219
54313,VINE DISCOUNT PHARMACY & MEDICAL SUPPLY,1253 N VINE ST STE 11,LOS ANGELES,CA,90038,open,-13172082.4627822,4041425.54708763
54315,IMPERIAL PHARMACY,15074 IMPERIAL HWY,LA MIRADA,CA,90638,open,-13136779.490028,4017658.43296157
54317,Walmart Pharmacy 10-5152,6433 Fallbrook Ave,WEST HILLS,CA,913073543,open,-13205108.7293108,4053955.16075271
54323,PAYLESS PHARMACY,1118 S GARFIELD AVE STE 101,ALHAMBRA,CA,91801,open,-13149360.26228,4039820.09483297
54324,BEVERLY HILLS MEDICAL PLAZA PHARMACY,150 N ROBERTSON BLVD,BEVERLY HILLS,CA,902112142,open,-13178379.4724179,4037954.02774326
54331,CVS Pharmacy #17004,7100 SANTA MONICA BLVD STE 201,WEST HOLLYWOOD,CA,90046,open,-13173997.6033019,4041007.49475908
54333,PALMDALE MEDICAL PHARMACY,540 W Palmdale Blvd STE A,PALMDALE,CA,93551,open,-13152062.32028,4107893.66436538
54336,DIABETES CARE PHARMACY,1339 W GARVEY AVE N,WEST COVINA,CA,91790,open,-13128429.3037041,4038695.04218421
54347,RALPHS PHARMACY,14919 WHITTIER BLVD,WHITTIER,CA,90605,open,-13136522.8986017,4022054.25740868
54351,CVS Pharmacy #16319,777 E Colorado Blvd,Pasadena,CA,91101,open,-13150678.7303289,4048536.40282529
54362,CVS Pharmacy #16058,17751 COLIMA RD,City Of Industry,CA,917481714,open,-13126643.4051133,4027669.19942201
54367,WALMART PHARMACY 10-3522,3250 Big Dalton Ave,BALDWIN PARK,CA,917065107,open,-13131621.9467,4038585.2442913
54370,RALPHS PHARMACY #213,22915 VICTORY BLVD,WEST HILLS,CA,91307,open,-13205328.8079441,4053885.04857933
54372,CVS Pharmacy #04792,15232 SHERMAN WAY,VAN NUYS,CA,91405,open,-13187508.4498994,4055815.78118308
54373,CVS Pharmacy #04790,120 E BONITA AVE,SAN DIMAS,CA,91773,open,-13114141.6696998,4043028.53703156
54374,CVS Pharmacy #03986,8400 FIRESTONE BLVD,DOWNEY,CA,90241,open,-13150335.3096999,4020550.28535826
54375,VONS PHARMACY #2155,550 E BASELINE RD,CLAREMONT,CA,917112236,open,-13102981.4454698,4045021.2969655
54379,WALGREENS #7070,4009 LINCOLN BLVD,MARINA DEL REY,CA,902925613,open,-13185517.9460846,4027446.46055042
54380,WALGREENS #7175,1344 W Redondo Beach Blvd,GARDENA,CA,902473356,open,-13169047.0029073,4014188.5049916
54385,CVS Pharmacy #05809,4775 W ROSECRANS AVE,HAWTHORNE,CA,90250,open,-13175882.5762395,4015672.72897704
54391,BURBANK COMPOUNDING PHARMACY,201 S BUENA VISTA ST STE 110,BURBANK,CA,91505,open,-13172360.2049118,4050294.1617754
54393,CVS Pharmacy #04065,858 N SUNSET AVE,LA PUENTE,CA,91744,open,-13131599.3488434,4034844.28186936
54394,CVS Pharmacy #05022,7400 RESEDA BLVD,RESEDA,CA,91335,open,-13195344.7854538,4056354.84612071
54395,WALGREENS #7482,1800 W SLAUSON AVE,LOS ANGELES,CA,900471126,open,-13170132.3679425,4027317.70630846
54401,CVS Pharmacy #05170,9952 LAS TUNAS DR,Temple City,CA,91780,open,-13141660.7383798,4043252.38746536
54402,CVS Pharmacy #05828,1001 WESTWOOD BLVD,LOS ANGELES,CA,90024,open,-13185302.0975919,4037165.49298031
54405,RALPHS PHARMACY,500 N SEPULVEDA BLVD,EL SEGUNDO,CA,90245,open,-13179734.1193014,4018388.06865206
54407,WALGREENS #6854,2222 COLORADO BLVD,LOS ANGELES,CA,900411143,open,-13159657.0925394,4047431.33446171
54408,CVS Pharmacy #05014,4909 PARAMOUNT BLVD,LAKEWOOD,CA,90712,open,-13153550.5505524,4008345.0795099
54409,CVS Pharmacy #05012,23806 MAIN ST,CARSON,CA,90745,open,-13166334.4808751,4003105.22470096
54412,WALGREENS #7832,3339 E ANAHEIM ST,LONG BEACH,CA,908044032,open,-13152729.1240299,3999685.10701863
54413,CVS Pharmacy #04789,10945 VICTORY BLVD,NORTH HOLLYWOOD,CA,91606,open,-13176863.8575508,4053993.11032469
54414,CVS Pharmacy #06755,5030 LONG BEACH BLVD,LONG BEACH,CA,90805,open,-13157251.2557044,4008350.30689289
54422,Oak Hills Medical Pharmacy,7345 Medical Center Dr Ste 100,West Hills,CA,91307,open,-13205790.0045944,4056153.88833211
54423,WARNER VICTORY PHARMACY,6325 TOPANGA CANYON BLVD STE 102,WOODLAND HILLS,CA,91367,open,-13203177.5587845,4053774.5655919
54431,PACIFIC PHARMACY,207 S SANTA ANITA ST STE G 10,SAN GABRIEL,CA,91776,open,-13147594.0672391,4042295.84419634
54432,WALGREENS #7826,13231 VICTORY BLVD,VAN NUYS,CA,914012025,open,-13182612.7300138,4053916.94216305
54435,CVS Pharmacy #03968,816 E MAIN ST,ALHAMBRA,CA,91801,open,-13148837.8399097,4042080.88510511
54439,The Medicine Cabinet #2,228 E Anaheim St,Wilmington,CA,90744,open,-13164660.7923311,3999288.80259665
54440,VALLEY PHARMACY,1324 W AVE J STE 1,LANCASTER,CA,93534,open,-13153023.2301245,4121684.5313401
54444,ALHAMBRA PROFESSIONAL PHARMACY,330 S GARFIELD AVE STE 104,ALHAMBRA,CA,91801,open,-13149487.723097,4041103.47068779
54445,AGM PHARMACY,12043 RIVERSIDE DR,VALLEY VILLAGE,CA,91607,open,-13179757.385075,4050010.44293108
54448,WALGREENS #2155,1501 W WHITTIER BLVD,MONTEBELLO,CA,906404001,open,-13148752.2352213,4030364.16079378
54449,EDEN PHARMACY,2681 W OLYMPIC BLVD STE 102,LOS ANGELES,CA,90006,open,-13168069.2838197,4035860.52608794
54455,WALMART PHARMACY 10-5162,27931 Kelly Johnson Pkwy,SANTA CLARITA,CA,913555083,open,-13199816.8233575,4088580.84442859
54461,ASAP Pharmacy,1340 E Wilson Ave,Glendale,CA,91206,open,-13161949.2721743,4048678.31021244
54462,RALPHS PHARMACY,29675 THE OLD ROAD NORTH,CASTAIC,CA,91384,open,-13204607.4576437,4090306.22247053
54463,RALPHS PHARMACY,3601 E FOOTHILL BLVD,PASADENA,CA,91107,open,-13144120.4538484,4049130.00448141
54468,MAX PHARMACY,333 S GARFIELD AVE UNIT C,ALHAMBRA,CA,91801,open,-13149580.3409133,4041126.72548143
54474,RALPHS PHARMACY,14440 BURBANK BLVD,SHERMAN OAKS,CA,91401,open,-13185546.3325547,4051905.53403437
54475,WALGREENS #7036,5451 W SUNSET BLVD,LOS ANGELES,CA,900275613,open,-13170070.9195836,4042004.93117532
54476,WALGREENS #9136,1625 W SUNSET BLVD,LOS ANGELES,CA,900264226,open,-13164423.6818157,4039183.568291
54485,CVS Pharmacy #16075,24425 MAGIC MOUNTAIN PKWY,VALENCIA,CA,91355,open,-13198214.8245655,4085489.83660772
54486,CVS Pharmacy #16048,10820 JEFFERSON BLVD,CULVER CITY,CA,90230,open,-13179553.8930458,4028682.25295679
54490,OPTIMA CARE PHARMACY,1755 W GLENOAKS BLVD STE E,GLENDALE,CA,91201,open,-13168069.3951391,4051955.45161271
54495,SUN YUAN PHARMACY,201 W GARVEY AVE STE 107,MONTEREY PARK,CA,91754,open,-13149583.0125811,4037220.72088632
54496,DEL MAR PHARMACY,9008 Garvey Ave Ste A,ROSEMEAD,CA,91770,open,-13143812.4328173,4037202.17717998
54497,ZOEY PHARMACY,18500 VIA PRINCESSA STE 4,SANTA CLARITA,CA,91387,open,-13186694.3704633,4082979.13417733
54499,AGAPI PHARMACY,6501 SAN FERNANDO RD STE K,GLENDALE,CA,91201,open,-13168001.8242082,4051319.59072594
54500,Rx Central,800 S Central Ave Ste 101A,Glendale,CA,912044375,open,-13164360.6749839,4047150.51142638
54502,SUNNY BAY PHARMACY,450 E HUNTINGTON DR,ARCADIA,CA,91006,open,-13138454.6257255,4047613.84625615
54503,COMPLETE CARE COMPOUNDING PHARMACY,315 S Diamond Bar Blvd Ste D,DIAMOND BAR,CA,91765,open,-13114502.122211,4031453.47115293
54505,WALMART PHARMACY 10-5072,19503 Normandie Ave,TORRANCE,CA,905011361,open,-13169008.597683,4009223.3133311
54508,WALGREENS #7870,600 LONG BEACH BLVD,LONG BEACH,CA,908021321,open,-13156727.8314587,3998545.9193657
54510,WALGREENS #7529,27983 SLOAN CANYON RD,CASTAIC,CA,913842594,open,-13205414.4126325,4095480.16004997
54511,SAV-ON PHARMACY #3301,23850 Copper Hill Dr,VALENCIA,CA,913541701,open,-13197644.8687726,4091065.2510461
54512,ALTAMED PHARMACY,3945 WHITTIER BLVD,LOS ANGELES,CA,90023,open,-13156597.5876544,4032040.67557644
54514,CVS Pharmacy #16049,1200 N SEPULVEDA BLVD,MANHATTAN BEACH,CA,90266,open,-13179749.8153496,4013830.45322539
54515,CVS Pharmacy #16091,20801 VENTURA BLVD,WOODLAND HILLS,CA,91364,open,-13200919.2202748,4051215.18700897
54522,CONCOURSE RX,18575 E GALE AVE STE 158,CITY OF INDUSTRY,CA,91748,open,-13124373.7120155,4028159.93844157
54524,STOCKER RX PHARMACY,3750 Santa Rosalia Dr Unit 1,LOS ANGELES,CA,90008,open,-13173421.079659,4029895.88736386
54531,WALGREENS #2622,4142 PACIFIC COAST HWY,TORRANCE,CA,905055714,open,-13175476.1487786,4002932.80127456
54532,WALGREENS #7950,15316 NORDHOFF ST,NORTH HILLS,CA,913432234,open,-13187560.6587406,4060435.07258883
54535,GRAND AVE PHARMACY,1400 S GRAND AVE STE 100,LOS ANGELES,CA,90015,open,-13165230.7481239,4033767.27480067
54537,WALGREENS #9137,14250 PRAIRIE AVE,HAWTHORNE,CA,902507908,open,-13173907.1005558,4015675.41140313
54541,EO PHARMACY,820 West San Bernardino Road,Covina,CA,91722,open,-13125184.006589,4040761.91298011
54551,CVS Pharmacy #17096,1601 KINGSDALE AVE,REDONDO BEACH,CA,90278,open,-13175321.7486448,4010835.72869808
54554,CVS Pharmacy #17112,15614 WHITTWOOD LN,WHITTIER,CA,90603,open,-13135267.771343,4021176.51375648
54555,CVS Pharmacy #17113,8999 BALBOA BLVD,NORTHRIDGE,CA,91325,open,-13191665.4536441,4060202.80437796
54556,CVS Pharmacy #17119,20700 Avalon Blvd Ste 700,CARSON,CA,90746,open,-13164623.7229406,4007748.90543238
54559,CVS Pharmacy #05945,915 E ARROW HWY,AZUSA,CA,91702,open,-13105685.6185401,4040999.29517245
54566,FREEMAN MEDICAL PHARMACY,301 N PRAIRIE AVE STE 110,INGLEWOOD,CA,90301,open,-13174033.1142194,4024199.31681963
54578,SAMS PHARMACY 10-4824,26468 CARL BOYER DRIVE,SANTA CLARITA,CA,913502995,open,-13191707.3097727,4084836.57113024
54581,HYE PHARMACY INC,1200 S CENTRAL AVE,GLENDALE,CA,91204,open,-13164357.4467186,4046539.79907418
54583,JJS PHARMACY,21010 GOLDEN SPRINGS DR,DIAMOND BAR,CA,91789,open,-13118611.2585746,4028686.54973065
54585,Valencia Town Center Pharmacy,26357 MCBEAN PKWY,VALENCIA,CA,91355,open,-13198101.6126433,4084298.7114377
54586,WALMART PHARMACY 10-3523,26471 Carl Boyer Dr,SANTA CLARITA,CA,913502996,open,-13192062.1963093,4084497.20107935
54587,LITTLE TOKYO PHARMACY,402 E 2ND ST,LOS ANGELES,CA,90012,open,-13162327.535804,4035108.0076115
54593,CLINICARE PHARMACY,9245 Reseda Blvd,NORTHRIDGE,CA,91324,open,-13195398.5527679,4060872.01901795
54601,El Monte Pharmacy,3948 N PECK RD Suite A1-A2,EL MONTE,CA,91732,open,-13137984.6348353,4039116.63830301
54603,KAISER PERMANENTE PHARMACY #060,9353 IMPERIAL HWY 1ST FLR,DOWNEY,CA,90242,open,-13150024.83964,4017690.09112768
54608,TRIAD COMPOUNDING PHARMACY,11090 EAST ARTESIA BLVD SUITE H,CERRITOS,CA,90703,open,-13146500.130603,4011562.24779117
54611,HEALTHY FAMILY PHARMACY,7932 SEVILLE AVE,HUNTINGTON PARK,CA,90255,open,-13160439.8911987,4024190.45820949
54615,WALGREENS #7016,3724 CRENSHAW BLVD,LOS ANGELES,CA,900165804,open,-13172956.7660629,4031400.28578685
54620,WALGREENS #2156,2551 W MAIN ST,ALHAMBRA,CA,918011652,open,-13152574.3899377,4041612.66744671
54621,WALGREENS #7556,28460 HASKELL CANYON RD,SAUGUS,CA,913905203,open,-13192546.5474138,4090754.855916
54627,The Medicine Cabinet #6,5906 Atlantic Blvd,MAYWOOD,CA,90270,open,-13156291.6816937,4026978.70964856
54628,RALPHS PHARMACY,4700 ADMIRALTY WY,MARINA DEL REY,CA,90292,open,-13184579.5227772,4026081.79320101
54629,CVS Pharmacy #09652,8491 WEST SANTA MONICA BOULEVARD,WEST HOLLYWOOD,CA,90069,open,-13177551.5893649,4040917.97172333
54631,CVS Pharmacy #09708,150 W WILLOW ST,POMONA,CA,91768,open,-13108194.3145846,4039300.4951179
54636,CVS Pharmacy #09682,22968 VICTORY BLVD,WOODLAND HILLS,CA,91367,open,-13205537.5319893,4053836.73737214
54637,CVS Pharmacy #09688,451 S SIERRA MADRE BLVD,PASADENA,CA,91107,open,-13147049.0470121,4047371.48414296
54638,CVS Pharmacy #08876,233 EAST WILLOW STREET,LONG BEACH,CA,90806,open,-13156965.0532935,4002622.79396053
54641,CVS Pharmacy #08860,11831 HAWTHORNE BOULEVARD,HAWTHORNE,CA,90250,open,-13175097.2172319,4018961.31943679
54642,CVS Pharmacy #09602,21051 SHERMAN WAY,CANOGA PARK,CA,91303,open,-13201618.306677,4055857.10185875
54643,CVS Pharmacy #09580,5101 WEST RODEO ROAD,LOS ANGELES,CA,90016,open,-13175346.3502523,4031716.17826754
54644,CVS Pharmacy #09658,101 E ALAMEDA AVE,BURBANK,CA,91502,open,-13169263.1853584,4052145.03277064
54645,CVS Pharmacy #08831,3880 WEST ROSECRANS BOULEVARD,HAWTHORNE,CA,90250,open,-13173655.8524651,4015618.94646666
54646,CVS Pharmacy #09564,15700 SOUTH WESTERN AVENUE,GARDENA,CA,90247,open,-13170047.4311711,4013775.87478326
54647,CVS Pharmacy #09507,650 EAST EL SEGUNDO BOULEVARD,LOS ANGELES,CA,90059,open,-13165033.7126252,4017542.13019725
54648,CVS Pharmacy #09609,9920 EAST GARVEY AVENUE,EL MONTE,CA,91733,open,-13141482.738514,4037129.21201995
54650,CVS Pharmacy #09478,3020 SEPULVEDA BOULEVARD,TORRANCE,CA,90505,open,-13173607.9850841,4005084.86363113
54651,CVS Pharmacy #09709,1479 FOOTHILL BOULEVARD,LA VERNE,CA,91750,open,-13110702.3427122,4044597.59952579
54654,CVS Pharmacy #09716,5585 N ROSEMEAD BLVD,TEMPLE CITY,CA,91780,open,-13144065.2393809,4042339.93887093
54657,CVS Pharmacy #09722,26550 BOUQUET CANYON RD,SAUGUS,CA,91350,open,-13195187.0457354,4086362.71553208
54658,CVS Pharmacy #09582,3741 CRENSHAW BOULEVARD,LOS ANGELES,CA,90016,open,-13173019.4389363,4031286.3947264
54660,CVS Pharmacy #09734,2500 W VICTORY BLVD,BURBANK,CA,91505,open,-13173419.8551446,4053496.00790005
54661,CVS Pharmacy #09766,12015 WILSHIRE BOULEVARD,LOS ANGELES,CA,90025,open,-13187563.8870058,4034926.90542629
54662,CVS Pharmacy #09618,4105 W AVE L,LANCASTER,CA,93536,open,-13158403.5237536,4117995.13148625
54667,CVS PHARMACY #09634,2521 EAST AVENUE S,PALMDALE,CA,93550,open,-13145097.505019,4104194.87082716
54668,CVS Pharmacy #09738,11735 WHITTIER BOULEVARD,WHITTIER,CA,90601,open,-13141403.0337586,4026295.10820576
54677,CVS Pharmacy #09740,15210 EAST ROSECRANS AVENUE,LA MIRADA,CA,90638,open,-13136477.4802495,4015181.05090222
54679,CVS Pharmacy #09568,4625 TORRANCE BOULEVARD,TORRANCE,CA,90503,open,-13176066.8099967,4007233.04153395
54683,CVS Pharmacy #09624,1747 NORTH CAHUENGA BOULEVARD,HOLLYWOOD,CA,90028,open,-13172404.1761106,4042654.25281363
54684,CVS PHARMACY#09636,24840 ORCHARD VILLAGE,SANTA CLARITA,CA,91355,open,-13195831.5855871,4080062.57911893
54686,CVS Pharmacy #09767,9045 WILSHIRE BOULEVARD,BEVERLY HILLS,CA,90211,open,-13179022.0085188,4037855.25633809
54688,CVS Pharmacy #09572,5117 LAKEWOOD BOULEVARD,LAKEWOOD,CA,90712,open,-13151650.2155251,4008822.38962683
54689,CVS Pharmacy #09505,4400 E Los Coyotes Diagonal,LONG BEACH,CA,90815,open,-13151413.8842461,4000676.39679393
54690,CVS Pharmacy #09706,9038 BALBOA BLVD,NORTHRIDGE,CA,91325,open,-13191620.8145283,4060393.06198602
54692,CVS Pharmacy #09476,711 PIER AVENUE,HERMOSA BEACH,CA,90254,open,-13179595.6378549,4010786.25896984
54693,CVS Pharmacy #09789,9900 SEPULVEDA BLVD,MISSION HILLS,CA,91345,open,-13187725.188948,4062405.3023536
54697,CVS Pharmacy #09692,1820 W VERDUGO AVE,BURBANK,CA,91506,open,-13171821.1959374,4051236.98255102
54698,CVS Pharmacy #09769,8580 WHITTIER BOULEVARD,PICO RIVERA,CA,90660,open,-13145602.5615488,4029240.57857006
54699,CVS Pharmacy #09573,6299 SOUTH BRISTOL PARKWAY,CULVER CITY,CA,90230,open,-13179407.7305544,4026439.42363899
54700,CVS Pharmacy #09589,12221 CARSON STREET,HAWAIIAN GARDENS,CA,90716,open,-13143594.9145323,4006260.48214706
54703,CVS Pharmacy #09781,5985 WEST PICO BOULEVARD,LOS ANGELES,CA,90035,open,-13176948.2377248,4035844.26869134
54704,CVS Pharmacy #09657,44430 CHALLENGER WAY,LANCASTER,CA,93535,open,-13148173.5965081,4121888.69120728
54705,CVS Pharmacy #09687,702 NORTH AZUSA AVE,WEST COVINA,CA,91791,open,-13125359.0008285,4039970.89877753
54707,CVS Pharmacy #09673,1550 PUENTE AVENUE,BALDWIN PARK,CA,91706,open,-13132160.621716,4037342.86822826
54708,CVS Pharmacy #09660,3751 WILSHIRE BOULEVARD,LOS ANGELES,CA,90010,open,-13170006.7995569,4037111.74345064
54709,CVS Pharmacy #09680,188 W LAS TUNAS,ARCADIA,CA,91007,open,-13139899.2187575,4043182.74463609
54710,CVS Pharmacy #09780,101 W FOOTHILL BLVD,AZUSA,CA,91702,open,-13125446.6092678,4046812.26875401
54711,CVS Pharmacy #09758,13525 BEACH BOULEVARD,LA MIRADA,CA,90638,open,-13133266.358218,4016624.22498881
54714,CVS Pharmacy #09665,5944 NORTH FIGUEROA AVENUE,LOS ANGELES,CA,90042,open,-13156783.8251625,4043725.78178108
54719,CVS Pharmacy #09638,20839 W Roscoe Blvd,Winnetka,CA,91306,open,-13201123.4915404,4058399.89163201
54722,CVS Pharmacy #09686,4707 WEST VENICE BOULEVARD,LOS ANGELES,CA,90019,open,-13173468.3904426,4035118.75560617
54723,CVS Pharmacy #09543,2001 PACIFIC COAST HIGHWAY,LOMITA,CA,90717,open,-13160056.9521503,4000676.5307397
54728,CVS Pharmacy #09771,9256 EAST SLAUSON AVENUE,PICO RIVERA,CA,90660,open,-13146815.9439984,4024665.74577533
54729,CVS Pharmacy #09672,14503 RAMONA BLVD,BALDWIN PARK,CA,91706,open,-13131137.8182346,4040482.06105896
54732,CVS Pharmacy #09557,1250 PACIFIC COAST HIGHWAY,LONG BEACH,CA,90806,open,-13155152.9946224,4000581.42963885
54735,CVS Pharmacy #09773,15743 IMPERIAL HIGHWAY,LA MIRADA,CA,90638,open,-13135227.1397289,4017708.73729198
54736,CVS Pharmacy #09101,155 PACIFIC COAST HIGHWAY,HERMOSA BEACH,CA,90254,open,-13179225.9458259,4009497.97628904
54737,CVS Pharmacy #09588,15103 SOUTH HAWTHORNE BOULEVARD,LAWNDALE,CA,90260,open,-13175029.5349815,4014600.61365109
54740,CVS Pharmacy #09696,10048 Mills Ave.,Whittier,CA,90604,open,-13138920.1638359,4021018.71223603
54741,CVS Pharmacy #09788,2315 HUNTINGTON DR,DUARTE,CA,91010,open,-13130698.9968019,4047666.56944249
54742,CVS Pharmacy #08875,3644 EAST OLYMPIC BOULEVARD,LOS ANGELES,CA,90023,open,-13157882.5485367,4031301.16826671
54743,CVS Pharmacy #09614,1122 EAST BROADWAY,GLENDALE,CA,91205,open,-13162466.573848,4048396.1112927
54749,CVS Pharmacy #08864,3575 ATLANTIC AVENUE,LONG BEACH,CA,90807,open,-13156408.1218811,4004883.6014725
54751,CVS Pharmacy #09732,861 NORTH VINE STREET,HOLLYWOOD,CA,90038,open,-13172080.2363924,4040448.32337192
54752,CVS Pharmacy #09504,8008 FIRESTONE BOULEVARD,DOWNEY,CA,90241,open,-13151043.1903418,4021010.52701256
54753,CVS Pharmacy #09630,6201 Sepulveda Blvd,VAN NUYS,CA,91411,open,-13187626.7825181,4053428.85902483
54754,CVS Pharmacy #09674,1050 SUNSET BOULEVARD,LOS ANGELES,CA,90012,open,-13163405.8877113,4037494.58000752
54757,CVS Pharmacy #08889,12618 STUDEBAKER ROAD,NORWALK,CA,90650,open,-13146723.2148626,4017636.83570364
54758,CVS Pharmacy #08879,8985 VENICE BOULEVARD,LOS ANGELES,CA,90034,open,-13179382.906308,4032474.51712165
54759,CVS Pharmacy #09726,1411 LINCOLN BOULEVARD,SANTA MONICA,CA,90401,open,-13190319.8236394,4031397.73396997
54762,CVS Pharmacy #09627,22050 VENTURA BLVD,WOODLAND HILLS,CA,91364,open,-13203343.7587843,4051428.30077083
54765,CVS Pharmacy #09798,313 SOUTH GARFIELD AVENUE,MONTEREY PARK,CA,91754,open,-13149433.065227,4036777.96455061
54768,CVS Pharmacy #08835,3710 TWEEDY BOULEVARD,SOUTH GATE,CA,90280,open,-13158514.7319249,4021223.21054277
54769,CVS Pharmacy #08837,222 N. MARKET STREET,INGLEWOOD,CA,90301,open,-13174750.9022961,4024096.63789672
54770,CVS Pharmacy #08841,11623 EAST ROSECRANS BOULEVARD,NORWALK,CA,90650,open,-13145256.6918909,4015734.29081437
54771,CVS Pharmacy #09621,18247 SHERMAN WAY,RESEDA,CA,91335,open,-13194835.4987834,4055868.81165413
54772,CVS PHARMACY #00847,3010 SOUTH SEPULVEDA BOULEVARD,LOS ANGELES,CA,90034,open,-13183353.5612251,4032421.32699142
54773,CVS Pharmacy #09625,9089 WOODMAN,ARLETA,CA,91331,open,-13184735.4813838,4060398.31330286
54774,CVS Pharmacy #08886,8601 SOUTH SEPULVEDA BOULEVARD,LOS ANGELES,CA,90045,open,-13179832.5257313,4023383.95082301
54775,CVS Pharmacy #08838,2130 BELLFLOWER BOULEVARD,LONG BEACH,CA,90815,open,-13149557.9656956,4001404.54909611
54776,CVS Pharmacy #09512,15466 WHITTIER BLVD,WHITTIER,CA,90603,open,-13135369.7399966,4021449.18274592
54777,CVS Pharmacy #09637,367 N CITRUS AVE,AZUSA,CA,91702,open,-13123482.4881722,4046008.46163883
54780,CVS Pharmacy #08867,7915 FLORENCE AVENUE,DOWNEY,CA,90240,open,-13150327.628655,4022683.65495602
54781,CVS Pharmacy #09626,1701 SOUTH WESTERN AVENUE,LOS ANGELES,CA,90006,open,-13170125.6887731,4034529.91478843
54783,CVS Pharmacy #08868,5020 WEST 190TH STREET,TORRANCE,CA,90503,open,-13176263.5115369,4009767.81996038
54784,CVS Pharmacy #09655,10208 BALBOA BLVD,GRANADA HILLS,CA,91344,open,-13191513.5025392,4063217.00574024
54786,CVS Pharmacy #09661,6360 WEST THIRD STREET,LOS ANGELES,CA,90036,open,-13175847.2879609,4038363.7702461
54790,CVS Pharmacy #09571,950 NORTH WESTERN AVENUE,SAN PEDRO,CA,90732,open,-13170075.3723632,3995452.36205618
54791,CVS Pharmacy #09675,12143 VENTURA BLVD,STUDIO CITY,CA,91604,open,-13179868.8158853,4048099.66201575
54792,CVS Pharmacy #09477,5399 WEST CENTINELA AVENUE,LOS ANGELES,CA,90045,open,-13177310.3600284,4025775.58775694
54793,CVS Pharmacy #09679,1485 E VALLEY BLVD,ALHAMBRA,CA,91801,open,-13147861.456656,4039474.54359628
54796,CVS Pharmacy #09685,2240 FAIR PARK AVE,LOS ANGELES,CA,90041,open,-13159801.8078774,4047090.52809498
54799,CVS Pharmacy #09689,950 WEST FOOTHILL BLVD,MONROVIA,CA,91016,open,-13137963.5954516,4048985.6702032
54801,CVS Pharmacy #09669,2530 GLENDALE BOULEVARD,LOS ANGELES,CA,90039,open,-13164533.4428336,4042672.4020875
54802,CVS Pharmacy #08829,119 SOUTH LINCOLN BLVD,VENICE,CA,90291,open,-13187982.2256522,4029073.26600654
54803,CVS Pharmacy #09707,14735 VENTURA,SHERMAN OAKS,CA,91403,open,-13186200.4458826,4049218.24703091
54804,CVS Pharmacy #09613,23357 MULHOLLAND DRIVE,WOODLAND HILLS,CA,91364,open,-13206301.7402936,4050044.88163529
54806,CVS Pharmacy #09617,2103 SOUTH ATLANTIC BOULEVARD,MONTEREY PARK,CA,91754,open,-13151819.1985121,4034085.78531167
54807,CVS Pharmacy #08844,6510 South St,Lakewood,CA,907131714,open,-13147526.6076276,4009723.4488055
54808,CVS Pharmacy #09721,1401 S BALDWIN,ARCADIA,CA,91007,open,-13142012.1740122,4045407.89599556
54810,CVS PHARMACY,4235 PACIFIC COAST HIGHWAY,TORRANCE,CA,90505,open,-13175605.9473048,4003144.61316694
54813,CVS Pharmacy #08858,7101 ATLANTIC AVENUE,BELL,CA,90201,open,-13156631.4287796,4024949.63920357
54815,CVS Pharmacy #09641,206 N AZUSA AVENUE,COVINA,CA,91722,open,-13125289.0921883,4040535.82650398
54817,CVS Pharmacy #09645,8225 EAST GARVEY AVENUE,ROSEMEAD,CA,91770,open,-13145683.4908186,4037296.50852177
54818,CVS Pharmacy #09647,2037 VERDUGO BLVD,MONTROSE,CA,91020,open,-13160296.7343335,4056461.85456691
54820,CVS Pharmacy #09651,12717 GLENOAKS,SYLMAR,CA,91342,open,-13184864.6119931,4069307.51180152
54821,CVS Pharmacy #08871,13171 MINDANAO WAY,MARINA DEL REY,CA,902926307,open,-13184425.9018799,4026768.33539994
54822,CVS Pharmacy #09784,1030 COLORADO BLVD,EAGLE ROCK,CA,90041,open,-13156713.2486054,4047276.26226297
54826,CVS Pharmacy #09475,4320 REDONDO BEACH BOULEVARD,TORRANCE,CA,90504,open,-13174741.6627783,4011938.06087413
54827,CVS Pharmacy #09677,17320 VENTURA,ENCINO,CA,91316,open,-13192486.9914862,4050409.31947804
54828,CVS Pharmacy #09579,4570 ATLANTIC AVENUE,LONG BEACH,CA,90807,open,-13156197.394085,4007631.36308211
54830,CVS Pharmacy #09493,12315 VENICE BOULEVARD,MAR VISTA,CA,90066,open,-13183903.4795096,4029378.61999687
54831,CVS Pharmacy #09795,511 N Hollywood Way,BURBANK,CA,91505,open,-13173944.6152242,4050268.46669966
54834,CVS Pharmacy #09601,1015 N SAN FERNANDO BOULEVARD,BURBANK,CA,91504,open,-13171220.738604,4053986.91996032
54835,CVS Pharmacy #09603,201 NORTH LOS ANGELES STREET,LOS ANGELES,CA,90012,open,-13162590.2498023,4035907.41738664
54837,CVS Pharmacy #09857,800 W WHITTIER,MONTEBELLO,CA,90640,open,-13147746.9088999,4030135.59476142
54838,CVS Pharmacy #09608,2505 SANTA MONICA BOULEVARD,SANTA MONICA,CA,90404,open,-13188559.0832535,4033192.47384909
54839,CVS Pharmacy #09611,19424 Soledad Canyon Rd,CANYON COUNTRY,CA,91351,open,-13188531.8099783,4084697.71829332
54840,CVS Pharmacy #08839,150 WEST CARSON STREET,CARSON,CA,90745,open,-13166812.8207271,4006128.75005421
54841,CVS Pharmacy #09615,19353 VICTORY,RESEDA,CA,91335,open,-13197500.710032,4053907.79125222
54842,CVS Pharmacy #09717,13021 VICTORY BLVD,NORTH HOLLYWOOD,CA,91606,open,-13182075.1681928,4054073.1816464
54846,CVS Pharmacy #09629,861 NORTH HACIENDA BOULEVARD,LA PUENTE,CA,91744,open,-13130150.3030318,4033546.70040671
54848,CVS PHARMACY,11940 GARVEY AVENUE,EL MONTE,CA,91732,open,-13138004.6723437,4037131.49637331
54849,CVS Pharmacy #09643,8425 LAUREL CANYON,SUN VALLEY,CA,91352,open,-13180051.4911697,4058929.52052915
54851,CVS Pharmacy #09751,5623 KANAN RD,Agoura Hills,CA,913013358,open,-13220143.9850153,4049309.31513675
54855,CVS Pharmacy #08878,5505 Carson St,LAKEWOOD,CA,90713,open,-13149591.5841819,4006333.38438364
54856,CVS Pharmacy #09667,300 SOUTH DIAMOND BAR BOULEVARD,DIAMOND BAR,CA,91765,open,-13114353.8446492,4031429.56456879
54857,CVS Pharmacy #09757,2525 VIA CAMPO STREET,MONTEBELLO,CA,90640,open,-13149471.9157293,4033183.20527015
54864,CVS Pharmacy #09785,2006 W Ave J,LANCASTER,CA,93536,open,-13154190.8602635,4121560.52092878
54866,CVS Pharmacy #09748,3670 SOUTH NOGALES STREET,WEST COVINA,CA,91792,open,-13123062.8136919,4030215.63263925
54869,CVS Pharmacy #09496,2900 N Sepulveda Blvd,MANHATTAN BEACH,CA,90266,open,-13179608.9961938,4014954.26380254
54870,CVS Pharmacy #09501,2655 SANTA ANA STREET,SOUTH GATE,CA,90280,open,-13160532.731654,4024031.4070607
54872,CVS Pharmacy #09605,10181 RESEDA,NORTHRIDGE,CA,91324,open,-13195408.4602026,4063288.25309728
54880,CVS Pharmacy #08892,5822 SOUTH VERMONT AVENUE,LOS ANGELES,CA,90044,open,-13167931.3589706,4027311.66469568
54882,CVS Pharmacy #08895,775 E FOOTHILL BOULEVARD,POMONA,CA,91767,open,-13106474.3171324,4043211.65039184
54884,CVS Pharmacy #09733,435 E Arrow Hwy,GLENDORA,CA,917405607,open,-13119662.6711651,4043288.01571856
54889,CVS Pharmacy #09775,864 SWARTHMORE AVENUE,PACIFIC PALISADES,CA,90272,open,-13194239.6055492,4035058.02956951
54895,CVS Pharmacy #09694,900 N LAKE,PASADENA,CA,91104,open,-13150363.3622115,4050426.27035995
54896,CVS Pharmacy #09495,220 EAST COMPTON BOULEVARD,COMPTON,CA,90220,open,-13160373.3221432,4014716.75238872
54897,CVS Pharmacy #09596,5960 PACIFIC BOULEVARD,HUNTINGTON PARK,CA,90255,open,-13160555.3295106,4027264.13745334
54898,CVS PHARMACY #08853,1645 EAST 103RD STREET,LOS ANGELES,CA,90002,open,-13162932.000639,4021392.42089916
54901,CVS Pharmacy #09488,11851 ARTESIA BOULEVARD,ARTESIA,CA,90701,open,-13144754.4183484,4011786.28614195
54902,CVS Pharmacy #09489,13303 EAST SOUTH STREET,CERRITOS,CA,90703,open,-13141093.4542547,4010030.16290104
54911,CVS Pharmacy #09566,596 LONG BEACH BOULEVARD,LONG BEACH,CA,90802,open,-13156721.4862477,3998459.94247619
54914,CVS Pharmacy #09791,2532 W VALLEY BLVD,ALHAMBRA,CA,91803,open,-13152516.0585245,4039119.86383557
54916,CVS Pharmacy #09531,4501 WEST SLAUSON AVENUE,LOS ANGELES,CA,90043,open,-13175136.1790537,4027338.38207421
54917,CVS Pharmacy #09786,6588 FOOTHILL BLVD,TUJUNGA,CA,91042,open,-13166382.6822146,4061881.43639716
54918,CVS Pharmacy #09590,6000 ATLANTIC AVENUE,LONG BEACH,CA,90805,open,-13156235.3540314,4010576.58477169
54919,CVS Pharmacy #09730,2141 SOUTH HACIENDA BOULEVARD,HACIENDA HEIGHTS,CA,91745,open,-13132263.9262035,4028150.40541687
54921,CVS Pharmacy #09697,23841 MALIBU ROAD,MALIBU,CA,90265,open,-13212948.0704914,4033398.66809801
54923,CVS Pharmacy #09578,3120 West Imperial Highway,INGLEWOOD,CA,90303,open,-13172126.9905786,4019487.64076231
54924,CVS Pharmacy #08840,311C WEST PACIFIC COAST HIGHWAY,WILMINGTON,CA,90744,open,-13165392.1613856,4000921.52016585
54925,CVS Pharmacy #09668,727 S ARROYO PARKWAY,PASADENA,CA,91105,open,-13152148.4815659,4046704.27530097
54927,CVS Pharmacy #09714,26861 SIERRA HWY,SANTA CLARITA,CA,91321,open,-13187675.5404551,4083319.40304105
54928,CVS Pharmacy #09852,11426 WASHINGTON BOULEVARD,Whittier,CA,90606,open,-13143267.1899514,4024852.99383956
54931,CVS Pharmacy #08865,11011 ALONDRA BOULEVARD,NORWALK,CA,90650,open,-13146801.6951036,4013731.21988794
54932,CVS Pharmacy #09848,20 E ORANGE GROVE BLVD,PASADENA,CA,91103,open,-13152414.8691074,4049946.81231864
54933,CVS Pharmacy #09666,2419 WORKMAN STREET,LOS ANGELES,CA,90031,open,-13159577.7217425,4038778.6344357
54935,CVS Pharmacy #09850,5969 N LANKERSHIM BLVD,NORTH HOLLYWOOD,CA,91601,open,-13178389.8251306,4052888.31831842
54936,CVS Pharmacy #09642,8530 RESEDA BLVD,NORTHRIDGE,CA,91324,open,-13195353.3570546,4059123.79579388
54938,CVS Pharmacy #08781,1485 S GAREY,POMONA,CA,91766,open,-13107895.0877934,4034802.23141111
54939,CVS Pharmacy #09576,10889 WELLWORTH AVENUE,LOS ANGELES,CA,90024,open,-13184937.0809816,4036484.90829175
54940,CVS Pharmacy #09584,4345 WEST CENTURY BOULEVARD,INGLEWOOD,CA,90304,open,-13174864.0028987,4021520.16899853
54942,CVS Pharmacy #09123,3800 MARTIN LUTHER KING JR BOULEVARD,LYNWOOD,CA,90262,open,-13157827.2227497,4019004.11651831
54943,CVS Pharmacy #09699,27983 SECO CANYON ROAD,SANTA CLARITA,CA,91350,open,-13195202.7417836,4090682.35510961
54944,CVS Pharmacy #08522,"43839 15TH STREET WEST, SUITE P",LANCASTER,CA,93534,open,-13153294.4044041,4120290.71161463
54946,CVS Pharmacy #09594,901 S CENTRAL AVENUE,COMPTON,CA,90220,open,-13163598.1364719,4013726.39234213
54949,CVS Pharmacy #09122,700 S GAFFEY,SAN PEDRO,CA,90731,open,-13168220.7896466,3993630.33456132
54954,CVS Pharmacy #09144,7021 HOLLYWOOD BLVD,LOS ANGELES,CA,90028,open,-13173852.7766443,4042466.44313895
54957,WALGREENS #9139,670 N LAKE AVE,PASADENA,CA,911011220,open,-13150391.3034037,4049954.21120875
54960,FAIR OAKS PHARMACY & SODA FOUNTAIN,1526 MISSION ST,S PASADENA,CA,91030,open,-13152507.5982432,4044388.91652294
54962,CVS Pharmacy #16093,2169 W REDONDO BEACH BLVD,GARDENA,CA,90247,open,-13170888.7838825,4013636.68081987
54963,CVS Pharmacy #16415,2831 E EASTLAND CTR DR,WEST COVINA,CA,91791,open,-13122983.888173,4038607.68759333
54968,WALGREENS #9560,2453 S AZUSA AVE,WEST COVINA,CA,917921536,open,-13126174.972696,4033135.25056904
54969,ST ANTONY PHARMACY,310 E GRAND AVE SUITE 105,EL SEGUNDO,CA,90245,open,-13181721.61749,4017965.09159854
54974,CVS Pharmacy #05834,11574 LOWER AZUSA RD,EL MONTE,CA,91732,open,-13137414.790362,4040982.89601692
54975,DOWNEY PLAZA PHARMACY,11480 BROOKSHIRE AVE STE 102,DOWNEY,CA,90241,open,-13150291.8950984,4020221.6868459
54977,WALGREENS #6930,19266 Soledad Canyon Rd,Santa Clarita,CA,913513366,open,-13188206.6457457,4084718.49888129
54978,ENCINO CARE PHARMACY,16025 VENTURA BLVD STE 100,ENCINO,CA,91436,open,-13189353.2365009,4049823.04978038
54979,CVS Pharmacy #09160,102 N SAN GABRIEL BLVD,SAN GABRIEL,CA,91775,open,-13145811.8421915,4042699.28995388
54981,BIOCARE RX SPECIALTY PHARMACY LLC,5435 BALBOA BLVD STE 210,ENCINO,CA,91316,open,-13191503.483785,4051576.16424723
54982,CVS Pharmacy #07191,15718 HAWTHORNE BLVD,LAWNDALE,CA,90260,open,-13174908.6420145,4013807.79040085
54987,"OptumRx Pharmacy 707, Inc",4900 Rivergrade Road Suite E110,Irwindale,CA,917061460,open,-13133425.7677289,4042567.13670209
54994,WALMART PHARMACY 10-5154,1827 Walnut Grove Ave,ROSEMEAD,CA,917703789,open,-13144835.6815767,4035647.16639832
54997,COMPTON COMM PHARMACY,555 W COMPTON BLVD STE 102,COMPTON,CA,90220,open,-13161693.4599845,4014874.73515139
55000,COSLO PHARMACY,150 S Raymond Ave,Alhambra,CA,918013166,open,-13151811.5174673,4040788.12424739
55001,CVS Pharmacy #01176,25829 NARBONNE AVE,LOMITA,CA,90717,open,-13171354.2106735,4000492.08890056
55006,CVS Pharmacy #16060,2462 FOOTHILL BLVD,LA VERNE,CA,91750,open,-13108935.7023933,4043547.76922416
55007,CVS Pharmacy #16095,11051 VICTORY BLVD,NORTH HOLLYWOOD,CA,91606,open,-13177118.7791847,4053919.76818112
55011,CVS Pharmacy #17226,6700 TOPANGA CANYON BLVD,CANOGA PARK,CA,91303,open,-13203121.1198027,4054634.23503803
55012,CVS Pharmacy #17259,747 GRAND AVE,DIAMOND BAR,CA,91765,open,-13115741.1081435,4029572.52536772
55016,CVS Pharmacy #09787,3943 SAN FERNANDO RD,GLENDALE,CA,91204,open,-13164575.6329206,4045992.45869459
55022,RALPHS PHARMACY,13321 E SOUTH STREET,CERRITOS,CA,90703,open,-13140998.8326875,4010030.96723203
55029,CVS Pharmacy #09212,1843 S LA CIENEGA BLVD,LOS ANGELES,CA,90035,open,-13177628.3998136,4034589.42891632
55037,WALGREENS #10262,9830 LONG BEACH BLVD,SOUTH GATE,CA,902804153,open,-13159783.7741199,4021613.29718989
55038,CVS Pharmacy #01666,846 W AVENUE K,LANCASTER,CA,93534,open,-13152036.2715192,4123651.14625005
55044,MESA PHARMACY IV,7218 Van Nuys Blvd Ste B,Van Nuys,CA,91405,open,-13185630.8240482,4055917.80449232
55053,RALPHS PHARMACY,670 S WESTERN AVE,LOS ANGELES,CA,90005,open,-13170087.6175072,4036897.68846565
55060,SUPERIOR PHARMACY,11755 VICTORY BLVD STE 100A,NORTH HOLLYWOOD,CA,91606,open,-13179090.3586862,4053917.61502443
55062,SMITH PHARMACY INC,1107 N WESTERN AVE,LOS ANGELES,CA,90029,open,-13170136.5980832,4041033.034493
55064,CVS Pharmacy #06582,255 MAIN ST,VENICE,CA,90291,open,-13188988.4425295,4028370.47262342
55065,TLC MEDICAL ARTS PHARMACY,1500 W COVINA PKWY STE 100,WEST COVINA,CA,91790,open,-13128968.423998,4038072.42017565
55076,MedQuickRx,546 W LAS TUNAS DR,SAN GABRIEL,CA,91776,open,-13147630.4687126,4042546.70215525
55079,ALL FOR HEALTH HEALTH FOR ALL,519 E BROADWAY,GLENDALE,CA,91205,open,-13163442.1778653,4048505.33139693
55135,Diplomat Specialty Pharmacy,15211 VANOWEN STREET STE 301,VAN NUYS,CA,914053606,open,-13187403.4756196,4054897.2089227
55138,CARE PLUS PHARMACY INC,19015 VENTURA BLVD,TARZANA,CA,91356,open,-13196735.0545743,4052012.50054236
55139,HACIENDA HEIGHTS PHARMACY,17170 COLIMA RD STE F,HACIENDA HEIGHTS,CA,91745,open,-13128188.7422845,4027431.15496485
55140,MULTICARE PHARMACY,4849 VAN NUYS BLVD STE 101A,SHERMAN OAKS,CA,91403,open,-13185673.1254547,4050196.35936298
55143,CVS Pharmacy #08870,8859 ALONDRA BLVD,PARAMOUNT,CA,90723,open,-13151705.0960341,4013953.02099533
55153,BELLAIRE PHARMACY,12650 SHERMAN WAY STE 9,NORTH HOLLYWOOD,CA,91605,open,-13181253.5190312,4055826.41417645
55156,CVS Pharmacy #05775,3151 BALDWIN PARK BLVD,BALDWIN PARK,CA,91706,open,-13133357.4175615,4038259.88857699
55158,WALGREENS #5798,401 N AZUSA AVE,COVINA,CA,917223609,open,-13125407.3134875,4040734.35761037
55160,WALGREENS,18568 VENTURA BLVD,TARZANA,CA,913564146,open,-13195566.199921,4051555.98258558
55165,WALGREENS #9491,10955 MAGNOLIA BLVD N,NORTH HOLLYWOOD,CA,916013907,open,-13176836.8069145,4050986.87449284
55168,CVS Pharmacy #01778,3883 E FOOTHILL BLVD,PASADENA,CA,91107,open,-13143868.2038822,4049010.28626449
55169,MED CENTER PHARMACY INC,14624 SHERMAN WAY STE 104,VAN NUYS,CA,91405,open,-13185977.2503036,4055826.0103917
55172,HACIENDA PHARMACY,3120 S HACIENDA BLVD STE 105,HACIENDA HEIGHTS,CA,91745,open,-13132639.2955264,4026242.34962388
55174,Royal Hills Pharmacy,7301 MEDICAL CENTER DR #106,WEST HILLS,CA,91307,open,-13205789.5593165,4056040.96050055
55186,CVS Pharmacy #16236,888 W ARROW HWY,SAN DIMAS,CA,91773,open,-13116061.3743185,4042838.83900124
55196,CVS Pharmacy #,2195 GLENDALE GALLERIA,GLENDALE,CA,91210,open,-13164491.3640661,4048029.85498521
55198,SHALOM COMPOUNDING PHARMACY,18000 VENTURA BLVD STE 2,ENCINO,CA,91316,open,-13194111.4768153,4050898.75273986
55202,RALPHS PHARMACY,7257 W SUNSET BLVD,West Hollywood,CA,90046,open,-13174472.4922496,4041990.14374353
55206,RALPHS PHARMACY,645 W 9TH ST,LOS ANGELES,CA,90017,open,-13164769.885432,4034956.19327
55209,KAISER PERMANENTE PHARMACY #253,13652 CANTARA ST 1ST FLR RM 12R01,PANORAMA CITY,CA,914025423,open,-13183660.9143391,4058345.23382997
55212,National Pharmacy,7420 SANTA MONICA BLVD,WEST HOLLYWOOD,CA,90046,open,-13174844.4106683,4040957.22197662
55213,RALPHS PHARMACY,3455 SEPULVEDA BLVD,TORRANCE,CA,90505,open,-13174209.3329733,4005734.36689311
55216,BELLA VIDA PHARMACY,1037 W. CARSON ST,TORRANCE,CA,90502,open,-13168402.2404166,4006239.84446581
55220,WALGREENS #11440,2331 S ALTANTIC BLVD,MONTEREY PARK,CA,917546805,open,-13152166.5153234,4033844.11414284
55227,ZELZAH PHARMACY,17911 VENTURA BLVD,ENCINO,CA,91316,open,-13193832.8441299,4050817.08937458
55229,MEDALLION PRESCRIPTION PHARMACY,23101 SHERMAN PLACE UNIT 101,WEST HILLS,CA,91307,open,-13205837.983295,4055843.77693386
55230,PORTER RANCH PHARMACY,19950 Rinaldi Street Suite 102,PORTER RANCH,CA,91326,open,-13199083.6731911,4065835.27003044
55240,RALPHS PHARMACY,160 NORTH LAKE AVE,PASADENA,CA,91101,open,-13150316.4967059,4048768.97045678
55246,CVS Pharmacy #17349,1621 S ALAMEDA ST,COMPTON,CA,90220,open,-13160134.2078769,4012667.8680213
55248,CVS Pharmacy #,651 W SEPULVEDA BLVD,CARSON,CA,90745,open,-13167498.1035124,4003232.76879553
55251,CVS Pharmacy #,11133 BALBOA BLVD,GRANADA HILLS,CA,91344,open,-13191642.1878705,4065524.89367981
55256,WALGREENS #9882,331 N Pacific Coast Hwy,EL SEGUNDO,CA,902454444,open,-13179842.0992075,4018123.79000301
55261,WALGREENS #7575,3643 PECK RD,EL MONTE,CA,917313530,open,-13138390.9509767,4038575.97132313
55263,VENICE PHARMACY,1514 S VERMONT AVE,LOS ANGELES,CA,90006,open,-13168136.1868336,4034808.41134093
55265,AV PHARMACY,38750 TRADE CENTER DR STE G,PALMDALE,CA,93551,open,-13151538.1167979,4107820.10655077
55269,WALGREENS #11442,310 S Lake Ave,PASADENA,CA,911013537,open,-13150376.386592,4047680.01927408
55279,The Medicine Shoppe,11003 LAKEWOOD BLVD STE 101,DOWNEY,CA,90241,open,-13149461.1177387,4020386.32036218
55280,WALGREENS #11449,4616 DE LONGPRE AVE,LOS ANGELES,CA,900276076,open,-13167990.6922592,4041807.99104672
55284,RITE AID PHARMACY 06495,9333 WHITTIER BOULEVARD,PICO RIVERA,CA,906602746,open,-13144477.7894138,4028700.24570812
55293,WALGREENS #10069,11983 HAWTHORNE BLVD,HAWTHORNE,CA,902503015,open,-13174952.1679354,4018597.08117025
55294,CVS Pharmacy #17230,2370 S AZUSA AVE,WEST COVINA,CA,91792,open,-13126158.9426894,4033086.22146141
55297,GLENDALE RX PHARMACY,1030 S GLENDALE AVE STE 101&102,GLENDALE,CA,91205,open,-13163679.0657418,4046786.71603858
55308,GLENOAKS RX PHARMACY,303 S GLENOAKS BLVD STE 16,BURBANK,CA,91502,open,-13169565.9743734,4053172.37819937
55309,NORTH VALLEY PHARMACY AND MEDICAL SUPPLIES INC,11541 LAUREL CANYON BLVD STE C,SAN FERNANDO,CA,91340,open,-13186300.6334243,4066387.6100944
55311,PARK COMPOUNDING PHARMACY,4333 Park Terrace Dr Ste 160,WESTLAKE VILLAGE,CA,913615653,open,-13225015.7712104,4048142.70317314
55313,ARCADIA MEDICAL PHARMACY,612 W DUARTE RD STE 102,ARCADIA,CA,91007,open,-13141470.1594115,4045699.56845065
55314,CVS Pharmacy #06976,4414 E York Blvd,LOS ANGELES,CA,90041,open,-13160184.6356063,4045433.44561192
55316,CVS Pharmacy #08898,7300 ALAMEDA ST,WALNUT PARK,CA,90255,open,-13161635.1285713,4025265.08462753
55318,SERRANO MEDICAL PHARMACY,4220 W 3RD STREET STE 100,LOS ANGELES,CA,90020,open,-13169773.6965432,4038047.96216024
55320,PALISADES COMPOUNDING PHARMACY,540 PALISADES DRIVE,PACIFIC PALISADES,CA,90272,open,-13197130.0161277,4034951.22239214
55323,MAGNOLIA PHARMACY,2211 WEST MAGNOLIA BLVD 115,BURBANK,CA,91506,open,-13174495.6467037,4053596.93381036
55326,COSTCO PHARMACY #1015,520 N LONE HILL AVE,SAN DIMAS,CA,917731725,open,-13116621.7566351,4043837.1082705
55327,VONS PHARMACY #2832,1600 FOOTHILL BLVD,LA VERNE,CA,917503436,open,-13110506.6430474,4044256.07134847
55332,WALGREENS #6974,3331 W CENTURY BLVD,INGLEWOOD,CA,903031366,open,-13172401.8384013,4021502.59013117
55333,WALGREENS #10767,23925 NEWHALL RANCH RD,Santa Clarita,CA,913555701,open,-13197408.5374936,4086677.30858343
55337,KAISER PERMANENTE PHMCY #554,1336 S BRIDGEGATE DR,DIAMOND BAR,CA,917653955,open,-13117385.5196615,4028400.95206484
55338,Paramount Family Pharmacy,8010 2ND STREET,PARAMOUNT,CA,90723,open,-13153466.8382954,4015129.14831283
55339,New Life Pharmacy,1722 Desire Ave Ste 103,Rowland Heights,CA,917482969,open,-13124128.3638578,4027069.1972765
55341,CVS Pharmacy #06705,316 PACIFIC COAST HIGHWAY,REDONDO BEACH,CA,90277,open,-13178830.0937167,4008176.06207897
55354,CVS Pharmacy #17415,38019 47TH ST E,PALMDALE,CA,93552,open,-13141077.646887,4106125.57058511
55361,WALGREENS #11243,11930 STUDEBAKER RD,NORWALK,CA,906507548,open,-13146723.77146,4018534.96729485
55374,QUALITY HOME INFUSION,212 W Magnolia Blvd,BURBANK,CA,915021724,open,-13171061.1064542,4052641.53781504
55376,Carrie's Pharmacy,501 N Glenoaks Blvd,Burbank,CA,915021123,open,-13170282.4266161,4053817.08997621
55382,CVS Pharmacy #17354,2700 W 120th St,Hawthorne,CA,90250,open,-13171485.6789921,4018347.68862538
55384,CVS Pharmacy #17481,6750 CHERRY AVE,LONG BEACH,CA,90805,open,-13154208.1147845,4012354.78135586
55388,CVS Pharmacy #17521,1701 N GAFFEY ST,SAN PEDRO,CA,90731,open,-13168325.429968,3996747.10105042
55391,KAISER PERMANENTE PHRMCY #041,3280 Foothill Blvd 1st Floor Ste 16,Pasadena,CA,911073103,open,-13144963.3650326,4048844.83507474
55395,WALGREENS #11785,6100 Pacific Blvd,Huntington Park,CA,902552923,open,-13160766.6139041,4026854.39102135
55400,ABC Compounding Pharmacy,16311 Ventura Blvd Ste 110,Encino,CA,91436,open,-13190085.9413893,4049933.89790381
55414,Golden Wellness Rx,1230 Montana Ave Ste 106,Santa Monica,CA,90403,open,-13190935.4204235,4032969.22408691
55415,Ronald Reagan UCLA Outpatient Pharmacy,662 Gayley Ave 662 Gayley Ave Room B140B,Los Angeles,CA,90095,open,-13159335.2678915,4042799.71669677
55416,Tujunga Pharmacy,7341 Foothill Blvd. #101,TUJUNGA,CA,91042,open,-13168187.0598409,4062521.92979269
55424,SAN JOSE PHARMACY,222 W. Eulalia Street Suite 212,Glendale,CA,91204,open,-13164247.4630617,4045790.20493754
55426,Clinica Msr Oscar A Romero,123 S Alvarado Street,Los Angeles,CA,90057,open,-13165854.1372724,4037687.81724671
55429,LAC/ USC OPD 2P82 Pharmacy,2010 Zonal Ave Room 2P82,Los Angeles,CA,90033,open,-13158831.5471957,4036841.65590428
55431,CVS Pharmacy #03553,21590 E Valley Blvd,City of Industry,CA,91789,open,-13117318.505328,4032293.72541827
55443,Mother's Care Pharmacy,3500 W 6th St Ste 120,Los Angeles,CA,900205801,open,-13168927.6684132,4037326.33996343
55445,WALGREENS #7654,14102 Ramona Blvd,Baldwin Park,CA,917063138,open,-13131868.4080527,4040179.90398297
55448,Kaiser Permanente Phrmcy #563,12801 Crossroads Pkwy South,City of Industry,CA,91746,open,-13138376.9247209,4032796.34956786
55450,CVS Pharmacy #,19105 Golden Valley Rd,SANTA CLARITA,CA,91387,open,-13187415.7207636,4081864.62982667
55454,COSTCO PHARMACY #1050,340 LAKEWOOD CENTER MALL,LAKEWOOD,CA,907122409,open,-13151014.4699132,4008740.22277758
55456,THE PHARMACY DEPOT,"4948 W Pico Bl, Unit B",Los Angeles,CA,90019,open,-13174037.2330406,4035202.05290865
55457,Playa Pharmacy,8131 W Manchester Ave,Playa del Rey,CA,90293,open,-13184520.1894886,4023233.63456003
55461,Washington Pharmacy,2487 E Washington Blvd F,Pasadena,CA,911042047,open,-13146738.3543133,4051556.92439566
55462,Choice Compounding Pharmacy,4201 Torrance Blvd Suite 120,Torrance,CA,90503,open,-13175621.0867556,4007120.86532063
55472,CVS Pharmacy #05499,1954 Durfee Ave.,South El Monte,CA,91733,open,-13139074.2300112,4034809.48611168
55479,KAISER PERMANENTE PHARMACY #269,11001 Sepulveda Blvd Fl 2,Mission Hills,CA,91345,open,-13187730.7549225,4065239.04242949
55482,SAMS PHARMACY 10-6614,4901 N Santa Anita Ave,El Monte,CA,917311415,open,-13138865.3946465,4041350.00080316
55489,WALGREENS #10112,9018 Firestone Blvd,Downey,CA,902415318,open,-13149458.4460709,4020116.62855595
55492,CITI PHARMACY,1013 S. CENTRAL AVE,GLENDALE,CA,91204,open,-13164445.7230748,4046841.85618048
55496,Ardmore Pharmacy,3545 Wilshire Blvd Suite 200,Los Angeles,CA,90010,open,-13169322.4073275,4037115.77465656
55501,UMC Pharmacy,1201 1/2 N Vermont Ave,Los Angeles,CA,900291703,open,-13168200.8634578,4041381.85922852
55502,Wilshire Le Doux Medical Pharmacy,8536 Wilshire Blvd Ste 101,Beverly Hills,CA,902113103,open,-13177733.9306908,4037567.41312985
55507,KAISER PERMANENTE PHARMACY #054,9333 Imperial Hwy Fl 1,Downey,CA,902422812,open,-13150078.1616761,4017689.82283777
55514,KD PHARMACY,10970 Sherman Way Ste 110,Burbank,CA,915051003,open,-13169738.8535426,4051304.65663028
55522,TRI-TECH PHARMACEUTICALS,910 BROADWAY AVE NO 105,SANTA MONICA,CA,90401,open,-13190098.4091722,4031336.89345242
55525,San Gabriel Medical Pharmacy,1250 S SUNSET STE 207,WEST COVINA,CA,91790,open,-13129671.7405408,4036918.51598681
55527,WALGREENS #11735,16100 Ventura Blvd,Encino,CA,914362502,open,-13189585.7829171,4049788.74627202
55530,CVS Pharmacy #17595,6000 Sepulveda Blvd Ste 2250,Culver City,CA,902306478,open,-13179700.3894957,4026873.3206601
55532,CAL OAKS II HEALTH MART PHARMACY,625 S Fair Oaks Ave Ste 125,Pasadena,CA,911052615,open,-13152482.9966357,4047005.66432605
55539,WALGREENS #10692,1834 W Avenue J,Lancaster,CA,935342745,open,-13154117.1667606,4123677.95687956
55543,WALGREENS #7343,5001 W Avenue N,Lancaster,CA,935362989,open,-13160145.8964235,4113874.28225715
55545,Florence Pharmacy & Medical Supply,1422 E Florence Ave,Los Angeles,CA,900011937,open,-13163421.917718,4025386.29852819
55546,Westside Pharmacy,11504 Santa Monica Blvd,Los Angeles,CA,900253008,open,-13186007.751844,4034892.51245825
55547,"St. Luke Pharmacy, Inc.",7024 Seville Ave Ste E,Huntington Park,CA,902554969,open,-13160428.2026521,4025531.81060311
55551,WALGREENS #12419,11795 W Olympic Blvd,Los Angeles,CA,900641211,open,-13185753.6094466,4033310.5481449
55553,WALGREENS #1606,3001 Foothill Blvd,La Crescenta,CA,912142714,open,-13162926.2120255,4059361.56201242
55559,Merced Medical Pharmacy,1515 W Merced Ave,West Covina,CA,917903403,open,-13129905.622791,4037251.22400519
55560,BiologicTx,7959 Deering Ave,Canoga Park,CA,913045009,open,-13201957.2745264,4057730.68824996
55563,PIH Health Community Pharmacy,12462 Putnam Street Suite 105,Whittier,CA,906021002,open,-13140832.6326878,4024876.61818631
55566,Bravo Pharmacy,7316 Compton Ave.,Los Angeles,CA,90001,open,-13163247.8140344,4025233.94239357
55575,ELITE CARE PHARMACY,5101 SANTA MONICA BLVD #6,LOS ANGELES,CA,90029,open,-13169177.358031,4041025.50698651
55576,Providence Saint Joseph Medical Center Retail Pharmacy,501 S Buena Vista St # 110,Burbank,CA,915054504,open,-13172254.4513955,4049772.33443406
55577,Gateways Hospital,1891 Effie Street,Los Angeles,CA,90026,open,-13164263.4930684,4040152.08120361
55582,COSTCO PHARMACY #1071,13550 W PAXTON ST,PACOIMA,CA,913312352,open,-13183248.9209037,4065486.09723403
55584,HARVARD FAMILY PHARMACY,145 S GLENDALE AVE,GLENDALE,CA,91205,open,-13163341.6563652,4048248.02019262
55586,WALGREENS #11473,490 W Huntington Dr,Monrovia,CA,910163202,open,-13136751.3261968,4047660.51702347
55593,RALPHS PHARMACY,10772 Jefferson Blvd,Culver City,CA,902304933,open,-13179518.2708088,4029077.42864889
55594,Allure Pharmacy and Compounding,11670 San Vicente Blvd Ste A,Los Angeles,CA,900495127,open,-13187383.7720697,4035998.64771575
55600,WALGREENS #12460,617 W 7th St Ste 100,Los Angeles,CA,900173897,open,-13164320.1546892,4035220.86206126
55604,Walgreens #9685,2400 N Sepulveda Blvd,Manhattan Beach,CA,902662914,open,-13179758.3869504,4014553.00515604
55608,Western University Pharmacy,"795 East Second Street, Suite 1",Pomona,CA,91766,open,-13106924.6044727,4036619.94703405
55621,California Specialty Pharmacy,13027 Hadley St Ste B,Whittier,CA,906014206,open,-13139761.0712694,4026509.09844098
55625,Annex Pharmacy and Medical Supply Inc,20177 Saticoy St,Winnetka,CA,913062506,open,-13199476.4083546,4056829.32521704
55627,MEDICORX SPECIALTY,7039 Valjean Ave,Van Nuys,CA,914063915,open,-13189798.6257835,4055506.21738943
55628,Arianna Medical Pharmacy,3600 N Verdugo Rd Ste 103,Glendale,CA,912081243,open,-13160867.1354043,4056164.25244447
55629,Walgreens #12023,24790 Valley St,Santa Clarita,CA,913212629,open,-13195813.885788,4079815.47548742
55631,CVS Pharmacy #17593,809 N Azusa Ave,Azusa,CA,91702,open,-13125445.3847534,4047042.38026876
55635,Watsons Pharmacy and Home Health,8622 Garvey Ave Ste 102,Rosemead,CA,917703291,open,-13144730.2620189,4037158.37115305
55637,GOLDEN CARE PHARMACY,4128 S Broadway,LOS ANGELES,CA,90037,open,-13166661.2035806,4029932.68245774
55639,AVS PHARMACY,511 1/2 E BROADWAY BLVD,GLENDALE,CA,91205,open,-13163474.7944761,4048504.92787245
55640,Walgreens #10764,2376 E Colorado Blvd,Pasadena,CA,911074249,open,-13146977.802538,4048387.36834944
55646,Walgreens #12913,1500 E Gage Ave,Los Angeles,CA,900011724,open,-13163242.6933378,4026369.07802773
55649,USC I.D.S. Pharmacy,1441 Eastlake Ave Ste 2407,Los Angeles,CA,900890112,open,-13158666.5717103,4037019.83234271
55650,VM Pharmacy,12626 South St,Cerritos,CA,907037232,open,-13142667.177896,4009775.59498408
55653,Olive Branch Pharmacy 1,2070 S Central Ave,Los Angeles,CA,900111235,open,-13163750.1988964,4031841.08714806
55654,Med Zone Pharmacy,418 E. Glenoaks Blvd. Suite 102,Glendale,CA,912072014,open,-13163588.5629957,4050036.00289687
55655,Alpha Medical Pharmacy II,1418 S San Gabriel #A,San Gabriel,CA,91776,open,-13145785.5707916,4039922.24345408
55656,SAMS PHARMACY 10-6626,5871 Firestone Blvd,South Gate,CA,902803705,open,-13153751.0369554,4021956.56298888
55658,Alexander Pharmacy #1,1084 N Western Ave,Los Angeles,CA,900292310,open,-13170092.0702869,4040942.97358135
55660,SUPER CARE DRUGS - BEVERLY HILLS,220 N Canon Dr,Beverly Hills,CA,902105302,open,-13180040.3592206,4038007.10932859
55662,HEALTH GUARD PHARMACY,1833 E CESAR CHAVEZ AVE,LOS ANGELES,CA,90033,open,-13159667.1112936,4035601.48537211
55663,LANDMARK SPECIALTY PHARMACY,1208 W Magnolia Blvd,Burbank,CA,91506,open,-13171529.0935935,4052453.15936142
55665,EL MONTE COMMUNITY PHARMACY,10808 RAMONA BLVD,EL MONTE,CA,917312628,open,-13140081.1148054,4038451.66052268
55666,KAISER PERMANENTE PHARMACY #336,1550 W Manchester Ave Fl 1,Los Angeles,CA,900475424,open,-13169577.7742394,4023408.10897842
55669,"Vermont Galleria Pharmacy, Inc.",440 S Vermont Ave # 109,Los Angeles,CA,900201910,open,-13168141.7528082,4037654.22221997
55671,CVS Pharmacy #02396,3335 S Figueroa St Unit Q,Los Angeles,CA,90007,open,-13166878.2765877,4031788.70583798
55676,CVS Pharmacy #02289,19701 Vanowen St,Winnetka,CA,913063927,open,-13198312.6743979,4054881.32803417
55688,AltaMed Pharmacy 3,5427 Whittier Blvd,Los Angeles,CA,900224101,open,-13152774.3197431,4031465.15584993
55689,GOLDEN COVE PHARMACY AND HOME HEALTHCARE,31238 PALOS VERDES DRIVE WEST,RANCHO PALOS VERDES,CA,90275,open,-13181037.1139411,3995083.78312912
55690,Best Choice Pharmacy & Medical Supplies,7148 Foothill Blvd.,Tujunga,CA,91042,open,-13167728.2008999,4062159.93075976
55694,Devonshire Medical Pharmacy,17075 DEVONSHIRE ST STE 105,NORTHRIDGE,CA,91325,open,-13191897.220824,4063457.14748766
55698,Crown Valley Pharmacy,3720 West Sierra Highway Unit G,Acton,CA,935101272,open,-13157508.5150476,4095195.17042701
55705,Grace Pharmacy,20627 GOLDEN SPRINGS DR. STE # 2C,DIAMOND BAR,CA,91789,open,-13119576.8438377,4028485.14019626
55709,SMC PHARMACY,1908 SANTA MONICA BLVD STE 4,SANTA MONICA,CA,90404,open,-13189180.6912901,4032550.13887048
55714,CCRX,1919 W 7th St Unit M,Los Angeles,CA,90057,open,-13166319.4527439,4036299.7532956
55722,Cal Med Pharmacy,1414 S GRAND AVE STE 101,LOS ANGELES,CA,900153067,open,-13165254.125217,4033731.00466182
55727,CVS Pharmacy #01573,4744 Lankershim Blvd,North Hollywood,CA,916021833,open,-13176836.4729561,4049881.56776901
55728,CVS Pharmacy #02958,16461 Ventura Blvd,Encino,CA,914364368,open,-13190467.5446037,4050000.08443499
55731,Walgreens #12057,1050 N Highland Ave,Los Angeles,CA,900382407,open,-13173361.5237315,4040960.44803086
55732,LG Pharmacy,5400 Hollywood Blvd Unit A,Los Angeles,CA,900273406,open,-13169897.7064559,4042445.20215402
55737,PLAZA WEST PHARMACY,8540 S SEPULVEDA BLVD SUITE 102,LOS ANGELES,CA,900453807,open,-13179781.3187655,4023453.74118922
55741,MIRACLE PHARMACY,7418-7420 Foothill Blvd,Tujunga,CA,91042,open,-13168409.2535445,4062635.59556493
55742,TRINITY PHARMACY,1335 S Grand Ave,Glendora,CA,917405046,open,-13121530.8348596,4044313.48501382
55744,SAMS PHARMACY 10-6617,1399 W Artesia Blvd,Gardena,CA,902483363,open,-13168970.6377366,4011758.39842422
55748,Cerritos Medical Pharmacy,13325 Artesia Blvd,Cerritos,CA,907031316,open,-13141044.9189567,4011929.34583946
55750,Walgreens #9842,8030 Imperial Hwy,Downey,CA,902423714,open,-13152555.6882632,4018495.92829323
55757,CVS Pharmacy #16069,43525 10th St W,Lancaster,CA,93534,open,-13152296.4251692,4119605.37217841
55761,CVS Pharmacy #16041,2120 W Main St,Alhambra,CA,91801,open,-13152079.9087596,4041039.21780562
55763,Torrance Pharmacy & Compounding Center,23600 Telo Ave Ste 155,Torrance,CA,905054035,open,-13173321.3373953,4003584.86217093
55768,ROSE PHARMACY,12540 Mccann Dr,Santa Fe Springs,CA,906703337,open,-13142909.186469,4021618.93321431
55770,Heidi's Pharmacy,3150 Colima Rd Ste B,Hacienda Heights,CA,917456356,open,-13132891.4341731,4026160.59444066
55771,CareMax Pharmacy #2,4301 S Figueroa St Ste E,Los Angeles,CA,900372671,open,-13167193.3107466,4029504.30897492
55772,Platinum Pharmacy.,1377 Westwood Blvd,Los Angeles,CA,900244811,open,-13184930.2904927,4036265.35618228
55775,Walgreens #6496,2321 Hawthorne Blvd,Redondo Beach,CA,902783400,open,-13174995.5825368,4011818.73251447
55781,UMC Pharmacy,4318 W Victory Blvd,Burbank,CA,915051334,open,-13175587.8022278,4053614.15858869
55782,"W & P Pharmacy, Inc.",9205 Whittier Blvd,Pico Rivera,CA,906602450,open,-13144689.2964463,4028841.77177174
55784,"Community, A Walgreens Pharmacy #15190",1399 Roxbury Dr,Los Angeles,CA,900354709,open,-13180488.197532,4036040.7025907
55787,PAYLESS PHARMACY,8841 Valley Blvd,Rosemead,CA,917701713,open,-13144261.0503652,4039662.57270363
55793,Eastland Pharmacy,18339 Colima Rd Ste A STE A,ROWLAND HEIGHTS,CA,917482792,open,-13125134.2467766,4027262.52636385
55794,B&B Pharmacy,10244 ROSECRANS AVE,BELLFLOWER,CA,90706,open,-13148625.9989187,4015635.97980292
55795,THE PRESCRIPTION CENTER,9730 Wilshire Blvd Ste 103 & 114,Beverly Hills,CA,902122003,open,-13181055.3703376,4037768.17695279
55797,CVS Pharmacy #03055,38012 47th St East,Palmdale,CA,93552,open,-13140625.0218374,4106062.70474141
55809,Bonita Family Pharmacy,250 W Bonita Ave,Pomona,CA,917671863,open,-13108364.5220861,4041879.23861777
55813,UCLA 16th Street Pharmacy,1223 16th St Rm 1202,Santa Monica,CA,904041217,open,-13189806.7521063,4032561.28741229
55817,ACTON VALE PHARMACY,3630 SMITH AVE STE A,ACTON,CA,935101957,open,-13157475.6757978,4091812.31360384
55820,Walgreens #12529,305 N Breed St,Los Angeles,CA,900331801,open,-13158946.7628686,4035188.61781867
55822,"Community, A Walgreens Pharmacy #15294",8490 SANTA MONICA BLVD STE 1,WEST HOLLYWOOD,CA,900694261,open,-13177559.7156877,4040799.95294162
55824,"Community, A Walgreens Pharmacy #15293",4940 VAN NUYS BLVD STE 104,SHERMAN OAKS,CA,914031700,open,-13185626.1486296,4050364.92443103
55825,Walgreens #11918,11000 Ventura Blvd,Studio City,CA,916043546,open,-13176929.8700088,4047654.46460767
55826,Pico Aliso Community Pharmacy,1625 E 4th St,Los Angeles,CA,900334201,open,-13160397.7011116,4034591.5784166
55832,Kyoto Pharmacy,420 E 3rd St Ste 106,Los Angeles,CA,900131645,open,-13162619.1928699,4035095.91612962
55838,BURBANK VILLAGE PHARMACY,337 E Magnolia Blvd,Burbank,CA,915021132,open,-13170218.9745064,4053679.82829584
55839,WILTON CARE PHARMACY,5660 Hollywood Blvd,Los Angeles,CA,900286810,open,-13170585.9948675,4042446.27764597
55840,DUOMO PHARMACY,12157 Victory Blvd # A,North Hollywood,CA,916063204,open,-13180058.2816586,4053917.74959671
55846,ST MARY PHARMACY,505 W Willow St,Long Beach,CA,908062830,open,-13157786.0345381,4002606.58378279
55852,CVS Pharmacy #04524,5176 E Whittier Blvd,Los Angeles,CA,90022,open,-13153264.7934196,4031529.35474368
55854,PICO SQUARE PHARMACY,2334 W Pico Blvd,Los Angeles,CA,900064802,open,-13167705.3804042,4035126.81660882
55856,BIG 8 PHARMACY,4318 Maine Ave Ste C,Baldwin Park,CA,917063326,open,-13131260.6036329,4041033.1689128
55858,Carefirstrx Pharmacy,7325 Medical Center Dr Ste 102,West Hills,CA,913074110,open,-13205790.0045944,4056129.79517242
55859,CVS Pharmacy #05483,5601 Van Nuys Blvd,Sherman Oaks,CA,914014603,open,-13185690.2686563,4051970.92476106
55860,WalMart Pharmacy 10-5874,22015 Hawthorne Blvd,Torrance,CA,905037006,open,-13174998.810802,4005708.23597056
55865,WalMart Pharmacy 10-5605,14530 Nordhoff St,Panorama City,CA,914021811,open,-13185638.8390516,4060432.51424639
55871,PHARMACY 90210,9735 WILSHIRE BLVD SUITE 110,BEVERLY HILLS,CA,90212,open,-13181056.9288105,4037862.24421887
55874,CVS Pharmacy #17631,735 S Figueroa St,Los Angeles,CA,90017,open,-13164730.9236103,4035353.87052663
55888,Peticub,1804 S La Cienega Blvd # 102,Los Angeles,CA,900354670,open,-13177623.9470339,4034747.95564973
55889,ENCINO FAMILY PHARMACY,16060 VENTURA BLVD UNIT 109,ENCINO,CA,91436,open,-13189505.8555227,4049782.28915261
55893,Qualicare Pharmacy Services,3779 s western ave,Los Angeles,CA,90018,open,-13170130.5868307,4031200.9771777
55897,PAYLESS PHARMACY III,3109 Del Mar Ave,Rosemead,CA,917702366,open,-13146793.1235028,4037498.20821477
55898,GRACE PHARMACY,1724 E Washington Blvd,Pasadena,CA,911042751,open,-13148510.1153288,4051490.05607416
55899,Walgreens #15278,1501 Vine St,Los Angeles,CA,900287304,open,-13172062.9818714,4041987.99284596
55901,WalMart Pharmacy 10-5603,12270 Paramount Blvd,Downey,CA,902423549,open,-13152253.4558457,4019154.91378189
55905,American Integrative Pharmacy,1852 lomita Blvd #204,lomita,CA,90717,open,-13170308.5866965,4001715.59513382
55906,CAL OAKS III HM PHARMACY,2010 Huntington Dr Ste A,San Marino,CA,911082022,open,-13147929.8068233,4044975.17489799
55907,Total Care Pharmacy,19409 Soledad Canyon Rd,Santa Clarita,CA,913512632,open,-13188618.7505006,4084843.58803421
55908,Delta Drugs,437 FERNANDO CT,Glendale,CA,91204,open,-13164799.9416945,4046085.6526274
55910,WalMart Pharmacy 10-5954,2753 E Eastland Center Dr,West Covina,CA,917911622,open,-13123150.0881727,4038657.54682387
55918,Exclusive Medical Pharmacy,65 N Madison Ave Ste 100,PASADENA,CA,91101,open,-13151150.7249699,4048541.64865924
55919,Balboa Pharmacy,10700 Balboa Blvd # 101,Granada Hills,CA,913445001,open,-13191591.4261827,4064459.52150924
55920,PLANET PHARMACY INC.,121 N. ROBERTSON BLVD.,BEVERLY HILLS,CA,90211,open,-13178429.5661888,4037864.52871927
55922,Alliance Pharmacy,323 N Prairie Ave Ste 100,Inglewood,CA,903014502,open,-13174027.5482449,4024275.55483954
55923,CVS Pharmacy #03825,303 S La Brea Ave,Los Angeles,CA,900363526,open,-13174032.7802609,4038025.11680869
55930,Mickey Fine Pharmacy & Snack Shop,"2000 Avenue Of The Stars, QSR 45",Los Angeles,CA,900674700,open,-13181947.9300148,4036674.09734764
55934,EAST REMEDY PHARMACY,816 E Broadway,Glendale,CA,912051218,open,-13163017.8279664,4048445.87894399
55936,Reliance Pharmacy,11333 North Sepulveda Blvd Ste 1200,Mission Hills,CA,913451113,open,-13187867.5665767,4065984.53390849
55941,BETTER VALUE PHARMACY,2707 E Valley Blvd #100,WEST COVINA,CA,91792,open,-13123172.0181124,4029223.12208839
55950,USC Health Center Pharmacy,1150 W Jefferson Blvd (PSB) STE 150,Los Angeles,CA,900890028,open,-13168029.3201225,4031865.26321851
55956,GRAND SPECIALTY PHARMACY,1513 S Grand Ave # 100,Los Angeles,CA,900153070,open,-13165346.5203943,4033666.52470003
55958,KOVAC'S CARE PHARMACY,14423 Gilmore St,Van Nuys,CA,914011430,open,-13185501.2481609,4054048.42003449
55961,CureRx,5060 W Sunset Blvd Ste C,Los Angeles,CA,900275840,open,-13169085.7420901,4041951.15878823
55962,Venice Family,604 Rose Ave,Venice,CA,902912767,open,-13188204.3080364,4028688.16102126
55963,Owl Specialty Pharmacy,1010 E Arrow Hwy,Covina,CA,917241020,open,-13121242.2947395,4043043.86358744
55969,YASMIN'S PHARMACY,99 N La Cienega Blvd Ste 104,Beverly Hills,CA,902112286,open,-13177625.9507848,4037853.24060405
55970,ALEX PHARMACY,140 W Valley Blvd Ste 105,San Gabriel,CA,917763784,open,-13146981.5874007,4039270.79290209
55973,La Mirada Pharmacy,15651 Imperial Hwy Ste 102A,La Mirada,CA,90638,open,-13135396.1227159,4017768.02961367
55974,CAREQUEST PHARMACY,6901 Canby Ave Ste 108,Reseda,CA,913354391,open,-13195285.8974432,4055130.17603658
55978,LYONS PHARMACY & COMPOUNDING LAB,23206 Lyons Ave Ste 112,Newhall,CA,913212671,open,-13195625.7558486,4079823.70319601
55980,San Antonio Pharmacy,13931 San Antonio Dr,Norwalk,CA,906504036,open,-13144635.5291323,4015982.15097702
55981,LOTUS PHARMACY,1135 S San Gabriel Blvd # 2,San Gabriel,CA,917763114,open,-13145856.1473488,4040442.67803167
55983,STATE PHARMACY,15714 1/2 Vanowen St,Van Nuys,CA,914065029,open,-13188644.9105809,4054845.12507474
55985,Kaiser Permanente Pharmacy #120,18600 S Figueroa St FL 1,Gardena,CA,902484505,open,-13166952.971966,4010171.45791092
55992,WalMart Pharmacy 10-5604,14441 Inglewood Ave,Hawthorne,CA,902506715,open,-13175932.5586908,4015603.12023995
55997,PRIORITY CARE PHARMACY,5652 Vineland Ave Ste 102,North Hollywood,CA,916012062,open,-13176880.6667939,4052144.09091179
56000,WalMart Pharmacy 10-2226,19340 Hawthorne Blvd,Torrance,CA,905033448,open,-13175046.9008221,4009388.19074374
56002,CHASE PHARMACY,14427 Chase St # 101,Panorama City,CA,914023020,open,-13185550.7853343,4059041.80395607
56020,Dume Plaza Pharmacy,29211 HEATHER CLIFF RD,MALIBU,CA,90265,open,-13225879.2765005,4031603.22421101
56021,Winnetka Pharmacy,19944 Ventura Blvd,Woodland Hills,CA,913642629,open,-13198869.9397688,4051838.26001718
56025,PRIMA PHARMACY,12643 Sherman Way Ste C,North Hollywood,CA,916055271,open,-13181159.2314225,4055871.77275373
56032,GLENMED PHARMACY,"1436 W Glenoaks Blvd, Suite A",Glendale,CA,912011984,open,-13167529.9408868,4051372.73473916
56035,WalMart Pharmacy 10-3133,1425 N Hacienda Blvd,La Puente,CA,917441133,open,-13130010.8197098,4034997.70690224
56041,EZ Pharmacy,625 E Valley Blvd Ste J,San Gabriel,CA,917763591,open,-13145949.2104431,4039616.33795322
56042,Rx e-fill Solutions,28341 Constellation Rd,Santa Clarita,CA,913555048,open,-13200044.8056746,4089528.75045334
56043,Kaiser Permanente Pharmacy #264,5250 Lankershim Blvd Fl 9,North Hollywood,CA,916013186,open,-13177463.5356477,4051125.98717086
56047,MED ZONE PHARMACY,18251 Roscoe Blvd Ste 103,Northridge,CA,913254200,open,-13194839.7289241,4058512.03518846
56053,CVS Pharmacy #17659,701 Rio Rancho Rd,POMONA,CA,91766,open,-13108541.0747985,4033452.93743257
56059,San Antonio Pharmacy at Casa Colina,"255 EAST BONITA AVE BUILDING 1, SUITE 102",POMONA,CA,91767,open,-13107419.5309287,4041710.53046927
56060,CVS Pharmacy #10022,1303 W Sepulveda Blvd,Torrance,CA,90501,open,-13168982.5489221,4003801.50947439
56061,WalMart Pharmacy 10-5661,14865 Telegraph Road,La Mirada,CA,906381060,open,-13137215.9737514,4017874.13949104
56069,MERCY SOUTH GATE PHARMACY,8116 California Ave Ste A,South Gate,CA,902802400,open,-13158445.0459236,4023673.44941592
56070,Santa Maria Pharmacy,2288 S Garey Ave,Pomona,CA,917665645,open,-13107757.8308612,4032812.60261609
56073,Olive Hill Pharmacy,255 S Hill St # 217,Los Angeles,CA,900123500,open,-13163422.9195934,4035782.46392429
56078,VONS PHARMACY #3138,16550 W SOLEDAD CANYON RD,SANTA CLARITA,CA,913873215,open,-13183004.3519824,4086089.29257553
56080,The Medicine Cabinet #3,3270 Tweedy Blvd Ste C,South Gate,CA,902804372,open,-13159365.8807515,4021396.17817581
56087,AP6 Pharmacy,6336 Passons Blvd,Pico Rivera,CA,906603355,open,-13145236.2091046,4026892.65308953
56092,CVS Pharmacy #10292,4030 S Western Ave,Los Angeles,CA,900621634,open,-13170066.466804,4030226.77889835
56093,WALGREENS #12881,460 S Broadway,Los Angeles,CA,900131103,open,-13163580.9932704,4035262.51100966
56094,CVS Pharmacy #10008,6265 E 2nd St Ste 101,Long Beach,CA,908034651,open,-13148237.9391738,3996408.4732019
56098,Farmacia Superior,1175 S Robertson Blvd,Los Angeles,CA,900351403,open,-13178438.8057065,4036208.38619185
56099,CVS Pharmacy #04019,5837 S Central Ave,Los Angeles,CA,900011127,open,-13164278.9664776,4027299.5814797
56100,GREYWELL PHARMACY,10672 Riverside Dr,North Hollywood,CA,916022319,open,-13176141.950653,4049239.76970792
56101,PING ON MEDICAL PHARMACY,650 N Broadway Ste B,Los Angeles,CA,900122802,open,-13162343.0092133,4036850.1212376
56107,HEALTHRX SPECIALTY PHARMACY,1844 E Route 66,Glendora,CA,917403868,open,-13116801.6489323,4046070.59092994
56108,Zenith Pharmacy,3919 Beverly Blvd Ste 101,Los Angeles,CA,900043432,open,-13168417.2685479,4039074.16887615
56110,Allcare Pharmacy,11028 Lower Azusa Rd,El Monte,CA,917311440,open,-13138570.9545933,4041145.2755821
56111,Virgil Pharmacy,2999 W 6th St Ste 103,Los Angeles,CA,900201256,open,-13167620.7775913,4037380.09050602
56114,Alpha Medical Pharmacy III,401 N Garfield Ave # 101,Monterey Park,CA,917541201,open,-13149376.8488841,4037708.64621307
56115,PHILLIPS RANCH PHARMACY,3040 W TEMPLE AVE,POMONA,CA,91766,open,-13113244.211965,4034408.06629098
56116,WalMart Pharmacy 10-3180,4651 Firestone Blvd,South Gate,CA,902803446,open,-13156601.5951561,4022430.68396877
56117,NEXTRX,38900 TRADE CENTER DR,PALMDALE,CA,93551,open,-13151568.6183383,4108067.55479046
56120,APHA DRUGSTORE INC,1011 Amador St,Claremont,CA,917113600,open,-13106152.158526,4043036.8725243
56124,Unicare Pharmacy,301 S FAIR OAKS AVE STE 104,PASADENA,CA,911052536,open,-13152504.4812974,4047668.31791969
56134,Walmart Pharmacy 10-5602,20226 Avalon Blvd,Carson,CA,907463829,open,-13165059.3161081,4008461.28881808
56136,Venice Family (Store #2),2509 Pico Blvd,Santa Monica,CA,904051828,open,-13187282.1373746,4031934.83686291
56137,Medcompounders Pharmacy INC,3855 Atlantic Ave,Long Beach,CA,908073324,open,-13156342.4433815,4005830.98482174
56146,Valencia Pharmacy,25050 Peachland Ave Ste 100,Newhall,CA,913212523,open,-13196564.179156,4079786.61111452
56149,La Familia Pharmacy,14359 Pioneer Blvd Ste B,Norwalk,CA,906504870,open,-13144927.4088371,4015446.870957
56152,Kaiser Permanente Pharmacy #082,10820 183rd St Fl 1,Cerritos,CA,907038013,open,-13147152.7967776,4010690.0014122
56160,Kaiser Permanente Pharmacy #002,4867 Sunset Blvd FL 1,Los Angeles,CA,900275969,open,-13168575.5648638,4042007.61980135
56161,Kaiser Permanente Pharmacy #122,25821 S Vermont Ave Fl 1,Harbor City,CA,907103518,open,-13168487.9564245,4000604.06630824
56163,WALGREENS #12720,1911 Lincoln Blvd,Santa Monica,CA,904051314,open,-13189384.6285973,4030421.37016507
56164,CVS Pharmacy #17648,30740 Russell Ranch Rd,Westlake Village,CA,91362,open,-13224124.6586866,4048702.79109733
56165,Grand Pharmacy Inc,505 S. Virgil Ave # 107,Los Angeles,CA,90020,open,-13167675.3241417,4037519.8431042
56168,PMQ Pharmacy 1,522 S. San Pedro Street,Los Angeles,CA,900132102,open,-13162876.3408936,4034640.47965748
56169,InfuCare Rx,6108 San Fernando Rd,Glendale,CA,912012240,open,-13167151.677257,4050570.08481227
56172,Prime Formula Pharmacy,18397 COLIMA RD,Rowland Heights,CA,91748,open,-13125040.5157654,4027300.65554283
56173,CVS Pharmacy #10309,210 West 7th St,Los Angeles,CA,900141834,open,-13163835.9149043,4034793.63325346
56177,Lancaster Pharmacy,1841 W Avenue I Ste 107,Lancaster,CA,935341475,open,-13154117.1667606,4123677.95687956
56178,True Care Family Pharmacy,22030 Sherman Way #100,Canoga Park,CA,913031627,open,-13203249.5824951,4055803.39846918
56182,Walgreens #15930,2050 Glenoaks Blvd,San Fernando,CA,913401625,open,-13184465.7542576,4068984.50837518
56187,B & A PHARMACY,230 E Valley Blvd Ste 103,San Gabriel,CA,917763597,open,-13146514.7134563,4039473.73718792
56189,QueensCare Health Center - Hollywood Pharmacy,4618 Fountain Ave,Los Angeles,CA,900291977,open,-13168004.495876,4041613.47400664
56190,Kaiser Permanente Pharmacy #260,615 W Avenue L,Lancaster,CA,935347211,open,-13151437.7066172,4123789.5331178
56191,AP 7 Pharmacy,1300 S Sunset Ave,West Covina,CA,917903342,open,-13129791.9655909,4036828.35325035
56197,Normandy Pharmacy,12914-B Sherman Way,North Hollywood,CA,91605,open,-13181807.2221785,4055827.22174597
56200,WALGREENS #15469,105 E Glenoaks Blvd,Glendale,CA,912072007,open,-13164091.3931356,4050216.269552
56204,Premier Care Pharmacy,13703 Burbank Blvd,Van Nuys,CA,914015040,open,-13183735.8323564,4051961.10267314
56206,QueensCare Health Center - East LA Pharmacy,4816 E 3rd St,Los Angeles,CA,900221602,open,-13153562.7956964,4033248.62279284
56207,A & G CARE PHARMACY,7233 Corbin Ave,Winnetka,CA,913063006,open,-13198306.6631454,4055902.05677125
56208,LOMITA CARE PHARMACY,3655 Lomita Blvd Ste 102,Torrance,CA,905051900,open,-13174522.6973399,4004029.41560311
56215,"Regional Care Pharmacy, INC",326 E Avenue I,Lancaster,CA,935351914,open,-13149616.1857893,4123661.03096963
56217,WalMart Pharmacy 10-3132,778 E Arrow Hwy,Pomona,CA,917671829,open,-13106436.2458665,4040885.44250641
56218,PACIFIC VIEW PHARMACY,2491 Pacific Ave Ste 1,Long Beach,CA,908062900,open,-13157303.0192676,4002301.94387907
56221,Pax Pharmacy,931 Buena Vista St Ste 104,Duarte,CA,910101780,open,-13133289.7353111,4047833.21397905
56226,ATLANTIC DRUGS,4233 ATLANTIC AVE,LONG BEACH,CA,90807,open,-13156342.4433815,4006481.46848001
56227,UNI-MED PHARMACY,2490 HONOLULU AVE SUITE 110,MONTROSE,CA,91020,open,-13161487.852885,4056581.11296785
56228,GALAXY PHARMACY,1295 E Anaheim St,Long Beach,CA,908133709,open,-13155268.9895318,3999686.17849221
56229,Olive Tree Pharmacy,14124 Foothill Blvd Ste 102,Sylmar,CA,913428053,open,-13184867.5062998,4071305.97200547
56232,Medx Medical Supply / Pharmacy,3200 Los Feliz Blvd,Los Angeles,CA,900391599,open,-13165592.981747,4045367.68908398
56233,Pacific Drugs,1047 North State St,Los Angeles,CA,900331332,open,-13159156.0435113,4036509.36295025
56238,Mintwood Pharmacy,455 N. Lake Ave,Pasadena,CA,91101,open,-13150476.1288557,4049494.68201502
56240,HOPE SPECIALTY PHARMACY,330 N Brand Blvd Ste 155,Glendale,CA,912032324,open,-13164040.9654063,4049120.18484983
56241,TFC PHARMACY,4914 1/2 W Slauson Ave,Los Angeles,CA,90056,open,-13176138.1657903,4027102.22409691
56245,Los Angeles County Health Services Central Pharmacy,313 N Figueroa St Ste 1225,Los Angeles,CA,900122602,open,-13163461.8814152,4036823.78466571
56247,Mekagreen Pharmacy,1373 W 29th St Ste A,Los Angeles,CA,900077800,open,-13168088.3194526,4032629.52209864
56253,CVS Pharmacy #10146,12746 W Jefferson Blvd Ste 3160,Playa Vista,CA,90094,open,-13182130.1600212,4025789.28024051
56255,Walmart Pharmacy 10-4101,3705 E South St,Long Beach,CA,908054521,open,-13152287.9648879,4010068.23462958
56256,Walmart Pharmacy 10-5689,3875 Rancho Vista Blvd,Palmdale,CA,935512572,open,-13157979.7304521,4111537.94829948
56259,ScriptsRus pharmacy,15630 Ventura blvd,Encino,CA,91436,open,-13188517.227125,4049618.97906135
56266,DR IKE'S PHARMACY #1,7640 Tampa Ave Ste E,Reseda,CA,913351735,open,-13197296.7727249,4056989.77767364
56268,DORAN PHARMACY INC,525 N Glendale Ave,Glendale,CA,912063307,open,-13162833.7055287,4049482.03715362
56269,ST. LUKE PHARMACY #4,16317 Clark Ave,Bellflower,CA,907065209,open,-13150626.2988488,4013434.73189577
56279,Olympus Pharmacy Inc,14437 Ventura Blvd,Sherman Oaks,CA,914232606,open,-13185525.9610879,4049085.47991856
56282,A & G Pharmacy,9142 Sepulveda Blvd,North Hills,CA,91343,open,-13187721.6267243,4060660.88224619
56286,VIEWPOINT PHARMACY,209 W Las Tunas Dr,San Gabriel,CA,917761332,open,-13147025.6699191,4042562.43137555
56290,APPLE RX PHARMACY,17601 LAKEWOOD BLVD,BELLFLOWER,CA,90706,open,-13151568.3956994,4011734.66710255
56291,THE MEDICINE SHOPPE,18327 SHERMAN WAY,RESEDA,CA,913354425,open,-13194998.8044764,4055862.21648053
56292,Westco Drugs,1217 N Central Ave Ste AA,Glendale,CA,912023160,open,-13164334.0696256,4050899.69449543
56297,West Valley Pharmacy,22554 VENTURA BLVD,WOODLAND HILLS,CA,91364,open,-13204539.9980323,4051290.39525996
56298,Robertson Specialty Pharmacy,1700 S Robertson Blvd,Los Angeles,CA,900354316,open,-13178600.2189682,4035337.74820568
56299,MedEx Pharmacies,8441 Foothill Blvd,Sunland,CA,91040,open,-13171001.6618461,4063750.22698191
56300,East Valley PMQ Pharmacy,420 S Glendora Ave,West Covina,CA,917903001,open,-13127437.3357216,4037824.75160109
56301,Vo Pharmacy,12464 Washington Blvd,Whittier,CA,906021005,open,-13140837.7533843,4024438.77034039
56302,ALLIED HEALTH PHARMACY,14659 Victory Blvd,Van Nuys,CA,914111622,open,-13186109.4978586,4053919.22989191
56305,Walmart Pharmacy 10-4762,1180 S Diamond Bar Blvd,Diamond Bar,CA,917652203,open,-13114618.0058009,4028962.08373428
56306,MEDICINE MAN PHARMACY,13737 ARTESIA BLVD #202,Cerritos,CA,90703,open,-13140050.6132649,4011853.99458561
56307,My Pharmacist On Call,3426 Whittier Blvd,Los Angeles,CA,900231708,open,-13157983.0700368,4032463.77162079
56310,BIOMED PHARMACY SOLUTIONS,8640 W 3rd St Ste 100,Los Angeles,CA,900483384,open,-13178128.2243272,4038659.42830853
56313,Mariposa Pharmacy,2970 W Olympic Blvd # 104,Los Angeles,CA,900062518,open,-13169041.2142938,4035841.58152058
56316,EZRX PHARMACY,649 S INDIAN HILL BLVD,POMONA,CA,91767,open,-13104459.7683075,4037658.25361795
56320,CRENSHAW PHARMACY,3631 Crenshaw Blvd Ste 111,Los Angeles,CA,900164869,open,-13173024.2256744,4031884.60411179
56323,CVS Pharmacy #17630,10861 Weyburn Ave,Los Angeles,CA,90024,open,-13185063.3172842,4037193.84595943
56324,Kaiser Permanente Pharmacy #009,501 N Orange St FL 2 RM 252,Glendale,CA,912031970,open,-13164253.6969532,4049369.7137366
56325,Douglas Park Pharmacy,3828 Schaufele Ave Ste 260,Long Beach,CA,908081793,open,-13152116.8668305,4005833.39693025
56328,East Valley PMQ Pharmacy 1,1555 S Garey Ave,Pomona,CA,917665222,open,-13107908.8914102,4034592.78751068
56330,"Mission City Community Network, Inc.-Community Pharmacy",15206 Parthenia St,North Hills,CA,913435305,open,-13187331.3405896,4059471.69550638
56333,Pico Care Pharmacy,6650 Rosemead Blvd,Pico Rivera,CA,906603533,open,-13146297.0838518,4026801.22709749
56338,Westside Medical Pharmacy,11968 Wilshire Blvd Ste B,Los Angeles,CA,900256665,open,-13187530.8251171,4034895.60244723
56340,ACE MEDICAL PHARMACY,9171 Wilshire Blvd Ste B,Beverly Hills,CA,902105560,open,-13179308.7675271,4037853.64375083
56343,ABC PHARMACY OF BEVERLY HILLS,9033 Wilshire Blvd Ste 102,Beverly Hills,CA,902111800,open,-13178995.1805215,4037855.25633809
56345,BETTER HEALTH PHARMACY,7802 Foothill Blvd Ste G,SUNLAND,CA,91040,open,-13169437.6230005,4063659.58164107
56348,Keck Medicine of USC Specialty Pharmacy,1000 S Fremont Ave Blgd A10N Suite 10150,Alhambra,CA,918038800,open,-13152608.6763408,4040115.11867923
56350,USC Verdugo Hills Professional Pharmacy,1808 VERDUGO BLVD STE 111,GLENDALE,CA,912081408,open,-13159679.8017155,4056363.99900494
56354,Health Source Pharmacy LLC,7012 Reseda Blvd Ste A # 1,Reseda,CA,913354275,open,-13195350.0174699,4055413.34989808
56358,South Gate Pharmacy,8200 Long Beach Blvd Unit D-2,South Gate,CA,90280,open,-13160764.1648753,4023993.42302131
56364,T & T PHARMACY,8330 Long Beach Blvd Ste 112,South Gate,CA,902802073,open,-13160668.2074743,4023762.70289645
56365,Dorado Pharmacy,13003 Van Nuys Blvd Ste E,Pacoima,CA,913318324,open,-13182072.941803,4065182.60045771
56366,Tower Pharmacy,350 S Glenoaks Blvd,Burbank,CA,915021318,open,-13169469.2377359,4053187.98756985
56371,Valencia Pharmacy at Henry Mayo,23929 Mcbean Pkwy Ste 100A,Santa Clarita,CA,913554467,open,-13197377.3680362,4082115.96044474
56375,BetteRx Pharmacy,11855 E South Street,Cerritos,CA,90703,open,-13144600.4634927,4009842.7553224
56378,QUALITY SCRIPTS PHARMACY,17609 Ventura Blvd. LL06,Encino,CA,91316,open,-13193181.6251087,4050582.99995041
56381,Kaiser Permanente Pharmacy #123,400 S Sepulveda Blvd Ste 100,Manhattan Beach,CA,902666847,open,-13179745.8078479,4012176.5872463
56383,WALGREENS #16368,3745 S LABREA AVE STE C-D,LOS ANGELES,CA,900165357,open,-13175340.5616388,4031321.31403436
56385,VCH PMQ Pharmacy 1,6801 Coldwater Canyon Ave,North Hollywood,CA,916055162,open,-13181781.7300151,4054939.7375133
56389,PACIFIC MEDICAL PHARMACY 2,808 E California Ave,Glendale,CA,912063705,open,-13162980.313298,4048935.76567432
56393,LA PHARMACY,2630 San Gabriel Blvd Ste 106,Rosemead,CA,917705204,open,-13145710.2074964,4036857.51161311
56394,St. John's Well Child and Family Center Pharmacy,808 W 58th St Room 123,Los Angeles,CA,900373632,open,-13167674.2109468,4027370.7383802
56397,Ten Pharmacy,750 Long Beach Blvd Ste 1,Long Beach,CA,908134417,open,-13156731.9502798,3998792.20252666
56401,Complete Care Pharmacy,1344 E Colorado St. Unit A,Glendale,CA,912051474,open,-13161943.5948803,4047940.68015379
56403,MONARCH PHARMACY,707 W Route 66 Ste 103,Glendora,CA,917404175,open,-13121972.2166406,4046149.93402483
56405,AP9 Pharmacy,1900 E Slauson Ave,Huntington Park,CA,902552725,open,-13162139.5171841,4027335.5626494
56410,GLENVISTA PHARMACY,1415 E Colorado St Ste M,GLENDALE,CA,91205,open,-13161710.4918666,4048051.24090854
56412,986 Pharmacy,2143 Foothill Blvd,La Verne,CA,917502942,open,-13109483.616927,4044010.28497566
56413,Spectrum Pharmacy,837 E Anaheim St,Long Beach,CA,908133550,open,-13155993.3454584,3999693.94667857
56416,Grace Care Pharmacy,3414 W Beverly Blvd,Montebello,CA,906401539,open,-13151397.6316005,4032154.43985802
56419,CVS Pharmacy #10509,3627 E Cesar E Chavez Ave,Los Angeles,CA,900632216,open,-13156419.9217471,4034266.60544728
56420,SUPREME CARE PHARMACY,6007 LANKERSHIM BLVD STE #7,NORTH HOLLYWOOD,CA,91606,open,-13178420.6606295,4052950.75436688
56422,CHINATOWN PHARMACY,709 N HILL ST #21,LOS ANGELES,CA,90012,open,-13162478.9303115,4037002.4983134
56423,ORGLIFE PHARMACY,12038 VENTURA BLVD,STUDIO CITY,CA,91604,open,-13179538.6422756,4048090.11228105
56424,CureRx,18625 Sherman Way Ste 107,Reseda,CA,913354187,open,-13195740.8602021,4055862.08188519
56429,Sav-On Pharmacy #3175,6240 Foothill Blvd,Tujunga,CA,910422724,open,-13165452.4965496,4061198.42697034
56433,OLIVE BRANCH PHARMACY 2,2811 S San Pedro St,Los Angeles,CA,900112023,open,-13164950.2230071,4031440.84632135
56435,986 Pharmacy,9612 Las Tunas Dr,Temple City,CA,917802108,open,-13142405.4657732,4043109.20334684
56437,ADVENTIST HEALTH GLENDALE,1509 Wilson Terrace WEST TOWER Rm 4B13,Glendale,CA,912064007,open,-13161304.1757252,4049069.87618556
56438,Beverly Hills Apothecary,432 N Bedford Dr,Beverly Hills,CA,902104301,open,-13180822.8239214,4038029.41710665
56440,WILSHIRE GRAND PHARMACY,2974 WILSHIRE BLVD,LOS ANGELES,CA,90010,open,-13167536.3974172,4037086.48125933
56441,PMD Pharmacy,44469 10th St W,Lancaster,CA,935343324,open,-13152216.0524968,4122034.773395
56448,OMEGA CARE PHARMACY,4611 Van Nuys Blvd,Sherman Oaks,CA,91403,open,-13185670.5651064,4049653.01301358
56453,Men's Health Foundation,9201 W Sunset Blvd Ste G2,Los Angeles,CA,900693709,open,-13179332.7012176,4040999.69843067
56457,CVS Pharmacy #10433,6201 Hollywood Blvd Ste 126,Los Angeles,CA,900285363,open,-13171835.6674712,4042479.08019943
56462,CNC Rose Pharmacy,420 W ROWLAND STREET,COVINA,CA,91723,open,-13124257.1605087,4039327.50941768
56463,Old Pasadena Pharmacy,155 S DeLacey Ave #1000,Pasadena,CA,91105,open,-13152692.8338759,4048090.2467843
56464,Walmart Pharmacy 10-5686,1301 N Victory Pl,Burbank,CA,915021649,open,-13171963.0169686,4054124.99280261
56468,MEDELLA PHARMACY,15578 E GALE AVE,HACIENDA HEIGHTS,CA,91745,open,-13132015.906378,4030418.68427267
56485,Kaiser Permanente Pharmacy #339,1450 10th St Fl 2,Santa Monica,CA,904012857,open,-13190080.1527757,4031451.9937783
56486,ABSOLUTE WELLNESS PHARMACY,19720 VENTURA BLVD UNIT 100,WOODLAND HILLS,CA,91364,open,-13198392.6017923,4051964.46640092
56489,Walmart Pharmacy 10-4132,9001 Apollo Way,Downey,CA,902424033,open,-13150006.8058825,4018692.8686722
56496,FIRSTCARE PHARMACY,18555 VENTURA BLVD SUITE A,TARZANA,CA,91356,open,-13195566.867838,4051611.28042398
56497,Claremont Pharmacy,358 S Indian Hill Blvd,Claremont,CA,917115223,open,-13104425.4819043,4040713.11985874
56498,986 Pharmacy,701 S Atlantic Blvd Ste 168 Suite 168,Monterey Park,CA,917543866,open,-13150910.4975088,4036026.72906869
56500,Scott drugs,2200 N. Glenoaks Blvd,Burbank,CA,91504,open,-13172206.472695,4055640.6747128
56503,Walmart Pharmacy 10-5807,2100 N Long Beach Blvd,Compton,CA,902211252,open,-13158829.8774033,4016733.54345868
56505,Elements Pharmacy,12602-12604 Ventura Blvd.,Studio City,CA,916042414,open,-13181108.4697347,4048066.03622497
56510,Kaiser Permanente Pharmacy #127,845 E Willow St 1st Floor,Signal Hill,CA,907552736,open,-13155991.1190686,4002603.23457537
56513,Sunland Pharmacy Incorporated,8422 Sunland Blvd,Sun Valley,CA,913523436,open,-13176364.9235931,4058850.08808083
56515,TCC PMQ Pharmacy 1,17660 Lakewood Blvd,Bellflower,CA,907066410,open,-13151515.8528997,4011572.03513199
56520,Burbank Tower Pharmacy,140 N San Fernando Blvd,Burbank,CA,915021207,open,-13170118.0077282,4053203.59696179
56525,SAL PHARMACY,8614 W 3rd St,Los Angeles,CA,900483324,open,-13178004.6596924,4038667.4918178
56527,ALLEGIANCE SPECIALTY PHARMACY,18455 BURBANK BLVD # 311,TARZANA,CA,913566647,open,-13195316.9555811,4051989.62711633
56530,PMQ Arleta Pharmacy,8902 Woodman Ave,Arleta,CA,913316401,open,-13184377.2552624,4059918.83770864
56531,PV Drug Store,2325 Palos Verdes Dr W Ste 220,Palos Verdes Estates,CA,902742777,open,-13182198.2875496,3998602.16627757
56532,York Discount Pharmacy,5821 York Blvd,Los Angeles,CA,900422634,open,-13157015.9263008,4044744.16397565
56533,"Community, A Walgreens Pharmacy #16482",1902 Marengo St Ste 105,Los Angeles,CA,900331317,open,-13159087.470705,4036533.68329456
56535,"East L.A. Pharmacy, Corp.",4968 Whittier Blvd,Los Angeles,CA,900223130,open,-13153752.3727892,4031657.7536158
56537,Evergreen Shop Pharmacy,150 S Grand Ave Unit K,Glendora,CA,91741,open,-13121491.6503989,4047252.32242429
56543,ROYALTY PHARMACY,1902 Royalty Dr Ste 110,Pomona,CA,917673036,open,-13107352.5165953,4039238.13399408
56550,Bright Plaza Pharmacy,15725 E WHITTIER BLVD STE A,WHITTIER,CA,906032312,open,-13134923.1261995,4021366.79093787
56551,VAN NUYS MEDICAL PHARMACY INC,8737 Van Nuys Blvd UNIT B,Panorama City,CA,914022401,open,-13185839.7707324,4059513.02950207
56553,Rite Aid Pharmacy 06756,707 North Pacific Avenue,Glendale,CA,912031025,open,-13165171.0808768,4049891.38805871
56554,986 Pharmacy,8054 Garvey Ave Ste 101,Rosemead,CA,917702449,open,-13146011.549358,4037145.33687696
56556,ACCESS MEDICAL PHARMACY,1271 WESTWOOD BLVD,LOS ANGELES,CA,90024,open,-13185034.1515776,4036495.25448702
56558,Bright La Mirada Pharmacy,12675 LA MIRADA BLVD SUITE 100,LA MIRADA,CA,90638,open,-13137086.3978641,4017551.92265659
56559,CNC Aurora Pharmacy,11245 Lower Azusa Rd Ste B,El Monte,CA,917311553,open,-13138067.7904949,4041155.49159248
56570,PMQ Winnetka Pharmacy,20800 Sherman Way,Winnetka,CA,913062707,open,-13200965.529183,4055804.60982103
56574,T & T PHARMACY 2,2015 Wilshire Blvd,Los Angeles,CA,900573503,open,-13166323.1262871,4036557.86932383
56575,MISSION HILLS PHARMACY,10630 SEPULVEDA BLVD STE 101,MISSION HILLS,CA,91345,open,-13187705.8193566,4064211.95031519
56576,CVS Pharmacy #10916,7500 Melrose Ave,Los Angeles,CA,900467418,open,-13175036.4367899,4040007.45761045
56579,Family Medical Pharmacy,18009 Norwalk Blvd,Artesia,CA,907014255,open,-13143782.4878743,4010964.69956406
56581,cedra pharmacy,1417 W Beverly Blvd,Montebello,CA,906404123,open,-13148351.8190129,4031281.69405849
56584,Choice Specialty Pharmacy,4201 Torrance Blvd Ste 210,Torrance,CA,905034537,open,-13175621.0867556,4007120.86532063
56585,COL PHARMACY,305 N Soto St Ste A,Los Angeles,CA,900331862,open,-13158825.4246237,4035145.6256372
56587,CVS Pharmacy #11034,11900 Balboa Blvd,Granada Hills,CA,913442755,open,-13191526.9721976,4067304.55408524
56591,Ten Pharmacy 1002,15250 Whittier Blvd,Whittier,CA,906031334,open,-13135869.1192323,4021658.51965468
56592,LYNWOOD COMMUNITY PHARMACY,3737 Martin Luther King Jr Blvd Ste 101,Lynwood,CA,902623525,open,-13158006.3358104,4019266.6714008
56593,The Medicine Cabinet #5,6399 Atlantic Ave,Bell,CA,90201,open,-13156509.6452567,4025914.392714
56598,MEDCENTA PHARMACY,6401 Platt Ave. Suite #4,West Hills,CA,91307,open,-13207276.899033,4053922.72877223
56600,GARDENA PHARMACY,15418 Crenshaw Blvd,Gardena,CA,902494524,open,-13172030.47658,4014156.58831174
56602,EASYCARE PHARMACY,7320 Woodlake Ave Ste 100,West Hills,CA,913071493,open,-13206049.379008,4056061.15013763
56603,RIGHT CHOICE PHARMACY,14054 Ventura Blvd,Sherman Oaks,CA,914233532,open,-13184583.8642373,4048845.50763567
56604,KENNETH VILLAGE PHARMACY,1400 W KENNETH RD,GLENDALE,CA,91201,open,-13166810.2603788,4051967.0228347
56605,CVS Pharmacy #10791,8000 W Sunset Blvd,Los Angeles,CA,900462439,open,-13176293.679119,4041945.78156349
56607,Park West Plaza Pharmacy,7230 MEDICAL CENTER DR #106,WEST HILLS,CA,91307,open,-13205743.8070058,4055882.9441819
56608,Community Health Alliance of Pasadena,1855 N Fair Oaks Ave Suite 100,Pasadena,CA,911031620,open,-13152533.647004,4052685.26897449
56611,PREMIER FAMILY PHARMACY,21150 HAWTHORNE BLVD STE 106,TORRANCE,CA,90503,open,-13175013.8389333,4007182.78323802
56612,Mitry Pharmacy,145 E Duarte Rd Ste D,Arcadia,CA,910066691,open,-13138607.3560668,4046353.40452627
56615,SYD'S PHARMACY,7111 BEVERLY BLVD,LOS ANGELES,CA,90036,open,-13174018.8653246,4039053.47180783
56616,Venice Family (store #3),4700 Inglewood Blvd Ste 102,Culver City,CA,902305896,open,-13181938.4678581,4027924.30051848
56618,Oaks Community Pharmacy,13322 Riverside Dr.,Sherman Oaks,CA,91423,open,-13182799.0788414,4049962.95535782
56620,986 Pharmacy,2670 E Gage Ave Ste 10A,Huntington Park,CA,902557207,open,-13160510.2451168,4026286.51646079
56622,Sun Valley Medical Pharmacy,8747 Glenoaks Blvd,Sun Valley,CA,913522802,open,-13176355.3501169,4059492.42980461
56624,PHANTASTIC PHARMACY,4347 Van Nuys Blvd,Sherman Oaks,CA,914033727,open,-13185683.3668479,4049006.92341144
56628,MVP Pharmacy,5620 Wilbur Ave Ste 100,Tarzana,CA,913561308,open,-13196319.8328737,4052018.42073072
56630,City Pharmacy,7643 S. Atlantic Ave Suite A,Cudahy,CA,90201,open,-13156563.7465292,4024221.59759673
56635,CVS Pharmacy #10857,3033 Huntington Dr,Pasadena,CA,911075516,open,-13145688.7228346,4046000.39292464
56639,ROYAL PHARMACY DRUGS,1101 1/2 W Glenoaks Blvd,Glendale,CA,912022651,open,-13166414.29695,4050534.5682581
56641,Cahuenga Blvd Pharmacy,5503 Cahuenga Blvd Ste 100,North Hollywood,CA,916012920,open,-13175968.6262058,4051673.44035941
56643,LAUREL CARE PHARMACY,13678 VAN NUYS BLVD,PACOIMA,CA,91331,open,-13183659.0219078,4063696.35150617
56644,CVS Pharmacy #10614,812 S Grand Ave,Los Angeles,CA,900174610,open,-13164431.8081385,4034896.00548933
56645,Drugs R Us,16229 Devonshire St,Granada Hills,CA,913446910,open,-13189786.6032785,4063441.38929212
56652,A&G PHARMACY,129 S VERMONT AVE,LOS ANGELES,CA,90004,open,-13168190.7333841,4038447.09128669
56653,WELLCOME PHARMACY,828 E VALLEY BLVD STE B,SAN GABRIEL,CA,91776,open,-13145663.6759492,4039533.81476664
56655,HI-DESERT MEDICAL PHARMACY,"1002 E AVE J, UNITE E-1",LANCASTER,CA,935353870,open,-13148233.0411162,4121732.18636096
56660,CVS Pharmacy #10915,1025 E Adams Blvd,Los Angeles,CA,900115522,open,-13164133.1379447,4031375.03625548
56661,CVS Pharmacy #10445,125 N Central Ave,Glendale,CA,912032502,open,-13164449.1739791,4048647.77643542
56664,GARFIELD PRESCRIPTION PHARMACY,9400 BRIGHTON WAY,BEVERLY HILLS,CA,90210,open,-13180340.8105262,4038239.32737581
56675,Sav-Most Pharmacy,14133 S Vermont Ave,Gardena,CA,902472205,open,-13168237.8215287,4015740.0580623
56677,AVIVA PHARMACY,2633 ATLANTIC AVE,LONG BEACH,CA,90806,open,-13156331.3114324,4002659.9032967
56680,Vista Pharmacy,825 Washington Blvd Ste C,Montebello,CA,906406179,open,-13148782.5141228,4027952.76478405
56686,"Hanmi Pharmacy, Inc.",325 1/2 S Western Ave,Los Angeles,CA,900203804,open,-13170130.9207891,4037965.04719126
56689,Slauson Community Pharmacy,2701 E Slauson Ave,Huntington Park,CA,902553002,open,-13160481.1907297,4027373.42355495
56694,CVS Pharmacy #17699,3131 S. Hoover St. Unit 9A,Los Angeles,CA,900898500,open,-13167394.7990249,4032300.44125492
56695,CVS Pharmacy #17719,4211 Eagle Rock Blvd,Los Angeles,CA,900654404,open,-13160730.9916671,4045234.56353528
56699,986 Pharmacy #8006,6521 Van Nuys Blvd,Van Nuys,CA,914011425,open,-13185682.5876114,4054254.72359223
56706,PRIMEMED PHARMACY INC,839 W Glenoaks Blvd,Glendale,CA,912022133,open,-13166240.5272249,4050456.53985484
56711,986 Specialty Pharmacy #1 Inc,1647 N Hacienda Blvd,La Puente,CA,917441137,open,-13129716.9362541,4035490.1050496
56715,"Community, A Walgreens Pharmacy #16561",1001 W Carson St Ste K,Torrance,CA,905022051,open,-13168270.8834175,4006241.5866063
56717,AMY'S PHARMACY,9720 WOODMAN AVE,ARLETA,CA,91331,open,-13185549.5608199,4062031.05219874
56718,CARING PHARMACY,25802 Hemingway Ave #103,Stevenson Ranch,CA,91381,open,-13200405.4808248,4080914.12993713
56719,"MISSION CITY COMMUNITYNETWORK, INC. SEPULVEDA COMMUNITY PHAR",8527 Sepulveda Blvd,North Hills,CA,913435824,open,-13187785.1901535,4059113.83287883
56720,CONCIERGE PHARMACY,23215 HAWTHONE BLVD #B,TORRANCE,CA,90505,open,-13174880.3668638,4004130.97664288
56721,GLOBAL PHARMACY,1811 W GLENOAKS BLVD,GLENDALE,CA,91201,open,-13168178.9335181,4052070.62616169
56725,"Medshop Pharmacy, Inc.",17100 Norwalk Blvd Suite 108,Cerritos,CA,90703,open,-13143694.879435,4012136.2291464
56726,Alto Pharmacy,6065 Bristol Pkwy Ste 100,Culver City,CA,902306601,open,-13178875.2894299,4026879.09353491
56729,CVS Pharmacy #17700,10340 N. Sepulveda Blvd.,Mission Hills,CA,913452422,open,-13187691.6817813,4063578.76917004
56730,Bonnie Cove Pharmacy,20540 E Arrow Hwy Unit-D,Covina,CA,917241200,open,-13119403.5193906,4043091.32226427
56734,Maple Pharmacy,620 S. Glendale Ave #J,Glendale,CA,91205,open,-13163574.7593789,4047519.69831748
56736,Golden State Specialty Pharmacy,325 N Victory Blvd,Burbank,CA,915021841,open,-13171136.9150274,4052528.375812
56740,MED-CENTURY PHARMACY,8660 WOODLEY AVE STE 101,NORTHRIDGE,CA,91343,open,-13189682.6308741,4059446.11428161
56746,Kaiser Permanente Pharmacy #338,3782 W Martin Luther King Jr Blvd 1st FL,Los Angeles,CA,900080000,open,-13173537.0745684,4030568.96092489
56747,FIRST STOP PHARMACY,1577 E CHEVY CHASE DR #130,GLENDALE,CA,91206,open,-13161328.2207352,4049416.25719742
56753,RITE CARE PHARMACY,1433 N HOLLENBECK AVE STE 103,COVINA,CA,91722,open,-13124527.6668713,4042985.64967353
56755,CVS Pharmacy #10663,1919 S Hoover St,Los Angeles,CA,900071322,open,-13167351.3844235,4034082.96421787
56758,CITRUS VALLEY PHARMACY,457 S Citrus Ave,Covina,CA,917232928,open,-13123450.8734368,4039774.80027725
56760,MY RX PHARMACY,12506 VANOWEN ST,NORTH HOLLYWOOD,CA,91605,open,-13180872.1384558,4054853.06549089
56766,ST LUKE PHARMACY #5,4077 WHITTIER BLVD,LOS ANGELES,CA,900232525,open,-13156124.7024575,4032042.55596856
56767,CORBIN PHARMACY,19664 VENTURA BLVD,TARZANA,CA,91356,open,-13198169.8514912,4051989.35801748
56768,Santa Clarita Pharmacy,27534 Sierra Hwy,Santa Clarita,CA,913513088,open,-13186443.0110531,4084723.89644286
56771,HONEYBEE HEALTH,3515 Helms Ave,Culver City,CA,902322414,open,-13178409.7513194,4032399.97041806
56772,ELITE PHARMACY,18155 Ventura Blvd,Tarzana,CA,913563616,open,-13194589.5940283,4051135.00130066
56774,VALLEY TO VALLEY PHARMACY INC,1130 W OLIVE AVE,BURBANK,CA,91506,open,-13171181.1088653,4051751.07348386
56776,WOODLAND HILLS RX PHARMACY,20011 Ventura Blvd Ste 1006,WOODLAND HILLS,CA,91364,open,-13199143.8970356,4051850.10021531
56779,PIH HEALTH PHARMACY,12400 BLOOMFIELD AVE,SANTA FE SPRINGS,CA,90670,open,-13142663.2817139,4017883.93223481
56780,CVS Pharmacy #11073,3208 E Florence Ave,Huntington Park,CA,902555832,open,-13159147.1379521,4025077.82980307
56784,TARZANA WELLNESS PHARMACY,18840 Ventura Blvd Ste 120,Tarzana,CA,913563301,open,-13196285.7691095,4051901.63213049
56788,KINDRED CARE PHARMACY,26500 AGOURA RD #111,CALABASAS,CA,91302,open,-13213557.5447035,4048081.50407637
56792,BLISS PHARMACY,22998 VENTURA BLVD,WOODLAND HILLS,CA,91364,open,-13205484.5439117,4050928.4853465
56793,Carson Wellness Pharmacy Inc,22005 Avalon Blvd Ste D,Carson,CA,907457169,open,-13165108.519323,4005689.34134062
56794,Echo Park Pharmacy,1634 W Sunset Blvd,Los Angeles,CA,900264227,open,-13164463.7568324,4039144.59294893
56800,SHERMAN WAY PHARMACY,15333 Sherman Way Unit C,VAN NUYS,CA,91406,open,-13187736.5435361,4055876.48359559
56805,J PHARMACY,1825 W Ave J STE 115,Lancaster,CA,935342704,open,-13153997.498308,4121842.93091366
56806,Arcadia Park Pharmacy,301 W Huntington Dr Ste 116,Arcadia,CA,910073462,open,-13140523.4984618,4046985.62527182
56808,Cynob Pharmacy,13041 Rosecrans Avenue STE 206,Norwalk,CA,90650,open,-13141687.3437381,4015780.96536946
56809,URS Pharmacy,19115 Colima Rd Ste 107,Rowland Heights,CA,917483003,open,-13123055.3552861,4027126.92714703
56811,CVS Pharmacy #17703,620 S Virgil Ave Ste 100,Los Angeles,CA,900054080,open,-13167629.6831505,4037248.40212732
56813,CVS Pharmacy #17721,1033 N Hollywood Way,Burbank,CA,915052540,open,-13174439.2077218,4051540.37545851
56820,ENCINO MEDICAL PHARMACY,17479 VENTURA BLVD,ENCINO,CA,91316,open,-13192852.8986524,4050520.84598282
56826,DR PHARMACY RX,5733 Las Virgenes Rd Ste A,Calabasas,CA,913021231,open,-13214005.9396124,4050412.68274625
56829,Kaiser Permanente Pharmacy #271,"26877 Tourney Rd MOB-2, 1st FL",Santa Clarita,CA,913551846,open,-13199663.0911407,4084206.68683315
56833,15TH STREET PHARMACY,"1304 15TH ST, STE 103",SANTA MONICA,CA,90404,open,-13189843.1535798,4032265.51894751
56835,Park Mesa Pharmacy,4314 W Slauson Ave Suite 1,Los Angeles,CA,900432808,open,-13174747.4513918,4027287.49827653
56836,Mother's Pharmacy & Nutrition,2120 W 8TH. Street Suite 103,LOS ANGELES,CA,90057,open,-13166713.5237413,4036197.637169
56837,"COMMUNITY, A WALGREENS PHARMACY #21154",730-740 Long Beach Blvd #A & #C,Long Beach,CA,908134480,open,-13156732.0615993,3998758.1859407
56838,CVS Pharmacy #10807,1204 San Fernando Rd,San Fernando,CA,913403205,open,-13185055.6362393,4067023.64284266
56839,City Care Pharmacy,648 E 21st St Ste 102,Los Angeles,CA,900111146,open,-13164531.6617217,4032287.00958556
56844,I CARE PHARMACY,17620 BELLFLOWER BLVD UNIT B-104,BELLFLOWER,CA,90706,open,-13149567.6504913,4011676.61272084
56847,AP10 Pharmacy,8627 Atlantic Ave,South Gate,CA,902803501,open,-13156159.1001802,4022667.41633175
56848,Creative Rx Pharmacy,2519 WEST BURBANK BLVD,BURBANK,CA,91505,open,-13173439.7813335,4052834.22529541
56852,Carson Discount Pharmacy,111 E Carson St Ste B,Carson,CA,907457722,open,-13166626.137941,4006321.32331983
56855,Cedarmak Pharmacy,8737 Beverly Blvd Ste 102,West Hollywood,CA,900481835,open,-13178221.9553385,4039185.31546463
56858,INFINITY PHARMACY,10738 JEFFERSON BLVD STE E  BLDG 3,CULVER CITY,CA,90230,open,-13179423.2039636,4029047.21595664
56862,Samsung Care Pharmacy,2717 W Olympic Blvd Ste 105,Los Angeles,CA,900062642,open,-13168230.8084008,4035895.32505618
56865,MIRACLE CARE PHARMACY,24355 LYONS AVE STE 110,SANTA CLARITA,CA,91321,open,-13198105.174867,4079813.18252053
56867,VM PHARMACY #02,2220 CLARK AVE,LONG BEACH,CA,90815,open,-13150540.8054799,4001637.63189785
56869,Poly-Med Pharmacy,17313 Roscoe Blvd,Northridge,CA,913253901,open,-13192524.3948351,4058551.07702295
56878,Beverly Hills Concierge Pharmacy,9669 Brighton Way,Beverly Hills,CA,902105125,open,-13180831.9521196,4037907.66554842
56881,Walgreens #16540,6801 Hollywood Blvd Ste 132,Los Angeles,CA,900286138,open,-13173444.7907106,4042544.95446544
56885,Better Life Pharmacy (New Life Pharmacy - Farmacia,9420 Slauson Ave,Pico Rivera,CA,906604525,open,-13146489.8892099,4024543.46572243
56886,Northridge Pharmacy,19331 Business Center Dr. Ste. 100,Northridge,CA,91324,open,-13197444.0484112,4059886.5233179
56889,ST MARY PHARMACY,8254 WHITE OAK AVE UNIT 4,NORTHRIDGE,CA,91325,open,-13193409.1621479,4058478.917048
56893,Foothill Pharmacy,7220 Foothill Blvd,Tujunga,CA,910422719,open,-13167885.7179793,4062231.44081296
56897,Us Precision Pharmacy,10680 W. Pico Blvd #250,Los Angeles,CA,90064,open,-13182928.3207702,4034421.50046052
56900,The QR Pharmacy,11507 Oxnard St Unit 2,North Hollywood,CA,916064186,open,-13178293.75641,4052939.85494575
56905,AP2 Pharmacy,972 Goodrich Blvd,Commerce,CA,900224114,open,-13153029.1300576,4030984.75008007
56908,Bell Gardens Family Pharmacy,6501 Garfield Ave,Bell Gardens,CA,902011805,open,-13152149.2608023,4025182.53104671
56915,ENCORE PHARMACY,465 N Roxbury Dr # 103,Beverly Hills,CA,902104206,open,-13181058.3759639,4037959.1343154
56918,CVS Pharmacy #17739,965 Town Center Dr,La Canada Flintridge,CA,910111638,open,-13157833.5679607,4056408.68672221
56930,PACIFIC PLAZA PHARMACY,2777 PACIFIC AVE STE A,LONG BEACH,CA,90806,open,-13157303.6871845,4002985.31846932
56931,HEALTH WAY PHARMACY,22211 Sherman Way,Canoga Park,CA,913031048,open,-13203660.6853746,4055848.08397858
56932,LOVVIT PHARMACY,3532 N BROADWAY,LOS ANGELES,CA,90031,open,-13158272.5007129,4038689.12892921
56936,986 Pharmacy #8007,1809 Verdugo Blvd Ste 110,Glendale,CA,912081402,open,-13160817.8208699,4052418.44424459
56962,Via Care Pharmacy,615 S Atlantic Blvd,Los Angeles,CA,900223211,open,-13153102.266963,4032088.49135812
56963,GROVE PHARMACY,655 N Fair Oaks Ave,Pasadena,CA,911033383,open,-13152573.9446597,4049879.54990232
56967,Sylmar Medical Pharmacy,13677 Foothill Blvd Unit B,Sylmar,CA,913423103,open,-13183675.163234,4070273.34299629
56972,Nofel Pharmacy,1001A N Grand Ave,Covina,CA,917242048,open,-13121645.1599767,4041961.24109144
56976,CVS PHARMACY #17724,11800 Santa Monica Blvd,Los Angeles,CA,900252202,open,-13186708.3967191,4034522.79460885
56977,CVS PHARMACY #10795,2115 Artesia Blvd,Redondo Beach,CA,902783013,open,-13177275.6283472,4011811.49240684
56983,Aurora Pharmacy,404 S Prospectors Rd Ste C,Diamond Bar,CA,917651617,open,-13114888.7348025,4031246.50626316
56988,Southwood Pharmacy,22220 Palos Verdes Blvd,Torrance,CA,905052017,open,-13176758.1040345,4005493.56264748
56994,TOPANGA PHARMACY,22124 Ventura Blvd,Woodland Hills,CA,913641660,open,-13203496.2664867,4051427.62805696
56995,Health Mart Midway,10410 LOWER AZUSA RD 102,EL MONTE,CA,91731,open,-13140234.9583417,4041108.30983168
56996,Health Mart Bell Gardens,7625 EASTERN AVE C,BELL GARDENS,CA,90201,open,-13154142.213646,4023895.71200949
57000,PRIME LIBERTY PHARMACY,7335 Van Nuys Blvd Ste 107,Van Nuys,CA,914051951,open,-13185681.1404581,4056228.86011161
57004,Kaiser Permanente Pharmacy #568,12761 Schabarum Ave Plaza Level RM 1100,Irwindale,CA,917066807,open,-13135318.7556698,4039722.7856834
57006,Good Samaritan Total Care Pharmacy,1245 Wilshire BLVD Suite 201,Los Angeles,CA,90017,open,-13165317.1320488,4036022.83260889
57011,HUBBARD PHARMACY,2012 Glenoaks Blvd,San Fernando,CA,913401625,open,-13184422.3396562,4068932.22499941
57014,GNRX PHARMACY INC,2440 S Western Ave,San Pedro,CA,907324334,open,-13170406.8818068,3991763.22364076
57015,Wellcare Pharmacy,17530 Hawthorne Blvd,Torrance,CA,905043110,open,-13174835.727748,4011524.84145612
57019,Medella Pharmacy 1,8610 Firestone Blvd,Downey,CA,902415243,open,-13149837.934215,4020241.1421908
57026,Courtyard Pharmacy,23693 B Calabasas Rd,Calabasas,CA,913021502,open,-13207408.4786711,4049715.16223291
57027,Aalpha Pharmacy,174 S Alvarado St,Los Angeles,CA,900572211,open,-13165916.4761872,4037475.498344
57030,NOVA LUXE PHARMACY,13756 Victory Blvd,Van Nuys,CA,914012324,open,-13183927.0792416,4053870.78396751
57031,APPLE RX PHARMACY STORE #2,3625 Martin Luther King Jr Blvd Ste 1 Unit 1,Lynwood,CA,902623509,open,-13158172.6471297,4019488.04326049
57032,DRS ORDERS PHARMACY,10623 SHERMAN GROVE AVE,SUNLAND,CA,91040,open,-13171357.6615777,4064058.6690124
57034,MISSION PHARMACY,1050 ATLANTIC AVE,LONG BEACH,CA,908133478,open,-13156259.9556389,3999295.63300639
57036,AAA PHARMACY,11234 Laurel Canyon Blvd,San Fernando,CA,913404312,open,-13185610.6752204,4065692.0701625
57037,Kaiser Permanente Pharmacy #441,20000 Rinaldi St,Porter Ranch,CA,913264900,open,-13199236.4035325,4065761.31239373
57042,VICTORY CARE  PHARMACY,13309 VICTORY BLVD STE A,VAN NUYS,CA,91401,open,-13182790.3959211,4053916.80759077
57048,CVS Pharmacy #11028,1026 S Broadway Spc A Space A,Los Angeles,CA,900154086,open,-13164406.983892,4034213.27261263
57052,Golden Health Pharmacy,88 S Palm Ave,Alhambra,CA,918013101,open,-13151965.917601,4040909.77220121
57053,"Community,  A Walgreens Pharmacy #21231",1487 E Chevy Chase Dr,Glendale,CA,912064008,open,-13161615.8702994,4049256.98787889
57060,East Valley PMQ Covina Pharmacy,276 College Street,Covina,CA,917231902,open,-13123921.8662024,4040508.00285447
57064,RX BOUTIQUE PHARMACY INC,18425 BURBANK BLVD STE 414,TARZANA,CA,91356,open,-13195180.0326075,4051955.18251467
57066,GALEN RX PHARMACY,4111 Ocean View Blvd,Montrose,CA,910201518,open,-13161094.783763,4057024.64138505
57067,WINDSOR PHARMACY,6411 Sepulveda Blvd Ste 2A,Van Nuys,CA,914111304,open,-13187626.7825181,4053977.76899308
57069,Pacific Oak Compounding Pharmacy,12 N 1st Ave,Arcadia,CA,910063205,open,-13138842.4628314,4047874.37111739
57073,HEALTHY CARE PHARMACY,6405 VAN NUYS BLVD,VAN NUYS,CA,91401,open,-13185681.808375,4053928.9191016
57079,CVS Pharmacy #17749,1302 S La Brea Ave Ste A,Los Angeles,CA,900193061,open,-13173988.2524646,4035494.94180817
57081,CVS Pharmacy #17774,14310 Hawthorne Blvd,Lawndale,CA,902601515,open,-13174780.0680026,4015569.18781076
57082,Honest Pharmacy LLC,"210 N Garfield Ave, #101",Monterey Park,CA,91754,open,-13149344.0096343,4037390.70626819
57084,Kaiser Permanente Pharmacy #059R,9449 Imperial Hwy Bldg C Ste 122,Downey,CA,902422814,open,-13149788.5083611,4017808.4075925
57085,Mega Pharmacy,17705 Saticoy St,Reseda,CA,913353350,open,-13193467.1596026,4056839.68994643
57086,DBA BRAND RX SOLUTIONS,330 N BRAND BLVD #150,GLENDALE,CA,912032300,open,-13164040.9654063,4049120.18484983
57087,PMQ Vermont Pharmacy,954 N Vermont Ave # 132,Los Angeles,CA,900293529,open,-13168146.2055878,4040784.36057452
57088,CANYON PHARMACY,12117 MAGNOLIA BLVD,VALLEY VILLAGE,CA,91607,open,-13179923.2511163,4050981.8966046
57092,Kaiser Permanente Pharmacy #045,7007 Romaine St,Los Angeles,CA,900382328,open,-13173740.5665976,4040765.40781225
57093,"DynaMed, Inc.",19618 Ventura Blvd,Tarzana,CA,913562919,open,-13198108.8484102,4051993.2599515
57099,SEASIDE PHARMACY,599 W 7th St,San Pedro,CA,907313115,open,-13167972.5471822,3993630.33456132
57100,Avalon Pharmacy,447A E El Segundo Blvd,Los Angeles,CA,900612741,open,-13165256.9082043,4017657.62809409
57101,CVS Pharmacy #11178,500 Wilshire Blvd,Santa Monica,CA,904011404,open,-13191065.7755472,4031451.72516475
57102,MISSION CARE PHARMACY,9917 Topanga Canyon Blvd,Chatsworth,CA,913113602,open,-13203209.9527563,4062474.79384716
57105,Active Care Pharmacy,1203 N Avalon Blvd Ste A,Wilmington,CA,907442646,open,-13164995.8639983,4000212.95380658
57108,CVS Pharmacy #11350,2444 W Beverly Blvd,Montebello,CA,906402306,open,-13149962.7233642,4031689.18201194
57109,PRESTIGE CARE PHARMACY,1220 S CENTRAL AVE STE 103,GLENDALE,CA,91204,open,-13164357.0014407,4046462.60500174
57110,FLOWER RX,1851 Flower St,Glendale,CA,912012024,open,-13168932.4551513,4051430.31891269
57119,D&K TECH RX,6320 VANN UYS BLVD #301,VAN NUYS,CA,91401,open,-13185614.3487636,4053731.63765666
57121,Cedars-Sinai Medical Care Foundation Pharmacy,11800 Wilshire Blvd Ste 202,Los Angeles,CA,900256602,open,-13187208.5551912,4035210.3826724
57123,APS PHARMACY,13132 Studebaker Rd Ste 8,Norwalk,CA,906502577,open,-13146659.9853918,4016974.9867279
57125,LAS TUNAS PHARMACY,360 E Las Tunas Dr Ste 101A,San Gabriel,CA,917765514,open,-13146393.5978504,4042649.41301216
57126,Farmacia Pomona,1749 N Garey Ave,Pomona,CA,917672913,open,-13108155.3527629,4039169.32211601
57128,Garey Pharmacy,3155 N Garey Ave,Pomona,CA,917671366,open,-13107729.6670301,4042790.70917493
57130,Fresh Wellness Pharmacy,18417 Colima Rd,Rowland Heights,CA,917482898,open,-13124954.465799,4027249.6376561
57133,MULBERRY PHARMACY,15025 MULBERRY DRIVE,WHITTIER,CA,90604,open,-13136927.2109923,4020221.6868459
57134,JWCH PMQ Lancaster Pharmacy,45104 10th St W Ste A,Lancaster,CA,935342310,open,-13152168.0737963,4123400.5105898
57137,DELIGHT PHARMACY,21230 VENTURA BLVD,WOODLAND HILLS,CA,91364,open,-13201990.0024567,4051283.26458152
57138,PAVILIONS PHARMACY #2989,14845 Ventura Blvd,Sherman Oaks,CA,914033620,open,-13186521.1573356,4049281.60452802
57140,Go To Pharmacy Inc.,5961 Laurel Canyon Blvd # 2,Valley Village,CA,916071237,open,-13179855.4575464,4052817.13625962
57145,SAVE MORE PHARMACY,349 E Main St Ste 101,Alhambra,CA,918017909,open,-13149376.9602036,4041981.40572469
57146,CVS PHARMACY #11215,555 North Broadway #B101,Los Angeles,CA,90012,open,-13162479.5982284,4036642.52083076
57149,IVY PHARMACY,315 W VERDUGO AVE STE #A,BURBANK,CA,91502,open,-13170711.2292947,4051783.76835541
57152,TUJUNGA PHARMACY,7057 FOOTHILL BLVD,TUJUNGA,CA,91042,open,-13167462.1473169,4062167.87629895
57154,VertexRx Pharmacy,11273 Laurel Canyon Blvd Ste 4,San Fernando,CA,913404359,open,-13185749.3793059,4065771.14644145
57161,ALTAMED  PHARMACY WESTLAKE,2100 W 3rd St Ste 190,Los Angeles,CA,900571999,open,-13166101.2665419,4037238.99587283
57166,MedQuickRx,5757 Wilshire Blvd,Los Angeles,CA,900365810,open,-13175042.114084,4037211.31465469
57171,"Medcare Pharmacy and Medical Supply, Inc.",289 W. Huntington Drive Ste 101,Arcadia,CA,910073439,open,-13141225.0338928,4046517.87805605
57173,ALTAMED PHARMACY COMMERCE,5417 Whittier Blvd,Los Angeles,CA,900224101,open,-13152797.1402387,4031468.24490976
57174,LA CARE PHARMACY,721 E BROADWAY SUITE 101,GLENDALE,CA,912054951,open,-13163092.4120253,4048503.71729908
57177,"Linco Pharmacy, Inc.",5755 W Adams Blvd,Los Angeles,CA,900162440,open,-13176753.4286159,4033181.59334414
57183,Diamond Pharmacy,21337 Cold Spring Ln,Diamond Bar,CA,917653443,open,-13117878.9989642,4025219.44517571
57185,ELITE CLINICAL CARE PHARMACY,9103 SEPULVEDA BLVD,NORTH HILLS,CA,91343,open,-13187792.6485594,4060518.42100844
57186,Mixlab,2223 Federal Ave,Los Angeles,CA,900641403,open,-13185302.8768283,4033468.38543396
57188,LAC PMQ Pharmacy LA,325 E 7th St Rm 101,Los Angeles,CA,900142209,open,-13163368.3730429,4034463.14648676
57194,Six 55 Pharmacy,655 W Ave Q Ste E,Palmdale,CA,935513894,open,-13151572.9597985,4107960.73220429
57195,VIVA CARE PHARMACY,17257-B VENTURA BLVD,ENCINO,CA,91316,open,-13192372.1097717,4050431.24800468
57196,ALTAMED PHARMACY SOUTH GATE,8627 Atlantic Ave Rm 100,South Gate,CA,902803501,open,-13156159.1001802,4022667.41633175
57197,HILLS PHARMACY,2906 1/2 FOOTHILL BLVD,LA CRESCENTA,CA,91214,open,-13162695.6693601,4059119.21823724
57199,EXPRESS SPECIALTY PHARMACY INC,8346 Topanga Canyon Blvd,West Hills,CA,913042344,open,-13203133.8102246,4058547.71134227
57201,SOUTH PARK PHARMACY,1120 S Grand Ave Ste 103,Los Angeles,CA,900154677,open,-13164900.6858337,4034301.39954702
57202,Complete Infusion Care,2310 S Sepulveda Blvd,Los Angeles,CA,900641911,open,-13184246.3435412,4033964.74758196
57207,Kaiser Permanente Pharmacy #341,5300 McConnell Ave FL 1 RM 1150,Los Angeles,CA,900667026,open,-13182470.6863436,4026055.61573753
57211,ALTAMED PHARMACY GOODRICH,972 Goodrich Blvd Rm 100,Commerce,CA,900224114,open,-13153029.1300576,4030984.75008007
57213,AGM PHARMACY,12043 Riverside Dr,Valley Village,CA,916073744,open,-13179757.385075,4050010.44293108
66074,PHARMACA INTEGRATIVE PHARMACY,12025 SAN VICENTE BLVD,LOS ANGELES,CA,900494999,open,-13188419.4886121,4035819.00931124
66079,The Medicine Shoppe Pharmacy,11515 Artesia Blvd,Artesia,CA,907013852,open,-13145551.131944,4011807.4701268
66084,WALGREENS #13812,14885 Telegraph Rd,LA MIRADA,CA,906381060,open,-13137154.414073,4017730.73712206
66085,COSTCO PHARMACY #48,6100 SEPULVEDA BLVD,VAN NUYS,CA,914112503,open,-13187565.6681177,4053096.3501069
66099,MEMORIAL MEDICAL PHARMACY,1510 S CENTRAL AVE STE 110,GLENDALE,CA,912042502,open,-13164380.8238117,4045934.364162
66101,PHARMACA INTEGRATIVE PHARMACY INC,734 MONTANA AVE,SANTA MONICA,CA,904031496,open,-13191513.5025392,4032427.77426671
66102,JOHNS SHOP RITE PHARMACY,4333 South St,Lakewood,CA,907121148,open,-13151435.3689079,4010098.66529239
66105,PAVILIONS PHARMACY #2212,11030 W JEFFERSON BLVD,CULVER CITY,CA,902305520,open,-13179588.5134075,4028385.24238663
66109,KAISER PERMANENTE PHARMACY 254,43112 N 15TH STREET,LANCASTER,CA,93534,open,-13152979.3702452,4118399.66630019
66111,KAISER PERMANENTE PHARMACY #281,27107 TOURNEY ROAD,SANTA CLARITA,CA,91355,open,-13199934.3767397,4084769.10112242
66112,PCH MEDICAL PHARMACY,306 E PACIFIC COAST HWY SUITE 101,LONG BEACH,CA,908060813,open,-13156692.988458,4000582.09936216
66113,KAISER PERMANENTE PHARMACY #288,4502 EAST AVENUE S,PALMDALE,CA,93552,open,-13141142.2121917,4103848.69932289
66114,KAISER PERMANENTE PHARMACY #279,13652 CANTARA ST,PANORAMA CITY,CA,91402,open,-13183660.9143391,4058345.23382997
66115,KAISER FDN HSP PHY 305 OUT,6041 CADILLAC AVE RM A 1ST FLR,LOS ANGELES,CA,90034,open,-13177549.0290166,4033914.3715473
66116,KAISER PERMANENTE PHARMACY,5971 VENICE BOULEVARD,LOS ANGELES,CA,90034,open,-13177192.6953266,4033978.18122883
66121,RITE AID PHARMACY 06255,1038 EAST COLORADO BOULEVARD,PASADENA,CA,911062323,open,-13150054.7845831,4048360.87054712
66133,YOUNG'S PHARMACY,7134 VAN NUYS BLVD,VAN NUYS,CA,914053005,open,-13185638.6164126,4055713.75879114
66135,WALGREENS #6903,5829 LAKEWOOD BLVD,LAKEWOOD,CA,907121001,open,-13151613.8140516,4010174.13904751
66138,KAISER PERMANENTE PHARMACY,12001 W WASHINGTON BLVD,LOS ANGELES,CA,90066,open,-13182846.612264,4028513.33731698
66144,KAISER FOUNDATION HOSPITAL PHARM,1011 BALDWIN PARK BLVD 1ST FLOOR,BALDWIN PARK,CA,91706,open,-13134128.5276742,4037583.94174461
66146,KAISER PERMANENTE PHARMACY 559,1011 BALDWIN PARK BLVD 2ND FLR,BALDWIN PARK,CA,91706,open,-13134128.5276742,4037583.94174461
66148,COSTCO PHARMACY #1202,2640 LOMITA BLVD,TORRANCE,CA,905055214,open,-13172827.7467731,4003085.53051873
66156,KT plaza pharmacy,928 S WESTERN AVE STE 110,LOS ANGELES,CA,90006,open,-13170082.0515327,4036169.01794514
66158,GLENDALE PHARMACY,1122 N BRAND BLVD,GLENDALE,CA,912022547,open,-13164043.0804766,4050605.46694447
66164,KAISER PERMANENTE PHARMACY,20940 BURBANK BLVD,WOODLAND HILLS,CA,91367,open,-13201291.695291,4052058.92028387
66165,RITE AID PHARMACY 06267,6512 COMSTOCK AVENUE,WHITTIER,CA,906014103,open,-13139957.5501706,4026420.76321512
66166,SUN SUN PHARMACY,600 N GARFIELD AVE STE 107A,MONTEREY PARK,CA,91754,open,-13149363.1565868,4037955.10281089
66167,CURSON PHARMACY,7559 SANTA MONICA BLVD,LOS ANGELES,CA,900466406,open,-13175149.4260731,4041017.3073869
66168,MICHAEL'S PHARMACY,4955 VAN NUYS BLVD,SHERMAN OAKS,CA,91403,open,-13185670.7877454,4050411.06837739
66174,WATTS PROFESSIONAL PHARMACY,9909 Compton Ave,LOS ANGELES,CA,900022850,open,-13163124.9173166,4021628.86335934
66176,CAL OAKS PHARMACY,55 E CALIFORNIA BLVD STE 103,PASADENA,CA,91105,open,-13152312.3438563,4047121.32667179
66177,CVS Pharmacy #17385,950 E 33rd St,Signal Hill,CA,90755,open,-13156014.6074811,4004179.21175273
66178,CVS Pharmacy #16043,5600 Whittier Blvd,Commerce,CA,90022,open,-13152436.5764081,4031211.99009616
66180,VIA VERDE PRESCRIPTION SHOPPE,1152 VIA VERDE AVE,SAN DIMAS,CA,917734401,open,-13116716.9347998,4038644.10765667
66185,MEDIC PHARMACY,16900 BELLFLOWER BLVD,BELLFLOWER,CA,90706,open,-13149606.9462716,4012840.9744337
66190,KAISER PERMANENTE PHARMACY 552,1011 BALDWIN PARK BLVD,BALDWIN PARK,CA,91706,open,-13134128.5276742,4037583.94174461
66191,VONS PHARMACY #1638,4226 WOODRUFF AVE,LAKEWOOD,CA,907133143,open,-13148549.7450675,4006691.4697523
66192,KAISER PERMANENTE PHARMACY #553,1255 WEST ARROW HIGHWAY,SAN DIMAS,CA,91773,open,-13116932.4493339,4043210.0370454
66193,KAISER PERMANENTE PHARMACY 022,1550 TOWN CENTER DRIVE,MONTEBELLO,CA,90640,open,-13145531.5397136,4033550.19302523
66195,Medico Pharmacy,11779 SANTA MONICA BLVD,LOS ANGELES,CA,90025,open,-13186697.5987285,4034584.86122957
66199,CROWN DRUGS,657 E UNIVERSITY DR,CARSON,CA,90746,open,-13165058.6481911,4009873.98970579
66203,SAN DIMAS PHARMACY,1330 W COVINA BLVD,SAN DIMAS,CA,91773,open,-13117184.8106196,4042009.77070262
66204,HALLIBURTON PROFESSIONAL PHARMACY,15932 HALLIBURTON RD,HACIENDA HEIGHTS,CA,917453505,open,-13132053.5323659,4028409.41113131
66211,RELIABLE PHARMACY,18350 ROSCOE BLVD,NORTHRIDGE,CA,913254109,open,-13195143.631134,4058452.79955829
66250,CVS Pharmacy #09146,575 S Citrus Ave,Covina,CA,917232930,open,-13123515.2161025,4039459.35624856
66252,CVS Pharmacy #09607,901 SILVER SPUR RD,ROLLING HILLS ESTATES,CA,90274,open,-13176483.9241287,3997858.65793968
66255,Eddie's Pharmacy,8408 Beverly Blvd,Los Angeles,CA,900483402,open,-13177279.6358489,4038996.2190746
66257,White Memorial Medical Plaza Pharmacy,1701 East Cesar E Chavez Avenue Suite 109,Los Angeles,CA,90033,open,-13159889.6389557,4035687.07026819
66258,PHOENIX PHARMACY,2523 E WASHINGTON BLVD,PASADENA,CA,911042044,open,-13146665.2174079,4051556.38621846
66259,YEH'S PHARMACY II,966 S WESTERN AVE STE 103,LOS ANGELES,CA,90006,open,-13170078.711948,4036020.27975663
66261,WALMART PHARMACY 10-1563,44665 VALLEY CENTRAL WAY,LANCASTER,CA,935346500,open,-13154820.3719839,4122523.93920057
66265,RITE AID PHARMACY 05491,2240 WEST SEPULVEDA BOULEVARD,TORRANCE,CA,905015301,open,-13171486.6808675,4004612.66691855
66268,ATLANTIC PROFESSIONAL PHARMACY,1045 ATLANTIC AVE suite 102,LONG BEACH,CA,908133408,open,-13156337.7679629,3999330.99048651
66270,GLENDALE WEST PHARMACY,1109 S GLENDALE Ave A AND B,GLENDALE,CA,91205,open,-13163765.7836251,4046706.69606452
66273,SPRING PARK PHARMACY,6226 E SPRING ST STE 140,LONG BEACH,CA,908151423,open,-13147940.1595359,4003276.98084021
66278,PALI RX,900 VIA DE LA PAZ,PACIFIC PALISADES,CA,90272,open,-13194357.270251,4035144.95388565
66284,BIG 1 PHARMACY,415 W VALLEY BLVD,SAN GABRIEL,CA,91776,open,-13147486.6439305,4039517.28332074
66287,COLLEGE PHARMACY,626 W COLLEGE ST,LOS ANGELES,CA,900121616,open,-13162520.1185231,4037546.71880048
66288,M & S Pharmacy,4561 CENTINELA AVE,LOS ANGELES,CA,90066,open,-13182675.6255261,4027680.88024234
66293,YM DRUGS,6578 VAN NUYS BLVD,VAN NUYS,CA,91401,open,-13185619.6920991,4054398.72112201
66295,TAFT PHARMACY,20056 VENTURA BLVD,WOODLAND HILLS,CA,91364,open,-13199201.5605318,4051772.19732015
66297,KAISER PERMANENTE PHARMACY NO 333,5620 MESMER AVENUE,CULVER CITY,CA,90230,open,-13180218.8043643,4026802.83812184
66300,Santa Maria Pharmacy,16279 Paramount Blvd Ste G,Paramount,CA,90723,open,-13153527.0621399,4013693.1359708
66302,BRENT AIR PHARMACY,134 S BARRINGTON AVE,LOS ANGELES,CA,90049,open,-13187923.2263221,4037490.27991155
66312,RIVERSIDE PHARMACY & COMPOUNDING SHOP,11655 RIVERSIDE DR,NORTH HOLLYWOOD,CA,916021092,open,-13178816.8466973,4050009.50124922
66316,Los Angeles County Harbor UCLA N 22 Pharmacy,1000 W Carson St Bldg N-22,Torrance,CA,905022004,open,-13168249.3987558,4006179.9417964
66317,RITE AID PHARMACY 06327,4710 COMMONS WAY,CALABASAS,CA,913023364,open,-13207362.2810824,4049521.04794151
66323,CVS Pharmacy #09985,8900 SEPULVEDA WESTWAY,LOS ANGELES,CA,90045,open,-13180012.0840699,4022880.80174871
66324,PHNOM PICH PHARMACY INC,2338 E ANAHEIM ST SUITE 100,LONG BEACH,CA,90804,open,-13153912.5615365,3999614.12211761
66329,DRUG CENTER PHARMACY II,1530 E Chevy Chase Dr Ste 102,GLENDALE,CA,91206,open,-13161409.9292414,4049253.35591878
66333,VILLAGE ROAD PHARMACY,5412 VILLAGE RD,LONG BEACH,CA,908081698,open,-13149783.053706,4006425.31690956
66338,PAVILIONS PHARMACY #2233,7 Peninsula Ctr,ROLLING HILLS,CA,902743506,open,-13177751.7418094,3998739.57060762
66339,BEVERLY PLAZA PHARMACY,101 E BEVERLY BLVD STE 101,MONTEBELLO,CA,906404319,open,-13146657.2024045,4030792.4322812
66353,UCLA MEDICAL PLAZA LEVEL I PHARMACY,200 UCLA MEDICAL PLAZA SUITE 135,LOS ANGELES,CA,900956949,open,-13185075.1171502,4038381.50951333
66355,UCLA MEDICAL PLAZA LEVEL IV PHARMACY,200 UCLA MEDICAL PLAZA SUITE 426,LOS ANGELES,CA,900956949,open,-13185075.1171502,4038381.50951333
66356,RITE AID PHARMACY 06333,15800 IMPERIAL HIGHWAY,LA MIRADA,CA,906382512,open,-13135014.185543,4017658.56710616
66367,RALPHS PHARMACY,2250 E CARSON ST,LONG BEACH,CA,90807,open,-13154077.7596608,4006089.75335698
66370,RITE AID PHARMACY 05459,6959 EASTERN AVENUE,BELL GARDENS,CA,902013926,open,-13154135.645796,4024710.44342124
66374,GARFIELD PRESCRIPTION PHARMACY,3756 SANTA ROSALIA DR,LOS ANGELES,CA,90008,open,-13173454.5868258,4030028.29654147
66383,PRESCRIPTIONS UNLIMITED PHARMACY,1141 W REDONDO BEACH BLVd. STE 100,GARDENA,CA,902473586,open,-13168658.6092039,4014337.89769394
66384,Yee's Prescription Pharmacy,1703 TERMINO AVE,LONG BEACH,CA,90804,open,-13152017.9038032,4000398.99846687
66394,CVS Pharmacy #16062,6635 FALLBROOK AVE,WEST HILLS,CA,91307,open,-13205109.9538252,4054502.34664299
66402,ABC PHARMACY,841 W VALLEY BLVD STE 101,ALHAMBRA,CA,918033234,open,-13150474.5703828,4039321.32703496
66405,PENINSULA PHARMACY,1294 W 6TH STREET SUITE 100,SAN PEDRO,CA,90731,open,-13169701.2275547,3993804.22463224
66407,Skinners Pharmacy,905 Deep Valley Dr,ROLLING HILLS ESTATES,CA,902743853,open,-13176571.08729,3997819.01979889
66410,Foothill Remedy Drugs,6253 FOOTHILL BLVD,Tujunga,CA,91042,open,-13165481.7735757,4061275.72131893
66411,CENTURY BEVERLY HILLS PHARMACY,412 S SAN VICENTE BLVD,LOS ANGELES,CA,90048,open,-13177584.8738927,4038406.9089668
66417,COSTCO PHARMACY #410,12324 HOXIE AVE,NORWALK,CA,906502266,open,-13147112.2764829,4018059.53231087
66420,PACIFIC MEDICAL PHARMACY,1101 N PACIFIC AVE STE 101,GLENDALE,CA,912022315,open,-13165132.6756525,4050426.13582904
66424,H K VALLEY PHARMACY,17643 SHERMAN WAY STE 104,VAN NUYS,CA,914063510,open,-13193341.4798975,4055871.23437193
66425,Garden Plaza Pharmacy,18411 CLARK ST 106,TARZANA,CA,913563506,open,-13195094.427919,4051636.70944735
66426,SAVON PHARMACY #0561,298 E LIVE OAK AVE,ARCADIA,CA,910065629,open,-13138312.4707357,4043260.45422989
66427,SAVON PHARMACY #1333,38727 TIERRA SUBIDA AVE,PALMDALE,CA,935514248,open,-13152286.406415,4107705.17342947
66429,Intra Rx  Drugs Lynwood,3628 E IMPERIAL HWY STE 102,LYNWOOD,CA,902622607,open,-13158443.7100897,4019469.2600271
66432,PORTOLA PHARMACY,3408 N EASTERN AVE,LOS ANGELES,CA,90032,open,-13155502.5378235,4040281.65260068
66440,RITE AID PHARMACY 06263,27716 WEST MCBEAN PARKWAY,VALENCIA,CA,913541430,open,-13197089.0505551,4088652.2518337
66445,Marina del Rey Pharmacy,4558 S ADMIRALTY WAY,MARINA DEL REY,CA,902925471,open,-13185152.5955158,4026562.93224985
66446,MEMORIAL MEDICAL CENTER PHARMACY,9806 VENICE BLVD,CULVER CITY,CA,902322778,open,-13179973.2335676,4031971.23559895
66448,RITE AID PHARMACY 05441,9864 NATIONAL BOULEVARD,LOS ANGELES,CA,900342713,open,-13180422.0737545,4032922.07623075
66451,RITE AID PHARMACY 06288,959 CRENSHAW BOULEVARD,LOS ANGELES,CA,900191938,open,-13171656.9996884,4036177.34841603
66454,FAMILY PHARMACY,1400 ATLANTIC AVE,LONG BEACH,CA,90813,open,-13156232.4597246,3999851.45448874
66457,RALPHS PHARMACY,260 S LA BREA AVE,LOS ANGELES,CA,90036,open,-13173974.8941257,4038158.15802921
66458,RITE AID PHARMACY 05569,13333 RIVERSIDE DRIVE,SHERMAN OAKS,CA,914232508,open,-13182761.564173,4050005.33094481
66459,PHARMACA INTEGRATIVE PHARMACY,15150 W SUNSET BLVD,PACIFIC PALISADES,CA,90272,open,-13194056.9302648,4034953.50630873
66461,Ararat Pharmacy,1717 E Walnut St,PASADENA,CA,911061611,open,-13148497.4249069,4048938.72496642
66463,FAIRFAX DISCOUNT PHARMACY,7771 Beverly Blvd,LOS ANGELES,CA,900362151,open,-13175682.646434,4039048.90233029
66465,MEDICAL GROUP PHARMACY,14860 Roscoe Blvd Ste 102 SUITE 102,PANORAMA CITY,CA,91402,open,-13186594.8508385,4058556.86599605
66466,RALPHS PHARMACY,3410 W THIRD ST,LOS ANGELES,CA,90020,open,-13168012.6221988,4038049.30600588
66467,RALPHS PHARMACY,2201 W REDONDO BEACH BLVD,GARDENA,CA,90247,open,-13171079.9194482,4013447.87321798
66468,WILTON PHARMACY,3511 W OLYMPIC BLVD STE 102,LOS ANGELES,CA,90019,open,-13170770.0059858,4035904.73020098
66469,RANCHO PARK PHARMACY,10587 (A) W Pico Blvd,LOS ANGELES,CA,900642333,open,-13182662.2671872,4034694.75490684
66470,Kovacs-Frey Pharmacy,2860 ARTESIA BLVD,REDONDO BEACH,CA,90278,open,-13175711.1442236,4011722.73442268
66472,VALLEY VIEW REXALL DRUGS,13966 VALLEY VIEW AVE,LA MIRADA,CA,906383598,open,-13138917.0468902,4015872.57144383
66473,Wards Pharmacy,653 LONG BEACH BLVD,LONG BEACH,CA,908021395,open,-13156831.0246266,3998651.8512791
66474,TAMPA PLAZA PHARMACY,19100 VENTURA BLVD STE L,TARZANA,CA,91356,open,-13196810.5291891,4051970.11746584
66476,KEY PHARMACY,12660 RIVERSIDE DR STE 100,VALLEY VILLAGE,CA,916073430,open,-13181272.1093862,4049963.49345952
66477,RALPHS PHARMACY,1413 HAWTHORNE BLVD,REDONDO BEACH,CA,90278,open,-13175056.2516593,4010925.01606589
66478,RALPHS PHARMACY,27760 N MCBEAN PKWY,VALENCIA,CA,91354,open,-13197156.0648885,4088822.74052934
66479,RALPHS PHARMACY,11727 OLYMPIC BLVD,LOS ANGELES,CA,90064,open,-13185640.063566,4033375.02609249
66480,RALPHS PHARMACY,4311 LINCOLN BLVD,MARINA DEL REY,CA,90292,open,-13185078.9020129,4026835.32716157
66484,LUCKY PHARMACY,1108 S BALDWIN AVENUE STORE NUMBER 8&9,ARCADIA,CA,91007,open,-13141780.4068324,4045922.39564934
66485,PILL BOX DRUG,165 PALOS VERDES BLVD,REDONDO BEACH,CA,90277,open,-13178577.732431,4004282.24798682
66486,SOUTH BAY PHARMACY,520 N PROSPECT AVE STE 110,REDONDO BEACH,CA,902773026,open,-13177870.2970671,4008958.7101537
66487,MARCO'S FARMACIA,4762 East WHITTIER BLVD,LOS ANGELES,CA,900223026,open,-13154104.1423802,4031742.10010546
66489,RITE AID PHARMACY 06214,1001 NORTH CENTRAL AVENUE,COMPTON,CA,902223647,open,-13164002.4488625,4015801.21789372
66492,TELEHEALTH PHARMACY,21550 Oxnard St Ste 327,Woodland Hills,CA,913677100,open,-13202492.6099577,4052863.15561148
66493,Burns Pharmacy,866 W LANCASTER BLVD,LANCASTER,CA,935342376,open,-13151997.4210169,4122808.26902266
66495,The Prescription Shop,1215 W Whittier Blvd,MONTEBELLO,CA,906404697,open,-13148345.3624824,4030264.51510944
66500,ZWEBER APOTHECARY PHARMACY,10800 S PARAMOUNT BLVD,DOWNEY,CA,90241,open,-13150747.6370937,4021541.77359776
66504,MANCHESTER PROFESSIONAL PHARMACY,600 W MANCHESTER AVE,LOS ANGELES,CA,900445700,open,-13167324.6677457,4023420.1880753
66506,SAINT JOHNS FAMILY PHARMACY,14514 RAMONA BLVD STE 4,BALDWIN PARK,CA,91706,open,-13131047.9834055,4040408.94046138
66512,S AND S PHARMACY,2922 DIVISION ST,LOS ANGELES,CA,900651298,open,-13161917.212161,4042628.03724693
66515,RITE AID PHARMACY 06396,2419 EAST AVENUE  SOUTH,PALMDALE,CA,935506202,open,-13145194.798254,4104150.93984277
66519,RITE AID PHARMACY 06400,3105 RANCHO VISTA BOULEVARD,PALMDALE,CA,935514822,open,-13156353.9092891,4110088.31562928
66531,SAMS PHARMACY 10-6613,7480 CARSON BLVD,LONG BEACH,CA,908082362,open,-13144975.8328156,4005545.95757563
66533,RIVERA PHARMACY,9253 Telegraph Rd,Pico Rivera,CA,906605423,open,-13147360.8529059,4023130.2932771
66534,CENTURY CITY MEDICAL PLAZA PHARMACY,2080 CENTURY PARK E STE 102,LOS ANGELES,CA,90067,open,-13181570.556941,4036705.53958336
66540,CVS Pharmacy #09670,18441 VENTURA BLVD,TARZANA,CA,91356,open,-13195211.2020649,4051435.16245461
66542,RALPHS PHARMACY,5601 WILSHIRE BLVD,LOS ANGELES,CA,90036,open,-13174717.9517268,4037150.03996455
66550,CALIFORNIA PHARMACY,19766 E COLIMA RD,ROWLAND HEIGHTS,CA,91748,open,-13121296.7299705,4026960.98812
66553,COSTCO PHARMACY #412,1220 W FOOTHILL BLVD,AZUSA,CA,917022819,open,-13127426.76037,4046537.7818008
66556,RITE AID PHARMACY 05440,111 E AVE,LOS ANGELES,CA,900313925,open,-13159683.9205367,4039106.02093145
66557,RITE AID PHARMACY 05452,7900 WEST SUNSET BOULEVARD,LOS ANGELES,CA,900463304,open,-13175990.890104,4041952.5030948
66559,Beverly Sinai Medical Pharmacy,2514 N Ontario St,Burbank,CA,915042512,open,-13174000.6089281,4055360.45614489
66562,COMMUNITY PHARMACY,10401 LAKEWOOD BLVD,DOWNEY,CA,90241,open,-13148903.8523677,4021371.62171151
66563,RITE AID PHARMACY 05521,4402 ATLANTIC AVENUE,LONG BEACH,CA,908072207,open,-13156215.2052036,4007048.89621393
66566,RITE AID PHARMACY 05573,10989 VENTURA BOULEVARD,STUDIO CITY,CA,916043341,open,-13176871.4272762,4047760.04610115
66567,RITE AID PHARMACY 05563,8400 VAN NUYS BOULEVARD,PANORAMA CITY,CA,914023610,open,-13185634.3862719,4058815.89190998
66570,RITE AID PHARMACY 05574,11350 VICTORY BOULEVARD,NORTH HOLLYWOOD,CA,916063631,open,-13177842.0219164,4053874.41740467
66572,RITE AID PHARMACY 05523,6400 EAST SPRING STREET,LONG BEACH,CA,908151553,open,-13147610.3198847,4003292.5220843
66574,RITE AID PHARMACY 05435,1637 NORTH VERMONT AVENUE,LOS ANGELES,CA,900275312,open,-13168214.1104772,4042378.6562871
66575,RITE AID PHARMACY 05463,3802 CULVER CENTER STREET CULVER CENTER,CULVER CITY,CA,902323303,open,-13181063.9419384,4031224.34606611
66576,RITE AID PHARMACY 05554,10349 SEPULVEDA BOULEVARD,MISSION HILLS,CA,913452421,open,-13187744.4472199,4063521.25797923
66577,RITE AID PHARMACY 05518,601 PINE AVENUE,LONG BEACH,CA,908021331,open,-13157157.6360126,3998555.56167387
66578,RITE AID PHARMACY 05486,11340 CRENSHAW BOULEVARD,INGLEWOOD,CA,903032807,open,-13172053.1857562,4019611.61087272
66579,RITE AID PHARMACY 05471,1208 WEST REDONDO BEACH BOULEVARD,GARDENA,CA,902473411,open,-13168684.5466453,4014335.75200398
66580,COSTCO PHARMACY #479,13463 WASHINGTON BLVD,MARINA DEL REY,CA,902925658,open,-13185468.4089112,4027809.50431915
66584,WESTERN MEDICAL PHARMACY,1110 N Western Ave Ste 101,LOS ANGELES,CA,90029,open,-13170093.1834818,4041069.3278977
66586,RITE AID PHARMACY 05611,920 EAST VALLEY BOULEVARD,ALHAMBRA,CA,918015226,open,-13148352.0416519,4039272.94328616
66587,CANOGA PARK PHARMACY,22330 SHERMAN WAY STE C3,CANOGA PARK,CA,913031095,open,-13203990.6363453,4055786.5741513
66588,RITE AID PHARMACY 05593,13905 AMAR ROAD,LA PUENTE,CA,917461676,open,-13132722.228547,4036096.05940401
66591,RITE AID PHARMACY 05537,531 NORTH GLENDALE AVENUE,GLENDALE,CA,912063307,open,-13162779.4929366,4049522.6621839
66598,RITE AID PHARMACY 05504,802 BEVERLY BOULEVARD,MONTEBELLO,CA,906404213,open,-13147496.5513651,4031124.28995514
66600,Rite Aid Pharmacy 05480,23 PENINSULA CENTER,ROLLING HILLS ESTATES,CA,902743506,open,-13177644.7637787,3998670.46646985
66602,RITE AID PHARMACY 05456,11321 NATIONAL BOULEVARD,LOS ANGELES,CA,900643726,open,-13183833.0142719,4032290.63613473
66603,RITE AID PHARMACY 05544,6410 PLATT AVENUE,WEST HILLS,CA,913073216,open,-13207224.1335943,4053953.68045282
66605,RITE AID PHARMACY 05551,14727 RINALDI STREET,SAN FERNANDO,CA,913404189,open,-13186260.4470881,4066515.59517306
66606,RITE AID PHARMACY 05553,10823 ZELZAH AVENUE BUILDING D,GRANADA HILLS,CA,913444433,open,-13193994.368711,4064682.3132699
66610,RITE AID PHARMACY 05492,1237 W CARSON STREET,TORRANCE,CA,905022009,open,-13168888.1499939,4006302.8297133
66612,RITE AID PHARMACY 05567,7239 WOODMAN AVENUE,VAN NUYS,CA,914052621,open,-13183729.375826,4055990.89035562
66613,RITE AID PHARMACY 05561,21949 VENTURA BOULEVARD,WOODLAND HILLS,CA,913641725,open,-13203059.4488048,4051475.25629767
66616,RITE AID PHARMACY 05532,10465 SUNLAND BOULEVARD,SUNLAND,CA,910401905,open,-13171989.0657295,4063766.79374221
66618,RITE AID PHARMACY 05457,4046 SOUTH CENTINELA AVENUE,LOS ANGELES,CA,900664907,open,-13183427.477367,4028583.69615074
66620,RITE AID PHARMACY 05538,2647 WEST FOOTHILL BOULEVARD,LA CRESCENTA,CA,912143511,open,-13162034.4315848,4058690.55170872
66621,GARDENA PROFESSIONAL PHARMACY,1045 W REDONDO BCH BLVD STE 140,GARDENA,CA,902474130,open,-13168305.9490571,4014445.04859862
66622,KNOLLS PHARMACY,16630 MARQUEZ AVE,PACIFIC PALISADES,CA,902723299,open,-13196289.5539722,4035248.13538769
66627,RITE AID PHARMACY 05520,3300 EAST ANAHEIM STREET,LONG BEACH,CA,908044025,open,-13152769.1990466,3999618.14011915
66628,RITE AID PHARMACY 05557,23335 LYONS AVENUE,SANTA CLARITA,CA,913553027,open,-13196052.8887348,4080017.93281158
66629,RITE AID PHARMACY 05445,4322 SOUTH FIGUEROA STREET,LOS ANGELES,CA,900372642,open,-13167148.7829503,4029453.28123133
66630,RITE AID PHARMACY 05481,401 NORTH PACIFIC COAST HIGHWAY,REDONDO BEACH,CA,902772840,open,-13178611.6848757,4006848.80571067
66632,RITE AID PHARMACY 05429,500 SOUTH BROADWAY,LOS ANGELES,CA,900132301,open,-13163606.5967532,4035227.57962328
66635,RALPHS PHARMACY,6290 E PACIFIC COAST HWY,LONG BEACH,CA,90803,open,-13148459.4649605,3996630.20703406
66638,RITE AID PHARMACY 05555,26825 BOUQUET CANYON ROAD,SANTA CLARITA,CA,913502372,open,-13194811.6764124,4087270.07917599
66639,RALPHS PHARMACY,1233 N LA BREA AVE,WEST HOLLYWOOD,CA,90038,open,-13174015.8596983,4041315.72285019
66640,RITE AID PHARMACY 05591,18993 COLIMA ROAD ROWLAND HEIGHTS SHOPPING CENTER,ROWLAND HEIGHTS,CA,917482942,open,-13123488.7220637,4027273.5354799
66642,RITE AID PHARMACY 05512,8447 ALONDRA  BOULEVARD,PARAMOUNT,CA,907234405,open,-13152686.7113039,4013947.92515379
66647,RITE AID PHARMACY 05505,12319 SOUTH NORWALK BOULEVARD PADDISON SQUARE,NORWALK,CA,906502039,open,-13143873.1019398,4017944.43279673
66648,RITE AID PHARMACY 05462,300 NORTH CANON DRIVE,BEVERLY HILLS,CA,902104705,open,-13180181.8462934,4038179.52540043
66650,RITE AID PHARMACY 05609,9450 EAST LAS TUNAS DRIVE,TEMPLE CITY,CA,917802138,open,-13142900.8375072,4042964.54216171
66652,RITE AID PHARMACY 05484,9715 OTIS STREET,SOUTH GATE,CA,902804931,open,-13157732.8238215,4021459.78368946
66653,RITE AID PHARMACY 05585,139 NORTH GRAND AVENUE,COVINA,CA,917242957,open,-13121610.3169761,4040522.65394646
66655,RITE AID PHARMACY 05548,18444 PLUMMER STREET,NORTHRIDGE,CA,913252112,open,-13195325.4158624,4061416.98012265
66656,RITE AID PHARMACY 05606,8914 VALLEY BOULEVARD,ROSEMEAD,CA,917701831,open,-13143980.3026094,4039585.15648341
66658,RITE AID PHARMACY 05446,1130 N LA BREA AVENUE,WEST HOLLYWOOD,CA,900381022,open,-13173953.854742,4041101.72321966
66659,RITE AID PHARMACY 05610,1528 EAST AMAR ROAD,WEST COVINA,CA,917921618,open,-13126151.818242,4032940.34432281
66661,RITE AID PHARMACY 05439,4633 SANTA MONICA BOULEVARD HOLLYWOOD PLAZA,LOS ANGELES,CA,900291803,open,-13167976.9999618,4041030.74935657
66662,RITE AID PHARMACY 05528,1335 EAST HUNTINGTON DRIVE,DUARTE,CA,910102527,open,-13133045.7229873,4047627.16152758
66664,FAIRFAX PHARMACY,1111 N FAIRFAX AVE STE 110,LOS ANGELES,CA,90046,open,-13175986.8826023,4041047.28300104
66665,RITE AID PHARMACY 05840,1356 West Avenue J,LANCASTER,CA,935344134,open,-13152931.5028641,4123671.32191982
66668,RITE AID PHARMACY 05508,15924 BELLFLOWER BOULEVARD,BELLFLOWER,CA,907064602,open,-13149626.6498215,4013945.64543593
66669,RITE AID PHARMACY 05592,2060 SOUTH HACIENDA BOULEVARD,HACIENDA HEIGHTS,CA,917454240,open,-13132125.7787154,4028263.99662361
66678,WELL CARE PHARMACY,1108 1/2 W Glenoaks Blvd,Glendale,CA,91202,open,-13166941.5060584,4050853.95217187
66689,Vernon-Main Pharmacy,4401 S MAIN ST,LOS ANGELES,CA,900372731,open,-13166230.3971512,4029289.45686086
66692,Express pharmacy,752 E ARROW HWY,POMONA,CA,917672247,open,-13106466.6360875,4040881.27554732
66700,BOKJEE PHARMACY,903 S. CRENSHAW BLVD. 102B,LOS ANGELES,CA,90019,open,-13171567.0535399,4036384.40288406
66701,VERDUGO CLINIC PHARMACY,1540 E COLORADO ST,GLENDALE,CA,91205,open,-13161268.9987661,4047955.87883125
66702,Valley Drugs,17313 E VALLEY BLVD,LA PUENTE,CA,91744,open,-13126965.5637197,4029954.7058554
66706,Rx Unlimited,8641 WILSHIRE BLVD STE 120,BEVERLY HILLS,CA,90211,open,-13177979.1675291,4037724.90627135
66707,CENTURY PICO PHARMACY,8722 W PICO BLVD,LOS ANGELES,CA,90035,open,-13178252.9021569,4036098.2091886
66709,FLINTRIDGE PHARMACY,529 Foothill Blvd,LA CANADA FLINTRIDGE,CA,91011,open,-13156865.5336688,4055683.60986937
66711,RALPHS PHARMACY,16940 DEVONSHIRE ST,GRANADA HILLS,CA,91344,open,-13191539.1060221,4063410.00765174
66713,Howard Drugs,20141 Pioneer Blvd,LAKEWOOD,CA,907151051,open,-13144981.1761512,4008241.60462482
66717,VONS PHARMACY #2262,710 BROADWAY,SANTA MONICA,CA,904012608,open,-13190307.6898149,4031131.81092088
66719,RITE AID PHARMACY 06313,107 SOUTH LONG BEACH BOULEVARD,COMPTON,CA,902213423,open,-13158895.7785419,4014721.4462424
66720,SUNNY BAY PHARMACY,500 TORRANCE BLVD,REDONDO BEACH,CA,90277,open,-13178297.7639117,4007013.11285991
66722,NORTHRIDGE CENTER PHARMACY,18250 Roscoe Blvd Ste 104 SUITE 104,NORTHRIDGE,CA,91325,open,-13194825.2573903,4058466.93530556
66724,Gage Pharmacy,5735 ATLANTIC AVE,LONG BEACH,CA,908054796,open,-13156324.9662215,4010006.16705267
66727,RITE AID PHARMACY 05525,4525 East pacific Coast Highway,LONG BEACH,CA,908152849,open,-13151246.7936905,4000427.26037477
66732,APOTHECARY PHARMACY,11700 NATIONAL BLVD #L STE L,LOS ANGELES,CA,90064,open,-13184559.7079078,4031805.62900415
66734,BEVERLY PHARMACY,7909 BEVERLY BLVD,LOS ANGELES,CA,90048,open,-13175987.8844777,4039047.4239703
66737,LUCKY PHARMACY,416 W LAS TUNAS DR STE 100,SAN GABRIEL,CA,91776,open,-13147339.7022026,4042524.92327072
66739,RITE AID PHARMACY 05552,13803 FOOTHILL BLVD,SYLMAR,CA,913423013,open,-13183996.3199649,4070565.92512467
66740,LORENA PHARMACY,3400 WHITTIER BLVD,LOS ANGELES,CA,900231785,open,-13158060.6597219,4032505.0075355
66741,CAMPUS PHARMACY,100 UCLA MEDICAL PLAZA STE 150,LOS ANGELES,CA,90024,open,-13184123.7807819,4037631.24327877
66745,WEST KNOLL PHARMACY,8547 SANTA MONICA BLVD,WEST HOLLYWOOD,CA,90069,open,-13177819.8693377,4040723.4698973
66746,Capitol Drugs - West Hollywood,8578 SANTA MONICA BLVD,WEST HOLLYWOOD,CA,90069,open,-13177849.7029613,4040699.00618496
66747,VONS PHARMACY #1625,1260 W REDONDO BEACH BLVD,GARDENA,CA,902478104,open,-13168883.1406168,4014258.10511913
66749,RITE AID PHARMACY 06338,2059 SOUTH GAREY AVENUE,POMONA,CA,917665727,open,-13107856.7938886,4033348.4288949
66750,LOS ANGELES COUNTY SAN FERNANDO PHARMACY,1212 Pico St,SAN FERNANDO,CA,91340,open,-13185182.4291393,4066898.88545617
66751,LOS ANGELES COUNTY MID-VALLEY COMPREHENSIVE HEALTH CENTER,7555 VAN NUYS BLVD #1071,VAN NUYS,CA,91405,open,-13185677.9121928,4056792.84682917
66752,ROSA 1 PHARMACY,"10366 E GARVEY AVE., # B",EL MONTE,CA,91733,open,-13140767.6221051,4037205.93966868
66779,RITE AID PHARMACY 05490,2412 PICO BOULEVARD,SANTA MONICA,CA,904051827,open,-13187393.4568654,4031752.71061571
66782,RITE AID PHARMACY 05844,37950 47TH ST,PALMDALE,CA,935524418,open,-13140612.442735,4105899.39038633
66784,PREMIER PHARMACY SERVICES,410 Cloverleaf Dr,Baldwin Park,CA,917066511,open,-13135873.3493729,4037139.82754825
66788,Ventana Pharmacy,18133A Ventura Blvd,Tarzana,CA,91356,open,-13194504.6572568,4051102.98099142
66789,GLENDORA PHARMACY,130 W Route 66 Ste 104,GLENDORA,CA,91740,open,-13120668.7767229,4046033.07125249
66793,Berry and Sweeney Pharmacy,1377 N FAIR OAKS AVE,PASADENA,CA,911032199,open,-13152522.292416,4051606.57135183
66798,PASADENA CITY PHARMACY,1684 E WASHINGTON BLVD,PASADENA,CA,911042752,open,-13148588.9295283,4051496.64870808
66800,ST LUKE PHARMACY INC,16402 PARAMOUNT BLVD,PARAMOUNT,CA,90723,open,-13153469.9552411,4013404.0241711
66801,RITE AID PHARMACY 05433,1001 SOUTH GLENDON AVENUE,LOS ANGELES,CA,90024,open,-13185158.0501708,4037177.18353661
66807,GARDENA CENTER PHARMACY,15407 S WESTERN AVE,GARDENA,CA,902494398,open,-13170129.6962747,4014270.44275819
66808,CVS Pharmacy #09735,727 S GLENDORA AVE,WEST COVINA,CA,91790,open,-13128099.2414139,4037244.90837475
66812,Professional Arts Pharmacy,3131 SANTA ANITA AVE.  STE 101,EL MONTE,CA,917331369,open,-13140512.9231102,4037537.04354251
66820,Webster's Pharmacy,2450 N LAKE AVE,ALTADENA,CA,910012467,open,-13150312.9344822,4054025.81165339
66826,RITE AID PHARMACY 05482,1720 AVIATION BOULEVARD ARTESIA AVIATION CENTER,REDONDO BEACH,CA,902782810,open,-13178184.4406701,4011530.74065496
66829,BEST BUY DRUGS,29 N BALDWIN AVE,SIERRA MADRE,CA,910241903,open,-13141616.2105835,4050645.15425812
66843,VONS PHARMACY #2029,4033 W AVE L,LANCASTER,CA,935364213,open,-13158230.5332649,4117948.30437721
66844,USC MEDICAL PLAZA PHARMACY,1510 SAN PABLO ST STE 144,LOS ANGELES,CA,900334508,open,-13158211.274993,4037228.51462698
66850,TOP PHARMACY,3650 E SOUTH ST SUITE 100,LAKEWOOD,CA,907121502,open,-13152322.1399715,4009997.85565325
66854,WALMART PHARMACY 10-1660,40130 10th St W,Palmdale,CA,935513005,open,-13152131.5610033,4111652.65012204
66857,GARVEY PHARMACY,7837 E GARVEY AVE STE 100A,ROSEMEAD,CA,917703059,open,-13146626.0329471,4037254.98651009
66876,PERSONS COMPOUNDING PHARMACY,812 N Glendale Ave,GLENDALE,CA,91206,open,-13163644.8906581,4047137.33120535
66889,SERVAC PHARMACY,3586 REDONDO BEACH BLVD,TORRANCE,CA,905041113,open,-13172941.8492512,4012632.20118506
66890,CAMDEN PHARMACY AND GIFT EMPORIUM,414 N CAMDEN DR,BEVERLY HILLS,CA,902104532,open,-13180668.2011487,4038068.92617024
66891,WALMART PHARMACY 10-2401,1600 Mountain Ave,DUARTE,CA,910102757,open,-13134177.5082502,4046965.98972275
66896,EZCARE PHARMACY,1535 W. MERCED AVE. SUITE 100,WEST COVINA,CA,91790,open,-13129885.8079216,4037316.39614086
66897,LA CRESCENTA PHARMACY,2764 FOOTHILL BLVD,LA CRESCENTA,CA,91214,open,-13162343.4544912,4058855.0694214
66909,QUARTZ HILL PHARMACY,42357 50TH ST W STE. 101-102,QUARTZ HILL,CA,935363010,open,-13160059.5124986,4116786.62157939
66910,SORTPAK PHARMACY,124 S GLENDALE AVE,GLENDALE,CA,91205,open,-13163214.1955482,4048339.61854727
66911,Northeast Clinic Pharmacy,3309 N EASTERN AVE,LOS ANGELES,CA,900321991,open,-13155547.0656198,4040078.69390901
66922,RITE AID PHARMACY 05425,334 SOUTH VERMONT AVENUE,LOS ANGELES,CA,900201807,open,-13168145.0923929,4037933.73586084
66932,GARFIELD MEDICAL SQUARE PHARMACY,500 N GARFIELD AVE STE 103,MONTEREY PARK,CA,917541295,open,-13149360.3735995,4037865.60377845
66936,CVS Pharmacy #09513,1570 Rosecrans Ave,MANHATTAN BEACH,CA,90266,open,-13178733.0231207,4015470.20762415
66937,NO HOLLYWOOD MED ARTS PHARMACY INC,4420 Vineland Ave,NORTH HOLLYWOOD,CA,916022116,open,-13176897.3647175,4049104.31203866
66938,Mickey Fine Pharmacy,433 N ROXBURY DRIVE,BEVERLY HILLS,CA,902105001,open,-13181002.9388575,4037888.58319263
66939,MILART PRESCRIPTION PHARMACY,300 S BEVERLY DR STE 100,BEVERLY HILLS,CA,902124808,open,-13180085.6662533,4037117.25276576
66942,CVS Pharmacy #09503,8490 BEVERLY BLVD,LOS ANGELES,CA,90048,open,-13177580.0871546,4038994.60632572
66944,ST JOHNS PHARMACY,3074 E FLORENCE AVE,HUNTINGTON PARK,CA,902555906,open,-13159436.9025866,4025151.38903799
66945,RITE AID PHARMACY 05545,10120 MASON AVENUE,CHATSWORTH,CA,913113301,open,-13200225.2545692,4062979.96671831
66951,RITE AID PHARMACY 05595,1480 FOOTHILL BOULEVARD,LA VERNE,CA,917503450,open,-13110692.4352775,4044455.07077164
66953,PHARMACA INTEGRATIVE PHARMACY,9101 W Olympic Blvd,Beverly Hills,CA,90212,open,-13179123.4205749,4036804.97286594
66958,Santa Maria Pharmacy,16444 PARAMOUNT BLVD STE 105,PARAMOUNT,CA,907235453,open,-13153469.6212826,4013348.64319918
66964,DANA DRUGS,317 N PASS AVE,BURBANK,CA,91505,open,-13174308.6299591,4049663.64023694
66969,NEW PHNOM PICH PHARMACY INC,2100 E ANAHEIM ST STE A,LONG BEACH,CA,90804,open,-13154221.139165,3999608.49691783
66971,RALPHS PHARMACY,19781 RINALDI ST,NORTHRIDGE,CA,91326,open,-13198570.9356165,4065810.75214472
66972,RALPHS PHARMACY,1644 CLOVERFIELD AVE,SANTA MONICA,CA,90404,open,-13188388.5417936,4032470.48755764
66974,2010 PHARMACY,201 S. Alvarado Ste 611,LOS ANGELES,CA,900573507,open,-13166017.7769238,4037385.46557424
66983,PREMIER PHARMACY SERVICES,410 Cloverleaf Dr,Baldwin Park,CA,917066511,open,-13135873.3493729,4037139.82754825
66988,RITE AID PHARMACY 05432,5490 WHITTIER BOULEVARD,EAST LOS ANGELES,CA,900224113,open,-13152651.7569838,4031378.3939027
66990,ZWEBER APOTHECARY,11411 BROOKSHIRE AVE STE 107,DOWNEY,CA,90241,open,-13150313.1571212,4020323.39170463
66999,MAT'S PHARMACY,2264 LINCOLN AVE,ALTADENA,CA,910015433,open,-13153453.8139149,4053619.0030623
67002,ARMEN PHARMACY INC,1025 E BROADWAY,GLENDALE,CA,912051205,open,-13162658.0433722,4048490.26649256
67011,LEOS CATALINA DRUG STORE INC,401 CRESCENT AVE,AVALON,CA,907041543,open,-13171984.0563524,3941030.27931936
67030,WILSHIRE LA JOLLA PHARMACY INC,6360 WILSHIRE BLVD,LOS ANGELES,CA,900485601,open,-13176614.0566135,4037318.68053176
67031,WILSHIRE MEDICAL PHARMACY,8920 WILSHIRE BLVD STE 108,BEVERLY HILLS,CA,902112001,open,-13178705.638526,4037760.78598624
67035,KAREN PHARMACY,1730 W VERDUGO AVE,BURBANK,CA,915062148,open,-13171748.7269488,4051274.11579309
67037,HAWTHORNE PROFESSIONAL PHARMACY,4477 W 118TH STREET STE.100,HAWTHORNE,CA,902502256,open,-13175128.4980088,4019084.88135328
67043,RITE AID PHARMACY 05529,647 FOOTHILL BOULEVARD,LA CANADA FLINTRIDGE,CA,910113403,open,-13157114.7780087,4055825.33741717
67045,BIXBY PHARMACY,3816 WOODRUFF AVE STE 108,LONG BEACH,CA,90808,open,-13148581.9164004,4005750.04547524
67046,Main Pharmacy,103 N Garfield Ave Ste D,ALHAMBRA,CA,91801,open,-13149935.004811,4041702.73365915
67062,SAVON PHARMACY #1322,43543 20TH ST W,LANCASTER,CA,935345961,open,-13154181.8433847,4119695.38573254
67067,V N PHARMACY,8244 E GARVEY AVE STE B,ROSEMEAD,CA,91770,open,-13145582.6353599,4037175.70541963
67079,Santa Maria Community Pharmacy,11004 VALLEY MALL,EL MONTE,CA,91731,open,-13139643.4065676,4038711.43804366
67086,RITE AID PHARMACY 05597,2150 SOUTH ATLANTIC BOULEVARD,MONTEREY PARK,CA,917546839,open,-13151699.7526985,4033948.49289044
67090,VONS PHARMACY #3517,24325 CRENSHAW BLVD,TORRANCE,CA,905055349,open,-13172458.8339806,4002667.94143588
67093,ROYAL CARE PHARMACY,7300 W SUNSET BLVD STE L,LOS ANGELES,CA,900463402,open,-13174640.5846807,4041947.12586944
67103,SUNSHINE PHARMACY,357 N FAIRFAX AVE,LOS ANGELES,CA,90036,open,-13175953.0414771,4039246.73550809
67111,Marina Pharmacy,4724 s  LINCOLN BLVD,Los Angeles,CA,90292,open,-13184466.756133,4026114.14594395
67118,Kingsley Pharmacy,3663 W 6TH ST STE 102,LOS ANGELES,CA,900203026,open,-13169328.41858,4037355.90273046
67121,BURBANK MEDICAL PHARMACY,2701 W Alameda Ave # 100,BURBANK,CA,915054402,open,-13172501.3580261,4050031.2944778
67127,HAUGEN'S IDEAL PHARMACY,1155 N CENTRAL AVE,GLENDALE,CA,912022562,open,-13164333.4017086,4050771.8855237
67130,RILEYS PHARMACY,411 N CENTRAL AVE STE 100,GLENDALE,CA,91203,open,-13164455.51919,4049279.85580255
67131,WESTERN DRUG,501 WESTERN AVE,GLENDALE,CA,912012870,open,-13168877.5746423,4050770.1365688
67133,Nelson's Drug Store,159 N GLENDORA AVE,GLENDORA,CA,91741,open,-13120769.2982231,4047294.01543433
67134,SIERRA PHARMACY,210 S GRAND AVE STE 116,GLENDORA,CA,91741,open,-13121442.5585034,4046791.28862555
67136,SANTA ELENA PHARMACY,9910 LONG BEACH BLVD SUITE F,LYNWOOD,CA,902621503,open,-13159712.5296458,4021420.86888167
67137,KAMASHIANS PHARMACY INC,10515 BALBOA BLVD STE 125,GRANADA HILLS,CA,91344,open,-13191644.9708578,4063972.46602741
67149,CAMERON PHARMACY,7119 SEVILLE AVE STE D,HUNTINGTON PARK,CA,902554993,open,-13160507.6847685,4025420.7970719
67150,GOOD PHARMACY,1428 S SAN GABRIEL BLVD,SAN GABRIEL,CA,91776,open,-13145762.0823791,4039867.54006533
67151,SUPERCARE,16017 VALLEY BLVD,CITY OF INDUSTRY,CA,917445424,open,-13130339.6574856,4031006.50690682
67152,JEFFREY GOODMAN SPECIAL CARE PHARMACY,1625 N SCHRADER BLVD 1ST FLR,LOS ANGELES,CA,90028,open,-13172723.6630492,4042299.33949967
67155,TOP UNITED PHARMACY SERVICES,1730 S SAN GABRIEL BLVD STE A,SAN GABRIEL,CA,91776,open,-13145747.9448038,4039232.75805113
67158,GOLDEN PHARMACY,1750 PACIFIC AVE,LONG BEACH,CA,90813,open,-13157218.7504131,4000507.76031407
67160,HIGH DESERT REGIONAL HEALTH CENTER PHARMACY,335 E Avenue I ROOM 1A14,LANCASTER,CA,935351916,open,-13149549.7280533,4123756.08721131
67163,OUTPATIENT PHARMACY,2801 ATLANTIC AVE,LONG BEACH,CA,908061701,open,-13156538.8109633,4002996.30423946
67167,ALVARADO DRUGS,819 S ALVARADO ST,LOS ANGELES,CA,900574009,open,-13166689.0334533,4036099.55280416
67170,COLONIAL DRUG,1727 N VERMONT AVENUE NO 107,LOS ANGELES,CA,900274299,open,-13168210.7708925,4042585.68915142
67171,COLUMBUS PHARMACY,861 N BROADWAY,LOS ANGELES,CA,900122387,open,-13162156.2151077,4037395.00632657
67176,SOUTH WESTERN PHARMACY,7301 SOUTH WESTERN AVE,LOS ANGELES,CA,900472299,open,-13170113.2209901,4025242.93604723
67179,Sav-On Pharmacy #2935,110 E CARSON ST,CARSON,CA,90745,open,-13166465.2812768,4006117.35925263
67180,ROSA PHARMACY,9200 VALLEY BLVD,ROSEMEAD,CA,917701900,open,-13143418.3618199,4039631.92872017
67182,MORNINGSIDE MEDICAL PHARMACY INC,1704 W MANCHESTER AVE,LOS ANGELES,CA,90047,open,-13169877.2236696,4023406.76685734
67183,KAISER PERMANENTE PHARMACY,4904 SUNSET BOULEVARD BLDG M,LOS ANGELES,CA,90027,open,-13168672.4128208,4041967.02161599
67184,SAVON PHARMACY #0140,7676 FIRESTONE BLVD,DOWNEY,CA,902414206,open,-13151729.586322,4021455.08706769
67188,SAVON PHARMACY #2305,19307 SATICOY ST,RESEDA,CA,913352330,open,-13197409.762008,4056834.0364565
67189,REXMED PHARMACY,4481 WHITTIER BLVD,LOS ANGELES,CA,900221535,open,-13154776.7347435,4031969.35521859
67195,SAVON PHARMACY #4131,3901 CRENSHAW BLVD,Los Angeles,CA,900082522,open,-13172978.8073221,4030743.41324932
67196,COSTCO PHARMACY #437,8810 TAMPA AVE,NORTHRIDGE,CA,913243519,open,-13197207.0492153,4059754.57384486
67197,SAVON PHARMACY #0387,2035 HILLHURST AVE,LOS ANGELES,CA,900272702,open,-13167714.0633245,4043400.010162
67199,SUN DRUG PHARMACY,1803 N HILLHURST AVE,LOS ANGELES,CA,900274498,open,-13167712.0595737,4042768.52650232
67200,VONS PHARMACY #1623,4001 INGLEWOOD AVE,REDONDO BEACH,CA,902781121,open,-13176023.1727563,4014444.37806418
67201,COSTCO PHARMACY #428,2207 W COMMONWEALTH AVE,ALHAMBRA,CA,918031302,open,-13152234.1975738,4040828.18055709
67202,Hung Jen Pharmacy,1336 W. Valley Blvd Ste B,Alhambra,CA,91803,open,-13151021.7056801,4039222.40936809
67203,UNIVERSAL DRUGS,5181 SUNSET BLVD,LOS ANGELES,CA,90027,open,-13169358.1408841,4042004.79674403
67204,UPTOWN DRUG COMPANY,444 S FLOWER ST STE 100,LOS ANGELES,CA,90071,open,-13164137.5907243,4035771.71530339
67206,"Vernbro Medical Pharmacy, Inc.",231 W VERNON AVE #100,LOS ANGELES,CA,90037,open,-13166565.4688185,4029331.08414182
67207,Shyn's Pharmacy,520 S Virgil Ave Ste 102,LOS ANGELES,CA,90020,open,-13167634.1359301,4037475.498344
67208,CENTRAL DRUGS,730 S CENTRAL AVE STE 117,GLENDALE,CA,912042061,open,-13164332.1771942,4047215.33681759
67209,SAVON PHARMACY #3554,1235 S DIAMOND BAR BLVD,DIAMOND BAR,CA,917654121,open,-13114888.400844,4028484.33456527
67212,BROWN & WELIN PHARMACY,937 E GREEN ST,PASADENA,CA,911062990,open,-13150292.6743349,4048260.39467023
67213,HYE PHARMACY,12509 VICTORY BLVD,NORTH HOLLYWOOD,CA,916063135,open,-13180859.5593533,4053917.74959671
67215,GOOD PRICE PHARMACY,6000 N FIGUEROA ST SUITE 102,LOS ANGELES,CA,90042,open,-13156715.9202731,4043766.11733977
67222,I AND G PHARMACY INC,815 E COLORADO BLVD SUITE A,GLENDALE,CA,91205,open,-13162947.5853677,4048012.10066434
67226,DNM PHARMACY,6221 WILSHIRE BLVD STE 100,LOS ANGELES,CA,90048,open,-13176208.631028,4037324.86182709
67227,CVS Pharmacy #09325,11941 SAN VICENTE BLVD,LOS ANGELES,CA,90049,open,-13188133.3975207,4035855.28609806
67228,DRUG CENTER PHARMACY,1127 E BROADWAY ST,GLENDALE,CA,912051315,open,-13162487.9471903,4048496.05033741
67232,RITE AID PHARMACY 05576,153 EAST GLADSTONE STREET,AZUSA,CA,917024926,open,-13125134.5807351,4044221.24680744
67235,WALMART PHARMACY 10-2526,19821 Rinaldi St,PORTER RANCH,CA,913264145,open,-13198735.3545044,4065853.05226649
67245,T & C PHARMACY,2340 E PACIFIC COAST HWY Suite G,LONG BEACH,CA,90804,open,-13153922.8029296,4000578.34891215
67249,FAMILY PHARMACY SERVICES OF BEVERLY HILLS,8314 WILSHIRE BLVD,BEVERLY HILLS,CA,902112304,open,-13177168.3163581,4037388.1531093
67271,MEDICAL TERRACE PHARMACY,1505 WILSON TERRACE STE 100,GLENDALE,CA,912064007,open,-13161304.1757252,4049069.87618556
67272,SMP Pharmacy Solutions #4,18546 ROSCOE BLVD STE 102,NORTHRIDGE,CA,913244632,open,-13195470.019881,4058456.56908917
67275,CENTRAL AVE PHARMACY,119 W California Ave,GLENDALE,CA,91203,open,-13164201.3767925,4048968.45244341
67277,VONS PHARMACY #3017,3027 RANCHO VISTA BLVD,PALMDALE,CA,935513582,open,-13156213.8693697,4110050.44753192
67286,WESTERN DRUG MEDICAL SUPPLY,3604 SAN FERNANDO RD,GLENDALE,CA,91204,open,-13163708.4540873,4045043.21509814
67287,COSTCO PHARMACY #424,2200 E WILLOW ST,SIGNAL HILL,CA,907552132,open,-13154055.0504847,4002433.36405842
67288,ST JAMES PHARMACY,7611 ATLANTIC AVE,CUDAHY,CA,90201,open,-13156559.5163886,4024379.17493639
67292,BARRINGTON WILSHIRE PHARMACY,11701 WILSHIRE BLVD,LOS ANGELES,CA,90025,open,-13187029.1081721,4035449.6644541
67298,WESTERN DRUG,416 E COLORADO ST,GLENDALE,CA,912051605,open,-13163590.900705,4047927.09551239
67302,A 1 PHARMACY,935 S GARFIELD AVE,ALHAMBRA,CA,918014442,open,-13149414.697511,4040271.03414232
67303,WESTWOOD CENTER PHARMACY,10921 WILSHIRE BLVD,LOS ANGELES,CA,900243979,open,-13185211.3722069,4036701.37415398
67305,H.K.PHARMACY,124 N WESTERN AVE,LOS ANGELES,CA,900044106,open,-13170092.0702869,4038805.91628407
67309,LONG BEACH COMPREHENSIVE HEALTH CENTER PHARMACY,1333 CHESTNUT AVE,LONG BEACH,CA,90813,open,-13157651.5605933,3999770.82522048
67310,EL MONTE COMPRE HEALTH CENTER PHARMACY,10953 RAMONA BLVD #119,EL MONTE,CA,91731,open,-13139843.7816511,4038532.29440073
67311,HUBERT H HUMPHREY COMP HEALTH CENTER,5850 S MAIN ST,LOS ANGELES,CA,90003,open,-13166174.7374058,4027233.79530612
67315,Los Angeles County / USC Medical Center,1200 N STATE ST Room A1C109,LOS ANGELES,CA,90033,open,-13158944.5364788,4036915.15670662
67316,The Medicine Shoppe Pharmacy,11126 PALMS BOULEVARD,LOS ANGELES,CA,900346503,open,-13182605.3829274,4031420.96895529
67319,H CLAUDE HUDSON CHC,2829 S GRAND AVE,LOS ANGELES,CA,90007,open,-13166194.7749142,4032045.24224356
67320,EDWARD ROYBAL COMP HEALTH CENTER,245 S FETTERLY AVE RM 1401,LOS ANGELES,CA,90022,open,-13153635.8212824,4033360.38419321
67328,PHARMACY 2000,1646 WESTWOOD BLVD,LOS ANGELES,CA,90024,open,-13184588.094378,4035851.38969691
67331,RANCHO LOS AMIGOS NATIONAL REHABILITATION CENTER,7601 E IMPERIAL HWY OUTPATIENT BUILDING OP 1065,DOWNEY,CA,90242,open,-13153288.2818321,4019285.72262855
67351,COSTCO PHARMACY #117,5700 LINDERO CANYON RD,WESTLAKE VILLAGE,CA,913624063,open,-13224436.1306218,4049271.51573094
67358,RITE AID PHARMACY 05461,463 NORTH BEDFORD DRIVE,BEVERLY HILLS,CA,902104302,open,-13180942.6036935,4038046.48393022
67360,HEALTHCARE MEDICAL PHARMACY,420 N GARFIELD AVE SUITE 101,MONTEREY PARK,CA,917541203,open,-13149357.1453343,4037800.56288095
67366,VONS PHARMACY #2250,16830 SAN FERNANDO MISSION BLVD,GRANADA HILLS,CA,913444247,open,-13191216.0568598,4065358.12378905
67378,RITE AID PHARMACY 05451,3230 WEST SLAUSON AVENUE,LOS ANGELES,CA,900432564,open,-13172325.1392722,4027304.95179634
67389,SUPER DISCOUNT PHARMACY,14618 VICTORY BLVD UNIT B,VAN NUYS,CA,91411,open,-13185968.9013418,4053864.1899549
67400,WALMART PHARMACY 10-2609,2770 Carson St,LAKEWOOD,CA,907124011,open,-13153348.9509546,4006048.47864678
67402,HOPE PHARMACY,10222 Reseda Blvd,Northridge,CA,913241459,open,-13195351.1306648,4063310.61058334
67405,Harvard Pharmacy,3130 W OLYMPIC BLVD STE 150,LOS ANGELES,CA,900062422,open,-13169531.0200533,4035841.58152058
67410,RITE AID PHARMACY 05519,5670 EAST 2ND STREET,LONG BEACH,CA,90803,open,-13149442.9726617,3996175.22882988
67421,COSTCO PHARMACY #447,18649 VIA PRINCESSA,SANTA CLARITA,CA,913874935,open,-13186986.9180851,4083234.53724543
67428,WALMART PHARMACY 10-2297,25450 The Old Rd,STEVENSON RANCH,CA,913811704,open,-13199251.4316637,4080304.02293246
67433,BUY WELL DRUGS,375 HUNTINGTON DR,SAN MARINO,CA,91108,open,-13150754.5389022,4043188.25689083
67458,The Medicine Cabinet #1,7119 RITA AVE STE B,HUNTINGTON PARK,CA,902554766,open,-13160655.0717743,4025422.676373
67464,COSTCO PHARMACY #130,2901 LOS FELIZ BLVD,LOS ANGELES,CA,900391502,open,-13165014.3430338,4045967.71469072
67468,COSTCO PHARMACY #677,1051 W BURBANK BLVD,BURBANK,CA,915061421,open,-13171772.4380004,4053769.58648138
67480,EXPRESS RX PHARMACY AND MEDICAL SUPPLIES,1711 W TEMPLE ST STE 100,LOS ANGELES,CA,90026,open,-13165018.1278965,4038057.36908303
67482,RITE AID PHARMACY 05424,226 NORTH LARCHMONT BOULEVARD LARCHMONT VILLAGE PLAZA,LOS ANGELES,CA,900041707,open,-13171703.9765135,4038947.03033658
67487,RITE AID PHARMACY 05516,108 WEST ANAHEIM STREET,WILMINGTON,CA,907444514,open,-13164962.4681511,3999140.14174523
67488,CALIX DRUGS PHARMACY INC,942 944 N GRAND AVE,COVINA,CA,917242045,open,-13121485.4165074,4041779.3577146
67496,TORRANCE MEMORIAL MEDICAL CENTER PHARMACY,3330 LOMITA BLVD,TORRANCE,CA,905055002,open,-13174039.5707499,4003633.22896277
67500,FOOTHILL MEDICAL PLAZA PHARMACY INC,415 W ROUTE 66,GLENDORA,CA,91740,open,-13121221.1440362,4046144.68929469
67502,OAKDALE PHARMACY,5400 BALBOA BLVD STE 100,ENCINO,CA,913161502,open,-13191456.6182794,4051543.60451752
67504,HEART DRUGS PHARMACY,11120 E WHITTIER BLVD,WHITTIER,CA,90606,open,-13142382.1999996,4027050.26731277
67514,WALMART PHARMACY 10-1941,1950 Auto Centre Dr,GLENDORA,CA,917406700,open,-13116426.3909288,4044477.12227339
67516,WALMART PHARMACY 10-2110,14501 LAKEWOOD BLVD,PARAMOUNT,CA,907233601,open,-13151787.6950962,4015648.85541254
67517,MONTEBELLO PROFESSIONAL PHARMACY,265 E BEVERLY BLVD STE B,MONTEBELLO,CA,906403776,open,-13146240.0882725,4030767.98988828
67518,KAISER PERMANENTE PHARMACY,1249 SUNSET AVENUE,WEST COVINA,CA,91790,open,-13129857.087493,4037042.27255939
67526,BETTER CARE RX,4128 W BURBANK BLVD,BURBANK,CA,91505,open,-13175221.5611031,4052026.62826968
67527,A TO Z PHARMACY,12626 RIVERSIDE DR STE 100,NORTH HOLLYWOOD,CA,916073420,open,-13181141.642943,4049963.62798495
67531,MAXSONS DRUGS,14070 VENTURA BLVD,SHERMAN OAKS,CA,91423,open,-13184648.0955835,4048858.42081334
67533,CVS Pharmacy #09398,9618 W PICO BLVD,LOS ANGELES,CA,90035,open,-13180021.7688656,4036184.20090471
67550,VONS PHARMACY #2502,500 E MANCHESTER BLVD,INGLEWOOD,CA,903019294,open,-13174568.7836091,4023470.24935746
67561,Tarzana Care Pharmacy & Compounding Center,18370 BURBANK BLVD STE#104,TARZANA,CA,913562804,open,-13195075.0583276,4051865.5732201
67568,MCCARTHY DRUGS,2601 LINCOLN BLVD,SANTA MONICA,CA,90405,open,-13188566.5416594,4029737.69667031
67569,USC PHARMACY,3601 TROUSDALE PKWY STU 101,LOS ANGELES,CA,90089,open,-13167490.533787,4031510.68599044
67572,FAIRMONT PHARMACY,50 Bellefontaine St Ste 103,Pasadena,CA,91105,open,-13152582.9615385,4046447.67728863
67579,GLENDALE URGENT CARE PHARMACY,801 S CHEVY CHASE DRIVE STE 111,GLENDALE,CA,91205,open,-13162446.5363397,4047156.56357381
67582,Rx Unlimited Pharmacy,16673 Roscoe Blvd,North Hills,CA,913436109,open,-13191029.0401153,4058449.16465469
67583,HOLLYWOOD PRESBYTERIAN MEDICAL CENTER,1300 N VERMONT AVE,LOS ANGELES,CA,900276069,open,-13168151.7715623,4041671.54647206
67596,NOBLE PHARMACY INC,321 E ALAMEDA AVE STE L,BURBANK,CA,91502,open,-13170077.2647946,4051165.81084308
67598,HYE PHARMACY,13745 VICTORY BLVD,VAN NUYS,CA,914012348,open,-13183878.8779021,4053916.67301851
67599,HONOLULU PHARMACY,450-452 S. CENTRAL AVE.,GLENDALE,CA,91204,open,-13164354.4410924,4047705.30500056
67600,DRUGTOWN PHARMACY #3,802 SEVENTH ST,SANTA MONICA,CA,904031408,open,-13191573.6150642,4032357.92897862
67602,GATEWAY CIRCLE PHARMACY,3133 North Broadway,LOS ANGELES,CA,90031,open,-13158854.8129692,4038730.65617129
67603,SUPER CARE DRUGS - MALIBU,23661 Pacific Coast Hwy,MALIBU,CA,90265,open,-13217580.0745033,4033309.33918687
67605,Kroger Specialty Pharmacy CA 2,6240 WILSHIRE BLVD,LOS ANGELES,CA,90048,open,-13176223.9931177,4037282.1303323
67607,VONS PHARMACY #2124,7789 FOOTHILL BLVD,TUJUNGA,CA,91042,open,-13169367.4917213,4063645.03535374
67608,RITE AID PHARMACY 05450,6305 YORK BOULEVARD,LOS ANGELES,CA,900423639,open,-13155983.9946212,4044236.84388599
67609,KAISER PERMANENTE PHARMACY,110 N LA BREA,INGLEWOOD,CA,90301,open,-13174995.1372589,4023871.82125746
67614,PIONEER PHARMACY,15917 PIONEER BLVD,NORWALK,CA,906507117,open,-13144892.231878,4013695.14744213
67616,WALMART PHARMACY 10-2082,12701 TOWNE CENTER DR,CERRITOS,CA,907039348,open,-13142580.9052907,4011692.96981475
67618,PLAZA PHARMACY,3400 W LOMITA BLVD STE 102,TORRANCE,CA,905054911,open,-13174168.2560812,4003560.07594396
67621,SMITH PHARMACY,1732 S WESTERN AVE,LOS ANGELES,CA,90006,open,-13170081.6062547,4034332.96957501
67624,Brentwood Plaza Pharmacy,11980 SAN VICENTE BLVD STE 104,LOS ANGELES,CA,900495012,open,-13188234.1416599,4035786.09158613
67630,Noubar's El Adobe Pharmacy Inc.,2010 Wilshire Blvd Ste 2010F,LOS ANGELES,CA,90057,open,-13166334.1469167,4036518.76860211
67643,RALPHS PHARMACY,22333 SHERMAN WAY,CANOGA PARK,CA,91303,open,-13203966.7026547,4055849.2953352
67645,ORTHOPEADIC HOSPITAL OUTPATIENT PHARMACY,403 West Adams Blvd,LOS ANGELES,CA,90007,open,-13166184.75616,4032485.79990846
67654,WALGREENS #7015,20901 DEVONSHIRE ST,CHATSWORTH,CA,913112313,open,-13201247.1674947,4063423.61084141
67659,CVS Pharmacy #09527,12100 VENTURA BLVD,STUDIO CITY,CA,91604,open,-13179740.2418734,4048064.42218951
67660,KANG KANG PHARMACY,329 N GARFIELD AVE,MONTEREY PARK,CA,91754,open,-13149393.9920857,4037669.13839961
67661,CENTRAL CARE PHARMACY,16260 VENTURA BLVD STE 100,ENCINO,CA,91436,open,-13189982.4142628,4049866.3665154
67666,KRAMERS PHARMACY,29525 CANWOOD ST,AGOURA HILLS,CA,91301,open,-13221149.3113366,4048702.38756584
67675,FAMILY CARE PHARMACY,7325 MEDICAL CENTER DR STE 303,WEST HILLS,CA,91307,open,-13205790.0045944,4056129.79517242
67678,WALGREENS #5566,17010 CHATSWORTH ST,GRANADA HILLS,CA,913445844,open,-13191669.6837848,4064379.24211799
67681,WALGREENS #5525,7155 VAN NUYS BLVD,VAN NUYS,CA,914053006,open,-13185677.8008733,4055802.86009063
67689,CVS Pharmacy #16649,3535 S LA Cienega Blvd,LOS ANGELES,CA,90016,open,-13177164.197537,4031880.03750903
67690,CVS Pharmacy #16652,14920 Raymer St,VAN NUYS,CA,91405,open,-13186749.9188892,4057440.99506829
67692,CVS Pharmacy #16648,11525 South St,CERRITOS,CA,90703,open,-13145415.2108458,4009940.07818847
67693,RALPHS PHARMACY,12842 VENTURA BLVD,STUDIO CITY,CA,91604,open,-13181685.4386555,4048267.79246219
67695,THE PRESCRIPTION CENTER,9730 WILSHIRE BLVD STE 103 AND 114,BEVERLY HILLS,CA,902122107,open,-13181055.3703376,4037768.17695279
67696,RESEDA PHARMACY INC,6900 RESEDA BLVD UNIT E,RESEDA,CA,91335,open,-13195348.236358,4055132.06024994
67698,RALPHS PHARMACY,14049 Ventura Blvd,SHERMAN OAKS,CA,91403,open,-13184552.3608214,4048889.49320727
67703,Glesener Pharmacy,321 N Citrus Ave,COVINA,CA,917232095,open,-13123486.2730349,4040710.02829061
67709,WALGREENS #5591,24930 WESTERN AVE,HARBOR CITY,CA,907102029,open,-13169915.0722965,4001729.39280639
67710,WALGREENS #6445,8770 W PICO BLVD,LOS ANGELES,CA,900352211,open,-13178378.6931815,4036127.76876778
67718,BEYOND THE PHARMACY INC,3730 W SUNSET BLVD,LOS ANGELES,CA,90026,open,-13166656.750801,4040960.17919297
67735,WALGREENS #5879,3201 W 6TH ST,LOS ANGELES,CA,900205001,open,-13168229.6952059,4037366.65284659
67740,CVS Pharmacy #02801,8607 SANTA MONICA BLVD,WEST HOLLYWOOD,CA,90069,open,-13177747.5116687,4040782.61315541
67743,VONS PHARMACY #2027,15740 LAFORGE ST,WHITTIER,CA,906032334,open,-13135026.208048,4020873.92857492
67746,RITE AID PHARMACY 06346,211 CHERRY AVENUE,LONG BEACH,CA,908023930,open,-13154456.9138465,3997565.25859456
67747,WOORI PHARMACY,266 S Harvard Blvd Ste 120,LOS ANGELES,CA,90004,open,-13169536.5860278,4038105.74766585
67748,WALGREENS #5616,5913 CARSON ST,LAKEWOOD,CA,907133104,open,-13148607.5198832,4006362.06296416
67750,CVS Pharmacy #16100,1050 Huntington Dr,DUARTE,CA,91010,open,-13133815.2746271,4047281.77650262
67752,CVS Pharmacy #16670,3471 W Century Blvd,INGLEWOOD,CA,90301,open,-13172713.9782535,4021505.54230548
67758,WALGREENS #5743,7560 Topanga Canyon Blvd,CANOGA PARK,CA,913031213,open,-13203128.4668891,4056741.15809666
67760,CVS Pharmacy #09533,19783 RINALDI ST,Porter Ranch,CA,913264143,open,-13198630.0462661,4065839.71558683
67762,NEW CENTURY PHARMACY,8227 WOODMAN AVE,PANORAMA CITY,CA,91402,open,-13183862.8478954,4058417.93145701
67763,Los Angeles County Harbor-UCLA FMC Pharmacy,1403 Lomita Blvd,Harbor City,CA,90710,open,-13169256.8401474,4001704.2087175
67765,SAVON PHARMACY #0108,1735 W Artesia Blvd,GARDENA,CA,902483220,open,-13169994.8883714,4011912.04986721
67766,WALGREENS #6018,831 E AVENUE K,LANCASTER,CA,935354712,open,-13148282.6896091,4119897.20822277
67770,SPAULDING PHARMACY,7722 SANTA MONICA BLVD,LOS ANGELES,CA,90046,open,-13175503.6446928,4040963.27082906
67771,RALPHS PHARMACY,3380 N LOS COYOTES DIAGONAL,LONG BEACH,CA,90808,open,-13147826.5023358,4004425.07998133
67773,KAISER PERMANENTE PHARMACY #006,5119 POMONA BLVD,EAST LOS ANGELES,CA,90022,open,-13152938.6273115,4033385.50379343
67775,CVS Pharmacy #09544,1880 S PACIFIC COAST HWY,REDONDO BEACH,CA,90277,open,-13177748.9588221,4004256.52233835
67779,RALPHS PHARMACY,1770 CARSON ST,TORRANCE,CA,90501,open,-13170301.684888,4006163.8605962
67780,RITE AID PHARMACY 06383,600 WEST SEVENTH STREET,LOS ANGELES,CA,900173802,open,-13164292.3248165,4035152.34315486
67781,KAISER PERMANENTE PHARMACY #014,4950 SUNSET BOULEVARD BLDG L,LOS ANGELES,CA,90027,open,-13168787.1832158,4042006.81321347
67788,KANAN PHARMACY AND MEDICAL SUPPLY,5847 KANAN RD,AGOURA HILLS,CA,91301,open,-13219880.3804611,4049817.26525995
67791,WALGREENS #5772,2690 PACIFIC COAST HWY,TORRANCE,CA,905057038,open,-13172801.5866928,4000875.17403376
67796,CVS Pharmacy #16092,20200 Bloomfield Ave,CERRITOS,CA,90703,open,-13142620.4237099,4008289.05283687
67797,CVS Pharmacy #16097,8840 Corbin Ave,NORTHRIDGE,CA,91324,open,-13198273.4899371,4059820.54838943
67800,CVS Pharmacy #16650,5711 SEPULVEDA BLVD,VAN NUYS,CA,91411,open,-13187623.9995309,4052239.35360321
67801,CVS Pharmacy #16673,3121 E COLORADO BLVD,PASADENA,CA,91107,open,-13145061.660143,4048552.54386057
67802,CVS Pharmacy #16680,10600 FIRESTONE BLVD,NORWALK,CA,90650,open,-13147621.0065558,4018819.91579928
67803,WALGREENS #5773,11800 ARTESIA BLVD,ARTESIA,CA,907014003,open,-13144813.4176785,4011683.04829598
67806,KAISER PERMANENTE PHARMACY 027,4700 SUNSET BOULEVARD BLDG R,LOS ANGELES,CA,90027,open,-13168178.2656011,4042009.3674086
67814,KAISER PERMANENTE PHARMACY #30,444 W GLENOAKS BLVD,GLENDALE,CA,91202,open,-13164875.0823508,4050192.18898998
67816,GALLERIA PHARMACY,3250 W OLYMPIC BLVD STE 101,LOS ANGELES,CA,90006,open,-13169948.4681437,4035845.61227695
67817,SAMS PHARMACY 10-6240,1301 S LONE HILL AVE,GLENDORA,CA,917405348,open,-13117134.6055292,4044275.56775971
67818,RALPHS PHARMACY,5035 PACIFIC COAST HWY,TORRANCE,CA,90505,open,-13176648.5656556,4003790.79089679
67819,RALPHS PHARMACY,24975 PICO CANYON RD,STEVENSON RANCH,CA,91381,open,-13199632.1443222,4080278.39457333
67821,RITE AID PHARMACY 06300,165 E FOOTHILL BOULEVARD,ARCADIA,CA,910062594,open,-13138649.9914318,4049120.85742706
67823,WALGREENS #5649,8201 GREENLEAF AVE,WHITTIER,CA,906022910,open,-13139954.4332249,4024174.88854772
67828,RALPHS PHARMACY,10861 WEYBURN AVE Ste 201,Los Angeles,CA,90024,open,-13185063.3172842,4037193.84595943
67835,CVS Pharmacy #16701,1800 W Empire Ave,BURBANK,CA,91504,open,-13172497.5731634,4054293.88535639
67839,WALGREENS #5650,2627 PACIFIC AVE,LONG BEACH,CA,908062610,open,-13157303.575865,4002663.1185517
67841,SAMS PHARMACY 10-6628,2601 Skypark Dr,TORRANCE,CA,905055313,open,-13172612.3435584,4002605.77997293
67842,RITE AID PHARMACY 05438,6130 W SUNSET BOULEVARD GOWER GULCH PLAZA,HOLLYWOOD,CA,900286424,open,-13171705.0897085,4041940.4043413
67850,WALGREENS #6125,6325 ROSEMEAD BLVD,SAN GABRIEL,CA,917751933,open,-13143920.3014039,4044167.06057148
67853,KAISER FOUNDATION HOSPITAL PHARM,9400 EAST ROSECRANS BLVD,BELLFLOWER,CA,90706,open,-13150496.5003225,4015734.82730243
67859,CALABASAS PHARMACY AND HEALTHCARE CENTER,22277 MULHOLLAND HWY,CALABASAS,CA,91302,open,-13203883.5469951,4048505.06238061
67862,KAISER PERMANENTE PHARMACY #63,12470 WHITTIER BOULEVARD,WHITTIER,CA,90602,open,-13140602.5353003,4024859.3026092
67864,DE LA STAR PHARMACY,1721 W MAGNOLIA BLVD,BURBANK,CA,915061839,open,-13172159.6071894,4052280.6612616
67866,KAISER PERMANENTE PHARMACY #67,7825 ATLANTIC AVE,CUDAHY,CA,90201,open,-13156476.360729,4023981.74597452
67870,RALPHS PHARMACY,1050 N WESTERN AVE,SAN PEDRO,CA,90732,open,-13170057.5612447,3995651.85213576
67877,WALGREENS #6413,230 N LA BREA AVE,INGLEWOOD,CA,903011215,open,-13174969.533776,4024288.30596652
67879,RITE AID PHARMACY 06344,1421 EAST WASHINGTON BOULEVARD,PASADENA,CA,911042650,open,-13149160.221155,4051597.15321338
67885,NORMS PHARMACY,18368 CLARK ST,TARZANA,CA,913563502,open,-13195007.9326747,4051602.93864036
67886,RITE AID PHARMACY 05556,16642 SOLEDAD CANYON ROAD,CANYON COUNTRY,CA,913513217,open,-13183114.2243199,4086151.50718713
67898,RITE AID PHARMACY 05488,1331 WILSHIRE BOULEVARD,SANTA MONICA,CA,904035410,open,-13190208.9494266,4032342.07953052
67899,CALIFORNIA MEDICAL PHARMACY,2201 W TEMPLE ST,LOS ANGELES,CA,900264998,open,-13165686.0448413,4038320.76607665
67900,KAISER PERMANENTE PHARMACY,25965 S NORMANDIE AVE,HARBOR CITY,CA,90710,open,-13168837.4996256,4000282.603002
67901,KAISER PERMANENTE PHARMACY #108,15446 WESTERN AVENUE,GARDENA,CA,902494319,open,-13170021.7163687,4014110.0544885
67904,The Medicine Shoppe Pharmacy,19225 Ventura Blvd,Tarzana,CA,91356,open,-13197153.9498182,4052027.97376844
67905,WALGREENS #6124,9750 WOODMAN AVE,ARLETA,CA,913316422,open,-13185635.3881473,4062156.96801776
67907,KAISER PERMANENTE PHARMACY #113,3900 E PACIFIC COAST HWY,LONG BEACH,CA,90804,open,-13151988.6267771,4000551.42607492
67909,RITE AID PHARMACY 05489,1808 WILSHIRE BOULEVARD,SANTA MONICA,CA,904035610,open,-13189628.1956431,4032800.24492441
67910,MEIJI PHARMACY,1630 W REDONDO BEACH BLVD STE 14,GARDENA,CA,90247,open,-13169780.7096711,4013991.64218402
67914,WALGREENS #6250,1028 S SAN FERNANDO BLVD,BURBANK,CA,915021537,open,-13168947.371963,4052248.50316931
67915,KAISER PERMANENTE PHARMACY #117,20790 MADRONA AVE,TORRANCE,CA,90503,open,-13174097.6795241,4008367.32941303
67921,CVS Pharmacy #03903,3202 WILSHIRE BLVD,SANTA MONICA,CA,90403,open,-13188169.3537163,4034239.7374893
67939,RITE AID PHARMACY 05535,3745 EAST FOOTHILL BOULEVARD,PASADENA,CA,911072202,open,-13143790.6141971,4049120.45388072
67941,WALMART PHARMACY 10-2950,37140 47th St E,PALMDALE,CA,935524450,open,-13140488.5441417,4103792.60459251
67942,WALMART PHARMACY 10-2951,1731 E Avenue J,LANCASTER,CA,935356928,open,-13146589.1861957,4122179.50359421
67945,WALMART PHARMACY 10-2251,17150 Gale Ave,CITY OF INDUSTRY,CA,917451818,open,-13128145.2163636,4028654.32396615
67946,WALMART PHARMACY 10-2288,80 Rio Rancho Rd,POMONA,CA,917667013,open,-13108770.058991,4032794.60337397
67947,BEVERLY GLEN PHARMACY,2946 N BEVERLY GLEN CIR,LOS ANGELES,CA,900771796,open,-13185080.1265273,4045967.31125632
67954,SAVON PHARMACY #3859,200 E SEPULVEDA BLVD,CARSON,CA,907456323,open,-13166036.1446398,4002858.98286932
67957,SAVON PHARMACY #0601,133 W ROUTE 66,GLENDORA,CA,917406208,open,-13120677.5709627,4046235.19484916
67964,ZION DRUG,3900 W 3RD ST,LOS ANGELES,CA,900202675,open,-13169065.7045817,4038054.68139001
67968,COMMUNITY MED PHARMACY,315 N THIRD AVE STE 101,COVINA,CA,917231901,open,-13123747.2059213,4040724.14197805
67983,RALPHS PHARMACY,30019 HAWTHORNE BLVD,RANCHO PALOS VERDES,CA,90275,open,-13179632.4846063,3996689.25643992
67985,SAVON PHARMACY #1335,26521 AGOURA RD,CALABASAS,CA,913021958,open,-13213569.2332501,4048260.79818603
67990,Haig Pharmacy,1112 S GLENDALE AVE,GLENDALE,CA,91205,open,-13163729.7161101,4046731.17270266
67991,Medicine Land Pharmacy,7400 VAN NUYS BLVD UNIT 101,VAN NUYS,CA,91405,open,-13185622.9203644,4056387.82345881
67998,VONS PHARMACY #2152,155 W CALIFORNIA BLVD,PASADENA,CA,911053005,open,-13152786.8988456,4047139.75206113
68006,BARGAIN OAKHURST PHARMACY,8700 W PICO BLVD,LOS ANGELES,CA,90035,open,-13178195.0160217,4036083.42942777
68011,RITE AID PHARMACY 05514,28100 S WESTERN AVENUE,SAN PEDRO,CA,907321248,open,-13170222.3140911,3997195.67447759
68013,BOTICA DEL PUEBLO,2035 W 7TH ST,LOS ANGELES,CA,900574023,open,-13166489.7715648,4036392.46478244
68021,WALGREENS #6347,18515 DEVONSHIRE ST,NORTHRIDGE,CA,913241308,open,-13195505.642118,4063424.01489679
68023,RITE AID PHARMACY 05539,5747 KANAN ROAD,AGOURA HILLS,CA,913011601,open,-13220071.1820683,4049756.72975767
68026,CVS Pharmacy #16061,10621 Carmenita Rd,SANTA FE SPRINGS,CA,90670,open,-13141065.2904235,4020424.69493757
68027,RONCO DRUG,21031 Ventura Blvd Ste 103,Woodland Hills,CA,913642210,open,-13201556.1904011,4051239.00065888
68028,RITE AID PHARMACY 05513,501 SOUTH GAFFEY STREET SAN PEDRO PLAZA,SAN PEDRO,CA,907312437,open,-13168260.8646633,3993882.00079717
68034,BROADWAY REMEDY PHARMACY,459 W BROADWAY ST STE 4,GLENDALE,CA,912041208,open,-13165069.6688207,4048577.8315286
68042,CVS Pharmacy #16750,3600 Rosemead Blvd,ROSEMEAD,CA,91770,open,-13143781.8199574,4038794.22405533
68043,Gonzalez Pharmacy,1240 N Hacienda Blvd Ste 105,LA PUENTE,CA,91744,open,-13130003.9179014,4034623.68662527
68051,VONS PHARMACY #2162,1440 W 25TH ST,SAN PEDRO,CA,907324418,open,-13170341.4259462,3991543.59135615
68052,WEST ALONDRA MEDICAL PHARMACY,1410 W ALONDRA BLVD,COMPTON,CA,90220,open,-13162928.7723738,4013791.96668016
68053,Ararat Plaza Pharmacy,1248 S GLENDALE AVE STE M,GLENDALE,CA,91205,open,-13163677.9525468,4046417.68743778
68072,San Martin Pharmacy,2699 FLORENCE AVE,HUNTINGTON PARK,CA,902554747,open,-13160471.8398925,4025320.7918528
68073,ARCADIA CENTER PHARMACY,631 W DUARTE RD,ARCADIA,CA,91007,open,-13141563.2225059,4045814.94855507
68074,INTRA DRUGS ARTESIA,403 S LONG BEACH BLVD STE C,COMPTON,CA,90221,open,-13158880.6390911,4014486.75591803
68079,Medical Center Pharmacy,501 E HARDY ST SUITE 130,INGLEWOOD,CA,903014026,open,-13174534.9424839,4022041.37458021
68098,BELL DRUGS,3809 GAGE AVE,BELL,CA,902011026,open,-13157747.9632723,4026029.57257706
68101,WEST VAL CARE PHARMACY,5353 BALBOA BLVD,ENCINO,CA,91316,open,-13191503.0385071,4051453.59484139
68104,VONS PHARMACY #3519,4550 ATLANTIC AVE,LONG BEACH,CA,908071513,open,-13156050.4523572,4007480.98568822
68105,WALGREENS #6904,535 S PACIFIC COAST HWY,REDONDO BEACH,CA,902774220,open,-13178582.7418081,4006535.07405468
68106,PAVILIONS PHARMACY #2214,1110 ALAMEDA AVE,BURBANK,CA,915062806,open,-13170640.318779,4050547.6178882
68107,RITE AID PHARMACY 05434,1433 GLENDALE BOULEVARD,LOS ANGELES,CA,900262428,open,-13164684.6147021,4039669.02407908
68110,KAISER PERMANENTE PHARMACY,250 W SAN JOSE STREET,CLAREMONT,CA,91711,open,-13104251.8234987,4039901.14162433
68113,ROBERTSON CENTER PHARMACY,250 N ROBERTSON BLVD STE 107,BEVERLY HILLS,CA,90211,open,-13178399.1759678,4038132.49035957
68114,LEES DISCOUNT DRUG,2732 W OLYMPIC BLVD,LOS ANGELES,CA,900062615,open,-13168319.8639934,4035845.61227695
68123,GRAND AVENUE PHARMACIES,4455 W 117TH ST STE 101,HAWTHORNE,CA,90250,open,-13175104.5643183,4019211.66451301
68132,VONS PHARMACY #2169,435 W Foothill Blvd,GLENDORA,CA,917413363,open,-13121411.5003655,4047247.88414513
68133,RAMIREZ PHARMACY,2403 E CEASAR E CHAVEZ AVE,LOS ANGELES,CA,900333001,open,-13158793.1419713,4035089.19864524
68136,WALGREENS #9845,18308 Colima Rd,ROWLAND HEIGHTS,CA,917482761,open,-13125156.3993553,4027214.46229866
68142,WALGREENS #6017,2840 W AVE L,LANCASTER,CA,935364006,open,-13156038.7638106,4117729.73534174
68145,SILOAM PHARMACY,2528 W OLYMPIC BLVD Suite 102,LOS ANGELES,CA,90006,open,-13167407.0441689,4035821.4277601
68151,Artesia Medical Pharmacy,160 E ARTESIA AVE STE 135,POMONA,CA,91767,open,-13107985.2565809,4038878.75779561
68154,CVS Pharmacy #09851,130 N GRAND AVE,GLENDORA,CA,91741,open,-13121288.4923282,4047189.37971822
68157,NORMANDY PHARMACY,5112 HOLLYWOOD BLVD STE 104,Los Angeles,CA,90027,open,-13169216.2085333,4042451.25179759
68162,B & G PHARMACY INC,5101 HOLLYWOOD BLVD,LOS ANGELES,CA,900276105,open,-13169174.3524048,4042492.25502212
68164,ABSOLUTE CARE,541 N Maclay Ave Ste 104 STE 104,SAN FERNANDO,CA,91340,open,-13184075.6907618,4067621.98544037
68165,SEASIDE MARINE INT'L DRUG CO INC,595 W 7TH ST STE 207,SAN PEDRO,CA,90731,open,-13167955.8492585,3993630.33456132
68166,MINI PHARMACY,2425 PORTER ST,LOS ANGELES,CA,900212510,open,-13161190.741164,4032392.44861559
68167,CHENG PHARMACY,600 W MAIN ST STE 106,ALHAMBRA,CA,918013300,open,-13150536.4640197,4041130.22042562
68175,YAN YAN PHARMACY,228 N Garfield Ave Ste 101,MONTEREY PARK,CA,91754,open,-13149353.8057495,4037476.57336645
68180,OLIVE VIEW MEDICAL CENTER OUTPUT PHARMACY II,14445 OLIVE VIEW DR ROOM 1C-101,SYLMAR,CA,91342,open,-13185612.6789712,4072441.81103584
68183,WALGREENS #6640,550 S GRAND AVE,GLENDORA,CA,917414211,open,-13121455.1376059,4046195.25397329
68185,RITE AID PHARMACY 05571,935 NORTH HOLLYWOOD WAY,BURBANK,CA,91505,open,-13174378.3159604,4051262.67981792
68196,VONS PHARMACY #2030,25850 N THE OLD RD,VALENCIA,CA,913551710,open,-13199413.6241618,4081418.23835046
68197,WECARE PHARMACY,"1649 W AVE J, STE 101",LANCASTER,CA,935342865,open,-13153545.3185364,4121825.46623548
68198,Benzer Pharmacy,3500 E BROADWAY,LONG BEACH,CA,908035907,open,-13152510.269911,3997197.01352899
68200,WALGREENS #7244,3570 ATLANTIC AVE,LONG BEACH,CA,908074516,open,-13156249.1576482,4004870.06799214
68202,SUNNY BAY PHARMACY #2,3565 DEL AMO BLVD,TORRANCE,CA,90503,open,-13174554.0894363,4008584.46929159
68205,TOTAL REMEDY AND PRESCRIPTION CENTER,1234 WILSHIRE BLVD SUITE 106,LOS ANGELES,CA,900174810,open,-13165324.0338572,4035959.41455389
68206,RITE AID PHARMACY 06219,5128 EAST 2ND STREET,LONG BEACH,CA,908035322,open,-13150781.3668995,3996651.76471845
68207,WALGREENS #4227,903 E HUNTINGTON DR,MONROVIA,CA,910163715,open,-13134169.6045663,4047564.48573962
68210,STUDENT HEALTH CENTER,18111 NORDHOFF ST,NORTHRIDGE,CA,913300001,open,-13194457.6804317,4060488.12466225
68212,KAISER PERMANENTE PHARMACY,8001 VENTURA CANYON AVENUE,PANORAMA CITY,CA,91402,open,-13183438.9432745,4057909.05785282
68232,VOLUME DRUG INC,12925 MAGNOLIA BLVD,SHERMAN OAKS,CA,914231618,open,-13181867.668662,4050982.16567959
68237,RITE AID PHARMACY 05531,914 FAIR OAKS AVENUE,SOUTH PASADENA,CA,910303308,open,-13152418.4313311,4044347.7720014
68239,CVS Pharmacy #09563,3458 S SEPULVEDA BLVD,LOS ANGELES,CA,90034,open,-13182723.4929072,4031460.99233583
68241,DONG TAM PHARMACY,3163 SAN GABRIEL BLVD,ROSEMEAD,CA,91770,open,-13145794.9216289,4037639.57481934
68242,RITE AID PHARMACY 05423,1534 EAST FLORENCE AVENUE,LOS ANGELES,CA,900012536,open,-13163129.2587767,4025383.34535031
68244,WALMART PHARMACY 10-2292,1275 N Azusa Ave,COVINA,CA,917221260,open,-13125605.2395422,4042684.09830156
68249,WELCOME PHARMACY,18379 PIONEER BLVD,ARTESIA,CA,90701,open,-13144865.2925612,4010686.51577767
68254,LA DRUGS,3030 W OLYMPIC BLVD STE 118,LOS ANGELES,CA,90006,open,-13169240.4761823,4035840.23793543
68255,ABM Pharmacy,1385 E COLORADO ST,GLENDALE,CA,912051462,open,-13161793.8701652,4048019.90180191
68256,MID-WEST MEDICAL PHARMACY,8733 BEVERLY BLVD STE 100,LOS ANGELES,CA,900481890,open,-13178176.0917083,4039168.78452485
68261,MONTEREY PARK PROFESSIONAL PHARMACY,850 S ATLANTIC BLVD SUITE 100,MONTEREY PARK,CA,917544727,open,-13151041.6318689,4035633.05900304
68263,Carson Pharmacy,21720 S VERMONT AVE SUITE 101,TORRANCE,CA,905022127,open,-13167981.5640609,4006116.68920583
68264,V M PHARMACY IV,23451 MADISON ST BUILDING 7 STE 100,TORRANCE,CA,905054736,open,-13174437.9832074,4003590.48932182
68270,Alondra Pharmacy,12519 ALONDRA BLVD,NORWALK,CA,90650,open,-13142948.4822493,4013755.49174635
68276,American Health Solutions Pharmacy Inc,3463 Overland Ave,Los Angeles,CA,90034,open,-13181566.8833978,4032157.79773483
68278,CVS Pharmacy #09858,25880 MCBEAN PKWY,Santa Clarita,CA,91355,open,-13197376.5887998,4083459.85800924
68281,Econo Pharmacy,15435 S WESTERN AVE STE 100 C,GARDENA,CA,90249,open,-13170172.8882372,4014187.8344722
68282,Noubar's El Adobe Pharmacy Inc.,5207 HOLLYWOOD BLVD,LOS ANGELES,CA,900274998,open,-13169506.9750432,4042492.92720736
68283,Vermont V.O. Pharmacy,2655 W OLYMPIC BLVD STE 104,LOS ANGELES,CA,90006,open,-13167951.3964789,4035863.07890439
68286,REMEDY DRUGS,1700 W Glenoaks Blvd,GLENDALE,CA,91201,open,-13168015.1825471,4051790.89934814
68290,Top-Care Pharmacy,10251 E ARTESIA BLVD STE A,BELLFLOWER,CA,90706,open,-13148551.9714573,4011786.28614195
68292,WESTERN RX,445 W BROADWAY ST,GLENDALE,CA,912041208,open,-13165014.3430338,4048578.90760083
68294,WALGREENS #7481,22930 S WESTERN AVE,TORRANCE,CA,905015112,open,-13170056.4480498,4004289.48333586
68297,ETHICAL DRUG,254 N WESTERN AVE,LOS ANGELES,CA,90004,open,-13170096.5230665,4039006.16436441
68304,BIG 1 Pharmacy LA,656 N Broadway,LOS ANGELES,CA,900122801,open,-13162334.7715709,4036870.67993043
68307,Samaritan Medical Tower Pharmacy,1127 Wilshire Blvd Ste 201,Los Angeles,CA,900173903,open,-13165104.6231408,4035903.52096764
68312,RXALL PHARMACY,1125 S BEVERLY DR STE 100,LOS ANGELES,CA,900351148,open,-13179863.6951887,4036438.14898106
68329,ROBERT PHARMACY,9126 Valley Blvd Ste A,ROSEMEAD,CA,91770,open,-13143544.1528445,4039636.63283507
68332,SAVON PHARMACY #2543,2400 W COMMONWEALTH AVE,ALHAMBRA,CA,918031305,open,-13152393.1618067,4040481.92664567
68333,ALAN SCHWAB PHARMACY,435 N BEDFORD DR,BEVERLY HILLS,CA,902104321,open,-13180887.0552676,4037978.88870811
68337,WALGREENS #5797,1086 W ARROW HWY,SAN DIMAS,CA,917732492,open,-13116600.0493344,4043042.11582125
68338,CATHAY MEDICAL PHARMACY,711 W COLLEGE ST STE 100,LOS ANGELES,CA,900121163,open,-13162588.0234125,4037607.18934906
68341,WALGREENS #4382,795 E Foothill Blvd,POMONA,CA,917671223,open,-13106448.2683715,4043236.79173681
68342,PING ON PHARMACY,640 N BROADWAY STE 3,LOS ANGELES,CA,90012,open,-13162357.4807471,4036815.31935198
68351,VALLEY RX PHARMACY,5546 N ROSEMEAD BL SUITE 101,TEMPLE CITY,CA,91780,open,-13143824.4553223,4042287.91255045
68356,RITE AID PHARMACY 05526,735 EAST ALTADENA DRIVE,ALTADENA,CA,910012302,open,-13150507.1869936,4054372.47844541
68359,NOFEL PHARMACY,215 E 7th St Ste A,LOS ANGELES,CA,900142174,open,-13163515.3147708,4034589.42891632
68361,6122 Pharmacy,6122 WHITTIER BLVD,LOS ANGELES,CA,900224504,open,-13151213.0638848,4031003.14936912
68363,TORMED PHARMACY,3440 LOMITA BLVD STE 149,TORRANCE,CA,90505,open,-13174147.328017,4003687.35713804
68364,Orange Grove Pharmacy,1770 N Orange Grove Ave Ste 100,POMONA,CA,917673027,open,-13107717.7558446,4039030.89323077
68367,LOS ANGELES COUNTY WILMINGTON HEALTH CENTER PHARMACY,1325 BROAD AVE,WILMINGTON,CA,90744,open,-13164830.443235,4000579.68835844
68368,MARKET PHARMACY,"9250 Reseda Blvd, Unit 2C",NORTHRIDGE,CA,91324,open,-13195354.6928885,4060881.04089363
68374,RITE AID PHARMACY 06211,5575 WILSHIRE BOULEVARD,LOS ANGELES,CA,900363808,open,-13174670.5296237,4037198.54906705
68378,RITE AID PHARMACY 06235,3860 SEPULVEDA BOULEVARD,TORRANCE,CA,905052408,open,-13175093.2097302,4005339.72930682
68381,CENTURY PHARMACY,11870 SANTA MONICA BLVD STE 108,LOS ANGELES,CA,900252212,open,-13186883.1683196,4034429.42662798
68387,KING PHARMACY,2707 WHITTIER BLVD,LOS ANGELES,CA,90023,open,-13159262.798903,4033199.8618522
68390,BRENTWOOD PHARMACY,2530B San Vicente Blvd,SANTA MONICA,CA,904022541,open,-13190467.0993257,4035247.86668464
68392,WALGREENS #6251,2976 SEPULVEDA BLVD,TORRANCE,CA,905052804,open,-13173461.9339122,4005159.50036346
68394,WALGREENS #6516,5467 WILSHIRE BLVD,LOS ANGELES,CA,900364219,open,-13174425.9607024,4037193.0397126
68399,FIVE STAR PHARMACY,16438 VANOWEN ST Unit 101,VAN NUYS,CA,914065029,open,-13190415.669721,4054840.9529939
68402,JAYS DRUG,3154 W Olympic Blvd,LOS ANGELES,CA,90006,open,-13169626.6434959,4035846.82150413
68405,VONS PHARMACY #2167,350 N LEMON AVE,WALNUT,CA,917892345,open,-13120603.3208623,4031421.9091002
68406,MARSH VILLAGE PHARMACY,2143 FOOTHILL BLVD,La Canada Flintridge,CA,91011,open,-13160596.7403612,4057787.22774496
68407,SERV U PHARMACY INC,2034 W PICO BLVD,LOS ANGELES,CA,90006,open,-13167134.3114165,4035098.60312449
68408,WALGREENS #5848,20505 SHERMAN WAY,CANOGA PARK,CA,913063427,open,-13200307.0743949,4055859.52457404
68411,WHITTIER DRUGS,9209 S COLIMA RD STE 1100,Whittier,CA,90605,open,-13136327.7555344,4022173.29006331
68419,CVS Pharmacy #09978,18020 CHATSWORTH ST,GRANADA HILLS,CA,91344,open,-13194112.2560518,4064405.23856998
68423,SANTA MONICA HOMEOPATHIC PHARMACY,629 BROADWAY,SANTA MONICA,CA,90401,open,-13190419.4545837,4031076.20961284
68424,COSTCO PHARMACY #1318,2000 MARKET PL DR,MONTEREY PARK,CA,917557402,open,-13147349.2756788,4033814.29181915
68436,RITE AID PHARMACY 05485,888 LINCOLN BOULEVARD,VENICE,CA,902912866,open,-13187155.3444746,4028644.52198085
68440,NEW 1 PHARMACY,808 E VALLEY BLVD,SAN GABRIEL,CA,91776,open,-13145760.4125867,4039553.03428271
68442,WALGREENS #5702,934 N HACIENDA BLVD,LA PUENTE,CA,917442845,open,-13130072.7133467,4033680.89832657
68444,WALMART PHARMACY 10-2568,8333 VAN NUYS BLVD,PANORAMA CITY,CA,914023607,open,-13185678.2461513,4058698.62944577
68454,Atlantic Pharmacy,5119 E BEVERLY BLVD,LOS ANGELES,CA,90022,open,-13152988.9437214,4033266.0854394
68456,WALGREENS #4474,2501 W MAGNOLIA BLVD,BURBANK,CA,915053030,open,-13170230.3290944,4054192.68409809
68466,ST LUKE PHARMACY,16660 PARAMOUNT BLVD STE 106,PARAMOUNT,CA,90723,open,-13153456.2629437,4013041.03561053
68468,MEDICAL ARTS PHARMACY,5101 E FLORENCE AVE,BELL,CA,902013801,open,-13155255.0745955,4024686.28250982
68472,OWL DRUG,728 FAIRPLEX DR,POMONA,CA,917681100,open,-13112033.6125026,4037255.25526048
68481,OCEAN PARK PHARMACY,2731 OCEAN PARK BLVD,SANTA MONICA,CA,904055205,open,-13186576.7057615,4031228.50949378
68483,CVS Pharmacy #16761,12051 IMPERIAL HWY,NORWALK,CA,90650,open,-13144119.5632924,4017815.78564391
68489,Saugus Drugs,27641 BOUQUET CANYON RD,Santa Clarita,CA,91350,open,-13192609.5542455,4088590.9683243
68491,CVS Pharmacy #16762,8800 Whittier Blvd,PICO RIVERA,CA,90660,open,-13145330.4967133,4028921.93484676
68492,Botica Del Sol,2331 E CESAR CHAVEZ AVE,LOS ANGELES,CA,900331810,open,-13158834.8867804,4035122.65175674
68493,10TH AVENUE PHARMACY,2706 W MARTIN LUTHER KING BLVD,LOS ANGELES,CA,900082747,open,-13171603.2323744,4030208.38086208
68495,CVS Pharmacy #16747,2626 Colorado Blvd,Los Angeles,CA,90041,open,-13160570.9142393,4047874.37111739
68498,RALPHS PHARMACY,5429 HOLLYWOOD BLVD,LOS ANGELES,CA,90027,open,-13169971.8452368,4042500.72455904
68500,WALGREENS #5526,1932 WILSHIRE BLVD,SANTA MONICA,CA,904035606,open,-13189484.4821805,4032953.64243765
68503,WALGREENS #6680,9031 ROSECRANS AVE,BELLFLOWER,CA,907062046,open,-13151519.4151234,4015957.47201868
68504,E AND J PHARMACY INC,1234 S GARFIELD AVE STE 102,ALHAMBRA,CA,91801,open,-13149376.8488841,4039595.10228778
68513,Capitol Drugs - Sherman Oaks,4454 VAN NUYS BLVD,SHERMAN OAKS,CA,914032911,open,-13185626.1486296,4049287.52329314
68517,WALGREENS #6931,10407 SANTA MONICA BLVD,LOS ANGELES,CA,900255009,open,-13182965.3901607,4036520.38100035
68518,KORYO PHARMACY,2727 W OLYMPIC BLVD STE 103,LOS ANGELES,CA,90006,open,-13168333.2223323,4035896.66864782
68519,WALGREENS #6976,37160 47TH ST E,PALMDALE,CA,935524450,open,-13140674.6703303,4103893.8456465
68520,St. Luke Professional Pharmacy,2554 E Washington Blvd Ste B,Pasadena,CA,911071445,open,-13146537.6452714,4051495.84144658
68523,HEPPS PRESCRIPTION PHARMACY,240 S LA CIENEGA BLVD,BEVERLY HILLS,CA,902113375,open,-13177536.2272752,4037393.93131182
68525,MEDICAL MALL PHARMACY,1043 Elm Ave Ste 305,LONG BEACH,CA,908133271,open,-13156669.0547675,3999252.10595515
68532,RITE AID PHARMACY 05549,12739 VAN NUYS BOULEVARD,PACOIMA,CA,913311627,open,-13181291.1450191,4065823.41522193
68533,VALLEY SQUARE PHARMACY,1227 E VALLEY BLVD,ALHAMBRA,CA,918015235,open,-13148070.8486181,4039459.89385344
68540,COVINA PHARMACY,174 W BADILLO ST,COVINA,CA,917232015,open,-13123642.342961,4040372.38033876
68543,PICO UNION PHARMACY,1273 S UNION AVE,LOS ANGELES,CA,90015,open,-13166520.9410222,4034870.21082352
68544,WALMART PHARMACY 10-2886,8500 WASHINGTON BLVD,PICO RIVERA,CA,906603788,open,-13147333.5796306,4026846.2016129
68545,WALMART PHARMACY 10-2948,13310 Telegraph Rd,SANTA FE SPRINGS,CA,906704016,open,-13141237.3903563,4020851.25178216
68546,SANTA CLARITA VALLEY HEALTH CARE PHARMACY,23823 Valencia Blvd  Suite 110,VALENCIA,CA,91355,open,-13197033.1681707,4084550.77094184
68548,DISCOUNT MEDICAL PHARMACY,2716 GRIFFITH PARK BLVD,LOS ANGELES,CA,900273343,open,-13166058.7424964,4043217.96933428
68550,RALPHS PHARMACY,1745 GARFIELD AVE,SOUTH PASADENA,CA,91030,open,-13150759.8822377,4042952.84565929
68551,Key Drug Company,770 S VERMONT AVE,LOS ANGELES,CA,90005,open,-13168145.0923929,4036596.70144492
68554,VONS PHARMACY #2111,24160 LYONS AVE,NEWHALL,CA,913212442,open,-13197714.4434543,4079592.11572104
68555,COLORADO MEDICAL PHARMACY,1680  COLORADO BLVD,LOS ANGELES,CA,90041,open,-13158348.6432446,4047528.97857964
68563,RITE AID PHARMACY 05479,4410 EAST SLAUSON AVENUE,MAYWOOD,CA,902702932,open,-13156584.4519545,4027083.02556772
68567,Santa Monica Medical Plaza Pharmacy,1260 15TH ST STE 100,SANTA MONICA,CA,904041136,open,-13189908.4981209,4032332.94596027
68570,RITE AID PHARMACY 05430,446 EAST WASHINGTON BOULEVARD WASHINGTON PLAZA,LOS ANGELES,CA,900153721,open,-13164675.7091428,4032677.74331428
68580,CVS Pharmacy #16206,39440 10th St W,PALMDALE,CA,93551,open,-13151979.9438568,4109556.68627683
68590,WALMART PHARMACY 10-3477,7250 Carson Blvd,LONG BEACH,CA,908082358,open,-13145800.8215619,4005936.44804011
68602,AMC PHARMACY,2625 W ALAMEDA AVE,BURBANK,CA,91505,open,-13172426.1060503,4050034.25405528
68603,PHARMACY OF THE STARS,1900 AVE OF THE STARS SUITE A105,LOS ANGELES,CA,90067,open,-13182087.9699342,4036832.65309638
68606,MARTIN PHARMACY,801 S Vermont Ave Ste 104,LOS ANGELES,CA,90005,open,-13168185.1674096,4036532.2052611
68607,KOAM PHARMACY,18102 S PIONEER BLVD STE 101,ARTESIA,CA,907013951,open,-13144809.1875379,4010907.58754599
68610,RALPHS PHARMACY,8626 FIRESTONE BLVD,DOWNEY,CA,90241,open,-13149865.9867267,4020347.27503491
68611,CVS Pharmacy #03931,650 North Bellflower Blvd,LONG BEACH,CA,90814,open,-13149061.0354887,3998517.3942515
68612,Westchester Pharmacy,8930 S SEPULVEDA BLVD SUITE 103,LOS ANGELES,CA,900453606,open,-13179777.9791808,4022777.32945422
68613,VERMILLION'S DRUG # 3,1942 E ANAHEIM ST,LONG BEACH,CA,90813,open,-13154381.2165927,3999609.43445093
68617,"986 Specialty Pharmacy Pasadena, Inc.",1719 E. WALNUT ST.,PASADENA,CA,91106,open,-13148497.4249069,4048938.72496642
68621,KAISER PERMANENTE PHARMACY #019,1515 N VERMONT AVE 2ND FLR,LOS ANGELES,CA,90027,open,-13168212.9972823,4042058.70381655
68623,Arden Medical Pharmacy,435 W ARDEN AVE STE 110,GLENDALE,CA,91203,open,-13164959.6851638,4050146.85309834
68627,VONS PHARMACY #2200,130 W FOOTHILL BLVD,MONROVIA,CA,910162171,open,-13135959.9559368,4049120.72291162
68628,Normandy Pharmacy,3003 W OLYMPIC BLVD STE 101,LOS ANGELES,CA,900062515,open,-13169183.703242,4035892.63787338
68632,EL CAMINO PHARMACY,10940 Victory Blvd,North Hollywood,CA,91606,open,-13176834.6918442,4053875.22483531
68635,RITE AID PHARMACY 05454,1744 W 6TH ST,LOS ANGELES,CA,900171004,open,-13165940.2985582,4036509.49731664
68641,WEST COVINA PHARMACY,1661 HANOVER RD STE 104B,CITY OF INDUSTRY,CA,91748,open,-13126965.3410807,4027602.33702549
68642,HYE PHARMACY INC,5236 SANTA MONICA BLVD,LOS ANGELES,CA,900291210,open,-13169586.4571597,4040981.55182489
68651,"Bellwood Medical Center Pharmacy, Medicine Shoppe 2064",10230 Artesia Blvd Ste 101,BELLFLOWER,CA,907066768,open,-13148678.0964404,4011724.61147262
68664,RITE AID PHARMACY 05470,220 E GRAND AVENUE,EL SEGUNDO,CA,902453827,open,-13181789.4110599,4017920.68863558
68666,RITE AID PHARMACY 05568,17266 SATICOY STREET,VAN NUYS,CA,914062103,open,-13192381.2379699,4056795.94277635
68667,HOLY CROSS PHARMACY,11550 INDIAN HILLS RD STE 130,MISSION HILLS,CA,913451200,open,-13186766.2828543,4066458.20379048
68673,MAXSON MEDICAL PHARMACY,933 S SUNSET AVE,WEST COVINA,CA,917903410,open,-13129674.6348476,4037100.85920177
68677,WALGREENS #6249,4351 E IMPERIAL HWY,LYNWOOD,CA,902622318,open,-13156189.8243597,4019561.56649959
68680,SAVON PHARMACY #0594,220 E BONITA AVE,SAN DIMAS,CA,917733186,open,-13113874.7255608,4043042.51915189
68683,WALGREENS #6700,5224 COLDWATER CANYON AVE,VAN NUYS,CA,914016146,open,-13181740.3191645,4051037.59526221
68697,Homecare Pharmacy,450 E Spring St Ste 11,LONG BEACH,CA,90806,open,-13156557.4013182,4003233.9745763
68702,VONS PHARMACY #3208,745 W NAOMI AVE,ARCADIA,CA,910077517,open,-13142082.6392499,4045616.46322676
68712,RITE AID PHARMACY 05448,4044 EAGLE ROCK BOULEVARD EAGLE ROCK PLAZA,LOS ANGELES,CA,900653608,open,-13161100.5723765,4044975.17489799
68716,RITE AID PHARMACY 05612,69 EAST MAIN STREET,ALHAMBRA,CA,918013514,open,-13149718.5997209,4041694.5335715
68718,RALPHS PHARMACY,1100 N SAN FERNANDO BLVD,BURBANK,CA,91504,open,-13171129.9018995,4054197.25966743
68719,TARZANA PLAZA PHARMACY,5525 ETIWANDA AVE,TARZANA,CA,913563609,open,-13194803.2161311,4051686.89493568
68720,The Medicine Shoppe Pharmacy,16915 DEVONSHIRE STREET,GRANADA HILLS,CA,913447407,open,-13191420.7734034,4063453.51097905
68721,ALOHA DRUGS,5055 W EL SEGUNDO BLVD,HAWTHORNE,CA,902504156,open,-13176472.4582212,4017600.61679126
68722,PARKSIDE PHARMACY,2428 SANTA MONICA BLVD,SANTA MONICA,CA,904042045,open,-13188668.6216325,4033029.26736558
68726,HEALTH CARE PHARMACY,223 N GARFIELD AVE STE 101,MONTEREY PARK,CA,917541700,open,-13149406.1259102,4037504.65836383
68727,HENDRICKS PHARMACY,137 N HARVARD AVE,CLAREMONT,CA,91711,open,-13104146.1813019,4041570.726409
68730,TOLUCA PHARMACY,11914 Ventura Blvd,Studio City,CA,916042606,open,-13179265.1302867,4047988.69728376
68734,RITE AID PHARMACY 05455,11750 WILMINGTON AVENUE,LOS ANGELES,CA,900592553,open,-13162284.3438416,4018945.48858205
68737,LIRAS PHARMACY,14400 Roscoe Blvd Ste C,PANORAMA CITY,CA,914023001,open,-13185477.2031509,4058572.88665797
68740,RITE AID PHARMACY 05510,5520 WOODRUFF AVENUE,LAKEWOOD,CA,907131535,open,-13148579.6900105,4009681.49074172
68747,WALGREENS #7211,11604 WHITTIER BLVD,WHITTIER,CA,906013936,open,-13141657.3987951,4026404.92201592
68757,Kieu An pharmacy,600 E VALLEY BLVD STE G,SAN GABRIEL,CA,91776,open,-13146031.0302688,4039498.87027512
68762,HERBERT'S PHARMACY,9001 WILSHIRE BLVD STE 101,BEVERLY HILLS,CA,90211,open,-13178892.989229,4037854.71880898
68765,Ramona Pharmacy,616 N GARFIELD AVENUE STE 101,MONTEREY PARK,CA,917541141,open,-13149316.6250396,4038092.98107542
68766,COURTESY DRUGS,3180 E FLORENCE AVE,HUNTINGTON PARK,CA,90255,open,-13159148.8077444,4025114.07243256
68771,RUBIO Pharmacy,16550 Ventura Blvd,ENCINO,CA,91436,open,-13190714.1172758,4049988.38069104
68772,BROTMAN MEDICAL PHARMACY,3831 HUGHES AVE,CULVER CITY,CA,902322715,open,-13180030.5631054,4031812.34455324
68773,SAINT JOHNS PLAZA PHARMACY,1301 20TH ST STE 120,SANTA MONICA,CA,90404,open,-13189243.252844,4032826.30355079
68774,VONS PHARMACY #2209,5500 Woodruff Ave,LAKEWOOD,CA,907131535,open,-13148571.6750072,4009599.85392729
68775,GOOD DRUGS,1864 E WASHINGTON BLVD SUITE 105,PASADENA,CA,911041693,open,-13148169.5890065,4051502.83771483
68778,ST LOUIS DRUG COMPANY,2100 E 1ST ST,LOS ANGELES,CA,900333995,open,-13159487.7755939,4034801.69402607
68779,HEALTHY WAY PHARMACY,7223 BALBOA BLVD,VAN NUYS,CA,91406,open,-13191501.4800342,4055909.45954339
68780,SIMONS DISCOUNT PHARMACY,7256 W Sunset Blvd,LOS ANGELES,CA,900463410,open,-13174501.4353172,4041945.78156349
68782,KNOLLWOOD PHARMACY,16911 San Fernando Mission Blvd,GRANADA HILLS,CA,913442798,open,-13191418.3243746,4065410.79478973
68786,RITE AID PHARMACY 05466,7859 FIRESTONE BOULEVARD,DOWNEY,CA,902414220,open,-13151369.8017278,4021340.62428278
68793,RITE AID PHARMACY 05436,1841 NORTH WESTERN AVENUE,LOS ANGELES,CA,900273403,open,-13170147.7300323,4042870.70159605
68795,Alpha Medical Pharmacy,703 W VALLEY BLVD,ALHAMBRA,CA,918033232,open,-13150233.6750048,4039319.98303915
68803,COSTCO PHARMACY #679,17550 CASTLETON ST,CITY OF INDUSTRY,CA,917481701,open,-13127016.9933244,4028006.47113894
68804,COSTCO PHARMACY #1205,21800 VICTORY BLVD,WOODLAND HILLS,CA,913672227,open,-13202795.3989726,4053973.86637695
68806,PICWOOD PHARMACY,2370 WESTWOOD BLVD,WEST LOS ANGELES,CA,900642120,open,-13183459.8713388,4034307.31052433
68813,Hyundai Drugs,461 S WESTERN AVE,LOS ANGELES,CA,900204102,open,-13170129.9189137,4037605.8455556
68815,THU PHARMACY,"15735 HAWTHORNE BLVD, SUITE 110",LAWNDALE,CA,902602664,open,-13175032.8745662,4013726.92873601
68818,VAN PARK PHARMACY,14111 S VAN NESS AVE,GARDENA,CA,902492943,open,-13171094.5023015,4015871.49845481
68822,UNITED PHARMACY,1129 S ROBERTSON BLVD,LOS ANGELES,CA,90035,open,-13178428.7869524,4036357.52993067
68828,LA Pharmacy LLC,1048 S GARFIELD AVE STE 101,ALHAMBRA,CA,91801,open,-13149351.0227623,4039953.9634756
68829,RITE AID PHARMACY 05476,11325 LONG BEACH BOULEVARD,LYNWOOD,CA,902623300,open,-13159178.3074095,4019163.9026496
68830,WALGREENS #6648,18430 SHERMAN WAY,RESEDA,CA,913354305,open,-13195205.3021319,4055821.03038109
68832,ENCINO PHARMACY aka MDR PHARMACETUICAL CARE,17071 VENTURA BLVD STE 100,ENCINO,CA,91316,open,-13191912.0263162,4050348.51176061
68837,COSTCO PHARMACY #671,14501 HINDRY AVE,HAWTHORNE,CA,902506748,open,-13177269.2831363,4015362.64476132
68839,PAVILIONS PHARMACY #2203,5949 E SPRING ST,LONG BEACH,CA,908083752,open,-13148590.9332791,4003533.68202066
68842,UCLA MEDICAL CENTER CHS OUTPATIENT PHARMACY,300 Stein Plaza Driveway,LOS ANGELES,CA,900957187,open,-13185190.4441426,4037571.0413603
68843,Olympic Blvd Pharmacy,8950 W OLYMPIC BLVD,BEVERLY HILLS,CA,902113561,open,-13178804.7128728,4036736.31006048
68844,RIVERSIDE DISCOUNT DRUGS,12508 RIVERSIDE DR,NORTH HOLLYWOOD,CA,916073471,open,-13180848.2047653,4049965.78039204
68845,MANNING MEDICAL PHARMACY,1724 S.NOGALES ST,ROWLAND HEIGHTS,CA,91748,open,-13123286.1205905,4027028.38377683
68846,PLAZA WEST PHARMACY,8704 SEPULVEDA BLVD,NORTH HILLS,CA,91343,open,-13187742.7774275,4059511.41383817
68848,VONS PHARMACY #2598,3233 FOOTHILL BLVD,LA CRESCENTA,CA,912142636,open,-13163461.3248178,4059817.99018565
68851,"CARE PHARMACY, INC",1600 S Hill St Ste B,LOS ANGELES,CA,90015,open,-13165140.5793364,4033439.5044049
68861,BOTICA SAN JOSE,1417 N VERMONT AVE STE 100,LOS ANGELES,CA,900276023,open,-13168211.8840874,4041887.97655814
68862,LAX PHARMACY INC,4457 LENNOX BLVD,LENNOX,CA,903042303,open,-13175112.6906411,4020526.66996009
68864,VONS PHARMACY #2261,3461 W THIRD ST,LOS ANGELES,CA,900201604,open,-13168107.243766,4038099.02840594
68865,VONS PHARMACY #2665,4520 SUNSET BLVD,LOS ANGELES,CA,900276057,open,-13167742.3384752,4041970.24795654
68866,PAVILIONS PHARMACY #2229,727 N VINE ST,LOS ANGELES,CA,900383713,open,-13172078.0100026,4040124.39290134
68867,VONS PHARMACY #2739,8969 SANTA MONICA BLVD,WEST HOLLYWOOD,CA,900694934,open,-13178720.6666572,4040080.03799441
68868,VONS PHARMACY #2283,1221 GAFFEY ST,SAN PEDRO,CA,907314014,open,-13168260.8646633,3992998.51597461
68869,VONS PHARMACY #2254,311 W Los Feliz Rd,GLENDALE,CA,912042513,open,-13164419.1177165,4046112.01064598
68870,VONS PHARMACY #2655,7311 N Figueroa St,LOS ANGELES,CA,900412512,open,-13156686.9772055,4047109.08792603
68874,VONS PHARMACY #2858,2355 E COLORADO BLVD,PASADENA,CA,911073644,open,-13147069.6411179,4048611.72785275
68875,PAVILIONS PHARMACY #2228,1213 FAIR OAKS AVE,SOUTH PASADENA,CA,910303805,open,-13152528.0810295,4043793.41114897
68883,PUENTE HILLS PHARMACY,1850 S AZUSA AVE STE 101,HACIENDA HEIGHTS,CA,917456854,open,-13128140.763584,4027327.37289557
68886,VINA PHARMACY,18541 SHERMAN WAY STE#103,RESEDA,CA,913354166,open,-13195537.3681729,4055860.73593188
68888,RITE AID PHARMACY 05426,1815 SOUTH VERMONT AVENUE VERMONT WASHINGTON PLAZA,LOS ANGELES,CA,900064525,open,-13168174.14678,4034327.59594704
68892,COSTCO PHARMACY #762,1141 W AVE L,LANCASTER,CA,935347077,open,-13152556.9127776,4117946.54498097
68899,FOX DRUG OF TORRANCE,1327 EL PRADO,TORRANCE,CA,90501,open,-13170941.7719601,4006627.41024522
68907,CBC MISSION PHARMACY,716 E MISSION BLVD STE A,POMONA,CA,91766,open,-13107111.6212172,4036187.0225189
68909,TAI ON PHARMACY INC,818 N HILL ST STE A,LOS ANGELES,CA,900122395,open,-13162311.9510753,4037315.58988535
68910,CEDARS-SINAI MEDICAL CENTER PHARMACY #3,444 S SAN VICENTE BLVD STE 104,LOS ANGELES,CA,90048,open,-13177497.0428144,4038233.41435751
68914,KAISER FOUNDATION HOSPITAL PHARMACY,5601 DE SOTO AVE ROOM O,WOODLAND HILLS,CA,91367,open,-13201223.9017211,4051821.5761226
68921,1560 PHARMACY,1560 E CHEVY CHASE DR STE 110,GLENDALE,CA,912064166,open,-13161358.1656782,4049323.97757357
68923,STANFRED DRUGS,8031 VINELAND AVE,SUN VALLEY,CA,91352,open,-13176947.4584884,4057926.82765747
68927,HOLT PHARMACY,1101 E HOLT AVE STE F,POMONA,CA,91767,open,-13105500.048949,4037272.72404995
68932,WILSHIRE WESTGATE PHARMACY,11860 WILSHIRE BLVD Suite 101,LOS ANGELES,CA,90025,open,-13187314.420027,4035104.64886525
68933,Vernon Central Botica Pharmacy,4375 S CENTRAL AVE,LOS ANGELES,CA,90011,open,-13164277.8532827,4029351.22642909
68935,WHITTIER INTERCOMMUNITY PHARMACY,12291 E WASHINGTON BLVD STE 101,WHITTIER,CA,906062500,open,-13141351.1588759,4024655.94721568
68944,A A Pharmacy,625 W COLLEGE ST STE 101,LOS ANGELES,CA,900121650,open,-13162486.7226759,4037568.21940318
68946,BRIGHT CARE PHARMACY,140 N ORANGE AVE STE 103,WEST COVINA,CA,917900000,open,-13129351.5856853,4038636.17855547
68947,OLYMPIA PLAZA PHARMACY INC,5901 W OLYMPIC BLVD SUITE 103,LOS ANGELES,CA,900364667,open,-13175770.4775122,4036553.70394845
68964,OLYMPIC GERHART PHARMACY,5724 E OLYMPIC BLVD,COMMERCE,CA,900225120,open,-13152074.0088266,4030632.48328675
68970,2222 PRESCRIPTION PHARMACY,2222 SANTA MONICA BLVD STE 103,SANTA MONICA,CA,904042304,open,-13188833.5971178,4032856.5262591
68972,RITE AID PHARMACY 05464,11096 JEFFERSON BOULEVARD,CULVER CITY,CA,902305520,open,-13179550.4421416,4028315.69039598
68980,RITE AID PHARMACY 05494,8508 PAINTER AVENUE THE QUAD AT WHITTIER,WHITTIER,CA,906023335,open,-13139600.3259247,4023527.82681398
68981,RITE AID PHARMACY 05575,12511 MAGNOLIA BOULEVARD,NORTH HOLLYWOOD,CA,916072305,open,-13180868.9101906,4050982.16567959
68984,VONS PHARMACY #2861,600 E BROADWAY,LONG BEACH,CA,908025124,open,-13156220.7711781,3997816.07372633
68993,IMPERIAL OF WESTWOOD PHARMACY,1820 WESTWOOD BLVD,LOS ANGELES,CA,900254612,open,-13184246.6774997,4035410.83624335
