ZIP Code,County,Hospitals,Nursing Homes,Public Health Departments,Pharmacies
00603,AGUADILLA,2,0,0,0
00613,ARECIBO,1,0,0,0
00614,ARECIBO,1,0,0,0
00623,CABO ROJO,1,0,0,0
00631,LARES,1,0,0,0
00641,UTUADO,1,0,0,0
00646,DORADO,1,0,0,0
00660,HORMIGUEROS,0,1,0,0
00674,MANATÍ,3,0,0,0
00676,MOCA,1,0,0,0
00680,MAYAGÜEZ,3,0,0,0
00681,MAYAGÜEZ,3,0,0,0
00682,MAYAGÜEZ,1,0,0,0
00683,SAN GERMÁN,2,0,0,0
00693,VEGA BAJA,1,1,0,0
00698,YAUCO,1,0,0,0
00705,AIBONITO,2,0,0,0
00714,ARROYO,1,0,0,0
00717,PONCE,1,1,0,0
00725,CAGUAS,2,0,0,0
00731,PONCE,1,0,0,0
00733,PONCE,3,0,0,0
00737,CAYEY,1,0,0,0
00738,FAJARDO,2,0,0,0
00739,CIDRA,1,0,0,0
00765,VIEQUES,1,0,0,0
00780,PONCE,1,0,0,0
00785,GUAYAMA,2,0,0,0
00791,HUMACAO,2,0,0,0
00792,HUMACAO,1,1,0,0
00801,ST. THOMAS,1,0,0,0
00820,ST. CROIX,1,0,1,0
00907,SAN JUAN,1,0,0,0
00909,SAN JUAN,1,0,0,0
00910,SAN JUAN,1,0,0,0
00912,SAN JUAN,1,0,0,0
00915,SAN JUAN,1,0,0,0
00918,SAN JUAN,1,0,0,0
00919,SAN JUAN,2,0,0,0
00921,SAN JUAN,1,0,0,0
00922,SAN JUAN,1,0,0,0
00923,SAN JUAN,1,0,0,0
00926,SAN JUAN,0,1,0,0
00927,SAN JUAN,2,0,0,0
00928,SAN JUAN,3,1,0,0
00935,SAN JUAN,4,0,1,0
00936,SAN JUAN,5,0,0,0
00956,BAYAMÓN,3,0,0,0
00959,BAYAMÓN,1,0,0,0
00960,BAYAMÓN,3,0,0,0
00961,BAYAMÓN,1,0,0,0
00969,GUAYNABO,1,0,0,0
00979,CAROLINA,1,0,0,0
00984,CAROLINA,1,0,0,0
01001,HAMPDEN,0,7,1,0
01002,HAMPSHIRE,0,2,1,0
01005,WORCESTER,0,0,1,0
01007,HAMPSHIRE,0,1,0,0
01008,HAMPDEN,0,0,1,0
01010,HAMPDEN,0,0,1,0
01011,HAMPDEN,0,0,1,0
01012,HAMPSHIRE,0,0,1,0
01013,HAMPDEN,0,3,0,0
01020,HAMPDEN,0,2,1,0
01026,HAMPSHIRE,0,0,1,0
01027,HAMPSHIRE,0,0,2,0
01028,HAMPDEN,0,6,1,0
01031,WORCESTER,0,0,1,0
01033,HAMPSHIRE,0,0,1,0
01034,HAMPDEN,0,0,2,0
01035,HAMPSHIRE,0,1,1,0
01036,HAMPDEN,0,1,1,0
01038,HAMPSHIRE,0,0,1,0
01039,HAMPSHIRE,0,0,1,0
01040,HAMPDEN,3,9,1,0
01050,HAMPSHIRE,0,0,1,0
01053,HAMPSHIRE,1,3,0,0
01056,HAMPDEN,1,1,1,0
01057,HAMPDEN,0,0,1,0
01060,HAMPSHIRE,1,4,2,0
01062,HAMPSHIRE,1,0,0,0
01068,WORCESTER,0,0,1,0
01069,HAMPDEN,1,0,1,0
01070,HAMPSHIRE,0,0,1,0
01071,HAMPDEN,0,0,1,0
01072,FRANKLIN,0,0,1,0
01073,HAMPSHIRE,0,0,1,0
01075,HAMPSHIRE,0,2,1,0
01077,HAMPDEN,0,1,1,0
01081,HAMPDEN,0,0,1,0
01082,HAMPSHIRE,1,1,1,0
01083,WORCESTER,0,0,1,0
01085,HAMPDEN,1,5,2,0
01086,HAMPDEN,1,0,0,0
01089,HAMPDEN,0,2,1,0
01095,HAMPDEN,0,3,1,0
01098,HAMPSHIRE,0,0,1,0
01102,HAMPDEN,1,0,0,0
01103,HAMPDEN,0,0,1,0
01104,HAMPDEN,1,1,0,0
01105,HAMPDEN,0,1,0,0
01106,HAMPDEN,0,3,1,0
01109,HAMPDEN,2,2,0,0
01118,HAMPDEN,0,1,0,0
01119,HAMPDEN,0,1,0,0
01199,HAMPDEN,1,0,0,0
01201,BERKSHIRE,2,9,1,0
01220,BERKSHIRE,0,0,1,0
01223,BERKSHIRE,0,0,2,0
01225,BERKSHIRE,0,0,1,0
01226,BERKSHIRE,0,2,1,0
01230,BERKSHIRE,1,2,3,0
01235,BERKSHIRE,0,0,2,0
01237,BERKSHIRE,0,1,3,0
01238,BERKSHIRE,0,2,1,0
01240,BERKSHIRE,0,3,0,0
01243,HAMPSHIRE,0,0,1,0
01244,BERKSHIRE,0,0,1,0
01245,BERKSHIRE,0,0,1,0
01247,BERKSHIRE,1,1,2,0
01253,BERKSHIRE,0,0,1,0
01254,BERKSHIRE,0,0,1,0
01255,BERKSHIRE,0,1,1,0
01256,BERKSHIRE,0,0,1,0
01257,BERKSHIRE,0,0,1,0
01258,BERKSHIRE,0,0,1,0
01264,BERKSHIRE,0,0,1,0
01266,BERKSHIRE,0,0,1,0
01267,BERKSHIRE,0,1,1,0
01270,BERKSHIRE,0,0,1,0
01301,FRANKLIN,1,3,1,0
01331,WORCESTER,1,1,2,0
01337,FRANKLIN,0,0,2,0
01339,FRANKLIN,0,0,2,0
01340,FRANKLIN,0,0,1,0
01341,FRANKLIN,0,0,1,0
01343,BERKSHIRE,0,0,1,0
01346,FRANKLIN,0,0,1,0
01350,FRANKLIN,0,0,1,0
01354,FRANKLIN,0,0,1,0
01355,FRANKLIN,0,0,1,0
01364,FRANKLIN,0,0,1,0
01366,WORCESTER,0,0,1,0
01367,FRANKLIN,0,0,1,0
01368,WORCESTER,0,0,1,0
01370,FRANKLIN,0,0,2,0
01373,FRANKLIN,0,0,1,0
01375,FRANKLIN,0,0,1,0
01376,FRANKLIN,0,1,1,0
01378,FRANKLIN,0,0,1,0
01379,FRANKLIN,0,0,1,0
01420,WORCESTER,1,3,1,0
01430,WORCESTER,0,0,1,0
01431,MIDDLESEX,0,0,1,0
01432,MIDDLESEX,1,2,2,0
01434,WORCESTER,1,0,0,0
01436,WORCESTER,0,1,1,0
01440,WORCESTER,1,3,1,0
01450,MIDDLESEX,0,2,1,0
01451,WORCESTER,0,0,1,0
01452,WORCESTER,0,0,1,0
01453,WORCESTER,1,5,1,0
01460,MIDDLESEX,0,1,1,0
01462,WORCESTER,0,0,1,0
01463,MIDDLESEX,0,0,1,0
01464,MIDDLESEX,0,0,1,0
01469,MIDDLESEX,0,0,1,0
01473,WORCESTER,0,0,1,0
01475,WORCESTER,0,1,1,0
01501,WORCESTER,0,3,1,0
01503,WORCESTER,0,0,1,0
01504,WORCESTER,0,2,1,0
01505,WORCESTER,0,0,1,0
01506,WORCESTER,0,0,1,0
01507,WORCESTER,0,1,1,0
01510,WORCESTER,1,1,1,0
01515,WORCESTER,0,0,1,0
01516,WORCESTER,0,0,1,0
01519,WORCESTER,0,0,1,0
01520,WORCESTER,0,1,1,0
01521,HAMPDEN,0,0,1,0
01523,WORCESTER,0,2,1,0
01524,WORCESTER,0,0,1,0
01527,WORCESTER,0,0,1,0
01529,WORCESTER,0,0,1,0
01531,WORCESTER,0,0,1,0
01532,WORCESTER,0,4,1,0
01534,WORCESTER,0,2,0,0
01535,WORCESTER,0,0,1,0
01540,WORCESTER,0,0,1,0
01541,WORCESTER,0,0,1,0
01542,WORCESTER,1,1,0,0
01543,WORCESTER,0,0,1,0
01545,WORCESTER,0,4,1,0
01550,WORCESTER,1,1,1,0
01562,WORCESTER,0,0,1,0
01564,WORCESTER,0,1,1,0
01566,WORCESTER,0,0,1,0
01568,WORCESTER,0,0,1,0
01569,WORCESTER,0,1,1,0
01570,WORCESTER,0,4,1,0
01571,WORCESTER,0,0,1,0
01581,WORCESTER,2,4,1,0
01583,WORCESTER,0,1,2,0
01585,WORCESTER,0,0,1,0
01588,WORCESTER,0,1,1,0
01590,WORCESTER,0,0,1,0
01602,WORCESTER,1,2,0,0
01603,WORCESTER,0,1,0,0
01604,WORCESTER,1,4,0,0
01605,WORCESTER,2,6,0,0
01606,WORCESTER,1,7,0,0
01608,WORCESTER,1,0,0,0
01609,WORCESTER,0,3,0,0
01610,WORCESTER,0,1,1,0
01612,WORCESTER,0,0,1,0
01655,WORCESTER,1,0,0,0
01701,MIDDLESEX,1,5,0,0
01702,MIDDLESEX,0,4,1,0
01719,MIDDLESEX,0,0,1,0
01720,MIDDLESEX,0,2,1,0
01721,MIDDLESEX,0,1,1,0
01730,MIDDLESEX,2,1,1,0
01731,MIDDLESEX,1,0,0,0
01740,WORCESTER,0,1,1,0
01741,MIDDLESEX,0,0,1,0
01742,MIDDLESEX,1,4,1,0
01746,MIDDLESEX,0,1,1,0
01747,WORCESTER,0,1,1,0
01748,MIDDLESEX,0,1,1,0
01749,MIDDLESEX,0,1,1,0
01752,MIDDLESEX,1,8,1,0
01754,MIDDLESEX,0,0,1,0
01756,WORCESTER,0,0,1,0
01757,WORCESTER,1,6,1,0
01760,MIDDLESEX,1,5,1,0
01770,MIDDLESEX,0,0,1,0
01772,WORCESTER,0,0,1,0
01773,MIDDLESEX,0,1,1,0
01775,MIDDLESEX,0,0,1,0
01776,MIDDLESEX,0,3,1,0
01778,MIDDLESEX,0,3,1,0
01801,MIDDLESEX,1,6,1,0
01803,MIDDLESEX,0,3,1,0
01806,MIDDLESEX,1,0,0,0
01810,ESSEX,0,5,1,0
01821,MIDDLESEX,0,2,1,0
01824,MIDDLESEX,0,5,1,0
01826,MIDDLESEX,0,2,1,0
01827,MIDDLESEX,0,0,1,0
01830,ESSEX,2,5,1,0
01832,ESSEX,0,1,0,0
01833,ESSEX,0,0,1,0
01834,ESSEX,0,0,1,0
01835,ESSEX,1,0,0,0
01840,ESSEX,0,0,1,0
01841,ESSEX,0,4,0,0
01842,ESSEX,1,0,0,0
01844,ESSEX,1,4,1,0
01845,ESSEX,0,6,1,0
01850,MIDDLESEX,0,1,0,0
01851,MIDDLESEX,0,1,1,0
01852,MIDDLESEX,1,1,0,0
01854,MIDDLESEX,2,4,0,0
01860,ESSEX,0,0,1,0
01862,MIDDLESEX,0,2,0,0
01863,MIDDLESEX,0,2,0,0
01864,MIDDLESEX,0,1,1,0
01867,MIDDLESEX,0,3,1,0
01876,MIDDLESEX,1,4,2,0
01879,MIDDLESEX,0,0,1,0
01880,MIDDLESEX,0,2,1,0
01886,MIDDLESEX,0,2,1,0
01887,MIDDLESEX,0,3,1,0
01890,MIDDLESEX,1,4,1,0
01901,ESSEX,0,0,1,0
01902,ESSEX,0,2,0,0
01904,ESSEX,2,0,0,0
01906,ESSEX,0,3,1,0
01907,ESSEX,0,2,1,0
01908,ESSEX,0,0,1,0
01913,ESSEX,1,5,1,0
01915,ESSEX,2,5,1,0
01921,ESSEX,0,0,1,0
01923,ESSEX,0,9,1,0
01929,ESSEX,0,0,1,0
01930,ESSEX,1,2,1,0
01938,ESSEX,0,1,1,0
01940,ESSEX,0,1,1,0
01944,ESSEX,0,0,1,0
01945,ESSEX,0,2,1,0
01949,ESSEX,0,0,1,0
01950,ESSEX,1,5,1,0
01951,ESSEX,0,0,1,0
01952,ESSEX,0,1,1,0
01960,ESSEX,2,7,1,0
01966,ESSEX,0,1,1,0
01969,ESSEX,0,0,1,0
01970,ESSEX,1,2,1,0
01982,ESSEX,0,0,1,0
01983,ESSEX,0,1,1,0
01984,ESSEX,0,0,1,0
01985,ESSEX,0,0,1,0
02019,NORFOLK,0,0,1,0
02021,NORFOLK,1,4,3,0
02025,NORFOLK,0,1,1,0
02026,NORFOLK,1,5,1,0
02030,NORFOLK,0,0,1,0
02035,NORFOLK,1,0,1,0
02038,NORFOLK,0,2,1,0
02043,PLYMOUTH,0,5,1,0
02045,PLYMOUTH,0,0,1,0
02048,BRISTOL,0,1,1,0
02050,PLYMOUTH,0,1,1,0
02052,NORFOLK,0,1,1,0
02053,NORFOLK,0,2,1,0
02054,NORFOLK,0,0,1,0
02056,NORFOLK,0,0,1,0
02061,PLYMOUTH,0,2,1,0
02062,NORFOLK,1,7,1,0
02066,PLYMOUTH,0,2,1,0
02067,NORFOLK,0,2,1,0
02072,NORFOLK,2,5,1,0
02081,NORFOLK,0,2,1,0
02090,NORFOLK,1,3,1,0
02093,NORFOLK,0,3,1,0
02108,SUFFOLK,0,0,1,0
02109,SUFFOLK,0,1,0,0
02111,SUFFOLK,1,0,0,0
02114,SUFFOLK,3,0,0,0
02115,SUFFOLK,2,1,0,0
02118,SUFFOLK,3,0,1,0
02119,SUFFOLK,0,1,0,0
02120,SUFFOLK,1,2,0,0
02122,SUFFOLK,0,2,0,0
02124,SUFFOLK,1,1,0,0
02126,SUFFOLK,0,1,0,0
02127,SUFFOLK,0,2,0,0
02129,SUFFOLK,1,1,0,0
02130,SUFFOLK,4,4,0,0
02131,SUFFOLK,1,1,0,0
02132,SUFFOLK,1,5,0,0
02134,SUFFOLK,0,1,0,0
02135,SUFFOLK,3,3,0,0
02136,SUFFOLK,0,1,0,0
02138,MIDDLESEX,1,5,0,0
02139,MIDDLESEX,1,0,1,0
02140,MIDDLESEX,0,1,0,0
02143,MIDDLESEX,1,0,0,0
02144,MIDDLESEX,0,1,0,0
02145,MIDDLESEX,0,0,1,0
02146,NORFOLK,1,0,0,0
02148,MIDDLESEX,0,3,1,0
02149,MIDDLESEX,1,1,1,0
02150,SUFFOLK,0,6,1,0
02151,SUFFOLK,0,3,1,0
02152,SUFFOLK,0,1,1,0
02155,MIDDLESEX,1,3,1,0
02164,MIDDLESEX,0,1,0,0
02167,NORFOLK,1,0,0,0
02169,NORFOLK,1,7,0,0
02170,NORFOLK,0,1,0,0
02171,NORFOLK,0,2,1,0
02176,MIDDLESEX,1,3,1,0
02180,MIDDLESEX,0,3,1,0
02184,NORFOLK,1,7,1,0
02186,NORFOLK,1,2,1,0
02188,NORFOLK,0,3,0,0
02189,NORFOLK,0,1,1,0
02190,NORFOLK,1,1,0,0
02192,NORFOLK,1,0,0,0
02215,SUFFOLK,3,0,0,0
02238,MIDDLESEX,1,0,0,0
02254,MIDDLESEX,1,0,0,0
02301,PLYMOUTH,1,5,1,0
02302,PLYMOUTH,1,2,0,0
02322,NORFOLK,0,0,1,0
02324,PLYMOUTH,0,1,1,0
02330,PLYMOUTH,0,0,1,0
02332,PLYMOUTH,0,3,1,0
02333,PLYMOUTH,0,1,1,0
02338,PLYMOUTH,0,0,1,0
02339,PLYMOUTH,0,0,1,0
02341,PLYMOUTH,0,1,1,0
02343,NORFOLK,0,0,1,0
02346,PLYMOUTH,2,4,1,0
02347,PLYMOUTH,0,0,1,0
02351,PLYMOUTH,0,1,1,0
02356,BRISTOL,0,2,1,0
02359,PLYMOUTH,1,1,1,0
02360,PLYMOUTH,1,7,1,0
02364,PLYMOUTH,0,2,1,0
02367,PLYMOUTH,0,0,1,0
02368,NORFOLK,0,1,1,0
02370,PLYMOUTH,0,2,1,0
02379,PLYMOUTH,0,1,1,0
02382,PLYMOUTH,0,0,1,0
02401,PLYMOUTH,1,0,0,0
02420,MIDDLESEX,0,1,1,0
02421,MIDDLESEX,0,3,0,0
02445,NORFOLK,0,1,1,0
02446,NORFOLK,0,1,0,0
02451,MIDDLESEX,0,1,1,0
02452,MIDDLESEX,0,1,0,0
02453,MIDDLESEX,1,1,0,0
02458,MIDDLESEX,0,2,0,0
02459,MIDDLESEX,0,1,1,0
02462,MIDDLESEX,1,2,0,0
02464,MIDDLESEX,0,1,0,0
02465,MIDDLESEX,0,3,0,0
02466,MIDDLESEX,0,1,0,0
02467,NORFOLK,0,3,0,0
02472,MIDDLESEX,0,3,1,0
02474,MIDDLESEX,0,1,0,0
02476,MIDDLESEX,0,2,1,0
02478,MIDDLESEX,1,1,1,0
02481,NORFOLK,0,3,1,0
02482,NORFOLK,0,1,0,0
02492,NORFOLK,0,3,1,0
02493,MIDDLESEX,0,3,1,0
02494,NORFOLK,0,2,0,0
02532,BARNSTABLE,0,3,1,0
02535,DUKES,0,0,2,0
02537,BARNSTABLE,1,0,0,0
02539,DUKES,0,0,1,0
02540,BARNSTABLE,1,5,1,0
02542,BARNSTABLE,1,0,0,0
02554,NANTUCKET,1,1,1,0
02556,BARNSTABLE,0,1,0,0
02557,DUKES,1,1,1,0
02559,BARNSTABLE,1,1,0,0
02560,PLYMOUTH,0,1,0,0
02563,BARNSTABLE,0,3,1,0
02568,DUKES,0,1,2,0
02571,PLYMOUTH,1,3,1,0
02601,BARNSTABLE,1,2,1,0
02630,BARNSTABLE,0,0,1,0
02631,BARNSTABLE,0,3,1,0
02632,BARNSTABLE,0,3,0,0
02633,BARNSTABLE,0,0,1,0
02639,BARNSTABLE,0,0,1,0
02642,BARNSTABLE,0,0,1,0
02645,BARNSTABLE,0,1,1,0
02649,BARNSTABLE,0,3,1,0
02650,BARNSTABLE,0,2,0,0
02653,BARNSTABLE,0,0,1,0
02657,BARNSTABLE,0,0,1,0
02660,BARNSTABLE,0,1,0,0
02664,BARNSTABLE,0,2,1,0
02666,BARNSTABLE,0,0,1,0
02667,BARNSTABLE,0,0,1,0
02673,BARNSTABLE,0,3,0,0
02676,BRISTOL,0,1,0,0
02702,BRISTOL,0,0,1,0
02703,BRISTOL,2,5,1,0
02715,BRISTOL,0,0,1,0
02719,BRISTOL,0,4,1,0
02720,BRISTOL,2,5,0,0
02721,BRISTOL,1,1,0,0
02722,BRISTOL,0,0,1,0
02723,BRISTOL,0,1,0,0
02724,BRISTOL,0,2,0,0
02725,BRISTOL,0,2,0,0
02726,BRISTOL,0,1,1,0
02738,PLYMOUTH,0,1,1,0
02739,PLYMOUTH,0,0,1,0
02740,BRISTOL,1,4,2,0
02743,BRISTOL,0,0,1,0
02745,BRISTOL,1,2,0,0
02746,BRISTOL,0,1,0,0
02747,BRISTOL,1,3,1,0
02748,BRISTOL,0,1,0,0
02760,BRISTOL,0,1,1,0
02762,NORFOLK,0,0,1,0
02763,BRISTOL,0,1,0,0
02766,BRISTOL,0,2,1,0
02767,BRISTOL,0,1,1,0
02769,BRISTOL,0,0,1,0
02770,PLYMOUTH,0,0,1,0
02771,BRISTOL,0,0,1,0
02777,BRISTOL,0,2,1,0
02779,BRISTOL,0,0,1,0
02780,BRISTOL,2,4,1,0
02790,BRISTOL,0,0,1,0
02806,BRISTOL,0,1,0,0
02809,BRISTOL,0,4,0,0
02816,KENT,0,5,0,0
02818,KENT,0,5,0,0
02827,KENT,0,1,0,0
02828,PROVIDENCE,0,5,0,0
02830,PROVIDENCE,1,0,0,0
02838,PROVIDENCE,0,1,0,0
02840,NEWPORT,1,4,0,0
02842,NEWPORT,0,5,0,0
02852,WASHINGTON,0,3,0,0
02857,PROVIDENCE,0,1,0,0
02859,PROVIDENCE,0,3,0,0
02860,PROVIDENCE,1,6,0,0
02861,PROVIDENCE,0,1,0,0
02863,PROVIDENCE,0,3,0,0
02864,PROVIDENCE,0,4,0,0
02865,PROVIDENCE,0,2,0,0
02871,NEWPORT,0,1,0,0
02878,NEWPORT,0,2,0,0
02879,WASHINGTON,1,5,0,0
02885,BRISTOL,0,4,0,0
02886,KENT,1,9,0,0
02888,KENT,0,2,0,0
02889,KENT,0,2,0,0
02891,WASHINGTON,1,8,0,0
02892,WASHINGTON,0,2,0,0
02893,KENT,0,2,0,0
02895,PROVIDENCE,1,8,0,0
02896,PROVIDENCE,1,2,0,0
02903,PROVIDENCE,2,4,0,0
02904,PROVIDENCE,1,5,0,0
02905,PROVIDENCE,1,2,0,0
02906,PROVIDENCE,2,6,0,0
02907,PROVIDENCE,1,3,0,0
02908,PROVIDENCE,2,4,1,0
02911,PROVIDENCE,0,1,0,0
02914,PROVIDENCE,0,11,0,0
02915,PROVIDENCE,1,4,0,0
02917,PROVIDENCE,0,3,0,0
02919,PROVIDENCE,1,7,0,0
02920,PROVIDENCE,2,3,0,0
03038,ROCKINGHAM,1,3,0,0
03044,ROCKINGHAM,0,1,0,0
03045,HILLSBOROUGH,0,3,0,0
03047,HILLSBOROUGH,1,4,0,0
03051,HILLSBOROUGH,0,1,0,0
03054,HILLSBOROUGH,0,1,0,0
03055,HILLSBOROUGH,1,4,0,0
03060,HILLSBOROUGH,1,2,1,0
03061,HILLSBOROUGH,1,0,0,0
03062,HILLSBOROUGH,2,2,0,0
03071,HILLSBOROUGH,0,1,0,0
03077,ROCKINGHAM,0,1,0,0
03079,ROCKINGHAM,1,1,0,0
03084,HILLSBOROUGH,0,6,0,0
03086,HILLSBOROUGH,0,1,0,0
03087,ROCKINGHAM,0,2,0,0
03101,HILLSBOROUGH,0,0,1,0
03102,HILLSBOROUGH,1,2,0,0
03103,HILLSBOROUGH,2,0,0,0
03104,HILLSBOROUGH,1,9,0,0
03109,HILLSBOROUGH,0,1,0,0
03110,HILLSBOROUGH,0,4,0,0
03216,MERRIMACK,0,1,0,0
03222,GRAFTON,0,2,0,0
03224,MERRIMACK,0,1,0,0
03234,MERRIMACK,0,1,0,0
03235,MERRIMACK,1,2,0,0
03238,GRAFTON,0,1,0,0
03244,HILLSBOROUGH,0,1,0,0
03246,BELKNAP,1,4,0,0
03253,BELKNAP,0,2,0,0
03257,MERRIMACK,1,0,0,0
03263,MERRIMACK,0,1,0,0
03264,GRAFTON,1,0,0,0
03275,MERRIMACK,0,1,0,0
03276,MERRIMACK,0,1,0,0
03301,MERRIMACK,2,6,1,0
03303,MERRIMACK,0,2,0,0
03431,CHESHIRE,1,6,0,0
03452,CHESHIRE,0,1,0,0
03458,HILLSBOROUGH,1,2,0,0
03467,CHESHIRE,0,1,0,0
03470,CHESHIRE,0,1,0,0
03561,GRAFTON,1,0,0,0
03570,COOS,1,2,0,0
03576,COOS,1,0,0,0
03580,GRAFTON,0,1,0,0
03584,COOS,1,1,0,0
03590,COOS,0,0,1,0
03597,COOS,0,1,0,0
03598,COOS,0,2,0,0
03603,SULLIVAN,0,1,0,0
03743,SULLIVAN,1,3,0,0
03755,GRAFTON,0,3,0,0
03756,GRAFTON,1,0,0,0
03765,GRAFTON,0,1,0,0
03766,GRAFTON,1,1,0,0
03773,SULLIVAN,0,2,0,0
03774,GRAFTON,0,1,0,0
03782,SULLIVAN,0,1,0,0
03784,GRAFTON,0,1,0,0
03785,GRAFTON,1,0,0,0
03801,ROCKINGHAM,2,5,0,0
03820,STRAFFORD,2,6,0,0
03824,STRAFFORD,0,1,0,0
03825,STRAFFORD,0,1,0,0
03833,ROCKINGHAM,1,5,0,0
03835,STRAFFORD,0,1,0,0
03839,STRAFFORD,0,1,0,0
03841,ROCKINGHAM,1,0,0,0
03842,ROCKINGHAM,0,1,0,0
03860,CARROLL,1,2,0,0
03864,CARROLL,0,1,0,0
03865,ROCKINGHAM,1,0,0,0
03867,STRAFFORD,1,6,0,0
03868,STRAFFORD,0,1,0,0
03870,ROCKINGHAM,0,1,0,0
03873,ROCKINGHAM,0,1,0,0
03874,ROCKINGHAM,1,0,0,0
03894,CARROLL,1,2,0,0
03906,YORK,0,2,0,0
03908,YORK,0,1,0,0
03909,YORK,1,3,0,0
04002,YORK,0,2,0,0
04005,YORK,1,38,0,0
04008,SAGADAHOC,0,1,0,0
04009,CUMBERLAND,1,5,0,0
04011,CUMBERLAND,2,16,0,0
04015,CUMBERLAND,0,3,0,0
04017,CUMBERLAND,0,1,0,0
04020,YORK,0,1,0,0
04021,CUMBERLAND,0,4,0,0
04029,CUMBERLAND,0,3,0,0
04030,YORK,0,4,0,0
04032,CUMBERLAND,0,5,0,0
04037,OXFORD,0,2,0,0
04038,CUMBERLAND,0,38,0,0
04039,CUMBERLAND,0,22,0,0
04042,YORK,0,4,0,0
04043,YORK,0,9,0,0
04046,YORK,0,2,0,0
04048,YORK,0,4,0,0
04055,CUMBERLAND,0,1,0,0
04061,YORK,0,1,0,0
04062,CUMBERLAND,0,51,0,0
04063,YORK,0,2,0,0
04064,YORK,1,9,0,0
04071,CUMBERLAND,0,2,0,0
04072,YORK,0,44,0,0
04073,YORK,1,29,0,0
04074,CUMBERLAND,0,24,0,0
04079,CUMBERLAND,0,1,0,0
04083,YORK,0,6,0,0
04084,CUMBERLAND,0,4,0,0
04085,CUMBERLAND,0,2,0,0
04086,SAGADAHOC,0,10,0,0
04087,YORK,0,4,0,0
04088,OXFORD,0,2,0,0
04090,YORK,0,2,0,0
04092,CUMBERLAND,2,66,0,0
04093,YORK,0,5,0,0
04096,CUMBERLAND,0,3,0,0
04101,CUMBERLAND,1,7,1,0
04102,CUMBERLAND,3,26,0,0
04103,CUMBERLAND,0,60,0,0
04105,CUMBERLAND,0,12,0,0
04106,CUMBERLAND,0,25,0,0
04107,CUMBERLAND,0,3,0,0
04110,CUMBERLAND,0,2,0,0
04210,ANDROSCOGGIN,0,76,0,0
04217,OXFORD,0,1,0,0
04221,OXFORD,0,1,0,0
04222,ANDROSCOGGIN,0,1,0,0
04236,ANDROSCOGGIN,0,2,0,0
04238,OXFORD,0,1,0,0
04239,FRANKLIN,0,6,0,0
04240,ANDROSCOGGIN,1,105,0,0
04243,ANDROSCOGGIN,1,0,0,0
04250,ANDROSCOGGIN,0,6,0,0
04252,ANDROSCOGGIN,0,3,0,0
04256,ANDROSCOGGIN,0,2,0,0
04257,OXFORD,0,4,0,0
04258,ANDROSCOGGIN,0,4,0,0
04259,KENNEBEC,0,1,0,0
04260,CUMBERLAND,0,9,0,0
04263,ANDROSCOGGIN,0,1,0,0
04268,OXFORD,1,7,0,0
04270,OXFORD,0,3,0,0
04276,OXFORD,1,5,0,0
04280,ANDROSCOGGIN,0,2,0,0
04281,OXFORD,0,9,0,0
04282,ANDROSCOGGIN,0,5,0,0
04287,SAGADAHOC,0,3,0,0
04289,OXFORD,0,3,0,0
04294,FRANKLIN,0,1,0,0
04330,KENNEBEC,4,39,1,0
04341,LINCOLN,0,1,0,0
04344,KENNEBEC,0,4,0,0
04345,KENNEBEC,0,12,0,0
04346,KENNEBEC,0,2,0,0
04347,KENNEBEC,0,5,0,0
04348,LINCOLN,0,1,0,0
04350,KENNEBEC,0,2,0,0
04351,KENNEBEC,0,1,0,0
04355,KENNEBEC,0,1,0,0
04357,SAGADAHOC,0,1,0,0
04358,KENNEBEC,0,2,0,0
04363,KENNEBEC,0,3,0,0
04364,KENNEBEC,0,5,0,0
04401,PENOBSCOT,4,95,1,0
04406,PISCATAQUIS,0,2,0,0
04412,PENOBSCOT,0,26,0,0
04416,HANCOCK,0,7,0,0
04419,PENOBSCOT,0,2,0,0
04422,PENOBSCOT,0,1,0,0
04424,WASHINGTON,0,2,0,0
04426,PISCATAQUIS,1,10,0,0
04427,PENOBSCOT,0,3,0,0
04428,PENOBSCOT,0,8,0,0
04429,PENOBSCOT,0,6,0,0
04430,PENOBSCOT,0,1,0,0
04438,WALDO,0,2,0,0
04441,PISCATAQUIS,1,0,0,0
04444,PENOBSCOT,0,28,0,0
04448,PENOBSCOT,0,1,0,0
04455,PENOBSCOT,0,1,0,0
04457,PENOBSCOT,1,4,0,0
04461,PENOBSCOT,0,5,0,0
04462,PENOBSCOT,1,1,0,0
04463,PISCATAQUIS,0,1,0,0
04468,PENOBSCOT,0,10,0,0
04473,PENOBSCOT,0,7,0,0
04474,PENOBSCOT,0,1,0,0
04496,WALDO,0,3,0,0
04530,SAGADAHOC,0,9,0,0
04537,LINCOLN,0,1,0,0
04538,LINCOLN,1,3,0,0
04543,LINCOLN,1,5,0,0
04551,LINCOLN,0,1,0,0
04553,LINCOLN,0,10,0,0
04556,LINCOLN,0,1,0,0
04564,LINCOLN,0,1,0,0
04572,LINCOLN,0,3,0,0
04573,LINCOLN,0,1,0,0
04574,KNOX,0,1,0,0
04578,LINCOLN,0,5,0,0
04579,SAGADAHOC,0,1,0,0
04605,HANCOCK,2,15,0,0
04606,WASHINGTON,0,2,0,0
04609,HANCOCK,1,4,0,0
04614,HANCOCK,1,1,0,0
04619,WASHINGTON,1,8,0,0
04627,HANCOCK,0,1,0,0
04631,WASHINGTON,0,1,0,0
04634,HANCOCK,0,4,0,0
04640,HANCOCK,0,8,0,0
04643,WASHINGTON,0,5,0,0
04649,WASHINGTON,0,3,0,0
04654,WASHINGTON,1,4,0,0
04658,WASHINGTON,0,2,0,0
04664,HANCOCK,0,1,0,0
04671,WASHINGTON,0,2,0,0
04684,HANCOCK,0,2,0,0
04730,AROOSTOOK,1,9,0,0
04732,AROOSTOOK,0,1,0,0
04736,AROOSTOOK,1,1,0,0
04739,AROOSTOOK,0,6,0,0
04743,AROOSTOOK,1,1,0,0
04745,AROOSTOOK,0,1,0,0
04747,AROOSTOOK,0,2,0,0
04750,AROOSTOOK,0,1,0,0
04756,AROOSTOOK,0,3,0,0
04757,AROOSTOOK,0,1,0,0
04765,PENOBSCOT,0,3,0,0
04769,AROOSTOOK,1,7,0,0
04785,AROOSTOOK,0,8,0,0
04787,AROOSTOOK,0,1,0,0
04840,HANCOCK,0,1,0,0
04841,KNOX,0,10,0,0
04843,KNOX,0,6,0,0
04848,WALDO,0,1,0,0
04853,KNOX,0,1,0,0
04854,KNOX,0,3,0,0
04856,KNOX,1,2,0,0
04861,KNOX,0,2,0,0
04862,KNOX,0,1,0,0
04863,KNOX,0,1,0,0
04864,KNOX,0,7,0,0
04901,KENNEBEC,3,14,0,0
04911,SOMERSET,0,1,0,0
04912,SOMERSET,0,3,0,0
04915,WALDO,1,11,0,0
04920,SOMERSET,0,1,0,0
04924,SOMERSET,0,1,0,0
04927,KENNEBEC,0,1,0,0
04930,PENOBSCOT,0,3,0,0
04937,SOMERSET,0,5,0,0
04938,FRANKLIN,1,20,0,0
04943,SOMERSET,0,2,0,0
04944,SOMERSET,0,2,0,0
04950,SOMERSET,0,6,0,0
04953,PENOBSCOT,0,1,0,0
04955,FRANKLIN,0,1,0,0
04957,SOMERSET,0,1,0,0
04958,SOMERSET,0,4,0,0
04963,KENNEBEC,0,6,0,0
04965,SOMERSET,0,1,0,0
04967,SOMERSET,1,4,0,0
04971,SOMERSET,0,3,0,0
04974,WALDO,0,1,0,0
04975,SOMERSET,0,1,0,0
04976,SOMERSET,1,7,0,0
04978,SOMERSET,0,1,0,0
05001,WINDSOR,1,2,2,0
05009,WINDSOR,1,0,0,0
05030,WINDSOR,0,1,0,0
05031,WINDSOR,0,0,1,0
05032,WINDSOR,0,0,1,0
05033,ORANGE,0,2,1,0
05034,WINDSOR,0,0,1,0
05036,ORANGE,0,0,1,0
05038,ORANGE,0,1,1,0
05039,ORANGE,0,0,1,0
05045,ORANGE,0,1,1,0
05048,WINDSOR,0,0,1,0
05051,ORANGE,0,0,1,0
05053,WINDSOR,0,0,1,0
05055,WINDSOR,0,0,1,0
05056,WINDSOR,0,0,1,0
05060,ORANGE,1,3,2,0
05061,ORANGE,0,1,0,0
05062,WINDSOR,0,0,1,0
05065,WINDSOR,0,0,1,0
05068,WINDSOR,0,0,1,0
05072,ORANGE,0,0,1,0
05075,ORANGE,0,0,1,0
05076,ORANGE,0,0,1,0
05077,ORANGE,0,0,1,0
05079,ORANGE,0,0,1,0
05081,ORANGE,0,0,1,0
05083,ORANGE,0,0,1,0
05089,WINDSOR,1,6,3,0
05091,WINDSOR,0,2,1,0
05101,WINDHAM,0,2,1,0
05142,WINDSOR,0,0,1,0
05143,WINDSOR,0,0,4,0
05146,WINDHAM,0,0,1,0
05148,BENNINGTON,0,0,1,0
05149,WINDSOR,0,1,1,0
05150,WINDSOR,0,1,0,0
05152,BENNINGTON,0,0,1,0
05155,WINDHAM,0,0,1,0
05156,WINDSOR,1,1,2,0
05158,WINDHAM,0,0,1,0
05161,WINDSOR,0,0,1,0
05201,BENNINGTON,1,10,3,0
05250,BENNINGTON,0,0,2,0
05252,BENNINGTON,0,0,1,0
05253,BENNINGTON,0,0,1,0
05255,BENNINGTON,0,2,1,0
05257,BENNINGTON,0,2,0,0
05261,BENNINGTON,0,0,1,0
05262,BENNINGTON,0,0,1,0
05301,WINDHAM,2,4,3,0
05302,WINDHAM,0,1,0,0
05340,BENNINGTON,0,0,1,0
05342,WINDHAM,0,0,1,0
05343,WINDHAM,0,0,1,0
05344,WINDHAM,0,0,1,0
05345,WINDHAM,0,0,2,0
05346,WINDHAM,0,0,2,0
05350,BENNINGTON,0,0,1,0
05352,BENNINGTON,0,0,1,0
05353,WINDHAM,1,1,1,0
05354,WINDHAM,0,2,1,0
05355,WINDHAM,0,0,1,0
05356,WINDHAM,0,0,1,0
05358,WINDHAM,0,0,1,0
05359,WINDHAM,0,0,1,0
05360,WINDHAM,0,0,1,0
05363,BENNINGTON,0,0,2,0
05401,CHITTENDEN,1,7,2,0
05402,CHITTENDEN,0,1,0,0
05403,CHITTENDEN,0,7,0,0
05404,CHITTENDEN,0,1,1,0
05408,CHITTENDEN,0,2,0,0
05440,GRAND ISLE,0,0,1,0
05441,FRANKLIN,0,0,1,0
05442,LAMOILLE,0,0,1,0
05443,ADDISON,0,1,1,0
05444,FRANKLIN,0,0,1,0
05445,CHITTENDEN,0,0,1,0
05446,CHITTENDEN,0,2,1,0
05450,FRANKLIN,0,1,2,0
05451,CHITTENDEN,0,1,0,0
05452,CHITTENDEN,0,2,0,0
05454,FRANKLIN,0,0,1,0
05455,FRANKLIN,0,0,1,0
05456,ADDISON,0,0,1,0
05457,FRANKLIN,0,0,1,0
05458,GRAND ISLE,0,0,1,0
05459,FRANKLIN,0,0,1,0
05461,CHITTENDEN,0,0,1,0
05463,GRAND ISLE,0,0,1,0
05464,LAMOILLE,0,0,1,0
05468,CHITTENDEN,0,0,1,0
05471,FRANKLIN,0,0,1,0
05472,ADDISON,0,0,1,0
05473,ADDISON,0,0,1,0
05474,GRAND ISLE,0,0,1,0
05476,FRANKLIN,0,2,1,0
05477,CHITTENDEN,0,1,0,0
05478,FRANKLIN,0,6,4,0
05482,CHITTENDEN,0,3,0,0
05483,FRANKLIN,0,0,1,0
05484,LAMOILLE,0,1,0,0
05486,GRAND ISLE,0,0,1,0
05487,FRANKLIN,1,0,1,0
05488,FRANKLIN,0,1,1,0
05489,CHITTENDEN,0,0,1,0
05491,ADDISON,0,2,4,0
05492,LAMOILLE,0,0,1,0
05494,CHITTENDEN,0,1,1,0
05495,CHITTENDEN,0,1,1,0
05602,WASHINGTON,2,6,3,0
05641,WASHINGTON,0,8,3,0
05647,WASHINGTON,0,0,1,0
05650,WASHINGTON,0,0,2,0
05651,WASHINGTON,0,0,1,0
05653,LAMOILLE,0,0,1,0
05655,LAMOILLE,0,1,1,0
05656,LAMOILLE,0,0,1,0
05657,LAMOILLE,0,0,1,0
05658,WASHINGTON,0,0,1,0
05660,WASHINGTON,0,0,2,0
05661,LAMOILLE,1,2,2,0
05663,WASHINGTON,0,3,1,0
05667,WASHINGTON,0,0,1,0
05669,WASHINGTON,0,0,1,0
05671,WASHINGTON,1,0,0,0
05672,LAMOILLE,0,0,1,0
05673,WASHINGTON,0,0,1,0
05674,WASHINGTON,0,0,1,0
05675,ORANGE,0,0,1,0
05676,WASHINGTON,0,1,3,0
05679,ORANGE,0,1,1,0
05680,LAMOILLE,0,0,1,0
05701,RUTLAND,1,13,2,0
05733,RUTLAND,0,2,4,0
05734,ADDISON,0,0,1,0
05735,RUTLAND,0,2,2,0
05736,RUTLAND,0,0,1,0
05738,RUTLAND,0,0,1,0
05739,RUTLAND,0,0,2,0
05743,RUTLAND,0,1,3,0
05747,ADDISON,0,0,1,0
05748,ADDISON,0,1,1,0
05750,RUTLAND,0,1,0,0
05751,RUTLAND,0,1,1,0
05753,ADDISON,1,3,4,0
05757,RUTLAND,0,0,1,0
05759,RUTLAND,0,0,1,0
05760,ADDISON,0,0,1,0
05761,RUTLAND,0,0,1,0
05762,RUTLAND,0,0,1,0
05763,RUTLAND,0,0,1,0
05765,RUTLAND,0,0,1,0
05766,ADDISON,0,0,1,0
05767,WINDSOR,0,0,1,0
05769,ADDISON,0,1,1,0
05770,ADDISON,0,0,1,0
05772,WINDSOR,0,0,1,0
05773,RUTLAND,0,4,2,0
05774,RUTLAND,0,0,1,0
05776,BENNINGTON,0,0,1,0
05777,RUTLAND,0,0,2,0
05778,ADDISON,0,0,1,0
05819,CALEDONIA,1,3,2,0
05820,ORLEANS,0,0,1,0
05822,ORLEANS,0,2,1,0
05824,ESSEX,0,0,1,0
05825,ORLEANS,0,0,1,0
05826,ORLEANS,0,1,1,0
05828,CALEDONIA,0,1,0,0
05829,ORLEANS,0,0,1,0
05830,ORLEANS,0,1,1,0
05837,ESSEX,0,0,1,0
05839,ORLEANS,0,1,0,0
05840,ESSEX,0,0,1,0
05841,ORLEANS,0,1,1,0
05842,CHITTENDEN,0,1,0,0
05845,ORLEANS,0,0,1,0
05846,ESSEX,0,0,1,0
05847,ORLEANS,0,0,1,0
05851,CALEDONIA,0,1,1,0
05853,ORLEANS,0,0,1,0
05855,ORLEANS,1,4,1,0
05857,ORLEANS,0,0,1,0
05858,ESSEX,0,1,1,0
05859,ORLEANS,0,0,2,0
05860,ORLEANS,0,0,2,0
05872,ORLEANS,0,0,1,0
05874,ORLEANS,0,0,1,0
05903,ESSEX,0,0,2,0
05905,ESSEX,0,0,3,0
05906,ESSEX,0,0,1,0
05907,ESSEX,0,0,1,0
06001,HARTFORD,0,5,1,0
06002,HARTFORD,0,5,1,0
06010,HARTFORD,1,7,1,0
06018,LITCHFIELD,0,2,0,0
06019,HARTFORD,0,1,0,0
06023,HARTFORD,0,1,0,0
06029,TOLLAND,0,1,0,0
06032,HARTFORD,1,6,0,0
06033,HARTFORD,0,5,1,0
06035,HARTFORD,0,1,0,0
06037,HARTFORD,0,1,0,0
06040,HARTFORD,1,8,1,0
06042,HARTFORD,0,1,0,0
06051,HARTFORD,0,1,0,0
06052,HARTFORD,1,3,1,0
06053,HARTFORD,1,3,0,0
06062,HARTFORD,0,2,1,0
06066,TOLLAND,1,6,0,0
06067,HARTFORD,1,7,0,0
06068,LITCHFIELD,0,1,0,0
06069,NORTHWEST HILLS,1,1,0,0
06070,HARTFORD,0,2,0,0
06071,TOLLAND,0,0,1,0
06074,HARTFORD,0,4,1,0
06076,CAPITOL,1,1,0,0
06078,HARTFORD,0,3,0,0
06082,HARTFORD,0,4,1,0
06084,TOLLAND,0,1,0,0
06088,HARTFORD,0,2,0,0
06089,HARTFORD,0,1,0,0
06095,HARTFORD,0,4,1,0
06096,HARTFORD,0,2,0,0
06102,CAPITOL,1,0,0,0
06105,HARTFORD,1,4,0,0
06106,HARTFORD,3,5,1,0
06107,HARTFORD,0,2,0,0
06108,HARTFORD,0,1,1,0
06109,HARTFORD,0,0,1,0
06110,HARTFORD,0,1,0,0
06111,HARTFORD,1,3,0,0
06112,CAPITOL,1,0,1,0
06114,HARTFORD,0,1,0,0
06117,HARTFORD,1,5,0,0
06119,HARTFORD,0,5,0,0
06226,WINDHAM,1,2,0,0
06234,WINDHAM,0,3,1,0
06239,WINDHAM,0,2,0,0
06241,WINDHAM,0,1,0,0
06248,TOLLAND,0,1,0,0
06249,NEW LONDON,0,0,1,0
06250,CAPITOL,1,0,0,0
06254,NEW LONDON,0,0,1,0
06260,NORTHEASTERN CONNECTICUT,1,1,0,0
06268,TOLLAND,0,1,1,0
06278,WINDHAM,0,1,0,0
06279,TOLLAND,0,1,0,0
06280,WINDHAM,0,2,0,0
06320,NEW LONDON,2,5,0,0
06334,NEW LONDON,0,2,0,0
06339,NEW LONDON,0,0,1,0
06340,NEW LONDON,0,2,1,0
06351,NEW LONDON,0,0,1,0
06355,NEW LONDON,0,6,0,0
06357,NEW LONDON,0,2,0,0
06359,NEW LONDON,0,0,1,0
06360,NEW LONDON,1,6,1,0
06371,NEW LONDON,0,0,1,0
06374,WINDHAM,0,2,0,0
06378,NEW LONDON,0,0,1,0
06382,NEW LONDON,0,2,1,0
06385,NEW LONDON,0,4,0,0
06405,NEW HAVEN,1,4,1,0
06409,MIDDLESEX,0,1,0,0
06410,NEW HAVEN,0,4,1,0
06412,MIDDLESEX,0,3,0,0
06413,MIDDLESEX,0,1,0,0
06414,MIDDLESEX,0,1,0,0
06415,NEW LONDON,0,2,1,0
06416,MIDDLESEX,0,4,1,0
06417,MIDDLESEX,0,1,0,0
06418,NAUGATUCK VALLEY,1,0,0,0
06420,NEW LONDON,0,0,1,0
06422,MIDDLESEX,0,1,1,0
06424,MIDDLESEX,0,1,1,0
06426,MIDDLESEX,0,3,1,0
06437,NEW HAVEN,0,4,1,0
06438,MIDDLESEX,0,2,0,0
06443,NEW HAVEN,0,4,1,0
06447,HARTFORD,0,2,0,0
06450,NEW HAVEN,0,9,1,0
06451,NEW HAVEN,1,2,0,0
06455,MIDDLESEX,0,0,1,0
06457,MIDDLESEX,3,8,1,0
06460,NEW HAVEN,1,3,1,0
06461,NEW HAVEN,0,2,0,0
06469,MIDDLESEX,0,1,0,0
06470,FAIRFIELD,0,4,1,0
06471,NEW HAVEN,0,2,0,0
06473,NEW HAVEN,0,2,1,0
06475,MIDDLESEX,0,2,1,0
06477,NEW HAVEN,0,3,1,0
06479,HARTFORD,0,2,0,0
06480,MIDDLESEX,0,2,0,0
06483,NEW HAVEN,0,1,1,0
06484,FAIRFIELD,0,7,0,0
06488,NEW HAVEN,0,6,1,0
06489,HARTFORD,0,2,1,0
06492,NEW HAVEN,2,7,1,0
06498,MIDDLESEX,0,1,1,0
06510,SOUTH CENTRAL CONNECTICUT,1,0,0,0
06511,NEW HAVEN,1,5,0,0
06512,NEW HAVEN,0,6,0,0
06513,NEW HAVEN,0,4,0,0
06514,NEW HAVEN,0,4,0,0
06516,NEW HAVEN,1,4,1,0
06517,NEW HAVEN,0,5,0,0
06518,NEW HAVEN,0,2,0,0
06519,NEW HAVEN,0,1,1,0
06525,NEW HAVEN,0,3,0,0
06604,FAIRFIELD,0,4,0,0
06606,GREATER BRIDGEPORT,1,1,0,0
06608,FAIRFIELD,0,0,1,0
06610,GREATER BRIDGEPORT,1,0,0,0
06611,FAIRFIELD,0,5,1,0
06612,FAIRFIELD,0,0,1,0
06614,FAIRFIELD,0,3,0,0
06615,FAIRFIELD,0,0,1,0
06702,NEW HAVEN,0,2,0,0
06704,NEW HAVEN,0,1,0,0
06705,NEW HAVEN,0,4,0,0
06706,NAUGATUCK VALLEY,1,0,1,0
06708,NAUGATUCK VALLEY,1,1,0,0
06710,NEW HAVEN,0,4,0,0
06716,NEW HAVEN,0,1,0,0
06757,LITCHFIELD,0,1,0,0
06759,LITCHFIELD,0,2,0,0
06762,NEW HAVEN,0,1,1,0
06770,NEW HAVEN,0,3,0,0
06776,LITCHFIELD,1,2,1,0
06782,LITCHFIELD,0,1,0,0
06784,FAIRFIELD,0,0,1,0
06790,LITCHFIELD,1,6,1,0
06794,LITCHFIELD,0,0,1,0
06795,LITCHFIELD,0,4,0,0
06798,LITCHFIELD,0,1,0,0
06801,FAIRFIELD,0,3,1,0
06804,FAIRFIELD,0,2,1,0
06810,FAIRFIELD,2,4,1,0
06811,FAIRFIELD,0,3,0,0
06812,FAIRFIELD,0,0,1,0
06820,FAIRFIELD,0,3,1,0
06824,FAIRFIELD,0,3,1,0
06825,FAIRFIELD,0,2,0,0
06830,FAIRFIELD,1,3,1,0
06831,FAIRFIELD,0,3,0,0
06840,FAIRFIELD,1,2,1,0
06850,FAIRFIELD,0,2,0,0
06851,FAIRFIELD,0,3,1,0
06854,FAIRFIELD,0,1,0,0
06855,FAIRFIELD,0,1,0,0
06856,WESTERN CONNECTICUT,1,0,0,0
06877,FAIRFIELD,0,3,1,0
06880,FAIRFIELD,0,3,1,0
06890,FAIRFIELD,0,2,0,0
06896,FAIRFIELD,0,2,1,0
06897,FAIRFIELD,0,3,1,0
06901,FAIRFIELD,0,0,1,0
06902,FAIRFIELD,0,7,0,0
06903,FAIRFIELD,0,2,0,0
06904,WESTERN CONNECTICUT,1,0,0,0
06905,FAIRFIELD,0,3,0,0
07001,MIDDLESEX,1,0,0,0
07002,HUDSON,1,1,1,0
07003,ESSEX,0,2,1,0
07004,ESSEX,0,1,0,0
07005,MORRIS,1,3,0,0
07006,ESSEX,0,4,1,0
07009,ESSEX,1,6,0,0
07011,PASSAIC,0,1,0,0
07013,PASSAIC,0,2,1,0
07016,UNION,0,2,1,0
07017,ESSEX,0,3,1,0
07018,ESSEX,3,1,0,0
07020,BERGEN,0,1,0,0
07023,UNION,0,1,0,0
07024,BERGEN,0,0,1,0
07029,HUDSON,0,0,1,0
07030,HUDSON,1,1,1,0
07032,HUDSON,1,2,1,0
07034,MORRIS,0,0,1,0
07035,MORRIS,0,2,1,0
07036,UNION,0,1,1,0
07039,ESSEX,1,8,1,0
07040,ESSEX,0,2,1,0
07042,ESSEX,2,5,1,0
07045,MORRIS,0,1,1,0
07046,MORRIS,0,1,0,0
07047,HUDSON,1,3,0,0
07050,ESSEX,0,2,1,0
07052,ESSEX,1,9,2,0
07054,MORRIS,0,4,0,0
07055,PASSAIC,3,3,1,0
07059,SOMERSET,0,2,0,0
07060,UNION,0,3,1,0
07065,UNION,2,2,1,0
07066,UNION,0,1,1,0
07068,ESSEX,0,1,0,0
07069,SOMERSET,0,2,0,0
07076,UNION,0,2,0,0
07079,ESSEX,0,0,1,0
07080,MIDDLESEX,0,1,0,0
07083,UNION,1,1,1,0
07087,HUDSON,0,3,0,0
07088,UNION,0,1,0,0
07090,UNION,0,2,2,0
07092,UNION,1,4,0,0
07093,HUDSON,0,1,1,0
07094,HUDSON,2,1,1,0
07095,MIDDLESEX,0,1,1,0
07102,ESSEX,2,0,1,0
07103,ESSEX,1,2,0,0
07104,ESSEX,0,3,1,0
07107,ESSEX,1,1,0,0
07109,ESSEX,1,1,0,0
07111,ESSEX,0,1,1,0
07112,ESSEX,2,0,0,0
07201,UNION,0,1,1,0
07202,UNION,0,3,0,0
07203,UNION,0,0,1,0
07206,UNION,1,1,0,0
07207,UNION,2,0,0,0
07302,HUDSON,1,2,0,0
07304,HUDSON,0,0,1,0
07305,HUDSON,0,3,0,0
07306,HUDSON,1,1,0,0
07307,HUDSON,0,1,0,0
07401,BERGEN,0,2,0,0
07403,PASSAIC,0,1,0,0
07407,BERGEN,0,0,1,0
07410,BERGEN,0,2,1,0
07416,SUSSEX,0,1,0,0
07417,BERGEN,0,1,0,0
07420,PASSAIC,0,2,0,0
07430,BERGEN,0,2,0,0
07432,BERGEN,0,1,0,0
07436,BERGEN,0,1,0,0
07444,MORRIS,1,2,1,0
07446,BERGEN,0,2,0,0
07450,BERGEN,1,2,0,0
07456,PASSAIC,0,0,1,0
07458,BERGEN,0,1,0,0
07461,SUSSEX,1,0,0,0
07463,BERGEN,0,1,1,0
07470,PASSAIC,2,15,1,0
07480,PASSAIC,0,2,1,0
07481,BERGEN,1,2,0,0
07503,PASSAIC,1,0,1,0
07505,PASSAIC,0,0,1,0
07506,PASSAIC,0,1,0,0
07508,PASSAIC,0,1,0,0
07512,PASSAIC,0,1,0,0
07514,PASSAIC,1,2,0,0
07522,PASSAIC,0,1,0,0
07601,BERGEN,1,3,1,0
07607,BERGEN,0,1,0,0
07621,BERGEN,0,2,1,0
07626,BERGEN,0,3,0,0
07630,BERGEN,0,3,0,0
07631,BERGEN,1,4,1,0
07640,BERGEN,0,1,0,0
07642,BERGEN,0,2,0,0
07645,BERGEN,0,1,0,0
07646,BERGEN,0,1,1,0
07647,BERGEN,0,2,0,0
07648,BERGEN,0,2,0,0
07649,BERGEN,0,1,0,0
07650,BERGEN,0,0,1,0
07652,BERGEN,2,10,2,0
07656,BERGEN,0,3,0,0
07662,BERGEN,1,1,0,0
07663,BERGEN,1,0,0,0
07666,BERGEN,1,4,1,0
07670,BERGEN,0,3,0,0
07675,BERGEN,2,5,0,0
07676,BERGEN,0,1,1,0
07677,BERGEN,0,3,0,0
07701,MONMOUTH,1,3,0,0
07702,MONMOUTH,0,4,0,0
07712,MONMOUTH,0,1,1,0
07716,MONMOUTH,0,1,0,0
07719,MONMOUTH,0,7,0,0
07721,MONMOUTH,0,1,0,0
07722,MONMOUTH,0,1,1,0
07724,MONMOUTH,1,5,0,0
07726,MONMOUTH,0,5,1,0
07728,MONMOUTH,1,9,2,0
07730,MONMOUTH,0,2,0,0
07731,MONMOUTH,0,1,0,0
07733,MONMOUTH,1,5,0,0
07734,MONMOUTH,0,2,0,0
07738,MONMOUTH,0,2,0,0
07740,MONMOUTH,2,1,1,0
07746,MONMOUTH,0,1,0,0
07747,MONMOUTH,0,4,0,0
07748,MONMOUTH,0,2,1,0
07751,MONMOUTH,0,1,0,0
07753,MONMOUTH,1,10,0,0
07754,MONMOUTH,1,0,0,0
07756,MONMOUTH,0,1,0,0
07762,MONMOUTH,0,1,0,0
07801,MORRIS,2,3,1,0
07821,SUSSEX,0,2,0,0
07823,WARREN,0,2,0,0
07825,WARREN,1,0,0,0
07826,SUSSEX,0,1,0,0
07828,MORRIS,0,0,1,0
07830,HUNTERDON,0,1,0,0
07832,WARREN,0,1,0,0
07834,MORRIS,1,2,1,0
07840,WARREN,1,4,0,0
07844,WARREN,0,1,0,0
07849,MORRIS,0,0,1,0
07853,MORRIS,0,0,1,0
07856,MORRIS,0,1,0,0
07860,SUSSEX,1,5,1,0
07863,WARREN,0,1,1,0
07866,MORRIS,0,0,1,0
07869,MORRIS,0,2,1,0
07871,SUSSEX,0,2,0,0
07876,MORRIS,0,2,1,0
07901,UNION,1,2,0,0
07902,UNION,1,0,0,0
07920,SOMERSET,0,5,1,0
07922,UNION,1,2,0,0
07928,MORRIS,0,3,0,0
07930,MORRIS,1,1,0,0
07932,MORRIS,0,7,0,0
07936,MORRIS,0,2,1,0
07939,SOMERSET,1,0,0,0
07940,MORRIS,1,2,1,0
07945,MORRIS,0,1,0,0
07950,MORRIS,1,4,0,0
07960,MORRIS,2,3,2,0
07962,MORRIS,1,0,0,0
07974,UNION,0,3,0,0
07977,SOMERSET,1,0,0,0
07981,MORRIS,0,4,1,0
08002,CAMDEN,1,5,0,0
08003,CAMDEN,0,2,0,0
08004,CAMDEN,0,2,0,0
08005,OCEAN,0,1,0,0
08008,OCEAN,0,0,1,0
08009,CAMDEN,1,2,0,0
08012,CAMDEN,2,2,1,0
08015,BURLINGTON,1,0,0,0
08016,BURLINGTON,0,4,0,0
08020,GLOUCESTER,0,1,0,0
08028,GLOUCESTER,0,2,0,0
08033,CAMDEN,0,1,0,0
08034,CAMDEN,0,4,0,0
08037,ATLANTIC,2,3,0,0
08043,CAMDEN,1,12,0,0
08046,BURLINGTON,2,0,0,0
08048,BURLINGTON,0,1,0,0
08050,OCEAN,1,4,0,0
08052,BURLINGTON,0,2,0,0
08053,BURLINGTON,3,6,0,0
08054,BURLINGTON,0,3,0,0
08055,BURLINGTON,0,2,0,0
08057,BURLINGTON,0,9,0,0
08060,BURLINGTON,2,1,1,0
08062,GLOUCESTER,1,1,0,0
08066,GLOUCESTER,0,1,0,0
08068,BURLINGTON,1,1,0,0
08069,SALEM,0,3,0,0
08070,SALEM,0,1,0,0
08071,GLOUCESTER,0,1,0,0
08077,BURLINGTON,0,3,0,0
08079,SALEM,1,1,1,0
08080,GLOUCESTER,0,8,1,0
08084,CAMDEN,1,1,0,0
08085,GLOUCESTER,0,1,0,0
08087,OCEAN,0,3,0,0
08094,GLOUCESTER,1,3,0,0
08096,GLOUCESTER,1,6,0,0
08098,SALEM,0,2,0,0
08102,CAMDEN,0,1,0,0
08103,CAMDEN,3,1,0,0
08104,CAMDEN,1,0,0,0
08105,CAMDEN,0,1,0,0
08108,CAMDEN,0,1,0,0
08109,CAMDEN,0,1,0,0
08110,CAMDEN,0,1,0,0
08201,ATLANTIC,0,1,0,0
08204,CAPE MAY,1,2,0,0
08205,ATLANTIC,0,6,0,0
08210,CAPE MAY,1,4,1,0
08221,ATLANTIC,0,2,0,0
08225,ATLANTIC,0,1,1,0
08226,CAPE MAY,0,2,0,0
08230,CAPE MAY,0,1,0,0
08232,ATLANTIC,0,2,0,0
08234,ATLANTIC,0,3,0,0
08240,ATLANTIC,2,1,0,0
08244,ATLANTIC,1,0,0,0
08302,CUMBERLAND,1,2,0,0
08318,SALEM,1,2,0,0
08330,ATLANTIC,1,1,0,0
08332,CUMBERLAND,0,3,1,0
08360,CUMBERLAND,2,5,1,0
08401,ATLANTIC,4,2,1,0
08502,SOMERSET,2,0,1,0
08512,MIDDLESEX,0,1,0,0
08518,BURLINGTON,0,1,0,0
08520,MERCER,0,2,0,0
08527,OCEAN,0,5,0,0
08534,MERCER,1,1,0,0
08536,MIDDLESEX,1,2,0,0
08540,MERCER,1,7,1,0
08550,MERCER,0,1,1,0
08558,SOMERSET,0,2,0,0
08560,MERCER,0,0,1,0
08608,MERCER,0,0,1,0
08609,MERCER,0,0,1,0
08611,MERCER,1,2,1,0
08618,MERCER,1,1,0,0
08619,MERCER,0,4,0,0
08628,MERCER,1,3,1,0
08629,MERCER,1,1,0,0
08638,MERCER,1,3,0,0
08641,BURLINGTON,1,0,0,0
08648,MERCER,1,3,1,0
08690,MERCER,1,5,0,0
08691,MERCER,0,2,0,0
08701,OCEAN,2,9,0,0
08720,MONMOUTH,0,1,0,0
08721,OCEAN,0,2,0,0
08723,OCEAN,0,3,0,0
08724,OCEAN,2,7,0,0
08734,OCEAN,0,1,0,0
08742,OCEAN,0,1,0,0
08753,OCEAN,0,2,0,0
08755,OCEAN,4,9,1,0
08757,OCEAN,0,4,0,0
08759,OCEAN,0,6,0,0
08805,SOMERSET,0,2,0,0
08807,SOMERSET,0,10,1,0
08812,SOMERSET,0,2,0,0
08816,MIDDLESEX,0,4,0,0
08817,MIDDLESEX,0,1,1,0
08818,MIDDLESEX,2,1,0,0
08820,MIDDLESEX,1,5,0,0
08822,HUNTERDON,1,2,1,0
08831,MIDDLESEX,0,8,0,0
08833,HUNTERDON,0,1,0,0
08837,MIDDLESEX,1,2,0,0
08844,SOMERSET,0,5,1,0
08846,MIDDLESEX,0,0,1,0
08852,MIDDLESEX,0,2,1,0
08854,MIDDLESEX,1,2,0,0
08857,MIDDLESEX,1,5,0,0
08861,MIDDLESEX,3,2,0,0
08865,WARREN,1,3,0,0
08867,HUNTERDON,0,1,0,0
08869,SOMERSET,0,1,0,0
08873,SOMERSET,0,7,0,0
08876,SOMERSET,1,0,3,0
08879,MIDDLESEX,0,1,0,0
08882,MIDDLESEX,0,1,0,0
08901,MIDDLESEX,6,2,1,0
08902,MIDDLESEX,0,2,0,0
08904,MIDDLESEX,0,1,0,0
10002,NEW YORK,1,3,0,0
10003,NEW YORK,3,0,0,0
10010,NEW YORK,1,0,0,0
10011,NEW YORK,1,1,0,0
10013,NEW YORK,0,0,1,0
10014,NEW YORK,0,1,0,0
10016,NEW YORK,2,0,0,0
10019,NEW YORK,2,1,0,0
10021,NEW YORK,6,2,0,0
10022,NEW YORK,0,1,0,0
10023,NEW YORK,0,2,0,0
10024,NEW YORK,0,2,0,0
10025,NEW YORK,1,2,0,0
10027,NEW YORK,0,2,0,0
10029,NEW YORK,2,3,0,0
10032,NEW YORK,3,0,0,0
10034,NEW YORK,1,0,0,0
10035,NEW YORK,2,2,0,0
10036,NEW YORK,0,1,0,0
10037,NEW YORK,1,2,0,0
10038,NEW YORK,1,0,0,0
10040,NEW YORK,0,2,0,0
10044,NEW YORK,1,1,0,0
10065,NEW YORK,2,0,0,0
10075,NEW YORK,0,1,0,0
10128,NEW YORK,0,4,0,0
10301,RICHMOND,0,5,0,0
10303,RICHMOND,0,1,0,0
10304,RICHMOND,2,4,0,0
10305,RICHMOND,2,1,0,0
10306,RICHMOND,0,2,0,0
10309,RICHMOND,1,0,0,0
10310,RICHMOND,1,0,0,0
10314,RICHMOND,0,4,0,0
10451,BRONX,1,0,0,0
10452,BRONX,0,2,0,0
10456,BRONX,1,4,0,0
10457,BRONX,2,2,0,0
10459,BRONX,0,2,0,0
10461,BRONX,7,3,0,0
10462,BRONX,0,2,0,0
10463,BRONX,0,9,0,0
10465,BRONX,0,3,0,0
10466,BRONX,1,2,0,0
10467,BRONX,2,8,0,0
10468,BRONX,1,3,0,0
10469,BRONX,0,8,0,0
10471,BRONX,0,5,0,0
10472,BRONX,0,1,0,0
10473,BRONX,0,1,0,0
10475,BRONX,0,2,0,0
10502,WESTCHESTER,0,3,0,0
10504,WESTCHESTER,0,1,0,0
10509,PUTNAM,0,1,1,0
10510,WESTCHESTER,0,4,0,0
10512,PUTNAM,1,1,0,0
10520,WESTCHESTER,0,3,0,0
10522,WESTCHESTER,1,1,0,0
10528,WESTCHESTER,1,0,0,0
10530,WESTCHESTER,0,1,0,0
10532,WESTCHESTER,0,2,0,0
10536,WESTCHESTER,1,0,0,0
10541,PUTNAM,0,1,0,0
10543,WESTCHESTER,0,2,0,0
10547,WESTCHESTER,0,2,0,0
10548,WESTCHESTER,1,1,0,0
10549,WESTCHESTER,1,1,0,0
10550,WESTCHESTER,1,2,0,0
10552,WESTCHESTER,0,3,0,0
10562,WESTCHESTER,0,5,0,0
10566,WESTCHESTER,0,2,0,0
10567,WESTCHESTER,1,2,0,0
10573,WESTCHESTER,0,2,0,0
10578,WESTCHESTER,0,2,0,0
10580,WESTCHESTER,0,2,0,0
10583,WESTCHESTER,0,1,0,0
10589,WESTCHESTER,0,1,0,0
10591,WESTCHESTER,1,4,0,0
10595,WESTCHESTER,2,4,0,0
10598,WESTCHESTER,0,1,0,0
10600,HAMPSHIRE,0,1,0,0
10601,WESTCHESTER,1,2,0,0
10605,WESTCHESTER,2,2,0,0
10606,WESTCHESTER,0,3,0,0
10607,WESTCHESTER,0,1,0,0
10620,HAMPSHIRE,0,1,0,0
10690,HAMPDEN,0,1,0,0
10701,WESTCHESTER,2,5,0,0
10703,WESTCHESTER,1,2,0,0
10705,WESTCHESTER,0,2,0,0
10706,WESTCHESTER,0,1,0,0
10707,WESTCHESTER,0,1,0,0
10708,WESTCHESTER,1,0,0,0
10710,WESTCHESTER,0,1,0,0
10801,WESTCHESTER,0,2,1,0
10802,WESTCHESTER,1,1,0,0
10805,WESTCHESTER,0,6,0,0
10901,ROCKLAND,1,2,0,0
10916,ORANGE,0,1,0,0
10923,ROCKLAND,0,1,0,0
10924,ORANGE,0,5,1,0
10927,ROCKLAND,0,3,0,0
10940,ORANGE,1,4,0,0
10941,ORANGE,0,1,0,0
10952,ROCKLAND,0,4,0,0
10954,ROCKLAND,0,2,0,0
10956,ROCKLAND,0,4,0,0
10958,ORANGE,1,0,0,0
10960,ROCKLAND,1,2,0,0
10962,ROCKLAND,0,1,0,0
10965,ROCKLAND,0,1,0,0
10970,ROCKLAND,1,0,1,0
10974,ROCKLAND,0,1,0,0
10977,ROCKLAND,0,7,0,0
10987,ORANGE,0,1,0,0
10989,ROCKLAND,0,2,0,0
10990,ORANGE,1,2,0,0
10993,ROCKLAND,1,1,0,0
10996,ORANGE,1,0,0,0
11004,QUEENS,0,1,0,0
11010,NASSAU,0,2,0,0
11020,NASSAU,0,1,0,0
11021,NASSAU,0,4,0,0
11030,NASSAU,1,1,0,0
11040,QUEENS,2,2,0,0
11050,NASSAU,0,5,0,0
11080,HAMPDEN,0,1,0,0
11096,NASSAU,0,1,0,0
11101,QUEENS,0,1,0,0
11102,QUEENS,1,1,0,0
11201,KINGS,3,4,0,0
11203,KINGS,4,2,0,0
11204,KINGS,0,1,0,0
11206,KINGS,1,0,0,0
11207,KINGS,0,3,0,0
11208,KINGS,0,3,0,0
11209,KINGS,1,1,0,0
11211,KINGS,0,1,0,0
11212,KINGS,1,2,0,0
11213,KINGS,1,1,0,0
11214,KINGS,0,4,0,0
11215,KINGS,1,0,0,0
11216,KINGS,0,1,0,0
11217,KINGS,0,2,0,0
11218,KINGS,0,1,0,0
11219,KINGS,1,4,0,0
11220,KINGS,2,0,0,0
11221,KINGS,0,1,0,0
11223,KINGS,0,1,0,0
11224,KINGS,0,6,0,0
11226,KINGS,0,3,0,0
11228,KINGS,0,1,0,0
11229,KINGS,1,1,0,0
11230,KINGS,0,2,0,0
11233,KINGS,0,1,0,0
11234,KINGS,1,1,0,0
11235,KINGS,1,6,0,0
11236,KINGS,0,4,0,0
11237,KINGS,1,0,0,0
11238,KINGS,0,2,0,0
11239,KINGS,0,2,0,0
11249,KINGS,0,1,0,0
11354,QUEENS,0,9,0,0
11355,QUEENS,2,4,0,0
11357,QUEENS,0,2,0,0
11360,QUEENS,0,1,0,0
11361,QUEENS,0,1,0,0
11362,QUEENS,0,2,0,0
11365,QUEENS,0,1,0,0
11366,QUEENS,0,1,0,0
11368,QUEENS,0,4,0,0
11369,QUEENS,0,2,0,0
11372,QUEENS,0,1,0,0
11373,QUEENS,1,1,0,0
11374,QUEENS,0,1,0,0
11375,QUEENS,1,4,0,0
11377,QUEENS,0,1,0,0
11378,QUEENS,0,1,0,0
11379,QUEENS,0,1,0,0
11415,QUEENS,0,1,0,0
11418,QUEENS,1,3,0,0
11423,QUEENS,0,2,0,0
11425,QUEENS,1,0,0,0
11426,QUEENS,1,0,0,0
11427,QUEENS,1,1,0,0
11429,QUEENS,0,1,0,0
11432,QUEENS,1,4,0,0
11434,QUEENS,0,1,0,0
11435,QUEENS,0,1,0,0
11501,NASSAU,1,0,0,0
11520,NASSAU,0,2,0,0
11530,NASSAU,0,1,0,0
11542,NASSAU,1,6,0,0
11550,NASSAU,0,4,0,0
11553,NASSAU,0,2,1,0
11554,NASSAU,1,3,0,0
11558,NASSAU,0,1,0,0
11561,NASSAU,1,5,0,0
11563,NASSAU,0,5,0,0
11570,NASSAU,1,3,0,0
11572,NASSAU,1,2,0,0
11576,NASSAU,1,0,0,0
11577,NASSAU,0,1,0,0
11580,NASSAU,1,1,0,0
11581,NASSAU,0,1,0,0
11590,NASSAU,0,2,0,0
11598,NASSAU,0,2,0,0
11691,QUEENS,1,17,0,0
11692,QUEENS,0,3,0,0
11693,QUEENS,0,1,0,0
11694,QUEENS,0,7,0,0
11701,SUFFOLK,2,2,0,0
11702,SUFFOLK,0,2,0,0
11704,SUFFOLK,0,4,0,0
11705,SUFFOLK,0,1,0,0
11706,SUFFOLK,1,2,0,0
11709,NASSAU,0,1,0,0
11710,NASSAU,0,1,0,0
11714,NASSAU,2,0,0,0
11716,SUFFOLK,0,1,0,0
11717,SUFFOLK,0,3,0,0
11719,SUFFOLK,0,2,0,0
11720,SUFFOLK,0,3,0,0
11722,SUFFOLK,0,1,0,0
11725,SUFFOLK,0,3,0,0
11727,SUFFOLK,0,1,0,0
11730,SUFFOLK,0,1,0,0
11731,SUFFOLK,0,4,0,0
11733,SUFFOLK,0,1,0,0
11735,NASSAU,0,1,0,0
11741,SUFFOLK,0,2,0,0
11742,SUFFOLK,0,2,0,0
11743,SUFFOLK,1,4,0,0
11746,SUFFOLK,0,5,0,0
11747,SUFFOLK,0,2,0,0
11749,SUFFOLK,0,2,0,0
11751,SUFFOLK,0,1,0,0
11753,NASSAU,0,2,0,0
11754,SUFFOLK,0,1,0,0
11755,SUFFOLK,0,1,0,0
11756,NASSAU,0,1,0,0
11758,NASSAU,0,2,0,0
11763,SUFFOLK,0,2,0,0
11766,SUFFOLK,0,1,0,0
11767,SUFFOLK,0,3,0,0
11768,SUFFOLK,1,1,0,0
11769,SUFFOLK,0,1,0,0
11771,NASSAU,0,2,0,0
11772,SUFFOLK,1,5,0,0
11776,SUFFOLK,0,3,0,0
11777,SUFFOLK,2,2,0,0
11779,SUFFOLK,0,3,0,0
11780,SUFFOLK,0,2,0,0
11782,SUFFOLK,0,4,0,0
11787,SUFFOLK,1,5,0,0
11788,SUFFOLK,0,1,1,0
11790,SUFFOLK,0,1,0,0
11791,NASSAU,1,1,0,0
11794,SUFFOLK,1,0,0,0
11795,SUFFOLK,1,1,0,0
11796,SUFFOLK,0,1,0,0
11797,NASSAU,0,4,0,0
11803,NASSAU,2,4,0,0
11901,SUFFOLK,1,2,0,0
11934,SUFFOLK,0,2,0,0
11944,SUFFOLK,1,3,0,0
11953,SUFFOLK,0,2,0,0
11968,SUFFOLK,1,1,0,0
11977,SUFFOLK,0,2,0,0
12009,ALBANY,0,1,0,0
12010,MONTGOMERY,2,6,0,0
12015,GREENE,0,1,0,0
12020,SARATOGA,0,2,0,0
12033,RENSSELAER,0,1,0,0
12037,COLUMBIA,0,1,0,0
12043,SCHOHARIE,1,0,0,0
12047,ALBANY,0,3,0,0
12054,ALBANY,0,3,0,0
12061,RENSSELAER,0,2,0,0
12065,SARATOGA,0,2,0,0
12068,MONTGOMERY,0,0,1,0
12075,COLUMBIA,0,2,0,0
12078,FULTON,1,2,0,0
12084,ALBANY,1,1,0,0
12090,RENSSELAER,0,2,0,0
12095,FULTON,0,3,1,0
12110,ALBANY,0,1,0,0
12118,SARATOGA,0,1,0,0
12144,RENSSELAER,0,1,0,0
12157,SCHOHARIE,0,0,1,0
12159,ALBANY,0,3,0,0
12167,DELAWARE,0,2,0,0
12180,RENSSELAER,4,7,1,0
12182,RENSSELAER,0,1,0,0
12184,COLUMBIA,0,1,0,0
12188,SARATOGA,0,1,0,0
12202,ALBANY,0,0,1,0
12203,ALBANY,0,5,0,0
12204,ALBANY,1,2,0,0
12205,ALBANY,0,1,0,0
12208,ALBANY,5,2,0,0
12210,ALBANY,0,0,1,0
12211,ALBANY,0,2,0,0
12302,SCHENECTADY,0,4,0,0
12303,SCHENECTADY,0,1,0,0
12304,SCHENECTADY,1,4,0,0
12308,SCHENECTADY,2,0,1,0
12309,SCHENECTADY,1,5,0,0
12401,ULSTER,2,3,1,0
12414,GREENE,0,4,1,0
12428,ULSTER,1,0,0,0
12449,ULSTER,0,2,0,0
12455,DELAWARE,1,1,0,0
12477,ULSTER,0,1,0,0
12508,DUTCHESS,0,4,0,0
12511,DUTCHESS,1,0,0,0
12518,ORANGE,1,0,0,0
12522,DUTCHESS,0,1,0,0
12524,DUTCHESS,0,1,0,0
12528,ULSTER,0,4,0,0
12531,PUTNAM,0,1,0,0
12534,COLUMBIA,1,1,1,0
12538,DUTCHESS,0,1,0,0
12541,COLUMBIA,0,1,0,0
12545,DUTCHESS,0,2,0,0
12549,ORANGE,0,1,0,0
12550,ORANGE,1,1,0,0
12553,ORANGE,0,1,0,0
12561,ULSTER,0,4,0,0
12564,DUTCHESS,0,1,0,0
12565,COLUMBIA,0,1,0,0
12572,DUTCHESS,1,4,0,0
12580,DUTCHESS,0,1,0,0
12590,DUTCHESS,0,2,0,0
12601,DUTCHESS,2,5,1,0
12603,DUTCHESS,0,2,0,0
12723,SULLIVAN,1,0,0,0
12742,SULLIVAN,1,1,0,0
12754,SULLIVAN,0,3,1,0
12771,ORANGE,1,3,0,0
12776,DELAWARE,0,1,0,0
12783,SULLIVAN,0,1,0,0
12801,WARREN,1,2,0,0
12803,SARATOGA,0,1,0,0
12804,WARREN,0,4,0,0
12809,WASHINGTON,0,2,0,0
12816,WASHINGTON,0,2,0,0
12828,WASHINGTON,0,1,0,0
12831,SARATOGA,0,1,0,0
12832,WASHINGTON,0,3,0,0
12839,WASHINGTON,0,0,1,0
12842,HAMILTON,0,0,1,0
12845,WARREN,0,0,1,0
12853,WARREN,0,1,0,0
12866,SARATOGA,2,4,1,0
12883,ESSEX,1,3,0,0
12885,WARREN,0,1,0,0
12901,CLINTON,1,5,1,0
12903,CLINTON,0,1,0,0
12932,ESSEX,1,1,1,0
12943,ESSEX,0,1,0,0
12946,ESSEX,1,1,0,0
12953,FRANKLIN,1,3,1,0
12972,CLINTON,0,1,0,0
12983,FRANKLIN,1,0,1,0
12986,FRANKLIN,0,1,0,0
12996,ESSEX,0,1,0,0
13010,FRANKLIN,0,1,0,0
13021,CAYUGA,1,6,1,0
13027,ONONDAGA,0,3,0,0
13031,ONONDAGA,0,1,0,0
13037,MADISON,0,1,0,0
13039,ONONDAGA,0,1,0,0
13045,CORTLAND,1,4,1,0
13057,ONONDAGA,0,2,0,0
13066,ONONDAGA,0,2,0,0
13073,TOMPKINS,0,1,0,0
13077,CORTLAND,0,2,0,0
13078,ONONDAGA,0,4,0,0
13088,ONONDAGA,0,3,0,0
13090,ONONDAGA,0,1,0,0
13104,ONONDAGA,0,2,0,0
13116,ONONDAGA,0,1,0,0
13118,CAYUGA,0,1,0,0
13126,OSWEGO,3,7,1,0
13152,ONONDAGA,0,1,0,0
13163,MADISON,0,0,1,0
13165,SENECA,0,2,1,0
13166,CAYUGA,0,1,0,0
13202,ONONDAGA,0,1,1,0
13203,ONONDAGA,1,3,0,0
13204,ONONDAGA,0,1,0,0
13205,ONONDAGA,0,4,0,0
13207,ONONDAGA,0,1,0,0
13210,ONONDAGA,4,1,0,0
13211,ONONDAGA,1,0,0,0
13212,ONONDAGA,0,1,0,0
13214,ONONDAGA,0,2,0,0
13215,ONONDAGA,1,2,0,0
13219,ONONDAGA,0,2,0,0
13309,ONEIDA,0,1,0,0
13310,WORCESTER,0,1,0,0
13316,ONEIDA,0,1,0,0
13317,MONTGOMERY,0,1,0,0
13323,ONEIDA,0,4,0,0
13326,OTSEGO,1,3,1,0
13346,MADISON,1,0,0,0
13350,HERKIMER,0,4,1,0
13355,MADISON,0,1,0,0
13357,HERKIMER,0,1,0,0
13365,HERKIMER,1,1,0,0
13367,LEWIS,1,2,1,0
13403,ONEIDA,1,0,0,0
13407,HERKIMER,0,1,0,0
13408,MADISON,0,1,0,0
13411,CHENANGO,0,1,0,0
13413,ONEIDA,0,4,0,0
13421,MADISON,1,1,0,0
13424,ONEIDA,0,3,0,0
13428,MONTGOMERY,0,1,0,0
13440,ONEIDA,1,6,0,0
13452,MONTGOMERY,0,1,0,0
13459,SCHOHARIE,0,1,0,0
13480,ONEIDA,0,1,0,0
13501,ONEIDA,2,6,1,0
13502,ONEIDA,4,3,0,0
13601,JEFFERSON,1,4,1,0
13602,JEFFERSON,1,0,0,0
13607,JEFFERSON,1,0,0,0
13613,ST. LAWRENCE,0,1,0,0
13617,ST. LAWRENCE,0,2,1,0
13619,JEFFERSON,1,2,0,0
13642,ST. LAWRENCE,1,0,0,0
13662,ST. LAWRENCE,1,2,0,0
13669,ST. LAWRENCE,1,2,0,0
13676,ST. LAWRENCE,1,0,0,0
13690,ST. LAWRENCE,1,0,0,0
13700,FRANKLIN,0,1,0,0
13753,DELAWARE,1,1,1,0
13760,BROOME,0,5,0,0
13790,BROOME,1,3,0,0
13815,CHENANGO,1,4,1,0
13820,OTSEGO,1,5,0,0
13827,TIOGA,0,1,1,0
13830,CHENANGO,0,3,0,0
13838,DELAWARE,1,0,0,0
13850,BROOME,0,7,0,0
13856,DELAWARE,1,0,0,0
13901,BROOME,0,1,0,0
13903,BROOME,1,1,0,0
13904,BROOME,1,2,0,0
13905,BROOME,1,4,1,0
14020,GENESEE,3,5,1,0
14031,ERIE,0,2,0,0
14032,ERIE,0,1,0,0
14048,CHAUTAUQUA,1,2,0,0
14051,ERIE,0,1,0,0
14052,ERIE,0,1,0,0
14057,ERIE,0,2,0,0
14063,CHAUTAUQUA,0,3,0,0
14067,NIAGARA,0,1,0,0
14068,ERIE,0,5,0,0
14070,CATTARAUGUS,0,1,0,0
14072,ERIE,0,1,0,0
14075,ERIE,0,5,0,0
14081,CHAUTAUQUA,1,0,0,0
14086,ERIE,0,5,0,0
14092,NIAGARA,1,1,0,0
14094,NIAGARA,2,6,1,0
14101,CATTARAUGUS,0,1,0,0
14103,ORLEANS,1,4,0,0
14108,NIAGARA,1,1,0,0
14120,NIAGARA,1,5,0,0
14127,ERIE,1,6,0,0
14131,NIAGARA,0,1,0,0
14136,CHAUTAUQUA,0,1,0,0
14141,ERIE,1,2,0,0
14150,ERIE,0,2,0,0
14200,WORCESTER,0,2,0,0
14201,ERIE,0,2,0,0
14202,ERIE,0,0,2,0
14203,ERIE,2,1,0,0
14208,ERIE,0,1,0,0
14209,ERIE,1,4,0,0
14213,ERIE,1,0,0,0
14214,ERIE,1,1,0,0
14215,ERIE,2,1,0,0
14217,ERIE,1,4,0,0
14218,ERIE,0,1,0,0
14220,ERIE,1,1,0,0
14221,ERIE,1,16,0,0
14222,ERIE,1,0,0,0
14224,ERIE,1,3,0,0
14225,ERIE,1,0,0,0
14226,ERIE,0,1,0,0
14227,ERIE,0,5,0,0
14263,ERIE,1,0,0,0
14301,NIAGARA,0,1,0,0
14302,NIAGARA,1,1,0,0
14304,NIAGARA,0,2,0,0
14411,ORLEANS,0,2,1,0
14414,LIVINGSTON,0,1,0,0
14420,MONROE,1,2,0,0
14424,ONTARIO,2,7,1,0
14432,ONTARIO,1,2,0,0
14437,LIVINGSTON,1,0,0,0
14450,MONROE,0,8,0,0
14454,LIVINGSTON,0,1,0,0
14456,ONTARIO,1,3,0,0
14467,MONROE,0,2,0,0
14468,MONROE,0,1,0,0
14482,GENESEE,0,2,0,0
14485,LIVINGSTON,0,1,0,0
14487,LIVINGSTON,0,1,0,0
14489,WAYNE,0,1,1,0
14502,WAYNE,0,2,0,0
14510,LIVINGSTON,0,1,1,0
14513,WAYNE,1,3,0,0
14514,MONROE,0,2,0,0
14526,MONROE,0,5,0,0
14527,YATES,1,4,1,0
14530,WORCESTER,0,1,0,0
14534,MONROE,0,5,0,0
14550,WYOMING,0,0,1,0
14551,WAYNE,0,1,0,0
14559,MONROE,0,1,0,0
14564,ONTARIO,0,1,0,0
14569,WYOMING,1,3,0,0
14580,MONROE,0,5,0,0
14607,MONROE,0,2,0,0
14609,MONROE,0,2,0,0
14610,MONROE,0,3,0,0
14611,MONROE,1,3,0,0
14612,MONROE,0,5,0,0
14615,MONROE,0,1,0,0
14616,MONROE,0,1,0,0
14618,MONROE,0,6,0,0
14619,MONROE,0,1,0,0
14620,MONROE,3,6,1,0
14621,MONROE,1,4,0,0
14623,MONROE,0,1,0,0
14624,MONROE,0,2,0,0
14626,MONROE,1,7,0,0
14642,MONROE,1,0,0,0
14701,CHAUTAUQUA,2,6,0,0
14706,CATTARAUGUS,0,2,0,0
14727,ALLEGANY,1,1,0,0
14738,CHAUTAUQUA,0,1,0,0
14740,CHAUTAUQUA,0,2,0,0
14742,CHAUTAUQUA,0,1,0,0
14743,CATTARAUGUS,0,1,0,0
14744,ALLEGANY,0,1,0,0
14750,CHAUTAUQUA,0,1,0,0
14755,CATTARAUGUS,0,0,1,0
14757,CHAUTAUQUA,0,0,1,0
14760,CATTARAUGUS,1,2,1,0
14772,CATTARAUGUS,0,1,0,0
14779,CATTARAUGUS,0,1,0,0
14787,CHAUTAUQUA,1,1,0,0
14809,STEUBEN,0,3,0,0
14810,STEUBEN,2,3,1,0
14813,ALLEGANY,0,0,1,0
14830,STEUBEN,1,1,0,0
14843,STEUBEN,2,3,0,0
14845,CHEMUNG,0,3,0,0
14847,SENECA,0,1,0,0
14850,TOMPKINS,1,10,1,0
14865,SCHUYLER,1,2,0,0
14870,STEUBEN,0,2,0,0
14891,SCHUYLER,0,0,1,0
14892,TIOGA,0,2,0,0
14895,ALLEGANY,1,3,0,0
14901,CHEMUNG,2,1,1,0
14902,CHEMUNG,0,1,0,0
14904,CHEMUNG,0,1,0,0
14905,CHEMUNG,1,0,0,0
15001,BEAVER,0,3,0,0
15005,BEAVER,0,1,0,0
15009,BEAVER,2,1,1,0
15010,BEAVER,0,2,0,0
15014,ALLEGHENY,0,1,0,0
15017,ALLEGHENY,0,1,0,0
15024,ALLEGHENY,0,3,0,0
15025,ALLEGHENY,0,2,0,0
15044,ALLEGHENY,0,1,0,0
15063,WASHINGTON,1,2,0,0
15065,ALLEGHENY,2,0,0,0
15068,WESTMORELAND,0,1,0,0
15070,WORCESTER,0,1,0,0
15071,ALLEGHENY,2,0,0,0
15074,BEAVER,0,1,0,0
15086,ALLEGHENY,0,1,0,0
15090,ALLEGHENY,1,2,0,0
15101,ALLEGHENY,0,1,0,0
15102,ALLEGHENY,0,2,0,0
15108,ALLEGHENY,0,3,0,0
15120,ALLEGHENY,0,1,0,0
15122,ALLEGHENY,0,1,0,0
15132,ALLEGHENY,2,4,0,0
15136,ALLEGHENY,1,0,0,0
15139,ALLEGHENY,0,2,0,0
15143,ALLEGHENY,2,1,0,0
15145,ALLEGHENY,0,1,0,0
15146,ALLEGHENY,3,5,0,0
15147,ALLEGHENY,0,3,0,0
15190,WORCESTER,0,1,0,0
15201,ALLEGHENY,0,1,0,0
15202,ALLEGHENY,1,1,0,0
15206,ALLEGHENY,0,4,0,0
15207,ALLEGHENY,0,1,0,0
15212,ALLEGHENY,3,2,0,0
15213,ALLEGHENY,4,1,1,0
15214,ALLEGHENY,0,1,0,0
15215,ALLEGHENY,2,0,0,0
15217,ALLEGHENY,1,4,0,0
15219,ALLEGHENY,1,0,0,0
15220,ALLEGHENY,0,2,0,0
15221,ALLEGHENY,1,1,0,0
15224,ALLEGHENY,4,0,0,0
15227,ALLEGHENY,0,1,0,0
15228,ALLEGHENY,0,1,0,0
15232,ALLEGHENY,1,2,0,0
15234,ALLEGHENY,0,1,0,0
15236,ALLEGHENY,1,2,0,0
15237,ALLEGHENY,1,5,0,0
15238,ALLEGHENY,1,0,0,0
15240,ALLEGHENY,1,0,0,0
15241,ALLEGHENY,1,2,0,0
15243,ALLEGHENY,1,4,0,0
15270,WORCESTER,0,1,0,0
15301,WASHINGTON,2,7,1,0
15317,WASHINGTON,1,8,0,0
15370,GREENE,1,2,1,0
15401,FAYETTE,1,5,1,0
15425,FAYETTE,1,0,0,0
15459,FAYETTE,0,2,0,0
15501,SOMERSET,1,2,1,0
15522,BEDFORD,0,1,1,0
15530,SOMERSET,0,1,0,0
15537,BEDFORD,1,1,0,0
15552,SOMERSET,1,1,0,0
15601,WESTMORELAND,2,9,1,0
15613,WESTMORELAND,0,1,0,0
15620,WORCESTER,0,1,0,0
15642,WESTMORELAND,0,2,0,0
15644,WESTMORELAND,0,1,0,0
15650,WESTMORELAND,2,2,0,0
15666,WESTMORELAND,1,2,0,0
15668,WESTMORELAND,0,2,0,0
15683,WESTMORELAND,0,1,0,0
15701,INDIANA,1,4,1,0
15746,INDIANA,0,1,0,0
15767,JEFFERSON,1,1,1,0
15779,WESTMORELAND,1,0,0,0
15801,CLEARFIELD,1,2,0,0
15810,WORCESTER,0,1,0,0
15824,JEFFERSON,0,1,0,0
15825,JEFFERSON,1,2,0,0
15834,CAMERON,0,1,0,0
15850,WORCESTER,0,2,0,0
15857,ELK,1,2,1,0
15901,CAMBRIA,2,1,0,0
15902,CAMBRIA,0,1,0,0
15904,CAMBRIA,0,3,1,0
15905,CAMBRIA,1,5,0,0
15928,SOMERSET,0,1,0,0
15931,CAMBRIA,0,2,0,0
15946,CAMBRIA,0,1,0,0
15963,SOMERSET,1,2,0,0
16001,BUTLER,2,4,1,0
16023,BUTLER,0,1,0,0
16025,BUTLER,0,3,0,0
16030,WORCESTER,0,1,0,0
16037,BUTLER,0,1,0,0
16038,BUTLER,0,1,0,0
16046,BUTLER,0,2,0,0
16055,BUTLER,0,1,0,0
16056,BUTLER,0,2,0,0
16059,BUTLER,0,1,0,0
16060,WORCESTER,0,1,0,0
16063,BUTLER,0,1,0,0
16066,BUTLER,1,2,0,0
16090,WORCESTER,0,3,0,0
16100,WORCESTER,0,2,0,0
16101,LAWRENCE,0,6,1,0
16105,LAWRENCE,1,1,0,0
16117,LAWRENCE,1,0,0,0
16121,MERCER,1,0,0,0
16125,MERCER,1,2,0,0
16127,MERCER,1,4,0,0
16133,MERCER,0,0,1,0
16137,MERCER,0,3,0,0
16142,LAWRENCE,0,2,0,0
16146,MERCER,1,2,0,0
16148,MERCER,0,4,0,0
16154,MERCER,1,0,0,0
16201,ARMSTRONG,1,3,1,0
16214,CLARION,2,1,1,0
16239,FOREST,0,1,0,0
16254,CLARION,0,1,0,0
16255,CLARION,0,1,0,0
16262,ARMSTRONG,0,1,0,0
16301,VENANGO,0,2,0,0
16323,VENANGO,0,2,0,0
16335,CRAWFORD,1,3,1,0
16346,VENANGO,1,1,1,0
16353,FOREST,0,0,1,0
16354,CRAWFORD,1,2,0,0
16365,WARREN,2,2,1,0
16371,WARREN,0,1,0,0
16406,CRAWFORD,0,1,0,0
16407,ERIE,2,1,0,0
16412,ERIE,0,1,0,0
16415,ERIE,0,1,0,0
16417,ERIE,0,1,0,0
16433,CRAWFORD,0,1,0,0
16501,ERIE,1,0,0,0
16502,ERIE,0,2,0,0
16504,ERIE,1,1,0,0
16505,ERIE,1,2,0,0
16506,ERIE,0,2,0,0
16507,ERIE,1,0,1,0
16508,ERIE,0,2,0,0
16509,ERIE,1,5,0,0
16511,ERIE,0,3,0,0
16512,ERIE,0,1,0,0
16544,ERIE,1,0,0,0
16550,ERIE,1,0,0,0
16601,BLAIR,1,2,1,0
16602,BLAIR,2,2,0,0
16635,BLAIR,0,1,0,0
16646,CAMBRIA,1,1,0,0
16648,BLAIR,0,4,0,0
16652,HUNTINGDON,1,2,1,0
16662,BLAIR,0,2,0,0
16673,BLAIR,1,0,0,0
16686,BLAIR,1,1,0,0
16701,MCKEAN,1,3,1,0
16735,MCKEAN,1,1,0,0
16749,MCKEAN,0,2,0,0
16801,CENTRE,0,3,1,0
16803,CENTRE,1,1,0,0
16823,CENTRE,1,3,0,0
16828,CENTRE,1,0,0,0
16830,CLEARFIELD,1,2,1,0
16833,CLEARFIELD,0,1,0,0
16866,CENTRE,0,1,0,0
16901,TIOGA,1,3,1,0
16915,POTTER,1,2,1,0
16947,BRADFORD,1,1,0,0
17003,LEBANON,0,2,0,0
17004,MIFFLIN,0,1,0,0
17011,CUMBERLAND,2,3,0,0
17013,CUMBERLAND,0,6,1,0
17015,CUMBERLAND,1,2,0,0
17016,LEBANON,0,1,0,0
17020,PERRY,0,2,0,0
17022,LANCASTER,0,4,0,0
17023,DAUPHIN,0,1,0,0
17025,CUMBERLAND,2,0,0,0
17033,DAUPHIN,2,0,0,0
17036,DAUPHIN,1,1,0,0
17042,LEBANON,2,4,0,0
17044,MIFFLIN,1,2,1,0
17046,LEBANON,0,1,1,0
17055,CUMBERLAND,2,4,0,0
17057,DAUPHIN,0,5,0,0
17059,JUNIATA,0,2,0,0
17061,DAUPHIN,0,1,0,0
17064,LEBANON,1,0,0,0
17067,LEBANON,0,2,0,0
17068,PERRY,0,1,0,0
17074,PERRY,0,0,1,0
17078,LEBANON,0,4,0,0
17082,JUNIATA,0,0,1,0
17086,JUNIATA,0,1,0,0
17101,DAUPHIN,1,0,0,0
17102,DAUPHIN,0,1,1,0
17104,DAUPHIN,1,0,1,0
17105,DAUPHIN,2,0,0,0
17109,DAUPHIN,1,1,0,0
17110,DAUPHIN,1,2,0,0
17111,DAUPHIN,0,1,0,0
17112,DAUPHIN,0,1,0,0
17201,FRANKLIN,1,7,1,0
17202,FRANKLIN,0,2,0,0
17210,MIDDLESEX,0,2,0,0
17222,ADAMS,0,1,0,0
17233,FULTON,1,1,1,0
17241,CUMBERLAND,0,1,0,0
17243,HUNTINGDON,0,1,0,0
17247,FRANKLIN,0,1,0,0
17257,FRANKLIN,1,1,0,0
17261,FRANKLIN,0,1,0,0
17268,FRANKLIN,1,1,0,0
17313,YORK,0,3,0,0
17315,YORK,0,1,0,0
17325,ADAMS,1,4,1,0
17331,YORK,1,4,0,0
17350,ADAMS,0,1,0,0
17361,YORK,0,1,0,0
17401,YORK,0,0,1,0
17402,YORK,1,4,0,0
17403,YORK,2,2,0,0
17404,YORK,1,4,1,0
17405,YORK,2,0,0,0
17408,YORK,1,1,0,0
17420,MIDDLESEX,0,1,0,0
17501,LANCASTER,0,1,0,0
17509,LANCASTER,0,2,0,0
17512,LANCASTER,0,3,0,0
17522,LANCASTER,1,2,0,0
17543,LANCASTER,1,8,0,0
17545,LANCASTER,0,4,0,0
17555,LANCASTER,0,1,0,0
17557,LANCASTER,0,1,0,0
17566,LANCASTER,0,1,0,0
17578,LANCASTER,0,1,0,0
17584,LANCASTER,0,1,0,0
17601,LANCASTER,1,4,0,0
17602,LANCASTER,1,3,1,0
17603,LANCASTER,1,3,0,0
17604,LANCASTER,2,1,0,0
17606,LANCASTER,0,1,0,0
17607,BERKS,0,1,0,0
17701,LYCOMING,2,6,1,0
17730,MIDDLESEX,0,1,0,0
17740,LYCOMING,1,1,0,0
17745,CLINTON,1,2,1,0
17754,LYCOMING,0,2,0,0
17756,LYCOMING,2,2,0,0
17760,MIDDLESEX,0,1,0,0
17764,CLINTON,1,1,0,0
17777,NORTHUMBERLAND,0,2,0,0
17801,NORTHUMBERLAND,1,3,1,0
17815,COLUMBIA,1,3,1,0
17821,MONTOUR,2,3,1,0
17822,MONTOUR,3,0,0,0
17837,UNION,1,2,1,0
17842,SNYDER,0,0,1,0
17845,UNION,0,1,0,0
17846,COLUMBIA,0,1,0,0
17847,NORTHUMBERLAND,0,1,0,0
17851,NORTHUMBERLAND,0,1,0,0
17857,NORTHUMBERLAND,0,1,0,0
17859,COLUMBIA,0,1,0,0
17866,NORTHUMBERLAND,1,2,0,0
17870,SNYDER,0,1,0,0
17878,LUZERNE,0,1,0,0
17901,SCHUYLKILL,2,5,1,0
17931,SCHUYLKILL,0,1,0,0
17961,SCHUYLKILL,1,2,0,0
17964,SCHUYLKILL,0,1,0,0
17972,SCHUYLKILL,0,1,0,0
17976,SCHUYLKILL,0,4,0,0
17981,SCHUYLKILL,0,1,0,0
18013,NORTHAMPTON,0,1,0,0
18015,LEHIGH,1,0,0,0
18017,LEHIGH,3,5,0,0
18018,NORTHAMPTON,0,3,1,0
18020,NORTHAMPTON,0,1,0,0
18036,BUCKS,0,1,0,0
18040,NORTHAMPTON,0,1,0,0
18042,NORTHAMPTON,1,3,1,0
18045,NORTHAMPTON,1,2,0,0
18052,LEHIGH,0,2,1,0
18055,NORTHAMPTON,0,2,0,0
18062,LEHIGH,1,1,0,0
18064,NORTHAMPTON,0,2,0,0
18069,LEHIGH,1,0,0,0
18071,CARBON,1,0,0,0
18073,MONTGOMERY,0,1,0,0
18087,LEHIGH,0,1,0,0
18102,LEHIGH,2,1,1,0
18103,LEHIGH,3,5,0,0
18104,LEHIGH,2,5,0,0
18105,LEHIGH,0,1,0,0
18201,LUZERNE,1,2,0,0
18202,LUZERNE,0,1,0,0
18218,SCHUYLKILL,1,1,0,0
18222,LUZERNE,0,2,0,0
18229,CARBON,0,0,1,0
18235,CARBON,2,2,0,0
18252,SCHUYLKILL,0,1,0,0
18255,CARBON,0,1,0,0
18300,ESSEX,0,2,0,0
18301,MONROE,1,1,0,0
18330,MONROE,0,2,0,0
18336,PIKE,0,1,0,0
18337,PIKE,0,2,1,0
18350,ESSEX,0,1,0,0
18360,MONROE,1,2,1,0
18407,LACKAWANNA,0,3,0,0
18410,ESSEX,0,1,0,0
18411,LACKAWANNA,1,1,0,0
18421,SUSQUEHANNA,0,1,0,0
18431,WAYNE,1,1,1,0
18436,WAYNE,0,1,0,0
18440,ESSEX,0,1,0,0
18444,LACKAWANNA,0,2,0,0
18447,LACKAWANNA,0,1,0,0
18452,LACKAWANNA,1,2,0,0
18472,WAYNE,1,1,0,0
18501,LACKAWANNA,1,1,0,0
18503,LACKAWANNA,0,1,1,0
18505,LACKAWANNA,0,5,0,0
18507,LACKAWANNA,1,0,0,0
18508,LACKAWANNA,1,1,0,0
18509,LACKAWANNA,0,3,0,0
18510,LACKAWANNA,2,4,0,0
18512,LACKAWANNA,0,1,0,0
18517,LACKAWANNA,0,1,0,0
18519,LACKAWANNA,1,0,0,0
18540,MIDDLESEX,0,1,0,0
18555,BUCKS,0,1,0,0
18603,COLUMBIA,1,3,0,0
18612,LUZERNE,0,4,0,0
18616,SULLIVAN,0,1,0,0
18626,SULLIVAN,0,1,0,0
18634,LUZERNE,1,3,0,0
18640,LUZERNE,0,1,0,0
18643,LUZERNE,0,1,0,0
18657,WYOMING,1,1,1,0
18701,LUZERNE,0,3,0,0
18702,LUZERNE,1,4,0,0
18704,LUZERNE,1,3,0,0
18706,LUZERNE,0,1,1,0
18707,LUZERNE,0,2,0,0
18711,LUZERNE,2,2,0,0
18764,LUZERNE,2,0,0,0
18800,MIDDLESEX,0,1,0,0
18801,SUSQUEHANNA,2,1,1,0
18810,BRADFORD,0,1,0,0
18840,BRADFORD,1,2,0,0
18847,SUSQUEHANNA,1,1,0,0
18848,BRADFORD,1,1,1,0
18901,BUCKS,2,7,1,0
18912,BUCKS,0,1,0,0
18936,MONTGOMERY,0,1,0,0
18940,BUCKS,0,3,0,0
18951,BUCKS,2,4,0,0
18954,BUCKS,0,1,0,0
18960,BUCKS,1,1,0,0
18964,MONTGOMERY,0,1,0,0
18966,BUCKS,0,3,0,0
18969,BUCKS,0,1,0,0
18974,BUCKS,0,6,0,0
18976,BUCKS,0,2,0,0
19001,MONTGOMERY,1,1,0,0
19002,MONTGOMERY,1,6,0,0
19004,MONTGOMERY,0,2,0,0
19006,MONTGOMERY,0,1,0,0
19007,BUCKS,1,1,0,0
19008,DELAWARE,0,3,0,0
19010,MONTGOMERY,1,4,0,0
19013,DELAWARE,1,1,1,0
19020,BUCKS,1,3,0,0
19023,DELAWARE,2,2,0,0
19026,DELAWARE,1,0,0,0
19027,MONTGOMERY,0,1,0,0
19031,MONTGOMERY,0,3,0,0
19034,MONTGOMERY,1,2,0,0
19035,MONTGOMERY,0,1,0,0
19037,DELAWARE,0,1,0,0
19038,MONTGOMERY,0,6,0,0
19040,MONTGOMERY,0,2,0,0
19041,DELAWARE,0,1,0,0
19046,MONTGOMERY,1,3,0,0
19047,BUCKS,3,5,0,0
19050,DELAWARE,0,4,0,0
19053,BUCKS,0,1,0,0
19056,BUCKS,0,1,0,0
19060,DELAWARE,0,1,0,0
19063,DELAWARE,1,9,0,0
19064,DELAWARE,1,1,0,0
19067,BUCKS,0,2,0,0
19073,DELAWARE,0,2,0,0
19076,DELAWARE,0,1,0,0
19078,DELAWARE,1,1,0,0
19080,ESSEX,0,1,0,0
19083,DELAWARE,1,1,0,0
19086,DELAWARE,0,1,0,0
19087,DELAWARE,0,1,0,0
19090,MONTGOMERY,0,1,0,0
19095,MONTGOMERY,0,3,0,0
19096,MONTGOMERY,2,2,0,0
19102,PHILADELPHIA,2,0,0,0
19103,PHILADELPHIA,0,1,0,0
19104,PHILADELPHIA,7,5,0,0
19107,PHILADELPHIA,4,0,1,0
19111,PHILADELPHIA,3,3,0,0
19114,PHILADELPHIA,3,1,0,0
19115,PHILADELPHIA,0,3,0,0
19116,PHILADELPHIA,0,2,0,0
19118,PHILADELPHIA,1,1,0,0
19119,PHILADELPHIA,0,3,0,0
19122,PHILADELPHIA,1,0,0,0
19123,PHILADELPHIA,0,1,0,0
19124,PHILADELPHIA,2,0,0,0
19125,PHILADELPHIA,1,0,0,0
19126,PHILADELPHIA,0,3,0,0
19128,PHILADELPHIA,2,2,0,0
19129,PHILADELPHIA,1,2,0,0
19130,PHILADELPHIA,2,1,0,0
19131,PHILADELPHIA,1,5,0,0
19134,PHILADELPHIA,2,0,0,0
19136,PHILADELPHIA,0,1,0,0
19139,PHILADELPHIA,1,1,0,0
19140,PHILADELPHIA,2,1,0,0
19141,PHILADELPHIA,2,1,0,0
19143,PHILADELPHIA,1,2,0,0
19144,PHILADELPHIA,0,3,0,0
19145,PHILADELPHIA,1,1,0,0
19146,PHILADELPHIA,1,3,0,0
19148,PHILADELPHIA,1,1,0,0
19150,PHILADELPHIA,0,2,0,0
19152,PHILADELPHIA,1,7,0,0
19154,PHILADELPHIA,0,1,0,0
19301,CHESTER,1,0,0,0
19320,CHESTER,1,1,0,0
19335,CHESTER,1,2,0,0
19341,CHESTER,0,2,0,0
19342,DELAWARE,0,3,0,0
19344,CHESTER,0,2,0,0
19348,CHESTER,0,4,0,0
19355,CHESTER,2,2,0,0
19363,CHESTER,0,1,0,0
19380,CHESTER,2,3,0,0
19382,CHESTER,0,3,1,0
19390,CHESTER,1,3,0,0
19401,MONTGOMERY,2,5,1,0
19403,MONTGOMERY,3,1,0,0
19406,MONTGOMERY,1,1,0,0
19408,MONTGOMERY,1,0,0,0
19422,MONTGOMERY,0,3,0,0
19426,MONTGOMERY,0,2,0,0
19435,MONTGOMERY,0,1,0,0
19436,MONTGOMERY,0,1,0,0
19438,MONTGOMERY,0,1,0,0
19444,MONTGOMERY,0,3,0,0
19446,MONTGOMERY,1,7,0,0
19454,MONTGOMERY,0,1,0,0
19460,CHESTER,1,4,0,0
19462,MONTGOMERY,0,1,0,0
19464,MONTGOMERY,1,3,0,0
19465,CHESTER,0,2,0,0
19468,MONTGOMERY,1,1,0,0
19475,CHESTER,0,1,0,0
19477,MONTGOMERY,0,1,0,0
19490,MONTGOMERY,0,1,0,0
19500,ESSEX,0,1,0,0
19526,BERKS,0,1,0,0
19530,BERKS,0,2,0,0
19533,BERKS,0,1,0,0
19562,BERKS,0,1,0,0
19565,BERKS,1,1,0,0
19600,ESSEX,0,1,0,0
19601,BERKS,1,0,0,0
19602,BERKS,0,0,1,0
19605,BERKS,2,1,0,0
19606,BERKS,0,2,0,0
19607,BERKS,1,0,0,0
19608,BERKS,0,1,0,0
19610,BERKS,1,2,0,0
19611,BERKS,1,4,0,0
19612,BERKS,0,1,0,0
19633,CHESTER,0,1,0,0
19642,MONTGOMERY,0,1,0,0
19690,ESSEX,0,1,0,0
19700,ESSEX,0,1,0,0
19706,NEW CASTLE,0,1,0,0
19707,NEW CASTLE,0,6,0,0
19709,NEW CASTLE,1,3,0,0
19711,NEW CASTLE,0,5,0,0
19713,NEW CASTLE,1,5,0,0
19718,NEW CASTLE,2,0,0,0
19720,NEW CASTLE,2,1,1,0
19803,NEW CASTLE,1,10,0,0
19805,NEW CASTLE,3,3,0,0
19806,NEW CASTLE,0,6,0,0
19807,NEW CASTLE,0,4,0,0
19808,NEW CASTLE,0,3,1,0
19809,NEW CASTLE,0,2,0,0
19810,NEW CASTLE,0,6,0,0
19899,NEW CASTLE,2,0,0,0
19901,KENT,2,3,1,0
19902,KENT,1,0,0,0
19904,KENT,1,7,0,0
19940,SUSSEX,0,1,0,0
19947,SUSSEX,2,2,1,0
19950,SUSSEX,0,1,0,0
19951,SUSSEX,0,1,0,0
19958,SUSSEX,1,3,0,0
19963,SUSSEX,3,4,0,0
19966,SUSSEX,0,2,0,0
19971,SUSSEX,1,1,0,0
19973,SUSSEX,1,4,0,0
19975,SUSSEX,0,1,0,0
19977,KENT,0,2,0,0
20001,DISTRICT OF COLUMBIA,0,1,0,0
20002,DISTRICT OF COLUMBIA,2,1,1,0
20005,DISTRICT OF COLUMBIA,0,1,0,0
20007,DISTRICT OF COLUMBIA,1,0,0,0
20008,DISTRICT OF COLUMBIA,0,1,0,0
20010,DISTRICT OF COLUMBIA,3,1,0,0
20015,DISTRICT OF COLUMBIA,0,3,0,0
20016,DISTRICT OF COLUMBIA,2,1,0,0
20017,DISTRICT OF COLUMBIA,2,2,0,0
20018,DISTRICT OF COLUMBIA,0,1,0,0
20019,DISTRICT OF COLUMBIA,0,1,0,0
20020,DISTRICT OF COLUMBIA,0,1,0,0
20032,DISTRICT OF COLUMBIA,4,3,0,0
20037,DISTRICT OF COLUMBIA,1,1,0,0
20060,DISTRICT OF COLUMBIA,1,0,0,0
20105,LOUDOUN,1,0,0,0
20109,PRINCE WILLIAM,0,3,0,0
20110,PRINCE WILLIAM,1,7,1,0
20112,PRINCE WILLIAM,0,1,0,0
20147,LOUDOUN,0,6,0,0
20151,FAIRFAX,0,2,0,0
20155,PRINCE WILLIAM,0,6,0,0
20164,LOUDOUN,0,2,0,0
20165,LOUDOUN,0,5,0,0
20166,LOUDOUN,1,0,0,0
20169,PRINCE WILLIAM,1,0,0,0
20170,FAIRFAX,0,1,0,0
20171,FAIRFAX,0,3,0,0
20175,LOUDOUN,0,3,1,0
20176,LOUDOUN,2,6,0,0
20180,LOUDOUN,0,1,0,0
20186,FAUQUIER,1,5,1,0
20187,FAUQUIER,0,1,0,0
20190,FAIRFAX,1,2,0,0
20191,FAIRFAX,0,2,0,0
20350,NORFOLK,0,1,0,0
20422,DISTRICT OF COLUMBIA,1,0,0,0
20430,PLYMOUTH,0,1,0,0
20540,NORFOLK,0,1,0,0
20601,CHARLES,0,21,0,0
20602,CHARLES,0,19,0,0
20603,CHARLES,0,9,0,0
20607,PRINCE GEORGE'S,0,8,0,0
20613,PRINCE GEORGE'S,0,3,0,0
20616,CHARLES,0,6,0,0
20618,ST. MARY'S,0,3,0,0
20619,ST. MARY'S,0,1,0,0
20622,ST. MARY'S,0,2,0,0
20623,PRINCE GEORGE'S,0,1,0,0
20639,CALVERT,0,2,0,0
20646,CHARLES,1,6,0,0
20650,ST. MARY'S,1,1,1,0
20653,ST. MARY'S,0,1,0,0
20657,CALVERT,0,2,0,0
20675,CHARLES,0,1,0,0
20678,CALVERT,1,1,1,0
20685,CALVERT,0,1,0,0
20688,CALVERT,0,5,0,0
20695,CHARLES,0,6,1,0
20705,PRINCE GEORGE'S,0,12,0,0
20706,PRINCE GEORGE'S,1,19,0,0
20707,PRINCE GEORGE'S,1,13,0,0
20708,PRINCE GEORGE'S,0,9,0,0
20715,PRINCE GEORGE'S,1,60,0,0
20716,PRINCE GEORGE'S,0,28,0,0
20720,PRINCE GEORGE'S,0,12,0,0
20721,PRINCE GEORGE'S,0,18,0,0
20723,HOWARD,0,8,0,0
20724,ANNE ARUNDEL,0,1,0,0
20735,PRINCE GEORGE'S,1,22,0,0
20736,CALVERT,0,2,0,0
20737,PRINCE GEORGE'S,0,4,0,0
20740,PRINCE GEORGE'S,0,3,0,0
20743,PRINCE GEORGE'S,0,9,0,0
20744,PRINCE GEORGE'S,1,28,0,0
20745,PRINCE GEORGE'S,0,7,0,0
20746,PRINCE GEORGE'S,0,4,0,0
20747,PRINCE GEORGE'S,0,9,0,0
20748,PRINCE GEORGE'S,0,16,0,0
20754,CALVERT,0,1,0,0
20755,ANNE ARUNDEL,1,0,0,0
20759,HOWARD,0,4,0,0
20762,PRINCE GEORGE'S,1,0,0,0
20763,HOWARD,0,1,0,0
20764,ANNE ARUNDEL,0,1,0,0
20769,PRINCE GEORGE'S,0,2,0,0
20770,PRINCE GEORGE'S,0,2,0,0
20772,PRINCE GEORGE'S,0,21,0,0
20774,PRINCE GEORGE'S,1,28,1,0
20776,ANNE ARUNDEL,0,4,0,0
20777,HOWARD,0,1,0,0
20779,ANNE ARUNDEL,0,1,0,0
20781,PRINCE GEORGE'S,0,1,0,0
20782,PRINCE GEORGE'S,0,9,0,0
20783,PRINCE GEORGE'S,0,18,0,0
20784,PRINCE GEORGE'S,0,6,0,0
20785,PRINCE GEORGE'S,1,7,0,0
20794,HOWARD,1,3,0,0
20814,MONTGOMERY,1,7,0,0
20815,MONTGOMERY,0,3,0,0
20816,MONTGOMERY,0,1,0,0
20817,MONTGOMERY,0,12,0,0
20832,MONTGOMERY,1,10,0,0
20833,MONTGOMERY,0,6,0,0
20850,MONTGOMERY,3,19,1,0
20851,MONTGOMERY,0,1,0,0
20852,MONTGOMERY,0,5,0,0
20853,MONTGOMERY,0,23,0,0
20854,MONTGOMERY,0,24,0,0
20855,MONTGOMERY,0,8,0,0
20860,MONTGOMERY,0,10,0,0
20861,MONTGOMERY,0,1,0,0
20866,MONTGOMERY,0,3,0,0
20871,MONTGOMERY,0,2,0,0
20872,MONTGOMERY,0,3,0,0
20874,MONTGOMERY,0,8,0,0
20876,MONTGOMERY,1,0,0,0
20877,MONTGOMERY,0,6,0,0
20878,MONTGOMERY,0,5,0,0
20879,MONTGOMERY,0,7,0,0
20882,MONTGOMERY,0,6,0,0
20886,MONTGOMERY,0,6,0,0
20889,MONTGOMERY,1,0,0,0
20895,MONTGOMERY,0,5,0,0
20901,MONTGOMERY,0,10,0,0
20902,MONTGOMERY,0,12,0,0
20903,MONTGOMERY,1,5,0,0
20904,MONTGOMERY,2,44,0,0
20905,MONTGOMERY,0,14,0,0
20906,MONTGOMERY,0,41,0,0
20910,MONTGOMERY,1,8,0,0
20912,MONTGOMERY,1,4,0,0
20930,NORFOLK,0,1,0,0
21001,HARFORD,1,11,0,0
21009,HARFORD,0,3,0,0
21012,ANNE ARUNDEL,0,4,0,0
21013,BALTIMORE,0,1,0,0
21014,HARFORD,1,9,1,0
21015,HARFORD,0,6,0,0
21017,HARFORD,0,2,0,0
21028,HARFORD,0,1,0,0
21029,HOWARD,0,4,0,0
21030,BALTIMORE,0,7,0,0
21032,ANNE ARUNDEL,0,2,0,0
21035,ANNE ARUNDEL,0,3,0,0
21036,HOWARD,0,3,0,0
21037,ANNE ARUNDEL,0,4,0,0
21040,HARFORD,0,14,0,0
21041,HOWARD,1,0,0,0
21042,HOWARD,0,16,0,0
21043,HOWARD,0,15,0,0
21044,HOWARD,1,21,0,0
21045,HOWARD,0,8,0,0
21046,HOWARD,0,5,1,0
21047,HARFORD,0,2,0,0
21048,CARROLL,0,2,0,0
21050,HARFORD,0,4,0,0
21054,ANNE ARUNDEL,0,8,0,0
21057,BALTIMORE,0,2,0,0
21060,ANNE ARUNDEL,0,16,0,0
21061,ANNE ARUNDEL,1,28,0,0
21074,CARROLL,0,3,0,0
21075,HOWARD,1,6,0,0
21076,ANNE ARUNDEL,0,3,0,0
21078,HARFORD,1,5,0,0
21084,HARFORD,0,1,0,0
21085,HARFORD,0,5,0,0
21090,ANNE ARUNDEL,0,6,0,0
21093,BALTIMORE,0,9,0,0
21102,CARROLL,0,2,0,0
21104,HOWARD,0,1,0,0
21108,ANNE ARUNDEL,0,5,0,0
21113,ANNE ARUNDEL,0,5,0,0
21114,ANNE ARUNDEL,0,3,0,0
21117,BALTIMORE,0,4,0,0
21122,ANNE ARUNDEL,0,29,0,0
21128,BALTIMORE,0,2,0,0
21133,BALTIMORE,1,38,0,0
21136,BALTIMORE,0,8,0,0
21140,ANNE ARUNDEL,0,1,0,0
21144,ANNE ARUNDEL,0,7,0,0
21146,ANNE ARUNDEL,0,11,0,0
21154,HARFORD,0,2,0,0
21157,CARROLL,1,15,1,0
21158,CARROLL,0,5,0,0
21160,SUFFOLK,0,2,0,0
21161,HARFORD,0,1,0,0
21162,BALTIMORE,0,2,0,0
21201,BALTIMORE,3,2,1,0
21202,BALTIMORE (CITY),1,19,1,0
21204,BALTIMORE,3,12,0,0
21205,BALTIMORE (CITY),1,5,0,0
21206,BALTIMORE (CITY),0,86,0,0
21207,BALTIMORE,1,75,0,0
21208,BALTIMORE,0,23,0,0
21209,BALTIMORE,2,5,0,0
21210,SUFFOLK,0,2,0,0
21211,BALTIMORE (CITY),0,7,0,0
21212,BALTIMORE (CITY),0,29,1,0
21213,BALTIMORE (CITY),0,49,0,0
21214,BALTIMORE (CITY),0,45,0,0
21215,BALTIMORE (CITY),1,134,0,0
21216,BALTIMORE (CITY),0,88,0,0
21217,BALTIMORE (CITY),0,27,0,0
21218,BALTIMORE (CITY),2,42,0,0
21220,BALTIMORE,0,4,0,0
21221,BALTIMORE,0,7,0,0
21222,BALTIMORE,0,2,0,0
21223,BALTIMORE (CITY),1,10,0,0
21224,BALTIMORE (CITY),1,4,0,0
21225,ANNE ARUNDEL,1,13,0,0
21226,BALTIMORE (CITY),0,2,0,0
21227,BALTIMORE (CITY),0,2,0,0
21228,BALTIMORE,1,28,0,0
21229,BALTIMORE (CITY),1,48,0,0
21230,BALTIMORE (CITY),0,2,0,0
21231,BALTIMORE (CITY),0,1,0,0
21234,BALTIMORE,0,37,0,0
21236,BALTIMORE,0,7,0,0
21237,BALTIMORE,1,7,0,0
21239,BALTIMORE (CITY),1,36,0,0
21244,BALTIMORE,0,11,0,0
21250,SUFFOLK,0,2,0,0
21280,SUFFOLK,0,1,0,0
21286,BALTIMORE,0,7,0,0
21287,BALTIMORE,1,0,0,0
21300,SUFFOLK,0,2,0,0
21320,SUFFOLK,0,1,0,0
21350,SUFFOLK,0,1,0,0
21360,SUFFOLK,0,1,0,0
21401,ANNE ARUNDEL,2,15,1,0
21403,ANNE ARUNDEL,0,7,0,0
21409,ANNE ARUNDEL,0,2,0,0
21430,MIDDLESEX,0,1,0,0
21444,ANNE ARUNDEL,0,1,0,0
21480,MIDDLESEX,0,1,0,0
21500,SUFFOLK,0,1,0,0
21502,ALLEGANY,2,11,1,0
21520,GARRETT,0,1,0,0
21532,ALLEGANY,0,3,0,0
21536,GARRETT,0,2,0,0
21539,ALLEGANY,0,2,0,0
21540,MIDDLESEX,0,1,0,0
21550,GARRETT,1,3,1,0
21562,ALLEGANY,0,1,0,0
21601,TALBOT,1,6,1,0
21613,DORCHESTER,3,8,1,0
21617,QUEEN ANNE'S,0,1,1,0
21619,QUEEN ANNE'S,0,1,0,0
21620,KENT,1,6,1,0
21623,QUEEN ANNE'S,0,1,0,0
21629,CAROLINE,0,10,1,0
21632,CAROLINE,0,1,0,0
21638,QUEEN ANNE'S,0,2,0,0
21658,QUEEN ANNE'S,0,1,0,0
21661,KENT,0,3,0,0
21664,DORCHESTER,0,1,0,0
21673,TALBOT,0,1,0,0
21678,KENT,0,4,0,0
21701,FREDERICK,1,8,0,0
21702,FREDERICK,0,11,1,0
21703,FREDERICK,0,10,0,0
21704,FREDERICK,0,1,0,0
21710,FREDERICK,0,2,0,0
21713,WASHINGTON,0,4,0,0
21714,FREDERICK,0,1,0,0
21722,WASHINGTON,0,2,0,0
21723,HOWARD,0,1,0,0
21727,FREDERICK,0,1,0,0
21737,HOWARD,0,1,0,0
21738,HOWARD,0,1,0,0
21740,WASHINGTON,0,16,0,0
21742,WASHINGTON,3,5,1,0
21755,FREDERICK,0,1,0,0
21758,FREDERICK,0,1,0,0
21760,MIDDLESEX,0,2,0,0
21767,WASHINGTON,0,1,0,0
21771,CARROLL,0,5,0,0
21784,CARROLL,1,10,0,0
21787,CARROLL,0,5,0,0
21793,FREDERICK,0,1,0,0
21794,HOWARD,0,4,0,0
21795,WASHINGTON,0,4,0,0
21797,HOWARD,0,1,0,0
21800,MIDDLESEX,0,2,0,0
21801,WICOMICO,2,8,1,0
21802,WICOMICO,0,1,0,0
21804,WICOMICO,1,3,0,0
21811,WORCESTER,1,6,0,0
21817,SOMERSET,1,2,0,0
21826,WICOMICO,0,2,0,0
21842,WORCESTER,0,1,0,0
21849,WICOMICO,0,1,0,0
21851,WORCESTER,0,2,0,0
21853,SOMERSET,0,2,0,0
21863,WORCESTER,0,3,1,0
21871,SOMERSET,0,0,1,0
21874,WICOMICO,0,1,0,0
21875,WICOMICO,0,3,0,0
21880,NORFOLK,0,1,0,0
21901,CECIL,0,2,0,0
21902,CECIL,1,0,0,0
21903,CECIL,0,3,0,0
21904,CECIL,0,3,0,0
21911,CECIL,0,2,0,0
21917,CECIL,0,2,0,0
21918,CECIL,0,2,0,0
21921,CECIL,1,10,1,0
22003,FAIRFAX,0,9,0,0
22015,FAIRFAX,0,3,0,0
22025,HAMPTON,1,0,0,0
22027,FAIRFAX,0,1,0,0
22030,FAIRFAX,0,8,1,0
22031,FAIRFAX,0,5,0,0
22032,FAIRFAX,0,1,0,0
22033,FAIRFAX,2,3,0,0
22041,FAIRFAX,0,2,0,0
22042,FAIRFAX,2,2,0,0
22043,FAIRFAX,0,3,0,0
22044,FAIRFAX,1,0,0,0
22046,FALLS CHURCH (CITY),0,4,0,0
22060,FAIRFAX,1,2,0,0
22066,FAIRFAX,0,2,0,0
22079,FAIRFAX,0,1,0,0
22101,FAIRFAX,0,13,0,0
22102,FAIRFAX,0,6,0,0
22124,FAIRFAX,0,2,0,0
22150,FAIRFAX,0,5,0,0
22151,FAIRFAX,0,3,0,0
22180,FAIRFAX,0,1,0,0
22182,FAIRFAX,0,7,0,0
22191,PRINCE WILLIAM,1,2,0,0
22192,PRINCE WILLIAM,0,8,0,0
22193,PRINCE WILLIAM,0,3,0,0
22201,ARLINGTON,0,3,0,0
22202,ARLINGTON,0,1,0,0
22203,ARLINGTON,0,4,0,0
22204,ARLINGTON,0,3,1,0
22205,ARLINGTON,1,1,0,0
22207,ARLINGTON,0,2,0,0
22301,ALEXANDRIA,0,1,0,0
22302,ALEXANDRIA (CITY),0,3,1,0
22304,ALEXANDRIA (CITY),1,3,0,0
22306,FAIRFAX,1,3,0,0
22307,FAIRFAX,0,1,0,0
22308,FAIRFAX,0,1,0,0
22309,FAIRFAX,0,2,0,0
22310,FAIRFAX,0,1,0,0
22311,ALEXANDRIA (CITY),0,5,0,0
22312,FAIRFAX,0,2,0,0
22314,ALEXANDRIA (CITY),0,1,0,0
22401,FREDERICKSBURG,3,2,1,0
22402,STAUNTON,1,0,0,0
22404,STAFFORD,0,1,0,0
22405,STAFFORD,0,2,0,0
22406,STAFFORD,0,3,0,0
22407,SPOTSYLVANIA,0,10,0,0
22408,SPOTSYLVANIA,1,1,0,0
22427,CAROLINE,0,1,0,0
22443,WESTMORELAND,0,1,0,0
22460,RICHMOND,0,1,0,0
22473,NORTHUMBERLAND,0,0,1,0
22480,LANCASTER,0,2,0,0
22482,LANCASTER,1,3,0,0
22485,KING GEORGE,0,1,1,0
22503,LANCASTER,0,0,1,0
22508,ORANGE,0,1,0,0
22514,CAROLINE,0,0,1,0
22520,WESTMORELAND,0,0,1,0
22553,SPOTSYLVANIA,0,0,1,0
22554,STAFFORD,1,2,1,0
22560,ESSEX,1,2,1,0
22572,RICHMOND,0,2,1,0
22601,WINCHESTER,2,4,1,0
22602,FREDERICK,0,1,0,0
22603,FREDERICK,0,7,0,0
22610,WARREN,0,1,0,0
22611,CLARKE,0,3,1,0
22630,WARREN,1,7,1,0
22644,SHENANDOAH,0,1,0,0
22655,FREDERICK,0,1,0,0
22657,SHENANDOAH,0,2,0,0
22664,SHENANDOAH,1,6,1,0
22701,CULPEPER,1,5,1,0
22709,MADISON,0,1,0,0
22712,FAUQUIER,0,1,0,0
22713,RAPPAHANNOCK,0,1,0,0
22727,MADISON,0,1,1,0
22731,MADISON,0,1,0,0
22747,RAPPAHANNOCK,0,0,1,0
22801,ROCKINGHAM,2,8,0,0
22802,HARRISONBURG (CITY),0,2,1,0
22812,ROCKINGHAM,0,2,0,0
22824,SHENANDOAH,0,1,0,0
22827,ROCKINGHAM,0,2,0,0
22835,PAGE,1,3,1,0
22842,SHENANDOAH,0,1,0,0
22844,SHENANDOAH,0,3,0,0
22846,ROCKINGHAM,0,1,0,0
22853,ROCKINGHAM,0,2,0,0
22901,ALBEMARLE,1,10,0,0
22902,ALBEMARLE,0,2,0,0
22903,ALBEMARLE,3,4,1,0
22911,ALBEMARLE,1,7,0,0
22920,ALBEMARLE,0,1,0,0
22932,ALBEMARLE,0,2,0,0
22939,AUGUSTA,1,7,0,0
22942,ORANGE,0,1,0,0
22949,NELSON,0,1,1,0
22960,ORANGE,0,3,1,0
22963,FLUVANNA,0,0,1,0
22973,GREENE,0,3,1,0
22980,WAYNESBORO (CITY),0,6,1,0
23002,AMELIA,0,1,1,0
23005,HANOVER,0,3,1,0
23030,CHARLES CITY,0,0,1,0
23040,CUMBERLAND,0,1,1,0
23055,FLUVANNA,0,1,0,0
23059,HENRICO,0,2,0,0
23060,HENRICO,0,3,0,0
23061,GLOUCESTER,1,4,1,0
23063,GOOCHLAND,0,1,1,0
23075,HENRICO,0,6,0,0
23085,KING AND QUEEN,0,0,1,0
23086,KING WILLIAM,0,0,1,0
23092,MIDDLESEX,0,1,0,0
23093,LOUISA,0,2,1,0
23109,MATHEWS,0,1,1,0
23111,HANOVER,0,13,0,0
23112,CHESTERFIELD,0,3,0,0
23113,CHESTERFIELD,0,7,0,0
23114,CHESTERFIELD,2,1,0,0
23116,HANOVER,2,10,0,0
23120,CHESTERFIELD,0,1,0,0
23124,NEW KENT,1,0,1,0
23139,POWHATAN,0,0,1,0
23149,MIDDLESEX,0,1,1,0
23150,HENRICO,0,2,0,0
23181,KING WILLIAM,0,2,0,0
23185,JAMES CITY,2,11,0,0
23188,JAMES CITY,4,8,0,0
23219,RICHMOND CITY,1,0,2,0
23220,RICHMOND (CITY),2,9,0,0
23221,RICHMOND (CITY),0,1,0,0
23222,RICHMOND (CITY),0,4,0,0
23223,HENRICO,1,7,0,0
23224,RICHMOND (CITY),0,2,0,0
23225,RICHMOND (CITY),2,5,0,0
23226,HENRICO,3,2,0,0
23227,RICHMOND (CITY),0,11,0,0
23228,HENRICO,0,4,1,0
23229,HENRICO,1,5,0,0
23230,HENRICO,1,1,0,0
23231,HENRICO,0,2,0,0
23233,HENRICO,1,13,0,0
23234,CHESTERFIELD,0,1,0,0
23235,CHESTERFIELD,2,7,0,0
23237,CHESTERFIELD,0,1,0,0
23238,HENRICO,0,5,0,0
23249,RICHMOND,1,0,0,0
23294,HENRICO,1,2,0,0
23298,RICHMOND,1,0,0,0
23301,ACCOMACK,0,0,1,0
23320,CHESAPEAKE (CITY),1,9,1,0
23322,CHESAPEAKE (CITY),0,2,0,0
23323,CHESAPEAKE (CITY),0,4,0,0
23324,CHESAPEAKE (CITY),0,1,0,0
23325,CHESAPEAKE (CITY),0,2,0,0
23330,PLYMOUTH,0,1,0,0
23413,NORTHAMPTON,0,1,1,0
23417,NORTHAMPTON,1,1,0,0
23421,ACCOMACK,0,1,0,0
23430,ISLE OF WIGHT,0,2,1,0
23434,SUFFOLK (CITY),2,5,1,0
23435,SUFFOLK (CITY),1,3,0,0
23451,VIRGINIA BEACH (CITY),0,3,0,0
23452,VIRGINIA BEACH (CITY),0,6,0,0
23453,VIRGINIA BEACH (CITY),0,1,0,0
23454,VIRGINIA BEACH (CITY),2,8,0,0
23455,VIRGINIA BEACH (CITY),1,5,0,0
23456,VIRGINIA BEACH,1,3,0,0
23461,VIRGINIA BEACH,1,0,0,0
23462,VIRGINIA BEACH (CITY),0,5,1,0
23464,VIRGINIA BEACH (CITY),0,4,0,0
23487,ISLE OF WIGHT,0,1,0,0
23502,NORFOLK (CITY),3,4,0,0
23504,NORFOLK (CITY),0,2,0,0
23505,NORFOLK (CITY),1,3,0,0
23507,NORFOLK,3,2,0,0
23508,NORFOLK (CITY),0,1,0,0
23509,NORFOLK (CITY),0,1,0,0
23510,NORFOLK (CITY),0,2,1,0
23560,BRISTOL,0,1,0,0
23600,PLYMOUTH,0,1,0,0
23601,NEWPORT NEWS (CITY),2,7,1,0
23602,NEWPORT NEWS (CITY),1,5,0,0
23603,NEWPORT NEWS,1,0,0,0
23604,NEWPORT NEWS,1,0,0,0
23606,NEWPORT NEWS (CITY),0,1,0,0
23607,NEWPORT NEWS,1,3,0,0
23608,NEWPORT NEWS (CITY),0,1,0,0
23661,HAMPTON (CITY),0,1,1,0
23662,POQUOSON (CITY),0,2,0,0
23665,HAMPTON,1,0,0,0
23666,HAMPTON (CITY),1,7,0,0
23667,HAMPTON,1,0,0,0
23669,HAMPTON (CITY),0,1,0,0
23680,NORFOLK,0,1,0,0
23690,YORK,1,0,0,0
23692,YORK,0,3,0,0
23693,YORK,1,1,0,0
23701,PORTSMOUTH (CITY),0,2,0,0
23702,PORTSMOUTH (CITY),0,1,0,0
23703,PORTSMOUTH (CITY),0,2,0,0
23704,PORTSMOUTH (CITY),0,3,1,0
23707,PORTSMOUTH (CITY),1,2,0,0
23708,PORTSMOUTH,1,0,0,0
23803,PETERSBURG (CITY),1,9,1,0
23805,PETERSBURG,3,6,0,0
23824,NOTTOWAY,0,2,0,0
23831,CHESTERFIELD,0,4,0,0
23832,CHESTERFIELD,0,4,1,0
23834,COLONIAL HEIGHTS (CITY),0,3,1,0
23837,SOUTHAMPTON,0,1,1,0
23839,SURRY,0,0,1,0
23840,DINWIDDIE,0,2,0,0
23841,DINWIDDIE,0,0,1,0
23847,EMPORIA (CITY),1,3,1,0
23851,FRANKLIN (CITY),1,2,1,0
23860,HOPEWELL (CITY),1,4,1,0
23868,BRUNSWICK,0,4,1,0
23875,PRINCE GEORGE,0,0,1,0
23882,SUSSEX,0,0,1,0
23890,SUSSEX,0,1,0,0
23901,PRINCE EDWARD,1,3,1,0
23917,MECKLENBURG,0,1,1,0
23921,BUCKINGHAM,0,0,1,0
23922,NOTTOWAY,1,1,0,0
23923,CHARLOTTE,0,0,1,0
23927,MECKLENBURG,0,1,0,0
23930,NOTTOWAY,0,0,1,0
23936,BUCKINGHAM,0,1,0,0
23944,LUNENBURG,0,2,0,0
23947,CHARLOTTE,0,1,0,0
23950,MECKLENBURG,0,1,0,0
23952,LUNENBURG,0,0,1,0
23966,PRINCE EDWARD,0,2,0,0
23970,MECKLENBURG,1,4,0,0
23974,LUNENBURG,0,1,0,0
24010,PLYMOUTH,0,1,0,0
24012,ROANOKE (CITY),0,5,0,0
24013,ROANOKE,1,0,0,0
24014,ROANOKE (CITY),2,7,0,0
24015,ROANOKE (CITY),0,3,0,0
24016,ROANOKE (CITY),0,3,1,0
24017,ROANOKE (CITY),0,7,0,0
24018,ROANOKE (CITY),0,7,0,0
24019,ROANOKE,0,2,0,0
24055,HENRY,0,2,0,0
24060,MONTGOMERY,1,5,0,0
24070,ROANOKE,1,0,0,0
24073,MONTGOMERY,1,2,1,0
24083,BOTETOURT,0,4,0,0
24084,PULASKI,0,2,0,0
24090,BOTETOURT,0,1,1,0
24091,FLOYD,0,1,1,0
24101,FRANKLIN,0,1,0,0
24102,FRANKLIN,0,1,0,0
24112,MARTINSVILLE (CITY),1,7,1,0
24122,BEDFORD,0,1,0,0
24127,CRAIG,0,0,1,0
24134,GILES,1,0,1,0
24141,RADFORD (CITY),0,2,1,0
24147,GILES,0,1,0,0
24151,FRANKLIN,1,4,1,0
24153,SALEM (CITY),2,8,1,0
24171,PATRICK,1,2,1,0
24175,BOTETOURT,0,1,0,0
24179,ROANOKE,0,1,1,0
24201,BRISTOL (CITY),2,6,1,0
24202,WASHINGTON,0,0,1,0
24210,WASHINGTON,0,6,0,0
24211,WASHINGTON,1,3,0,0
24219,WISE,1,1,0,0
24224,RUSSELL,0,3,0,0
24228,DICKENSON,1,1,1,0
24230,WISE,0,1,0,0
24243,LEE,0,1,0,0
24244,SCOTT,0,2,0,0
24251,SCOTT,0,0,1,0
24263,LEE,0,0,1,0
24266,RUSSELL,1,4,1,0
24273,NORTON,2,2,0,0
24277,LEE,1,1,0,0
24290,SCOTT,0,1,0,0
24293,WISE,0,1,1,0
24301,PULASKI,1,1,1,0
24314,BLAND,0,1,0,0
24315,BLAND,0,0,1,0
24317,PATRICK,0,1,0,0
24319,SMYTH,0,2,0,0
24333,GALAX (CITY),1,2,1,0
24343,CARROLL,0,3,1,0
24348,GRAYSON,0,2,1,0
24352,CARROLL,0,1,0,0
24354,SMYTH,3,3,1,0
24361,WASHINGTON,0,2,0,0
24368,WYTHE,0,1,0,0
24382,WYTHE,1,3,1,0
24401,STAUNTON (CITY),0,9,1,0
24402,STAUNTON (CITY),0,1,0,0
24416,BUENA VISTA (CITY),0,1,1,0
24422,ALLEGHANY,0,3,1,0
24426,COVINGTON CITY,0,0,1,0
24445,BATH,1,1,0,0
24450,ROCKBRIDGE,1,5,1,0
24457,ALLEGHANY,1,2,0,0
24465,HIGHLAND,0,0,1,0
24472,ROCKBRIDGE,0,1,0,0
24477,AUGUSTA,0,2,0,0
24484,BATH,0,0,1,0
24501,LYNCHBURG (CITY),1,4,1,0
24502,LYNCHBURG (CITY),1,10,0,0
24503,LYNCHBURG (CITY),2,4,0,0
24504,LYNCHBURG (CITY),0,1,0,0
24517,CAMPBELL,0,2,0,0
24521,AMHERST,0,1,1,0
24522,APPOMATTOX,0,2,1,0
24523,BEDFORD,1,5,1,0
24528,CAMPBELL,0,1,0,0
24531,PITTSYLVANIA,0,1,1,0
24540,DANVILLE (CITY),0,3,0,0
24541,DANVILLE (CITY),2,5,1,0
24551,BEDFORD,0,1,0,0
24557,PITTSYLVANIA,0,1,0,0
24558,HALIFAX,0,2,1,0
24588,CAMPBELL,0,0,1,0
24592,HALIFAX,1,4,0,0
24600,MIDDLESEX,0,1,0,0
24605,TAZEWELL,0,2,0,0
24609,TAZEWELL,0,1,0,0
24614,BUCHANAN,1,1,1,0
24641,TAZEWELL,1,1,0,0
24651,TAZEWELL,1,2,1,0
24701,MERCER,1,4,1,0
24739,SUMMERS,0,1,0,0
24740,MERCER,2,4,0,0
24801,MCDOWELL,1,1,0,0
24836,MCDOWELL,0,1,0,0
24867,WYOMING,0,1,0,0
24874,WYOMING,0,2,1,0
24895,MCDOWELL,0,0,1,0
24901,GREENBRIER,0,2,1,0
24924,POCAHONTAS,1,0,0,0
24951,MONROE,0,1,0,0
24954,POCAHONTAS,0,1,1,0
24963,MONROE,0,1,0,0
24970,GREENBRIER,1,1,0,0
24983,MONROE,0,0,1,0
24986,GREENBRIER,0,1,0,0
25033,PUTNAM,0,1,0,0
25043,CLAY,0,0,1,0
25053,BOONE,0,1,1,0
25064,KANAWHA,0,2,0,0
25067,KANAWHA,0,1,0,0
25085,FAYETTE,0,1,0,0
25086,KANAWHA,0,2,0,0
25113,CLAY,0,1,0,0
25130,BOONE,1,0,0,0
25136,FAYETTE,1,2,0,0
25177,KANAWHA,0,2,0,0
25271,JACKSON,1,1,1,0
25276,ROANE,1,2,0,0
25287,MASON,0,1,0,0
25301,KANAWHA,4,1,2,0
25302,KANAWHA,1,3,0,0
25304,KANAWHA,2,3,0,0
25309,KANAWHA,1,2,0,0
25311,KANAWHA,0,3,0,0
25315,KANAWHA,0,2,0,0
25320,KANAWHA,0,1,0,0
25322,KANAWHA,0,1,0,0
25325,KANAWHA,1,0,0,0
25401,BERKELEY,2,1,1,0
25402,BERKELEY,0,1,0,0
25403,BERKELEY,0,1,0,0
25404,BERKELEY,0,2,0,0
25405,BERKELEY,1,0,0,0
25411,MORGAN,1,2,1,0
25413,BERKELEY,0,1,0,0
25414,JEFFERSON,0,2,0,0
25430,JEFFERSON,0,0,1,0
25438,JEFFERSON,1,0,0,0
25443,JEFFERSON,0,1,0,0
25504,CABELL,0,3,0,0
25508,LOGAN,0,1,0,0
25510,CABELL,0,1,0,0
25523,LINCOLN,0,1,1,0
25526,PUTNAM,1,6,1,0
25529,BOONE,0,1,0,0
25540,NANTUCKET,0,1,0,0
25545,CABELL,0,1,0,0
25550,MASON,1,1,1,0
25560,PUTNAM,0,2,0,0
25570,WAYNE,0,1,1,0
25571,LINCOLN,0,1,0,0
25601,LOGAN,1,3,1,0
25652,LOGAN,0,2,0,0
25661,MINGO,1,1,1,0
25701,CABELL,3,6,1,0
25702,CABELL,2,2,0,0
25704,CABELL,1,4,0,0
25705,CABELL,1,0,0,0
25709,CABELL,1,0,0,0
25801,RALEIGH,3,3,1,0
25812,FAYETTE,0,2,0,0
25813,RALEIGH,0,1,0,0
25832,RALEIGH,0,1,0,0
25840,FAYETTE,0,1,1,0
25848,WYOMING,0,1,0,0
25855,FAYETTE,0,1,0,0
25882,WYOMING,0,1,0,0
25901,FAYETTE,1,5,0,0
25951,SUMMERS,1,2,1,0
25962,GREENBRIER,0,1,0,0
25971,MERCER,0,1,0,0
25984,GREENBRIER,0,1,0,0
26003,OHIO,4,5,1,0
26010,BARNSTABLE,0,1,0,0
26033,MARSHALL,0,1,0,0
26034,HANCOCK,0,2,0,0
26037,BROOKE,0,2,0,0
26038,MARSHALL,1,0,0,0
26041,MARSHALL,0,3,1,0
26047,HANCOCK,0,0,1,0
26062,BROOKE,2,6,0,0
26070,BROOKE,0,2,1,0
26101,WOOD,1,7,1,0
26102,WOOD,0,1,0,0
26104,WOOD,0,3,0,0
26105,WOOD,1,1,0,0
26134,PLEASANTS,0,1,0,0
26143,WIRT,0,1,0,0
26147,CALHOUN,1,1,0,0
26155,WETZEL,1,1,0,0
26159,TYLER,0,0,1,0
26164,JACKSON,0,3,0,0
26170,PLEASANTS,0,1,0,0
26175,TYLER,1,1,0,0
26201,UPSHUR,1,3,1,0
26206,WEBSTER,0,1,0,0
26241,RANDOLPH,1,6,1,0
26250,BARBOUR,0,3,0,0
26253,RANDOLPH,0,1,0,0
26287,TUCKER,0,0,1,0
26288,WEBSTER,1,0,1,0
26292,TUCKER,0,1,0,0
26301,HARRISON,3,4,1,0
26330,HARRISON,1,6,0,0
26351,GILMER,0,1,1,0
26354,TAYLOR,1,3,1,0
26362,RITCHIE,0,1,0,0
26378,LEWIS,0,1,0,0
26385,HARRISON,0,1,0,0
26416,BARBOUR,1,1,1,0
26426,HARRISON,0,2,0,0
26431,HARRISON,0,1,0,0
26450,BARNSTABLE,0,1,0,0
26452,LEWIS,2,0,1,0
26456,DODDRIDGE,0,0,1,0
26501,MONONGALIA,0,1,0,0
26504,MONONGALIA,1,0,0,0
26505,MONONGALIA,2,5,1,0
26506,MONONGALIA,2,0,0,0
26508,MONONGALIA,0,1,0,0
26530,BARNSTABLE,0,1,0,0
26537,PRESTON,1,2,1,0
26554,MARION,1,10,1,0
26555,MARION,0,1,0,0
26570,BARNSTABLE,0,1,0,0
26571,MARION,0,1,0,0
26591,MARION,0,2,0,0
26601,BRAXTON,0,1,1,0
26624,BRAXTON,1,0,0,0
26651,NICHOLAS,1,2,1,0
26704,HAMPSHIRE,0,0,1,0
26719,MINERAL,0,2,0,0
26726,MINERAL,1,1,1,0
26757,HAMPSHIRE,1,2,0,0
26764,PRESTON,0,1,0,0
26801,HARDY,0,1,0,0
26807,PENDLETON,0,1,1,0
26836,HARDY,0,0,1,0
26847,GRANT,1,2,1,0
27006,DAVIE,1,2,0,0
27012,FORSYTH,0,9,0,0
27016,STOKES,1,0,1,0
27017,SURRY,0,2,1,0
27021,STOKES,0,6,0,0
27025,ROCKINGHAM,0,1,0,0
27027,ROCKINGHAM,0,1,0,0
27028,DAVIE,1,4,1,0
27030,SURRY,1,7,0,0
27040,FORSYTH,0,1,0,0
27048,ROCKINGHAM,0,1,0,0
27052,STOKES,0,2,0,0
27053,STOKES,0,1,0,0
27055,YADKIN,1,5,1,0
27101,FORSYTH,0,2,1,0
27102,FORSYTH,0,1,0,0
27103,FORSYTH,4,8,0,0
27104,FORSYTH,1,3,0,0
27105,FORSYTH,0,3,0,0
27106,FORSYTH,0,9,0,0
27107,FORSYTH,0,1,0,0
27127,FORSYTH,0,1,0,0
27203,RANDOLPH,1,4,0,0
27205,RANDOLPH,0,2,1,0
27209,MONTGOMERY,0,1,0,0
27215,ALAMANCE,1,12,0,0
27217,ALAMANCE,0,8,1,0
27229,MONTGOMERY,0,1,0,0
27235,GUILFORD,0,1,0,0
27239,DAVIDSON,0,1,0,0
27244,ALAMANCE,0,2,0,0
27253,ALAMANCE,0,2,0,0
27260,GUILFORD,0,2,0,0
27261,GUILFORD,1,0,0,0
27262,GUILFORD,0,3,0,0
27263,RANDOLPH,0,2,0,0
27265,GUILFORD,0,6,0,0
27278,ORANGE,0,3,1,0
27282,GUILFORD,0,2,0,0
27284,FORSYTH,1,10,0,0
27285,FORSYTH,0,2,0,0
27288,ROCKINGHAM,1,2,0,0
27292,DAVIDSON,1,3,1,0
27295,DAVIDSON,0,4,0,0
27299,DAVIDSON,0,1,0,0
27301,GUILFORD,0,1,0,0
27302,ALAMANCE,0,2,0,0
27312,CHATHAM,0,4,1,0
27313,GUILFORD,0,1,0,0
27316,RANDOLPH,0,1,0,0
27317,RANDOLPH,0,2,0,0
27320,ROCKINGHAM,1,7,1,0
27330,LEE,1,7,1,0
27332,LEE,0,1,0,0
27344,CHATHAM,1,2,0,0
27356,MONTGOMERY,0,2,0,0
27357,GUILFORD,0,1,0,0
27360,DAVIDSON,1,5,0,0
27370,RANDOLPH,0,1,0,0
27371,MONTGOMERY,1,0,1,0
27376,MOORE,0,1,0,0
27379,CASWELL,0,4,1,0
27400,BRISTOL,0,2,0,0
27401,GUILFORD,2,3,0,0
27403,GUILFORD,2,0,0,0
27405,GUILFORD,0,4,1,0
27406,GUILFORD,1,6,0,0
27407,GUILFORD,0,5,0,0
27408,GUILFORD,1,1,0,0
27409,GUILFORD,0,2,0,0
27410,GUILFORD,0,7,0,0
27415,GUILFORD,1,0,0,0
27455,GUILFORD,0,5,0,0
27470,BRISTOL,0,1,0,0
27501,HARNETT,0,4,0,0
27502,WAKE,0,3,0,0
27504,JOHNSTON,0,3,0,0
27509,GRANVILLE,1,0,0,0
27510,ORANGE,0,1,0,0
27511,WAKE,0,6,0,0
27513,WAKE,0,5,0,0
27514,ORANGE,1,4,0,0
27516,ORANGE,0,1,0,0
27517,CHATHAM,0,8,0,0
27518,WAKE,1,2,0,0
27520,JOHNSTON,0,4,0,0
27523,ALAMANCE,0,2,0,0
27524,JOHNSTON,0,1,0,0
27526,WAKE,0,5,0,0
27529,WAKE,1,5,0,0
27530,WAYNE,0,4,1,0
27532,WAYNE,0,1,0,0
27533,WAYNE,1,0,0,0
27534,WAYNE,0,6,0,0
27536,VANCE,1,3,1,0
27545,WAKE,0,2,0,0
27546,HARNETT,0,4,1,0
27549,FRANKLIN,1,4,1,0
27551,WARREN,0,1,0,0
27565,GRANVILLE,1,5,1,0
27569,JOHNSTON,0,1,0,0
27573,PERSON,1,2,1,0
27574,PERSON,0,2,0,0
27576,JOHNSTON,0,3,0,0
27577,JOHNSTON,1,9,1,0
27587,WAKE,0,2,0,0
27588,WAKE,0,1,0,0
27589,WARREN,0,2,1,0
27591,WAKE,0,1,0,0
27596,FRANKLIN,0,1,0,0
27597,WAKE,0,3,0,0
27603,WAKE,0,1,0,0
27604,WAKE,0,2,0,0
27605,WAKE,0,1,0,0
27607,WAKE,1,2,0,0
27608,WAKE,0,1,0,0
27609,WAKE,0,4,0,0
27610,WAKE,3,3,2,0
27611,WAKE,1,0,0,0
27612,WAKE,0,5,0,0
27614,WAKE,1,2,0,0
27615,WAKE,0,4,0,0
27616,WAKE,0,1,0,0
27617,DURHAM,1,0,0,0
27660,BRISTOL,0,1,0,0
27701,DURHAM,0,0,1,0
27703,DURHAM,1,1,0,0
27704,DURHAM,3,3,0,0
27705,DURHAM,2,8,0,0
27707,DURHAM,0,2,0,0
27710,DURHAM,1,0,0,0
27712,DURHAM,0,3,0,0
27713,DURHAM,0,5,0,0
27801,EDGECOMBE,0,1,0,0
27802,NASH,0,2,0,0
27803,NASH,0,1,0,0
27804,NASH,2,6,0,0
27814,YANCEY,0,1,0,0
27817,BEAUFORT,0,1,0,0
27818,HERTFORD,0,1,0,0
27822,WILSON,0,1,0,0
27823,HALIFAX,0,1,0,0
27828,PITT,0,1,0,0
27830,WAYNE,0,3,0,0
27832,NORTHAMPTON,0,1,0,0
27834,PITT,1,9,1,0
27839,HALIFAX,0,0,1,0
27845,NORTHAMPTON,0,2,1,0
27850,HALIFAX,0,1,0,0
27856,NASH,0,4,1,0
27858,PITT,0,2,0,0
27860,BEAUFORT,0,1,0,0
27863,WAYNE,0,1,0,0
27865,BEAUFORT,0,1,0,0
27866,NORTHAMPTON,0,1,0,0
27869,NORTHAMPTON,0,3,0,0
27870,HALIFAX,1,2,0,0
27874,HALIFAX,0,3,0,0
27885,HYDE,0,1,1,0
27886,EDGECOMBE,1,4,1,0
27889,BEAUFORT,1,4,1,0
27890,HALIFAX,0,1,0,0
27892,MARTIN,1,3,1,0
27893,WILSON,1,6,1,0
27895,WILSON,0,2,0,0
27896,WILSON,0,1,0,0
27897,NORTHAMPTON,0,1,0,0
27909,PASQUOTANK,1,5,2,0
27910,HERTFORD,1,3,0,0
27917,CURRITUCK,0,1,0,0
27921,CAMDEN,0,0,1,0
27925,TYRRELL,0,1,1,0
27929,CURRITUCK,0,0,1,0
27932,CHOWAN,1,3,1,0
27937,GATES,0,0,1,0
27938,GATES,0,2,0,0
27944,PERQUIMANS,0,3,1,0
27948,DARE,0,1,0,0
27954,DARE,0,0,1,0
27958,CURRITUCK,0,1,0,0
27959,DARE,1,1,0,0
27962,WASHINGTON,1,1,2,0
27970,WASHINGTON,0,1,0,0
27974,CAMDEN,0,1,0,0
27983,BERTIE,1,4,1,0
27986,HERTFORD,0,0,1,0
28001,STANLY,1,6,1,0
28002,STANLY,0,1,0,0
28012,GASTON,1,0,0,0
28017,CLEVELAND,1,0,0,0
28018,RUTHERFORD,0,2,0,0
28021,GASTON,0,4,0,0
28023,ROWAN,0,1,0,0
28025,CABARRUS,2,8,0,0
28027,CABARRUS,0,4,0,0
28031,MECKLENBURG,0,1,0,0
28032,GASTON,0,1,0,0
28036,MECKLENBURG,0,1,0,0
28037,LINCOLN,0,2,0,0
28043,RUTHERFORD,0,6,0,0
28052,GASTON,0,3,1,0
28054,GASTON,1,12,0,0
28056,GASTON,0,1,0,0
28070,MECKLENBURG,0,1,0,0
28075,CABARRUS,0,2,0,0
28078,MECKLENBURG,1,6,0,0
28079,UNION,0,1,0,0
28081,ROWAN,0,4,0,0
28083,CABARRUS,0,1,1,0
28086,CLEVELAND,1,4,0,0
28090,CLEVELAND,0,3,0,0
28092,LINCOLN,0,5,1,0
28093,LINCOLN,1,1,0,0
28103,UNION,0,1,0,0
28105,MECKLENBURG,1,8,0,0
28110,UNION,0,7,1,0
28112,UNION,1,6,0,0
28115,IREDELL,0,5,0,0
28117,IREDELL,1,3,0,0
28120,GASTON,0,1,0,0
28124,CABARRUS,0,1,0,0
28134,MECKLENBURG,0,3,0,0
28138,ROWAN,0,1,0,0
28139,RUTHERFORD,1,7,0,0
28144,ROWAN,2,4,0,0
28145,ROWAN,0,2,0,0
28146,ROWAN,0,1,1,0
28147,ROWAN,0,5,0,0
28150,CLEVELAND,1,6,1,0
28152,CLEVELAND,0,1,0,0
28159,ROWAN,0,3,0,0
28160,RUTHERFORD,0,0,2,0
28164,GASTON,0,1,0,0
28167,MCDOWELL,0,1,0,0
28168,LINCOLN,0,1,0,0
28170,ANSON,1,3,1,0
28173,UNION,0,1,0,0
28203,MECKLENBURG,2,0,0,0
28204,MECKLENBURG,1,1,0,0
28205,MECKLENBURG,0,4,0,0
28207,MECKLENBURG,2,1,0,0
28209,MECKLENBURG,0,3,0,0
28210,MECKLENBURG,3,6,0,0
28211,MECKLENBURG,1,4,1,0
28212,MECKLENBURG,0,3,0,0
28213,MECKLENBURG,0,1,0,0
28214,MECKLENBURG,0,1,0,0
28215,MECKLENBURG,1,5,0,0
28216,MECKLENBURG,0,2,0,0
28217,MECKLENBURG,1,0,0,0
28226,MECKLENBURG,0,8,0,0
28227,MECKLENBURG,0,3,0,0
28256,MECKLENBURG,0,1,0,0
28262,MECKLENBURG,1,1,0,0
28269,MECKLENBURG,0,3,0,0
28270,MECKLENBURG,0,1,0,0
28273,MECKLENBURG,0,1,0,0
28277,MECKLENBURG,1,4,0,0
28278,MECKLENBURG,0,1,0,0
28301,CUMBERLAND,2,4,1,0
28303,CUMBERLAND,0,3,0,0
28304,CUMBERLAND,1,1,0,0
28306,CUMBERLAND,0,5,0,0
28310,CUMBERLAND,1,0,0,0
28311,CUMBERLAND,0,1,0,0
28312,CUMBERLAND,0,3,0,0
28314,CUMBERLAND,0,2,0,0
28315,MOORE,0,1,0,0
28320,BLADEN,0,1,0,0
28326,HARNETT,1,0,0,0
28327,MOORE,0,2,1,0
28328,SAMPSON,1,2,1,0
28329,SAMPSON,0,2,0,0
28334,HARNETT,1,3,0,0
28335,HARNETT,0,2,0,0
28337,BLADEN,1,2,1,0
28339,HARNETT,1,0,0,0
28340,ROBESON,0,1,0,0
28342,CUMBERLAND,0,2,0,0
28345,RICHMOND,1,2,0,0
28348,CUMBERLAND,0,2,0,0
28349,DUPLIN,1,2,1,0
28352,SCOTLAND,1,3,1,0
28358,ROBESON,1,4,0,0
28359,ROBESON,0,1,0,0
28360,ROBESON,0,2,1,0
28365,WAYNE,0,1,0,0
28366,SAMPSON,0,1,0,0
28372,ROBESON,0,5,0,0
28374,MOORE,2,6,0,0
28376,HOKE,2,3,1,0
28377,ROBESON,0,2,0,0
28379,RICHMOND,1,1,1,0
28380,RICHMOND,0,1,0,0
28382,SAMPSON,0,1,0,0
28384,ROBESON,0,1,0,0
28387,MOORE,0,4,0,0
28398,DUPLIN,0,1,0,0
28401,NEW HANOVER,2,3,1,0
28403,NEW HANOVER,1,5,0,0
28405,NEW HANOVER,0,2,0,0
28408,NEW HANOVER,0,1,0,0
28411,NEW HANOVER,0,2,0,0
28412,NEW HANOVER,0,6,0,0
28420,BRUNSWICK,0,1,0,0
28422,BRUNSWICK,1,1,1,0
28425,PENDER,1,2,1,0
28429,NEW HANOVER,0,1,0,0
28433,BLADEN,0,1,0,0
28443,PENDER,0,2,0,0
28450,COLUMBUS,0,2,0,0
28451,BRUNSWICK,1,1,0,0
28458,DUPLIN,0,1,0,0
28459,BRUNSWICK,0,1,0,0
28461,BRUNSWICK,1,3,0,0
28462,BRUNSWICK,1,0,0,0
28463,COLUMBUS,0,1,0,0
28466,DUPLIN,0,4,0,0
28470,BRUNSWICK,0,3,0,0
28472,COLUMBUS,1,2,1,0
28479,BRUNSWICK,0,1,0,0
28501,LENOIR,1,2,1,0
28502,LENOIR,0,1,0,0
28504,LENOIR,0,4,0,0
28513,PITT,0,1,0,0
28515,PAMLICO,0,0,1,0
28518,DUPLIN,0,1,0,0
28529,PAMLICO,0,2,0,0
28530,PITT,0,1,0,0
28532,CRAVEN,0,1,0,0
28540,ONSLOW,0,2,1,0
28546,ONSLOW,2,4,0,0
28547,ONSLOW,1,0,0,0
28551,WAYNE,0,1,0,0
28557,CARTERET,1,4,1,0
28560,CRAVEN,1,6,0,0
28562,CRAVEN,0,9,1,0
28564,CRAVEN,0,1,0,0
28570,CARTERET,0,2,0,0
28572,LENOIR,0,1,0,0
28573,JONES,0,1,0,0
28574,ONSLOW,0,1,0,0
28577,CARTERET,0,2,0,0
28580,GREENE,0,2,1,0
28584,ONSLOW,0,1,0,0
28585,JONES,0,0,1,0
28590,PITT,0,1,0,0
28601,CATAWBA,1,5,0,0
28602,CATAWBA,1,3,1,0
28604,AVERY,0,1,0,0
28605,WATAUGA,0,1,0,0
28607,WATAUGA,1,3,2,0
28610,CATAWBA,0,1,0,0
28612,BURKE,0,2,0,0
28613,CATAWBA,0,4,0,0
28619,BURKE,0,1,0,0
28621,SURRY,1,3,0,0
28625,IREDELL,2,8,1,0
28630,CALDWELL,0,3,0,0
28634,IREDELL,0,1,0,0
28637,BURKE,0,1,0,0
28638,CALDWELL,0,2,0,0
28640,ASHE,1,1,1,0
28641,BURKE,0,1,0,0
28645,CALDWELL,1,5,1,0
28646,AVERY,1,0,0,0
28655,BURKE,1,7,1,0
28657,AVERY,1,2,1,0
28658,CATAWBA,0,3,0,0
28659,WILKES,1,3,0,0
28660,IREDELL,0,1,0,0
28675,ALLEGHANY,1,2,1,0
28677,IREDELL,1,2,0,0
28681,ALEXANDER,1,4,1,0
28690,BURKE,1,0,0,0
28694,ASHE,0,2,0,0
28697,WILKES,0,3,1,0
28704,BUNCOMBE,0,3,0,0
28705,MITCHELL,0,0,1,0
28711,BUNCOMBE,0,4,0,0
28712,TRANSYLVANIA,1,4,1,0
28713,SWAIN,1,2,1,0
28714,YANCEY,0,2,1,0
28715,BUNCOMBE,0,4,0,0
28716,HAYWOOD,0,4,0,0
28719,SWAIN,2,0,0,0
28721,HAYWOOD,1,4,0,0
28722,POLK,1,3,1,0
28730,BUNCOMBE,0,2,0,0
28731,HENDERSON,0,1,0,0
28732,BUNCOMBE,0,3,0,0
28734,MACON,1,3,1,0
28739,HENDERSON,0,4,0,0
28741,MACON,1,2,0,0
28751,HAYWOOD,0,1,0,0
28752,MCDOWELL,1,4,1,0
28753,MADISON,0,1,1,0
28754,MADISON,0,2,0,0
28759,HENDERSON,0,2,0,0
28761,MCDOWELL,0,3,0,0
28771,GRAHAM,0,1,1,0
28773,POLK,0,1,0,0
28777,MITCHELL,1,2,0,0
28778,BUNCOMBE,0,1,0,0
28779,JACKSON,1,4,1,0
28782,POLK,0,1,0,0
28785,HAYWOOD,0,1,0,0
28786,HAYWOOD,0,8,1,0
28787,BUNCOMBE,0,1,0,0
28791,HENDERSON,1,5,0,0
28792,HENDERSON,1,9,1,0
28801,BUNCOMBE,2,4,1,0
28803,BUNCOMBE,1,7,0,0
28804,BUNCOMBE,0,3,0,0
28805,BUNCOMBE,1,3,0,0
28806,BUNCOMBE,0,8,0,0
28813,BUNCOMBE,1,0,0,0
28901,CHEROKEE,0,3,0,0
28904,CLAY,0,2,1,0
28906,CHEROKEE,1,1,1,0
29003,BAMBERG,0,2,1,0
29006,LEXINGTON,0,2,0,0
29010,LEE,1,5,1,0
29016,RICHLAND,0,8,0,0
29018,ORANGEBURG,0,1,0,0
29020,KERSHAW,1,7,1,0
29033,LEXINGTON,1,1,0,0
29036,RICHLAND,0,3,0,0
29042,BAMBERG,0,3,0,0
29044,RICHLAND,0,1,0,0
29045,KERSHAW,1,3,0,0
29048,ORANGEBURG,0,1,0,0
29052,RICHLAND,0,1,0,0
29053,LEXINGTON,0,2,0,0
29055,CHESTER,0,1,1,0
29058,LANCASTER,0,1,0,0
29059,ORANGEBURG,0,1,0,0
29061,RICHLAND,0,5,0,0
29063,LEXINGTON,0,2,0,0
29072,LEXINGTON,0,9,0,0
29073,LEXINGTON,0,2,0,0
29078,KERSHAW,0,2,0,0
29081,BAMBERG,0,1,0,0
29102,CLARENDON,1,5,1,0
29105,AIKEN,0,1,0,0
29108,NEWBERRY,1,3,1,0
29112,ORANGEBURG,0,1,0,0
29115,ORANGEBURG,0,12,1,0
29118,ORANGEBURG,2,4,0,0
29127,NEWBERRY,0,1,0,0
29130,FAIRFIELD,0,4,0,0
29135,CALHOUN,0,1,1,0
29138,SALUDA,0,4,1,0
29142,ORANGEBURG,0,2,0,0
29148,CLARENDON,0,1,0,0
29150,SUMTER,2,20,1,0
29152,SUMTER,1,0,0,0
29153,SUMTER,0,2,0,0
29154,SUMTER,0,2,0,0
29160,CALHOUN,0,2,0,0
29161,FLORENCE,0,1,0,0
29162,CLARENDON,1,0,0,0
29169,LEXINGTON,2,12,1,0
29170,LEXINGTON,1,1,0,0
29180,FAIRFIELD,1,0,1,0
29201,RICHLAND,0,1,1,0
29203,RICHLAND,7,23,0,0
29204,RICHLAND,1,4,1,0
29205,RICHLAND,0,1,0,0
29206,RICHLAND,0,2,0,0
29209,RICHLAND,1,1,0,0
29210,RICHLAND,4,3,0,0
29212,RICHLAND,1,2,0,0
29220,RICHLAND,2,0,0,0
29223,RICHLAND,0,11,0,0
29229,RICHLAND,0,5,0,0
29301,SPARTANBURG,0,2,0,0
29302,SPARTANBURG,1,2,0,0
29303,SPARTANBURG,3,6,1,0
29306,SPARTANBURG,0,3,0,0
29307,SPARTANBURG,1,9,0,0
29316,SPARTANBURG,0,2,0,0
29325,LAURENS,1,6,1,0
29340,CHEROKEE,1,3,0,0
29341,CHEROKEE,0,2,1,0
29342,CHEROKEE,0,1,0,0
29349,SPARTANBURG,0,8,0,0
29360,LAURENS,0,7,0,0
29365,SPARTANBURG,0,2,0,0
29369,SPARTANBURG,0,6,0,0
29374,SPARTANBURG,0,1,0,0
29379,UNION,1,4,1,0
29385,SPARTANBURG,0,3,0,0
29388,SPARTANBURG,0,2,0,0
29401,CHARLESTON,2,1,1,0
29403,CHARLESTON,0,3,0,0
29404,CHARLESTON,1,0,0,0
29405,CHARLESTON,2,22,0,0
29406,CHARLESTON,2,6,0,0
29407,CHARLESTON,0,3,0,0
29409,CHARLESTON,1,0,0,0
29410,BERKELEY,0,1,0,0
29412,CHARLESTON,0,9,0,0
29414,CHARLESTON,1,7,0,0
29418,CHARLESTON,0,2,0,0
29425,CHARLESTON,1,0,0,0
29432,ORANGEBURG,0,1,0,0
29440,GEORGETOWN,1,8,1,0
29445,BERKELEY,0,6,0,0
29449,CHARLESTON,0,1,0,0
29455,CHARLESTON,0,2,0,0
29456,CHARLESTON,1,0,0,0
29458,CHARLESTON,0,1,0,0
29461,BERKELEY,0,2,1,0
29464,CHARLESTON,2,14,0,0
29466,CHARLESTON,1,3,1,0
29468,BERKELEY,0,1,0,0
29472,DORCHESTER,1,0,0,0
29477,DORCHESTER,0,1,0,0
29479,BERKELEY,0,1,0,0
29483,DORCHESTER,0,4,1,0
29485,DORCHESTER,1,6,0,0
29486,BERKELEY,1,2,0,0
29488,COLLETON,1,6,1,0
29492,BERKELEY,0,3,0,0
29501,FLORENCE,0,15,0,0
29505,FLORENCE,3,4,0,0
29506,FLORENCE,3,3,1,0
29510,WILLIAMSBURG,0,1,0,0
29512,MARLBORO,1,2,1,0
29518,WILLIAMSBURG,1,0,0,0
29520,CHESTERFIELD,1,4,0,0
29526,HORRY,2,3,1,0
29527,HORRY,0,5,0,0
29532,DARLINGTON,1,4,1,0
29536,DILLON,1,3,1,0
29543,DILLON,0,1,0,0
29550,DARLINGTON,1,4,1,0
29554,GEORGETOWN,0,1,0,0
29555,FLORENCE,0,1,0,0
29556,WILLIAMSBURG,1,4,1,0
29560,FLORENCE,1,3,1,0
29563,DILLON,0,1,0,0
29566,HORRY,2,3,1,0
29569,HORRY,1,2,1,0
29571,MARION,0,2,0,0
29572,HORRY,1,4,0,0
29574,MARION,1,1,1,0
29576,HORRY,2,7,0,0
29577,HORRY,0,0,1,0
29579,HORRY,0,4,0,0
29583,FLORENCE,0,1,0,0
29585,GEORGETOWN,0,3,0,0
29588,HORRY,0,2,0,0
29591,FLORENCE,0,1,0,0
29601,GREENVILLE,2,3,1,0
29605,GREENVILLE,2,2,0,0
29607,GREENVILLE,1,9,0,0
29609,GREENVILLE,0,5,0,0
29611,GREENVILLE,0,2,0,0
29614,GREENVILLE,1,0,0,0
29615,GREENVILLE,2,11,0,0
29617,GREENVILLE,0,5,0,0
29620,ABBEVILLE,1,1,1,0
29621,ANDERSON,5,10,0,0
29624,ANDERSON,0,5,0,0
29625,ANDERSON,0,5,1,0
29627,ANDERSON,0,1,0,0
29628,ABBEVILLE,0,1,0,0
29630,PICKENS,0,1,0,0
29631,PICKENS,0,4,0,0
29639,ABBEVILLE,0,2,0,0
29640,PICKENS,1,2,0,0
29641,PICKENS,0,2,0,0
29642,PICKENS,0,7,0,0
29644,GREENVILLE,0,2,0,0
29646,GREENWOOD,2,7,1,0
29649,GREENWOOD,0,3,0,0
29650,GREENVILLE,2,5,0,0
29651,GREENVILLE,1,8,0,0
29653,ABBEVILLE,0,1,0,0
29654,ANDERSON,0,1,0,0
29655,ANDERSON,0,1,0,0
29657,PICKENS,0,1,0,0
29661,GREENVILLE,0,1,0,0
29662,GREENVILLE,0,1,0,0
29671,PICKENS,1,1,1,0
29672,OCONEE,1,3,0,0
29673,ANDERSON,0,1,0,0
29678,OCONEE,0,4,0,0
29680,GREENVILLE,0,1,0,0
29681,GREENVILLE,1,5,0,0
29682,PICKENS,0,2,0,0
29687,GREENVILLE,0,1,0,0
29690,GREENVILLE,2,1,0,0
29691,OCONEE,0,1,1,0
29692,GREENWOOD,0,1,0,0
29696,OCONEE,0,1,0,0
29706,CHESTER,1,2,1,0
29707,LANCASTER,0,4,0,0
29708,YORK,1,4,0,0
29709,CHESTERFIELD,0,1,1,0
29710,YORK,0,1,0,0
29714,CHESTER,0,1,0,0
29715,YORK,1,1,0,0
29720,LANCASTER,2,3,1,0
29728,CHESTERFIELD,0,2,0,0
29730,YORK,0,6,0,0
29732,YORK,2,13,1,0
29745,YORK,0,2,1,0
29801,AIKEN,1,8,1,0
29803,AIKEN,0,7,0,0
29810,ALLENDALE,0,1,1,0
29812,BARNWELL,0,1,1,0
29817,BARNWELL,0,1,0,0
29824,EDGEFIELD,1,1,1,0
29827,ALLENDALE,1,2,0,0
29829,AIKEN,0,1,0,0
29835,MCCORMICK,0,2,1,0
29841,AIKEN,0,3,0,0
29853,BARNWELL,0,2,0,0
29860,AIKEN,0,3,0,0
29902,BEAUFORT,2,4,1,0
29907,BEAUFORT,0,1,0,0
29909,BEAUFORT,0,4,0,0
29910,BEAUFORT,1,4,0,0
29918,HAMPTON,0,1,0,0
29924,HAMPTON,0,2,0,0
29926,BEAUFORT,1,7,0,0
29927,JASPER,1,0,0,0
29928,BEAUFORT,0,3,0,0
29935,BEAUFORT,0,4,1,0
29936,JASPER,0,2,1,0
29944,HAMPTON,1,1,1,0
29945,BEAUFORT,0,1,0,0
30004,FULTON,0,3,0,0
30005,FULTON,0,5,0,0
30008,COBB,0,3,1,0
30009,FULTON,0,3,0,0
30012,ROCKDALE,2,4,1,0
30014,NEWTON,1,3,1,0
30015,NEWTON,0,1,0,0
30017,GWINNETT,0,2,0,0
30019,GWINNETT,0,2,0,0
30022,FULTON,0,8,0,0
30024,GWINNETT,0,10,0,0
30025,WALTON,0,1,0,0
30030,DEKALB,1,4,1,0
30032,DEKALB,0,1,0,0
30033,DEKALB,2,5,0,0
30034,DEKALB,1,2,0,0
30040,FORSYTH,0,2,1,0
30041,FORSYTH,2,8,0,0
30043,GWINNETT,0,2,0,0
30044,GWINNETT,0,3,0,0
30045,GWINNETT,0,2,2,0
30046,GWINNETT,2,3,0,0
30047,GWINNETT,0,2,0,0
30054,NEWTON,0,1,0,0
30058,DEKALB,1,1,0,0
30060,COBB,1,2,0,0
30062,COBB,0,1,0,0
30064,COBB,0,8,0,0
30066,COBB,0,1,0,0
30067,COBB,1,4,0,0
30068,COBB,0,4,0,0
30071,GWINNETT,0,1,0,0
30075,FULTON,0,6,0,0
30076,FULTON,1,2,0,0
30078,GWINNETT,1,3,0,0
30080,COBB,1,3,0,0
30082,COBB,1,2,0,0
30083,DEKALB,0,1,0,0
30084,DEKALB,1,5,0,0
30087,DEKALB,0,3,0,0
30092,GWINNETT,1,2,0,0
30096,GWINNETT,1,0,0,0
30097,FULTON,1,3,0,0
30101,COBB,0,5,0,0
30102,CHEROKEE,0,1,0,0
30106,COBB,1,3,0,0
30110,HARALSON,1,1,0,0
30113,HARALSON,0,3,1,0
30114,CHEROKEE,0,7,0,0
30115,CHEROKEE,1,2,1,0
30116,CARROLL,0,1,1,0
30117,CARROLL,1,6,0,0
30120,BARTOW,1,4,0,0
30121,BARTOW,0,2,1,0
30125,POLK,1,2,1,0
30127,COBB,0,2,0,0
30132,PAULDING,0,2,1,0
30134,DOUGLAS,1,1,1,0
30135,DOUGLAS,1,4,0,0
30136,GWINNETT,1,0,0,0
30141,PAULDING,1,1,0,0
30143,PICKENS,1,4,1,0
30144,COBB,0,1,0,0
30152,COBB,1,2,0,0
30153,POLK,0,2,0,0
30161,FLOYD,0,5,1,0
30162,FLOYD,1,0,0,0
30165,FLOYD,1,8,1,0
30175,PICKENS,0,1,0,0
30180,CARROLL,1,2,0,0
30188,CHEROKEE,0,7,1,0
30189,CHEROKEE,0,3,0,0
30204,LAMAR,0,1,1,0
30213,FULTON,0,2,0,0
30214,FAYETTE,1,3,1,0
30215,FAYETTE,0,1,0,0
30217,HEARD,0,1,1,0
30222,MERIWETHER,0,1,1,0
30223,SPALDING,1,2,1,0
30224,SPALDING,0,1,0,0
30228,HENRY,0,1,0,0
30233,BUTTS,1,1,1,0
30236,CLAYTON,0,4,1,0
30240,TROUP,1,5,2,0
30253,HENRY,1,1,1,0
30260,CLAYTON,0,2,0,0
30263,COWETA,0,10,1,0
30265,COWETA,3,1,0,0
30269,FAYETTE,0,3,0,0
30274,CLAYTON,3,1,0,0
30277,COWETA,0,1,0,0
30281,HENRY,2,7,0,0
30286,UPSON,1,3,1,0
30291,FULTON,0,2,0,0
30295,PIKE,0,0,1,0
30297,CLAYTON,0,1,0,0
30303,FULTON,2,0,2,0
30305,FULTON,0,3,0,0
30306,DEKALB,2,1,0,0
30308,FULTON,2,1,0,0
30309,FULTON,3,2,0,0
30310,FULTON,0,1,0,0
30312,FULTON,1,2,0,0
30314,FULTON,0,1,0,0
30315,FULTON,0,3,0,0
30318,FULTON,0,1,0,0
30319,FULTON,0,8,0,0
30322,DEKALB,3,0,0,0
30324,FULTON,0,1,0,0
30326,FULTON,0,1,0,0
30327,FULTON,2,2,0,0
30328,FULTON,0,2,0,0
30329,DEKALB,3,5,0,0
30331,FULTON,0,2,0,0
30337,FULTON,0,1,0,0
30338,DEKALB,2,3,0,0
30339,COBB,0,1,0,0
30342,FULTON,3,3,0,0
30344,FULTON,1,1,0,0
30346,DEKALB,1,0,0,0
30349,CLAYTON,1,0,0,0
30350,FULTON,0,3,0,0
30401,EMANUEL,1,2,1,0
30411,WHEELER,0,0,1,0
30417,EVANS,1,1,1,0
30427,TATTNALL,0,1,0,0
30428,WHEELER,1,1,0,0
30434,JEFFERSON,1,1,1,0
30436,TOOMBS,0,1,1,0
30439,CANDLER,1,2,1,0
30442,JENKINS,1,1,1,0
30445,MONTGOMERY,0,0,1,0
30451,CANDLER,0,1,0,0
30453,TATTNALL,1,1,1,0
30457,TREUTLEN,0,1,1,0
30458,BULLOCH,2,5,1,0
30467,SCREVEN,1,1,1,0
30471,EMANUEL,0,1,0,0
30474,TOOMBS,1,1,0,0
30475,TOOMBS,0,1,0,0
30477,JEFFERSON,0,1,0,0
30501,HALL,1,6,0,0
30503,HALL,0,1,0,0
30504,HALL,0,1,0,0
30506,HALL,0,2,0,0
30507,HALL,0,1,2,0
30511,HABERSHAM,0,3,0,0
30512,UNION,1,1,1,0
30513,FANNIN,1,2,1,0
30517,HALL,1,0,0,0
30518,GWINNETT,0,3,0,0
30519,GWINNETT,0,2,0,0
30521,FRANKLIN,0,0,1,0
30525,RABUN,2,1,1,0
30528,WHITE,0,3,1,0
30529,JACKSON,1,2,0,0
30533,LUMPKIN,1,3,1,0
30534,DAWSON,0,3,1,0
30535,HABERSHAM,1,2,1,0
30540,GILMER,1,2,1,0
30542,HALL,0,1,0,0
30546,TOWNS,1,2,0,0
30547,BANKS,0,0,1,0
30548,HALL,0,3,0,0
30549,JACKSON,0,1,1,0
30553,FRANKLIN,1,0,0,0
30566,HALL,0,1,0,0
30577,STEPHENS,1,1,1,0
30582,TOWNS,0,0,1,0
30601,CLARKE,0,1,1,0
30606,CLARKE,3,6,0,0
30607,CLARKE,0,2,0,0
30620,BARROW,0,1,0,0
30622,OCONEE,0,2,0,0
30629,MADISON,0,1,0,0
30630,OGLETHORPE,0,1,0,0
30631,TALIAFERRO,0,0,1,0
30633,MADISON,0,0,1,0
30635,ELBERT,1,3,1,0
30642,GREENE,1,2,1,0
30643,HART,1,2,1,0
30645,OCONEE,0,1,0,0
30648,OGLETHORPE,0,0,1,0
30650,MORGAN,2,2,1,0
30655,WALTON,2,2,1,0
30662,FRANKLIN,1,2,0,0
30669,GREENE,0,1,0,0
30673,WILKES,1,1,1,0
30677,OCONEE,0,1,1,0
30680,BARROW,1,3,1,0
30683,CLARKE,0,1,0,0
30701,GORDON,1,3,1,0
30703,GORDON,0,1,0,0
30705,MURRAY,1,1,1,0
30720,WHITFIELD,1,6,2,0
30728,WALKER,0,2,1,0
30736,CATOOSA,0,1,1,0
30741,WALKER,0,3,0,0
30742,CATOOSA,1,3,0,0
30747,CHATTOOGA,0,1,1,0
30750,DADE,0,1,0,0
30752,DADE,0,1,1,0
30757,DADE,1,0,0,0
30802,COLUMBIA,0,1,1,0
30809,COLUMBIA,0,7,0,0
30810,GLASCOCK,0,1,1,0
30812,RICHMOND,1,1,0,0
30816,BURKE,0,1,0,0
30817,LINCOLN,0,0,1,0
30824,MCDUFFIE,1,2,1,0
30828,WARREN,0,1,1,0
30830,BURKE,1,1,1,0
30901,RICHMOND,2,1,0,0
30904,RICHMOND,4,2,0,0
30905,RICHMOND,1,0,0,0
30906,RICHMOND,1,2,0,0
30907,RICHMOND,0,7,0,0
30909,RICHMOND,2,3,2,0
30912,RICHMOND,1,0,0,0
31001,WILCOX,0,1,0,0
31002,JOHNSON,0,1,0,0
31006,TAYLOR,0,1,1,0
31007,DOOLY,0,1,0,0
31008,PEACH,1,0,0,0
31014,BLECKLEY,1,2,1,0
31015,CRISP,1,3,1,0
31021,LAURENS,2,2,2,0
31023,DODGE,1,2,1,0
31024,PUTNAM,1,2,1,0
31029,MONROE,1,2,1,0
31030,PEACH,0,2,1,0
31032,JONES,0,2,1,0
31036,PULASKI,1,1,1,0
31040,LAURENS,0,2,0,0
31041,MACON,0,1,0,0
31042,WILKINSON,0,0,1,0
31044,TWIGGS,0,1,1,0
31055,TELFAIR,0,1,1,0
31057,MACON,0,1,0,0
31061,BALDWIN,1,8,1,0
31062,BALDWIN,1,0,0,0
31063,MACON,1,1,0,0
31064,JASPER,1,1,1,0
31067,WASHINGTON,0,1,0,0
31068,MACON,0,0,1,0
31069,HOUSTON,1,1,0,0
31071,WILCOX,0,1,0,0
31078,CRAWFORD,0,1,1,0
31079,WILCOX,0,0,1,0
31082,WASHINGTON,1,3,1,0
31087,HANCOCK,0,2,1,0
31088,HOUSTON,0,5,1,0
31090,WILKINSON,0,1,0,0
31092,DOOLY,0,0,1,0
31093,HOUSTON,1,1,0,0
31096,JOHNSON,0,2,1,0
31098,HOUSTON,1,0,0,0
31201,BIBB,2,0,1,0
31204,BIBB,0,4,0,0
31206,BIBB,0,3,0,0
31210,BIBB,3,5,0,0
31216,BIBB,0,1,0,0
31217,BIBB,3,3,1,0
31220,BIBB,0,3,0,0
31310,LIBERTY,1,0,0,0
31313,LIBERTY,0,0,1,0
31314,LIBERTY,1,0,0,0
31316,LONG,0,1,1,0
31320,LIBERTY,0,1,0,0
31321,BRYAN,0,0,1,0
31322,CHATHAM,0,3,0,0
31324,BRYAN,0,2,1,0
31326,EFFINGHAM,1,0,0,0
31328,CHATHAM,0,2,0,0
31329,EFFINGHAM,1,1,1,0
31331,MCINTOSH,0,0,1,0
31401,CHATHAM,0,0,1,0
31404,CHATHAM,2,1,0,0
31405,CHATHAM,3,4,0,0
31406,CHATHAM,1,8,2,0
31407,CHATHAM,0,1,0,0
31410,CHATHAM,0,1,0,0
31411,CHATHAM,0,3,0,0
31412,CHATHAM,1,0,0,0
31416,CHATHAM,1,0,0,0
31419,CHATHAM,1,4,0,0
31501,WARE,1,2,2,0
31502,WARE,0,1,0,0
31510,BACON,1,1,1,0
31513,APPLING,1,1,1,0
31516,PIERCE,0,1,1,0
31520,GLYNN,1,2,1,0
31521,GLYNN,0,1,0,0
31522,GLYNN,1,5,0,0
31525,GLYNN,0,1,1,0
31533,COFFEE,1,1,1,0
31537,CHARLTON,1,1,1,0
31539,JEFF DAVIS,1,1,1,0
31545,WAYNE,1,4,1,0
31548,CAMDEN,0,0,1,0
31549,TELFAIR,0,1,0,0
31553,BRANTLEY,0,1,1,0
31558,CAMDEN,1,2,0,0
31601,LOWNDES,0,0,2,0
31602,LOWNDES,3,5,0,0
31605,LOWNDES,0,1,0,0
31620,COOK,2,1,1,0
31632,LOWNDES,0,1,0,0
31634,CLINCH,1,1,1,0
31635,LANIER,1,1,1,0
31639,BERRIEN,1,2,1,0
31642,ATKINSON,0,0,1,0
31643,BROOKS,1,1,1,0
31648,ECHOLS,0,0,1,0
31699,LOWNDES,1,0,0,0
31701,DOUGHERTY,1,1,2,0
31702,DOUGHERTY,0,1,0,0
31703,DOUGHERTY,1,0,0,0
31709,SUMTER,0,2,0,0
31714,TURNER,0,1,1,0
31719,SUMTER,1,0,1,0
31721,DOUGHERTY,0,1,0,0
31730,MITCHELL,1,1,1,0
31750,BEN HILL,1,2,1,0
31757,THOMAS,0,1,0,0
31763,LEE,0,2,1,0
31768,COLQUITT,1,3,1,0
31774,IRWIN,1,2,1,0
31779,MITCHELL,0,1,0,0
31780,SUMTER,0,1,0,0
31788,COLQUITT,1,3,0,0
31791,WORTH,1,1,1,0
31792,THOMAS,2,5,1,0
31793,TIFT,1,0,0,0
31794,TIFT,0,3,1,0
31803,MARION,0,1,1,0
31805,CHATTAHOOCHEE,0,0,1,0
31806,SCHLEY,0,0,1,0
31811,HARRIS,0,0,1,0
31815,STEWART,0,0,1,0
31824,WEBSTER,0,0,1,0
31825,STEWART,1,1,0,0
31827,TALBOT,0,0,1,0
31830,MERIWETHER,5,1,0,0
31831,HARRIS,0,1,0,0
31901,MUSCOGEE,4,0,0,0
31904,MUSCOGEE,0,7,1,0
31905,RICHMOND,2,0,0,0
31907,MUSCOGEE,0,2,0,0
31909,MUSCOGEE,2,6,0,0
31917,MUSCOGEE,1,0,0,0
31995,MUSCOGEE,1,0,0,0
32003,CLAY,1,5,0,0
32011,NASSAU,0,1,0,0
32024,COLUMBIA,0,4,0,0
32025,COLUMBIA,1,8,0,0
32034,NASSAU,1,5,1,0
32038,COLUMBIA,0,1,0,0
32043,CLAY,1,3,1,0
32046,NASSAU,0,3,0,0
32052,HAMILTON,0,1,1,0
32053,HAMILTON,0,4,0,0
32054,UNION,2,0,1,0
32055,COLUMBIA,2,5,1,0
32058,BRADFORD,0,1,0,0
32060,SUWANNEE,1,3,0,0
32063,BAKER,2,3,1,0
32064,SUWANNEE,0,2,1,0
32065,CLAY,0,5,0,0
32066,LAFAYETTE,0,3,1,0
32068,CLAY,1,5,0,0
32073,CLAY,1,14,0,0
32079,CLAY,0,1,0,0
32080,ST. JOHNS,0,1,0,0
32081,ST. JOHNS,0,2,0,0
32082,ST. JOHNS,0,4,0,0
32084,ST. JOHNS,1,6,0,0
32086,ST. JOHNS,1,6,1,0
32091,BRADFORD,1,4,1,0
32092,ST. JOHNS,0,5,0,0
32095,ST. JOHNS,0,1,0,0
32110,FLAGLER,0,1,1,0
32111,MARION,0,1,0,0
32112,PUTNAM,0,2,0,0
32114,VOLUSIA,1,15,0,0
32117,VOLUSIA,3,17,1,0
32118,VOLUSIA,0,3,0,0
32119,VOLUSIA,0,7,0,0
32124,VOLUSIA,0,1,0,0
32127,VOLUSIA,1,11,0,0
32128,VOLUSIA,0,2,0,0
32129,VOLUSIA,0,7,0,0
32130,VOLUSIA,0,1,0,0
32132,VOLUSIA,0,2,0,0
32137,FLAGLER,1,14,0,0
32141,VOLUSIA,0,2,0,0
32159,LAKE,1,11,0,0
32162,SUMTER,0,7,0,0
32164,FLAGLER,1,11,0,0
32168,VOLUSIA,1,13,0,0
32169,VOLUSIA,0,1,0,0
32174,VOLUSIA,0,18,0,0
32176,VOLUSIA,0,1,0,0
32177,PUTNAM,1,8,1,0
32179,MARION,0,2,0,0
32181,PUTNAM,0,1,0,0
32193,PUTNAM,0,1,0,0
32202,DUVAL,0,1,0,0
32204,DUVAL,1,5,0,0
32205,DUVAL,0,3,0,0
32206,DUVAL,0,3,0,0
32207,DUVAL,4,2,0,0
32208,DUVAL,0,5,0,0
32209,DUVAL,1,10,0,0
32210,DUVAL,0,10,0,0
32211,DUVAL,0,9,1,0
32214,DUVAL,1,0,0,0
32216,DUVAL,5,9,0,0
32217,DUVAL,0,5,0,0
32218,DUVAL,2,6,0,0
32221,DUVAL,1,5,0,0
32222,DUVAL,0,2,0,0
32223,DUVAL,0,2,0,0
32224,DUVAL,1,4,0,0
32225,DUVAL,0,3,0,0
32226,DUVAL,0,1,0,0
32233,DUVAL,0,4,0,0
32244,DUVAL,0,5,0,0
32246,DUVAL,1,1,0,0
32250,DUVAL,1,3,0,0
32254,DUVAL,0,1,0,0
32256,DUVAL,1,8,0,0
32257,DUVAL,0,10,0,0
32258,DUVAL,2,3,0,0
32259,ST. JOHNS,1,4,0,0
32277,DUVAL,0,1,0,0
32301,LEON,0,1,0,0
32303,LEON,0,5,0,0
32304,LEON,0,1,1,0
32305,LEON,0,1,0,0
32308,LEON,5,12,0,0
32309,LEON,0,3,0,0
32311,LEON,0,1,1,0
32312,LEON,0,2,0,0
32317,LEON,0,2,0,0
32320,FRANKLIN,1,0,1,0
32321,LIBERTY,0,1,1,0
32322,FRANKLIN,0,1,0,0
32324,GADSDEN,1,2,0,0
32326,WAKULLA,0,1,0,0
32327,WAKULLA,0,0,1,0
32331,MADISON,0,2,0,0
32340,MADISON,2,8,1,0
32343,GADSDEN,0,2,0,0
32344,JEFFERSON,0,2,1,0
32347,TAYLOR,0,1,1,0
32348,TAYLOR,1,0,0,0
32351,GADSDEN,0,2,1,0
32353,GADSDEN,1,0,0,0
32401,BAY,2,4,1,0
32403,BAY,1,0,0,0
32404,BAY,0,4,0,0
32405,BAY,3,7,0,0
32407,BAY,0,4,0,0
32408,BAY,0,1,0,0
32424,CALHOUN,1,4,1,0
32425,HOLMES,1,4,1,0
32427,WASHINGTON,0,1,0,0
32428,WASHINGTON,1,3,1,0
32433,WALTON,0,2,1,0
32435,WALTON,1,0,0,0
32440,JACKSON,1,2,0,0
32444,BAY,0,1,0,0
32446,JACKSON,1,4,1,0
32456,GULF,1,2,1,0
32459,WALTON,0,3,0,0
32462,WASHINGTON,0,2,0,0
32501,ESCAMBIA,2,6,1,0
32503,ESCAMBIA,1,3,0,0
32504,ESCAMBIA,3,2,0,0
32505,ESCAMBIA,1,3,0,0
32506,ESCAMBIA,0,2,0,0
32512,ESCAMBIA,1,0,0,0
32514,ESCAMBIA,2,18,0,0
32526,ESCAMBIA,0,3,0,0
32533,ESCAMBIA,0,3,0,0
32534,ESCAMBIA,0,2,0,0
32535,ESCAMBIA,1,1,0,0
32536,OKALOOSA,0,3,0,0
32539,OKALOOSA,1,7,0,0
32541,OKALOOSA,1,3,0,0
32542,OKALOOSA,1,0,0,0
32544,OKALOOSA,1,0,0,0
32547,OKALOOSA,2,4,0,0
32548,OKALOOSA,0,4,1,0
32550,WALTON,1,3,0,0
32561,SANTA ROSA,1,3,0,0
32563,SANTA ROSA,1,6,0,0
32565,SANTA ROSA,1,1,0,0
32566,SANTA ROSA,0,2,0,0
32570,SANTA ROSA,1,5,1,0
32571,SANTA ROSA,0,2,0,0
32578,OKALOOSA,1,5,0,0
32579,OKALOOSA,0,1,0,0
32601,ALACHUA,0,1,0,0
32605,ALACHUA,1,1,0,0
32606,ALACHUA,2,6,0,0
32607,ALACHUA,0,5,0,0
32608,ALACHUA,2,3,0,0
32609,ALACHUA,0,1,0,0
32610,ALACHUA,2,0,0,0
32621,LEVY,0,0,1,0
32628,DIXIE,0,1,1,0
32629,BREVARD,0,1,0,0
32641,ALACHUA,0,1,1,0
32643,ALACHUA,0,3,0,0
32653,ALACHUA,0,1,0,0
32656,CLAY,0,1,0,0
32667,MARION,0,1,0,0
32693,GILCHRIST,0,2,1,0
32696,LEVY,1,1,0,0
32701,SEMINOLE,2,6,0,0
32702,LAKE,0,3,0,0
32703,ORANGE,2,12,0,0
32707,SEMINOLE,0,5,0,0
32708,SEMINOLE,0,8,0,0
32712,ORANGE,0,4,0,0
32713,VOLUSIA,0,3,0,0
32714,SEMINOLE,1,8,0,0
32720,VOLUSIA,1,13,0,0
32724,VOLUSIA,0,10,0,0
32725,VOLUSIA,1,7,0,0
32726,LAKE,0,9,1,0
32730,SEMINOLE,0,1,0,0
32736,LAKE,0,2,0,0
32738,VOLUSIA,0,5,0,0
32746,SEMINOLE,2,5,0,0
32750,SEMINOLE,1,6,0,0
32751,ORANGE,1,16,0,0
32757,LAKE,0,11,0,0
32763,VOLUSIA,1,9,0,0
32765,SEMINOLE,1,11,0,0
32766,SEMINOLE,0,4,0,0
32771,SEMINOLE,1,8,0,0
32772,SEMINOLE,0,1,0,0
32773,SEMINOLE,0,1,1,0
32778,LAKE,2,7,0,0
32779,SEMINOLE,0,5,0,0
32780,BREVARD,0,6,0,0
32789,ORANGE,0,10,0,0
32792,ORANGE,1,16,0,0
32796,BREVARD,2,8,0,0
32801,ORANGE,0,4,0,0
32803,ORANGE,2,1,0,0
32804,ORANGE,0,3,0,0
32805,ORANGE,0,5,0,0
32806,ORANGE,3,9,0,0
32807,ORANGE,0,6,0,0
32808,ORANGE,1,9,0,0
32809,ORANGE,1,0,1,0
32810,ORANGE,0,5,0,0
32811,ORANGE,0,1,0,0
32812,ORANGE,0,4,0,0
32814,ORANGE,0,1,0,0
32817,ORANGE,0,2,0,0
32818,ORANGE,0,8,0,0
32819,ORANGE,1,10,0,0
32821,ORANGE,1,1,0,0
32822,ORANGE,1,8,0,0
32824,ORANGE,0,2,0,0
32825,ORANGE,0,13,0,0
32826,ORANGE,1,0,0,0
32827,ORANGE,3,1,0,0
32828,ORANGE,0,4,0,0
32829,ORANGE,0,1,0,0
32832,ORANGE,0,2,0,0
32835,ORANGE,0,4,0,0
32836,ORANGE,0,1,0,0
32837,ORANGE,0,4,0,0
32839,ORANGE,0,3,0,0
32901,BREVARD,4,13,0,0
32903,BREVARD,0,2,0,0
32904,BREVARD,0,15,0,0
32905,BREVARD,0,9,0,0
32907,BREVARD,1,39,0,0
32908,BREVARD,0,11,0,0
32909,BREVARD,0,25,0,0
32922,BREVARD,0,1,0,0
32925,BREVARD,1,0,0,0
32926,BREVARD,0,2,0,0
32931,BREVARD,1,1,0,0
32934,BREVARD,0,6,0,0
32935,BREVARD,1,2,0,0
32937,BREVARD,0,5,0,0
32940,BREVARD,2,13,0,0
32952,BREVARD,0,6,0,0
32953,BREVARD,0,9,1,0
32955,BREVARD,1,23,0,0
32958,INDIAN RIVER,1,4,0,0
32960,INDIAN RIVER,3,13,1,0
32962,INDIAN RIVER,0,4,0,0
32966,INDIAN RIVER,0,5,0,0
32967,INDIAN RIVER,0,6,0,0
33004,BROWARD,0,2,0,0
33009,BROWARD,0,3,0,0
33010,MIAMI-DADE,0,29,0,0
33012,MIAMI-DADE,2,27,0,0
33013,MIAMI-DADE,1,19,0,0
33014,MIAMI-DADE,0,12,0,0
33015,MIAMI-DADE,0,19,0,0
33016,MIAMI-DADE,2,9,0,0
33018,MIAMI-DADE,1,27,0,0
33019,BROWARD,0,1,0,0
33020,BROWARD,1,19,0,0
33021,BROWARD,3,19,0,0
33022,BROWARD,0,1,0,0
33023,BROWARD,0,13,0,0
33024,BROWARD,1,14,0,0
33025,BROWARD,1,11,0,0
33026,BROWARD,0,3,0,0
33027,BROWARD,0,4,0,0
33028,BROWARD,1,0,0,0
33029,BROWARD,1,3,0,0
33030,MIAMI-DADE,0,13,0,0
33031,MIAMI-DADE,0,1,0,0
33032,MIAMI-DADE,0,20,0,0
33033,MIAMI-DADE,1,18,0,0
33034,MIAMI-DADE,1,2,0,0
33035,MIAMI-DADE,0,1,0,0
33040,MONROE,2,3,1,0
33050,MONROE,1,1,0,0
33054,MIAMI-DADE,0,3,0,0
33055,MIAMI-DADE,0,13,0,0
33056,MIAMI-DADE,0,5,0,0
33060,BROWARD,0,8,0,0
33062,BROWARD,0,6,0,0
33063,BROWARD,1,8,0,0
33064,BROWARD,1,6,0,0
33065,BROWARD,1,17,0,0
33066,BROWARD,0,2,0,0
33067,BROWARD,0,10,0,0
33068,BROWARD,0,13,0,0
33069,BROWARD,0,3,0,0
33070,MONROE,1,1,0,0
33071,BROWARD,0,11,0,0
33073,BROWARD,1,8,0,0
33076,BROWARD,0,3,0,0
33122,MIAMI-DADE,1,0,0,0
33125,MIAMI-DADE,2,31,1,0
33126,MIAMI-DADE,1,21,0,0
33127,MIAMI-DADE,0,5,0,0
33128,MIAMI-DADE,1,3,0,0
33129,MIAMI-DADE,0,2,0,0
33130,MIAMI-DADE,0,3,0,0
33133,MIAMI-DADE,1,9,0,0
33134,MIAMI-DADE,2,14,0,0
33135,MIAMI-DADE,0,13,0,0
33136,MIAMI-DADE,4,3,0,0
33137,MIAMI-DADE,1,3,0,0
33138,MIAMI-DADE,0,2,0,0
33139,MIAMI-DADE,0,2,0,0
33140,MIAMI-DADE,1,0,0,0
33141,MIAMI-DADE,0,3,0,0
33142,MIAMI-DADE,0,14,0,0
33143,MIAMI-DADE,2,2,0,0
33144,MIAMI-DADE,0,23,0,0
33145,MIAMI-DADE,0,22,0,0
33146,MIAMI-DADE,1,3,0,0
33147,MIAMI-DADE,0,11,0,0
33150,MIAMI-DADE,1,4,0,0
33154,MIAMI-DADE,0,2,0,0
33155,MIAMI-DADE,3,42,0,0
33156,MIAMI-DADE,0,4,0,0
33157,MIAMI-DADE,1,33,0,0
33158,MIAMI-DADE,0,2,0,0
33160,MIAMI-DADE,0,5,0,0
33161,MIAMI-DADE,1,14,0,0
33162,MIAMI-DADE,0,9,0,0
33165,MIAMI-DADE,0,74,0,0
33166,MIAMI-DADE,0,6,0,0
33167,MIAMI-DADE,0,3,0,0
33168,MIAMI-DADE,0,8,0,0
33169,MIAMI-DADE,1,8,0,0
33170,MIAMI-DADE,0,10,0,0
33172,MIAMI-DADE,0,1,0,0
33173,MIAMI-DADE,0,23,0,0
33174,MIAMI-DADE,0,20,0,0
33175,MIAMI-DADE,1,63,0,0
33176,MIAMI-DADE,1,18,0,0
33177,MIAMI-DADE,0,34,0,0
33178,UNION,1,0,0,0
33179,MIAMI-DADE,0,7,0,0
33180,MIAMI-DADE,1,7,0,0
33182,MIAMI-DADE,0,13,0,0
33183,MIAMI-DADE,0,26,0,0
33184,MIAMI-DADE,0,13,0,0
33185,MIAMI-DADE,0,31,0,0
33186,MIAMI-DADE,0,34,0,0
33187,MIAMI-DADE,0,10,0,0
33189,MIAMI-DADE,1,14,0,0
33190,MIAMI-DADE,0,3,0,0
33193,MIAMI-DADE,0,21,0,0
33194,MIAMI-DADE,0,4,0,0
33196,MIAMI-DADE,1,19,0,0
33301,BROWARD,1,1,0,0
33304,BROWARD,0,3,0,0
33305,BROWARD,0,4,0,0
33306,BROWARD,0,1,0,0
33308,BROWARD,2,4,0,0
33309,BROWARD,0,7,0,0
33311,BROWARD,1,9,0,0
33312,BROWARD,0,6,0,0
33313,BROWARD,1,13,0,0
33314,BROWARD,0,3,0,0
33315,BROWARD,0,1,1,0
33316,BROWARD,1,4,0,0
33317,BROWARD,1,16,0,0
33319,BROWARD,0,14,0,0
33321,BROWARD,1,10,0,0
33322,BROWARD,0,6,0,0
33323,BROWARD,0,4,0,0
33324,BROWARD,1,5,0,0
33325,BROWARD,1,0,0,0
33326,BROWARD,0,3,0,0
33328,BROWARD,1,2,0,0
33330,BROWARD,0,2,0,0
33331,BROWARD,1,4,0,0
33332,BROWARD,0,2,0,0
33334,BROWARD,1,4,0,0
33351,BROWARD,1,17,0,0
33401,PALM BEACH,1,12,1,0
33403,PALM BEACH,0,3,0,0
33404,PALM BEACH,0,8,0,0
33405,PALM BEACH,0,5,0,0
33406,PALM BEACH,0,13,0,0
33407,PALM BEACH,5,5,0,0
33408,PALM BEACH,0,4,0,0
33409,PALM BEACH,0,4,0,0
33410,PALM BEACH,2,11,0,0
33411,PALM BEACH,0,19,0,0
33412,PALM BEACH,0,5,0,0
33413,PALM BEACH,0,4,0,0
33414,PALM BEACH,1,20,0,0
33415,PALM BEACH,0,12,0,0
33417,PALM BEACH,0,9,0,0
33418,PALM BEACH,1,7,0,0
33426,PALM BEACH,1,8,0,0
33428,PALM BEACH,1,6,0,0
33430,PALM BEACH,1,1,0,0
33431,PALM BEACH,0,3,0,0
33433,PALM BEACH,0,16,0,0
33434,PALM BEACH,0,5,0,0
33435,PALM BEACH,1,7,0,0
33436,PALM BEACH,0,6,0,0
33437,PALM BEACH,0,3,0,0
33440,HENDRY,1,1,0,0
33442,BROWARD,0,8,0,0
33444,PALM BEACH,0,1,0,0
33445,PALM BEACH,0,7,0,0
33446,PALM BEACH,0,4,0,0
33455,MARTIN,0,3,0,0
33458,PALM BEACH,2,11,0,0
33460,PALM BEACH,0,10,0,0
33461,PALM BEACH,1,14,0,0
33462,PALM BEACH,1,12,0,0
33463,PALM BEACH,0,4,0,0
33467,PALM BEACH,0,10,0,0
33469,PALM BEACH,1,3,0,0
33470,PALM BEACH,1,7,0,0
33471,GLADES,0,0,1,0
33472,PALM BEACH,1,2,0,0
33476,PALM BEACH,0,1,0,0
33477,PALM BEACH,0,1,0,0
33483,PALM BEACH,0,1,0,0
33484,PALM BEACH,3,6,0,0
33486,PALM BEACH,1,4,0,0
33487,PALM BEACH,0,2,0,0
33510,HILLSBOROUGH,0,11,0,0
33511,HILLSBOROUGH,1,30,0,0
33513,SUMTER,0,1,1,0
33525,PASCO,1,4,0,0
33527,HILLSBOROUGH,0,2,0,0
33540,PASCO,0,6,0,0
33541,PASCO,1,2,0,0
33542,PASCO,0,5,0,0
33543,PASCO,1,4,0,0
33544,PASCO,2,5,0,0
33547,HILLSBOROUGH,0,2,0,0
33548,HILLSBOROUGH,1,4,0,0
33549,HILLSBOROUGH,1,5,0,0
33556,PASCO,1,0,0,0
33558,HILLSBOROUGH,1,3,0,0
33559,HILLSBOROUGH,0,1,0,0
33563,HILLSBOROUGH,1,8,0,0
33565,HILLSBOROUGH,0,5,0,0
33566,HILLSBOROUGH,0,2,0,0
33567,HILLSBOROUGH,0,5,0,0
33569,HILLSBOROUGH,0,6,0,0
33570,HILLSBOROUGH,0,3,0,0
33572,HILLSBOROUGH,0,1,0,0
33573,HILLSBOROUGH,1,12,0,0
33578,HILLSBOROUGH,2,2,0,0
33579,HILLSBOROUGH,0,2,0,0
33584,HILLSBOROUGH,0,3,0,0
33592,HILLSBOROUGH,0,1,0,0
33594,HILLSBOROUGH,0,7,0,0
33596,HILLSBOROUGH,0,2,0,0
33598,HILLSBOROUGH,0,1,0,0
33602,HILLSBOROUGH,0,4,1,0
33603,HILLSBOROUGH,1,7,0,0
33604,HILLSBOROUGH,0,20,0,0
33605,HILLSBOROUGH,0,4,0,0
33606,HILLSBOROUGH,2,3,0,0
33607,HILLSBOROUGH,3,12,0,0
33609,HILLSBOROUGH,1,3,0,0
33610,HILLSBOROUGH,0,9,0,0
33611,HILLSBOROUGH,1,5,0,0
33612,HILLSBOROUGH,5,20,0,0
33613,HILLSBOROUGH,1,13,0,0
33614,HILLSBOROUGH,1,38,0,0
33615,HILLSBOROUGH,1,23,0,0
33617,HILLSBOROUGH,0,4,0,0
33618,HILLSBOROUGH,0,10,0,0
33619,HILLSBOROUGH,0,9,0,0
33621,HILLSBOROUGH,1,0,0,0
33624,HILLSBOROUGH,0,4,0,0
33625,HILLSBOROUGH,0,9,0,0
33626,HILLSBOROUGH,0,3,0,0
33629,HILLSBOROUGH,0,5,0,0
33634,HILLSBOROUGH,0,14,0,0
33637,HILLSBOROUGH,1,1,0,0
33647,HILLSBOROUGH,0,3,0,0
33701,PINELLAS,2,10,1,0
33702,PINELLAS,0,3,0,0
33703,PINELLAS,0,2,0,0
33704,PINELLAS,0,3,0,0
33705,PINELLAS,2,8,0,0
33707,PINELLAS,1,9,0,0
33708,PINELLAS,0,2,0,0
33709,PINELLAS,1,9,0,0
33710,PINELLAS,1,14,0,0
33711,PINELLAS,0,5,0,0
33712,PINELLAS,0,4,0,0
33713,PINELLAS,1,3,0,0
33714,PINELLAS,0,8,0,0
33716,PINELLAS,0,3,0,0
33744,PINELLAS,1,0,0,0
33755,PINELLAS,0,5,0,0
33756,PINELLAS,1,15,0,0
33759,PINELLAS,0,8,0,0
33760,PINELLAS,0,4,0,0
33761,PINELLAS,0,8,0,0
33763,PINELLAS,0,5,0,0
33764,PINELLAS,1,9,0,0
33765,PINELLAS,0,5,0,0
33770,PINELLAS,2,7,0,0
33771,PINELLAS,0,11,0,0
33772,PINELLAS,0,5,0,0
33773,PINELLAS,0,1,0,0
33774,PINELLAS,1,5,0,0
33776,PINELLAS,0,4,0,0
33777,PINELLAS,0,5,0,0
33778,PINELLAS,0,5,0,0
33781,PINELLAS,0,9,0,0
33782,PINELLAS,0,7,0,0
33801,POLK,0,4,0,0
33803,POLK,1,4,0,0
33805,POLK,1,6,0,0
33809,POLK,0,11,0,0
33810,POLK,0,1,0,0
33813,POLK,0,4,0,0
33815,POLK,0,2,0,0
33823,POLK,0,1,0,0
33825,HIGHLANDS,0,2,0,0
33830,POLK,0,3,1,0
33831,POLK,1,0,0,0
33837,POLK,1,1,0,0
33844,POLK,0,3,0,0
33845,POLK,0,1,0,0
33850,POLK,0,3,0,0
33852,HIGHLANDS,1,3,0,0
33853,POLK,1,4,0,0
33870,HIGHLANDS,1,7,0,0
33872,HIGHLANDS,1,3,0,0
33873,HARDEE,2,5,1,0
33875,HIGHLANDS,0,1,1,0
33880,POLK,1,3,0,0
33881,POLK,1,7,0,0
33884,POLK,0,11,0,0
33890,HARDEE,0,1,0,0
33896,POLK,0,1,0,0
33901,LEE,1,6,0,0
33903,LEE,0,2,0,0
33904,LEE,0,4,0,0
33905,LEE,1,1,0,0
33907,LEE,0,5,0,0
33908,LEE,2,13,0,0
33909,LEE,1,7,0,0
33912,LEE,1,7,0,0
33914,LEE,0,7,0,0
33916,LEE,0,1,1,0
33917,LEE,0,1,0,0
33919,LEE,0,4,0,0
33928,LEE,0,2,0,0
33935,HENDRY,0,2,1,0
33936,LEE,1,4,0,0
33947,CHARLOTTE,0,1,0,0
33948,CHARLOTTE,0,2,0,0
33950,CHARLOTTE,2,4,1,0
33952,CHARLOTTE,2,8,0,0
33954,CHARLOTTE,0,4,0,0
33967,LEE,0,1,0,0
33971,LEE,0,2,0,0
33972,LEE,0,5,0,0
33973,LEE,0,1,0,0
33974,LEE,0,2,0,0
33976,LEE,0,2,0,0
33980,CHARLOTTE,0,6,0,0
33983,CHARLOTTE,0,5,0,0
33990,LEE,1,6,0,0
33991,LEE,0,13,0,0
33993,LEE,0,6,0,0
34102,COLLIER,1,2,0,0
34103,COLLIER,0,2,0,0
34104,COLLIER,0,5,0,0
34105,COLLIER,0,5,0,0
34108,COLLIER,0,3,0,0
34109,COLLIER,1,9,0,0
34110,COLLIER,1,8,0,0
34112,COLLIER,0,2,1,0
34113,COLLIER,1,9,0,0
34114,COLLIER,1,0,0,0
34116,COLLIER,0,1,0,0
34117,COLLIER,0,1,0,0
34119,COLLIER,2,0,0,0
34120,COLLIER,0,6,0,0
34134,COLLIER,0,2,0,0
34135,LEE,0,6,0,0
34185,MIAMI-DADE,0,1,0,0
34202,MANATEE,1,2,0,0
34203,MANATEE,0,5,0,0
34205,MANATEE,0,13,0,0
34207,MANATEE,0,5,0,0
34208,MANATEE,2,6,1,0
34209,MANATEE,1,16,0,0
34210,MANATEE,1,1,0,0
34211,MANATEE,0,3,0,0
34212,MANATEE,0,1,0,0
34221,MANATEE,0,3,0,0
34223,SARASOTA,1,4,0,0
34224,CHARLOTTE,0,2,0,0
34231,SARASOTA,0,12,0,0
34232,SARASOTA,0,16,0,0
34233,SARASOTA,1,10,0,0
34234,SARASOTA,0,4,0,0
34235,SARASOTA,0,6,0,0
34236,SARASOTA,0,9,0,0
34237,SARASOTA,0,5,1,0
34238,SARASOTA,0,8,0,0
34239,SARASOTA,2,5,0,0
34240,SARASOTA,2,3,0,0
34241,SARASOTA,0,5,0,0
34243,SARASOTA,0,6,0,0
34266,DESOTO,1,5,1,0
34275,SARASOTA,2,3,0,0
34285,SARASOTA,1,14,0,0
34286,SARASOTA,0,1,0,0
34287,SARASOTA,0,6,0,0
34288,SARASOTA,0,1,0,0
34292,SARASOTA,0,9,0,0
34293,SARASOTA,0,8,0,0
34420,MARION,0,4,0,0
34428,CITRUS,1,3,0,0
34429,CITRUS,0,4,0,0
34430,MARION,0,1,0,0
34432,MARION,0,1,0,0
34434,CITRUS,0,2,0,0
34442,CITRUS,0,2,0,0
34446,CITRUS,0,1,0,0
34448,CITRUS,0,1,0,0
34450,CITRUS,0,2,0,0
34452,CITRUS,1,4,0,0
34453,CITRUS,0,2,0,0
34461,CITRUS,1,11,1,0
34470,MARION,0,2,0,0
34471,MARION,3,13,1,0
34472,MARION,0,2,0,0
34473,MARION,0,1,0,0
34474,MARION,5,8,0,0
34475,MARION,1,1,0,0
34478,MARION,0,1,0,0
34481,MARION,0,6,0,0
34484,SUMTER,1,6,0,0
34491,MARION,0,4,0,0
34601,HERNANDO,1,6,1,0
34606,HERNANDO,0,7,0,0
34608,HERNANDO,0,9,0,0
34609,HERNANDO,2,11,0,0
34613,HERNANDO,2,8,0,0
34616,PINELLAS,0,1,0,0
34637,PASCO,1,0,0,0
34638,PASCO,0,1,0,0
34639,PASCO,0,2,0,0
34652,PASCO,2,6,0,0
34653,PASCO,0,17,0,0
34654,PASCO,0,2,1,0
34655,PASCO,1,4,0,0
34667,PASCO,1,11,0,0
34668,PASCO,0,5,0,0
34669,PASCO,0,1,0,0
34677,PINELLAS,0,1,0,0
34683,PINELLAS,0,5,0,0
34684,PINELLAS,0,11,0,0
34688,PINELLAS,0,4,0,0
34689,PINELLAS,1,10,0,0
34690,PASCO,0,2,0,0
34695,PINELLAS,1,7,0,0
34698,PINELLAS,2,18,0,0
34711,LAKE,2,12,0,0
34715,LAKE,0,2,0,0
34731,LAKE,0,2,0,0
34741,OSCEOLA,1,9,0,0
34743,OSCEOLA,0,7,0,0
34744,OSCEOLA,1,5,1,0
34746,OSCEOLA,1,8,0,0
34747,OSCEOLA,1,3,0,0
34748,LAKE,3,14,0,0
34756,LAKE,0,1,0,0
34758,OSCEOLA,1,5,0,0
34759,POLK,0,2,0,0
34761,ORANGE,2,11,0,0
34769,OSCEOLA,2,9,0,0
34770,OSCEOLA,0,1,0,0
34771,OSCEOLA,0,3,0,0
34772,OSCEOLA,0,2,0,0
34785,SUMTER,0,5,0,0
34786,ORANGE,0,3,0,0
34787,ORANGE,2,10,0,0
34788,LAKE,0,3,0,0
34946,ST. LUCIE,0,3,0,0
34947,ST. LUCIE,0,4,0,0
34950,ST. LUCIE,2,3,0,0
34951,ST. LUCIE,0,1,0,0
34952,ST. LUCIE,2,17,0,0
34953,ST. LUCIE,0,45,0,0
34957,MARTIN,0,3,0,0
34972,OKEECHOBEE,1,1,1,0
34974,OKEECHOBEE,0,1,0,0
34981,ST. LUCIE,1,3,0,0
34982,ST. LUCIE,0,4,0,0
34983,ST. LUCIE,0,20,1,0
34984,ST. LUCIE,0,9,0,0
34986,ST. LUCIE,0,3,0,0
34987,ST. LUCIE,1,3,0,0
34990,MARTIN,0,4,0,0
34994,MARTIN,1,9,1,0
34997,MARTIN,3,7,0,0
35007,SHELBY,1,2,0,0
35010,TALLAPOOSA,1,6,1,0
35016,MARSHALL,0,2,0,0
35020,JEFFERSON,0,2,0,0
35022,JEFFERSON,1,3,0,0
35023,JEFFERSON,0,3,0,0
35042,BIBB,1,1,1,0
35043,SHELBY,0,1,0,0
35045,CHILTON,0,2,1,0
35046,CHILTON,1,0,0,0
35051,SHELBY,0,2,0,0
35055,CULLMAN,1,5,1,0
35056,CULLMAN,0,2,0,0
35058,CULLMAN,1,1,0,0
35071,JEFFERSON,0,3,0,0
35072,COOSA,0,1,0,0
35077,CULLMAN,0,2,0,0
35079,BLOUNT,0,3,0,0
35080,SHELBY,0,1,0,0
35085,CHILTON,0,1,0,0
35096,TALLADEGA,0,2,0,0
35111,JEFFERSON,0,4,0,0
35121,BLOUNT,1,4,1,0
35124,SHELBY,1,2,1,0
35125,ST. CLAIR,1,7,1,0
35127,JEFFERSON,0,2,0,0
35128,ST. CLAIR,0,2,0,0
35136,COOSA,0,0,1,0
35150,TALLADEGA,1,4,0,0
35160,TALLADEGA,0,3,1,0
35161,TALLADEGA,1,0,0,0
35173,JEFFERSON,0,3,0,0
35204,JEFFERSON,0,1,0,0
35205,JEFFERSON,2,3,0,0
35206,JEFFERSON,0,1,0,0
35209,JEFFERSON,3,7,0,0
35210,JEFFERSON,0,9,0,0
35211,JEFFERSON,1,1,0,0
35212,JEFFERSON,1,0,0,0
35214,JEFFERSON,0,2,0,0
35215,JEFFERSON,0,2,0,0
35216,JEFFERSON,0,5,0,0
35217,JEFFERSON,0,1,0,0
35223,JEFFERSON,0,1,0,0
35226,JEFFERSON,0,3,0,0
35228,JEFFERSON,0,1,0,0
35233,JEFFERSON,4,0,1,0
35234,JEFFERSON,0,2,0,0
35235,JEFFERSON,1,1,0,0
35242,SHELBY,0,10,0,0
35243,JEFFERSON,1,1,0,0
35244,JEFFERSON,0,9,0,0
35261,SHELBY,1,0,0,0
35401,TUSCALOOSA,3,2,0,0
35402,TUSCALOOSA,1,0,0,0
35404,TUSCALOOSA,2,4,0,0
35405,TUSCALOOSA,0,2,2,0
35406,TUSCALOOSA,0,7,0,0
35442,PICKENS,0,1,0,0
35447,PICKENS,1,0,1,0
35462,GREENE,1,1,1,0
35470,SUMTER,0,0,1,0
35474,HALE,0,1,0,0
35476,TUSCALOOSA,1,8,0,0
35481,PICKENS,0,1,0,0
35501,WALKER,0,5,1,0
35502,WALKER,1,0,0,0
35503,WALKER,0,1,0,0
35504,WALKER,0,3,0,0
35541,WINSTON,0,1,0,0
35549,WALKER,0,1,0,0
35550,WALKER,0,1,0,0
35553,WINSTON,0,1,1,0
35555,FAYETTE,1,2,1,0
35563,MARION,0,1,0,0
35565,WINSTON,1,3,0,0
35570,MARION,1,2,1,0
35582,FRANKLIN,1,1,0,0
35592,LAMAR,0,1,1,0
35594,MARION,1,4,0,0
35601,MORGAN,3,2,2,0
35602,MORGAN,0,1,0,0
35603,MORGAN,0,6,0,0
35609,MORGAN,1,0,0,0
35611,LIMESTONE,2,4,1,0
35613,LIMESTONE,0,1,0,0
35622,MORGAN,0,3,0,0
35630,LAUDERDALE,1,8,1,0
35633,LAUDERDALE,0,2,0,0
35634,LAUDERDALE,0,1,0,0
35640,MORGAN,0,1,0,0
35645,LAUDERDALE,0,2,0,0
35650,LAWRENCE,1,1,1,0
35653,FRANKLIN,1,4,0,0
35654,FRANKLIN,0,0,1,0
35660,COLBERT,1,1,2,0
35661,COLBERT,1,5,0,0
35674,COLBERT,0,2,0,0
35712,JEFFERSON,0,1,0,0
35740,JACKSON,1,1,0,0
35750,MADISON,0,3,0,0
35756,LIMESTONE,0,3,0,0
35757,MADISON,0,1,0,0
35758,MADISON,1,7,0,0
35763,MADISON,0,4,0,0
35768,JACKSON,1,2,0,0
35769,JACKSON,0,3,1,0
35801,MADISON,4,4,0,0
35802,MADISON,0,12,0,0
35803,MADISON,0,3,0,0
35805,MADISON,0,2,0,0
35806,MADISON,1,3,0,0
35809,MADISON,1,0,0,0
35810,MADISON,0,3,0,0
35811,MADISON,1,1,1,0
35901,ETOWAH,1,4,0,0
35902,ETOWAH,0,1,0,0
35903,ETOWAH,2,1,1,0
35904,ETOWAH,1,1,0,0
35905,ETOWAH,0,3,0,0
35906,ETOWAH,0,2,0,0
35951,MARSHALL,0,5,0,0
35952,ETOWAH,0,1,0,0
35953,ST. CLAIR,0,1,0,0
35954,ETOWAH,0,3,0,0
35957,MARSHALL,1,2,0,0
35960,CHEROKEE,1,2,2,0
35961,DEKALB,0,1,0,0
35962,DEKALB,0,1,0,0
35967,DEKALB,0,1,1,0
35968,DEKALB,1,3,0,0
35971,DEKALB,0,1,0,0
35976,MARSHALL,1,3,1,0
36022,AUTAUGA,0,2,0,0
36025,ELMORE,0,1,0,0
36027,BARBOUR,1,3,1,0
36033,BUTLER,1,1,0,0
36037,BUTLER,1,4,1,0
36040,LOWNDES,0,1,1,0
36049,CRENSHAW,2,2,1,0
36054,ELMORE,0,1,0,0
36066,AUTAUGA,0,2,0,0
36067,AUTAUGA,1,2,1,0
36078,ELMORE,1,1,0,0
36081,PIKE,1,4,1,0
36083,MACON,1,1,1,0
36089,BULLOCK,1,1,1,0
36092,ELMORE,1,3,1,0
36104,MONTGOMERY,0,1,1,0
36106,MONTGOMERY,2,1,0,0
36107,MONTGOMERY,0,1,0,0
36108,MONTGOMERY,0,1,1,0
36109,MONTGOMERY,2,5,0,0
36110,MONTGOMERY,0,1,0,0
36111,MONTGOMERY,1,1,0,0
36112,MONTGOMERY,1,0,0,0
36116,MONTGOMERY,2,5,1,0
36117,MONTGOMERY,1,13,0,0
36201,CALHOUN,0,0,2,0
36202,CALHOUN,2,0,0,0
36203,CALHOUN,0,1,0,0
36207,CALHOUN,2,5,0,0
36251,CLAY,1,1,0,0
36260,TALLADEGA,0,2,0,0
36264,CLEBURNE,0,3,1,0
36265,CALHOUN,1,4,0,0
36266,CLAY,0,1,1,0
36272,CALHOUN,0,2,0,0
36274,RANDOLPH,0,3,1,0
36278,RANDOLPH,1,1,0,0
36301,HOUSTON,3,0,2,0
36302,HOUSTON,1,1,0,0
36303,HOUSTON,0,7,0,0
36305,HOUSTON,1,5,0,0
36310,HENRY,0,3,1,0
36323,COFFEE,0,2,0,0
36330,COFFEE,1,3,1,0
36331,COFFEE,0,2,0,0
36340,GENEVA,1,3,1,0
36344,GENEVA,0,2,0,0
36345,HENRY,0,1,0,0
36360,DALE,1,3,1,0
36401,CONECUH,1,1,1,0
36420,COVINGTON,1,3,1,0
36426,ESCAMBIA,0,2,1,0
36427,ESCAMBIA,1,1,0,0
36442,COVINGTON,1,1,0,0
36446,CITRUS,0,1,0,0
36451,CLARKE,1,0,1,0
36460,MONROE,1,3,1,0
36467,COVINGTON,1,2,0,0
36484,PINELLAS,0,1,0,0
36502,ESCAMBIA,1,3,0,0
36507,BALDWIN,1,2,0,0
36518,WASHINGTON,1,1,1,0
36522,MOBILE,0,1,0,0
36526,BALDWIN,1,7,0,0
36527,BALDWIN,0,2,0,0
36532,BALDWIN,1,5,0,0
36533,BALDWIN,0,1,0,0
36535,BALDWIN,1,2,0,0
36536,BALDWIN,0,1,0,0
36541,MOBILE,0,2,0,0
36542,BALDWIN,0,1,0,0
36545,CLARKE,1,2,0,0
36559,BALDWIN,0,1,0,0
36567,BALDWIN,0,1,2,0
36572,MOBILE,0,1,0,0
36582,MOBILE,0,1,0,0
36603,MOBILE,0,2,2,0
36604,MOBILE,1,1,0,0
36605,MOBILE,0,1,0,0
36607,MOBILE,2,4,0,0
36608,MOBILE,1,6,0,0
36609,MOBILE,0,2,0,0
36613,MOBILE,0,1,0,0
36617,MOBILE,1,1,0,0
36618,HILLSBOROUGH,0,1,0,0
36685,MOBILE,1,0,0,0
36693,MOBILE,1,7,0,0
36695,MOBILE,0,8,0,0
36701,DALLAS,1,4,1,0
36703,DALLAS,0,1,0,0
36726,WILCOX,1,1,1,0
36732,MARENGO,1,3,0,0
36744,HALE,1,1,1,0
36748,MARENGO,0,2,2,0
36756,PERRY,0,2,1,0
36784,CLARKE,1,1,0,0
36801,LEE,1,2,1,0
36802,LEE,0,1,0,0
36830,LEE,0,7,0,0
36853,TALLAPOOSA,1,3,0,0
36854,CHAMBERS,1,4,1,0
36862,CHAMBERS,0,2,0,0
36863,CHAMBERS,0,1,0,0
36864,CHAMBERS,0,1,0,0
36867,RUSSELL,2,2,1,0
36869,RUSSELL,0,1,0,0
36877,LEE,0,1,0,0
36904,CHOCTAW,1,1,1,0
36925,SUMTER,1,2,0,0
37010,ROBERTSON,0,1,0,0
37013,DAVIDSON,0,3,0,0
37015,CHEATHAM,1,3,1,0
37027,WILLIAMSON,0,11,0,0
37030,SMITH,1,2,1,0
37033,HICKMAN,1,2,1,0
37040,MONTGOMERY,1,1,1,0
37042,MONTGOMERY,0,1,0,0
37043,MONTGOMERY,0,10,0,0
37055,DICKSON,1,5,1,0
37058,STEWART,0,1,1,0
37061,HOUSTON,1,1,1,0
37062,WILLIAMSON,0,1,0,0
37064,WILLIAMSON,0,9,1,0
37066,SUMNER,1,7,1,0
37067,WILLIAMSON,2,5,0,0
37069,WILLIAMSON,0,1,0,0
37072,SUMNER,0,4,0,0
37074,TROUSDALE,1,2,1,0
37075,SUMNER,1,10,0,0
37076,DAVIDSON,1,4,0,0
37083,MACON,1,3,1,0
37087,WILSON,2,8,1,0
37091,MARSHALL,1,3,1,0
37096,PERRY,1,1,1,0
37110,WARREN,1,5,1,0
37115,DAVIDSON,2,5,0,0
37122,WILSON,0,6,0,0
37128,RUTHERFORD,0,2,0,0
37129,RUTHERFORD,4,9,0,0
37130,RUTHERFORD,0,5,1,0
37138,DAVIDSON,0,1,0,0
37142,MONTGOMERY,0,1,0,0
37148,SUMNER,4,4,0,0
37150,MACON,0,1,0,0
37152,ROBERTSON,0,1,0,0
37160,BEDFORD,2,4,1,0
37166,DEKALB,1,3,1,0
37167,RUTHERFORD,1,5,0,0
37172,ROBERTSON,1,6,1,0
37174,MAURY,0,6,0,0
37185,HUMPHREYS,1,3,1,0
37186,SUMNER,0,1,0,0
37187,DICKSON,0,1,0,0
37188,ROBERTSON,0,1,0,0
37189,DAVIDSON,0,1,0,0
37190,CANNON,1,1,1,0
37203,DAVIDSON,6,2,1,0
37205,DAVIDSON,1,6,0,0
37206,DAVIDSON,1,0,0,0
37207,DAVIDSON,1,1,0,0
37208,DAVIDSON,2,1,0,0
37210,DAVIDSON,0,1,0,0
37211,DAVIDSON,1,2,0,0
37212,DAVIDSON,2,1,0,0
37214,DAVIDSON,0,2,0,0
37215,DAVIDSON,0,5,0,0
37216,DAVIDSON,0,1,1,0
37218,DAVIDSON,0,2,0,0
37221,DAVIDSON,0,9,0,0
37232,DAVIDSON,1,0,0,0
37236,DAVIDSON,1,0,0,0
37243,DAVIDSON,0,0,1,0
37250,RUTHERFORD,1,0,0,0
37301,GRUNDY,0,0,1,0
37303,MCMINN,1,5,1,0
37307,POLK,0,0,1,0
37311,BRADLEY,2,2,1,0
37312,BRADLEY,1,9,0,0
37315,HAMILTON,0,1,0,0
37317,POLK,1,1,0,0
37318,FRANKLIN,0,1,0,0
37321,RHEA,1,3,0,0
37322,MEIGS,0,1,1,0
37327,SEQUATCHIE,1,1,1,0
37331,MCMINN,1,2,0,0
37332,RHEA,0,0,1,0
37334,LINCOLN,1,4,1,0
37343,HAMILTON,1,6,0,0
37347,MARION,1,0,1,0
37352,MOORE,0,1,1,0
37354,MONROE,0,1,1,0
37355,COFFEE,2,5,1,0
37356,GRUNDY,0,1,0,0
37363,HAMILTON,0,5,0,0
37365,GRUNDY,0,1,0,0
37367,BLEDSOE,1,1,1,0
37375,FRANKLIN,2,1,0,0
37377,HAMILTON,0,3,0,0
37379,HAMILTON,0,1,0,0
37380,MARION,0,1,0,0
37381,RHEA,0,1,0,0
37387,GRUNDY,0,1,0,0
37388,COFFEE,1,4,0,0
37389,COFFEE,1,0,0,0
37397,MARION,1,1,0,0
37398,FRANKLIN,1,5,1,0
37402,HAMILTON,2,0,1,0
37403,HAMILTON,3,1,1,0
37404,HAMILTON,3,1,0,0
37405,HAMILTON,0,4,0,0
37410,HAMILTON,0,1,0,0
37412,HAMILTON,1,1,0,0
37415,HAMILTON,1,0,0,0
37421,HAMILTON,3,10,0,0
37601,WASHINGTON,2,5,0,0
37604,WASHINGTON,3,8,2,0
37615,WASHINGTON,0,1,0,0
37617,SULLIVAN,0,2,1,0
37620,SULLIVAN,2,3,0,0
37641,GREENE,0,1,0,0
37642,HAWKINS,0,1,0,0
37643,CARTER,1,6,1,0
37650,UNICOI,2,4,1,0
37659,WASHINGTON,0,1,0,0
37660,SULLIVAN,4,13,0,0
37663,SULLIVAN,0,1,0,0
37664,SULLIVAN,0,3,0,0
37681,WASHINGTON,0,1,0,0
37683,JOHNSON,1,2,1,0
37684,WASHINGTON,1,0,0,0
37687,CARTER,0,1,0,0
37705,ANDERSON,0,1,0,0
37716,ANDERSON,0,3,1,0
37725,JEFFERSON,0,1,1,0
37743,GREENE,0,4,0,0
37745,GREENE,2,1,1,0
37748,ROANE,2,1,0,0
37752,CLAIBORNE,0,1,0,0
37756,SCOTT,0,1,1,0
37757,CAMPBELL,0,0,1,0
37760,JEFFERSON,1,4,0,0
37762,CAMPBELL,1,1,0,0
37763,ROANE,0,2,0,0
37766,CAMPBELL,1,3,0,0
37769,ANDERSON,0,1,0,0
37771,LOUDON,0,1,0,0
37772,LOUDON,1,2,0,0
37774,LOUDON,0,4,1,0
37777,BLOUNT,1,1,0,0
37801,BLOUNT,0,3,1,0
37802,BLOUNT,0,1,0,0
37803,BLOUNT,0,4,0,0
37804,BLOUNT,1,6,0,0
37807,UNION,0,1,1,0
37814,HAMBLEN,2,4,1,0
37821,COCKE,1,3,1,0
37825,CLAIBORNE,0,1,0,0
37830,ANDERSON,1,7,0,0
37841,SCOTT,1,1,0,0
37849,KNOX,3,4,0,0
37854,ROANE,1,2,1,0
37857,HAWKINS,1,2,1,0
37861,GRAINGER,0,1,1,0
37862,SEVIER,1,5,1,0
37863,SEVIER,0,1,0,0
37869,HANCOCK,1,1,1,0
37874,MONROE,1,4,0,0
37876,SEVIER,0,1,0,0
37879,CLAIBORNE,1,1,1,0
37887,MORGAN,0,1,1,0
37890,JEFFERSON,0,1,0,0
37909,KNOX,1,5,0,0
37912,KNOX,0,3,0,0
37914,KNOX,0,2,0,0
37916,KNOX,6,2,0,0
37917,KNOX,0,5,1,0
37918,KNOX,0,2,0,0
37919,KNOX,0,3,0,0
37920,KNOX,3,1,1,0
37921,KNOX,1,0,0,0
37922,KNOX,1,7,0,0
37923,KNOX,1,5,0,0
37931,KNOX,0,3,0,0
37934,KNOX,2,4,0,0
37938,KNOX,0,1,0,0
37984,KNOX,0,1,0,0
38001,CROCKETT,0,1,1,0
38006,CROCKETT,0,2,0,0
38008,HARDEMAN,1,2,1,0
38012,HAYWOOD,1,2,1,0
38016,SHELBY,0,2,0,0
38017,SHELBY,1,7,0,0
38018,SHELBY,0,3,0,0
38019,TIPTON,1,4,1,0
38024,DYER,1,3,1,0
38036,FAYETTE,0,1,0,0
38053,SHELBY,0,1,0,0
38063,LAUDERDALE,1,3,1,0
38068,FAYETTE,1,3,1,0
38079,LAKE,0,1,1,0
38080,LAKE,0,1,0,0
38103,SHELBY,5,1,0,0
38104,SHELBY,5,2,0,0
38105,SHELBY,2,0,1,0
38107,SHELBY,0,1,0,0
38109,SHELBY,0,1,0,0
38111,SHELBY,0,4,0,0
38112,SHELBY,0,1,0,0
38115,SHELBY,0,4,0,0
38116,SHELBY,2,2,0,0
38117,SHELBY,0,2,0,0
38118,SHELBY,2,1,0,0
38119,SHELBY,1,6,0,0
38120,SHELBY,3,3,0,0
38125,SHELBY,0,4,0,0
38127,SHELBY,0,1,0,0
38128,SHELBY,4,2,0,0
38133,SHELBY,1,3,0,0
38134,SHELBY,0,7,0,0
38135,SHELBY,0,1,0,0
38138,SHELBY,4,5,0,0
38139,SHELBY,0,1,0,0
38201,CARROLL,1,2,0,0
38225,WEAKLEY,0,2,1,0
38237,WEAKLEY,2,3,0,0
38242,HENRY,1,4,1,0
38251,HENRY,0,1,0,0
38261,OBION,1,6,1,0
38301,MADISON,4,5,1,0
38305,MADISON,1,7,1,0
38310,MCNAIRY,0,1,0,0
38317,CARROLL,0,1,0,0
38320,BENTON,1,1,1,0
38329,DECATUR,0,1,1,0
38330,GIBSON,0,1,0,0
38340,CHESTER,0,2,1,0
38343,GIBSON,1,6,0,0
38344,CARROLL,1,2,1,0
38345,HENDERSON,0,1,0,0
38351,HENDERSON,1,4,1,0
38355,GIBSON,0,1,0,0
38358,GIBSON,1,4,0,0
38363,DECATUR,1,2,0,0
38372,HARDIN,1,6,1,0
38375,MCNAIRY,0,2,1,0
38382,GIBSON,1,1,1,0
38401,MAURY,1,8,2,0
38449,GILES,0,2,0,0
38462,LEWIS,0,1,1,0
38464,LAWRENCE,1,6,1,0
38474,MAURY,0,1,0,0
38478,GILES,1,4,1,0
38485,WAYNE,1,3,1,0
38501,PUTNAM,1,4,2,0
38506,PUTNAM,0,3,0,0
38549,PICKETT,0,1,1,0
38551,CLAY,1,1,1,0
38555,CUMBERLAND,1,5,1,0
38556,FENTRESS,1,1,1,0
38558,CUMBERLAND,0,1,0,0
38562,JACKSON,1,2,1,0
38570,OVERTON,1,1,1,0
38574,PUTNAM,0,1,0,0
38578,CUMBERLAND,0,3,0,0
38583,WHITE,1,3,1,0
38585,VAN BUREN,0,1,1,0
38603,BENTON,0,1,1,0
38606,PANOLA,4,2,2,0
38611,MARSHALL,0,1,0,0
38614,COAHOMA,1,3,1,0
38632,DESOTO,0,1,1,0
38635,MARSHALL,1,2,1,0
38637,DESOTO,0,1,0,0
38646,QUITMAN,1,1,1,0
38652,UNION,1,5,1,0
38654,DESOTO,2,3,0,0
38655,LAFAYETTE,2,5,1,0
38663,TIPPAH,1,3,1,0
38666,PANOLA,0,1,0,0
38668,TATE,1,3,1,0
38671,DESOTO,1,3,0,0
38672,DESOTO,0,1,0,0
38676,TUNICA,0,1,1,0
38701,WASHINGTON,2,3,0,0
38703,WASHINGTON,1,4,1,0
38704,WASHINGTON,0,1,0,0
38722,WASHINGTON,0,1,0,0
38732,BOLIVAR,1,6,1,0
38738,SUNFLOWER,1,0,0,0
38740,BOLIVAR,0,1,0,0
38751,SUNFLOWER,1,5,1,0
38753,SUNFLOWER,0,1,0,0
38771,SUNFLOWER,1,3,0,0
38774,BOLIVAR,0,2,0,0
38801,LEE,3,5,0,0
38804,LEE,1,3,2,0
38821,MONROE,1,3,0,0
38824,LEE,0,1,0,0
38826,LEE,0,1,0,0
38829,PRENTISS,1,4,1,0
38834,ALCORN,1,6,1,0
38841,PONTOTOC,0,1,0,0
38843,ITAWAMBA,0,5,1,0
38847,TISHOMINGO,0,1,0,0
38851,CHICKASAW,1,2,1,0
38852,TISHOMINGO,2,4,1,0
38855,ITAWAMBA,0,1,0,0
38860,CHICKASAW,0,1,0,0
38862,LEE,0,1,0,0
38863,PONTOTOC,1,3,1,0
38866,LEE,0,2,0,0
38901,GRENADA,1,3,1,0
38915,CALHOUN,0,2,0,0
38916,CALHOUN,1,1,0,0
38921,TALLAHATCHIE,1,1,1,0
38930,LEFLORE,2,5,2,0
38947,CARROLL,0,0,1,0
38951,CALHOUN,0,0,1,0
38965,YALOBUSHA,1,1,1,0
38967,MONTGOMERY,1,1,1,0
39038,HUMPHREYS,1,1,1,0
39042,RANKIN,1,5,1,0
39046,MADISON,1,4,1,0
39047,RANKIN,0,2,0,0
39051,LEAKE,1,5,1,0
39056,HINDS,0,3,0,0
39059,COPIAH,0,1,0,0
39063,HOLMES,0,1,0,0
39069,JEFFERSON,1,1,1,0
39073,RANKIN,0,3,0,0
39074,SCOTT,1,2,1,0
39083,COPIAH,2,1,1,0
39086,CLAIBORNE,0,1,0,0
39090,ATTALA,1,3,1,0
39095,HOLMES,1,2,1,0
39110,MADISON,0,6,0,0
39111,SIMPSON,1,2,0,0
39114,SIMPSON,1,2,1,0
39117,SCOTT,1,1,0,0
39120,ADAMS,2,5,1,0
39150,CLAIBORNE,1,1,1,0
39153,SMITH,1,1,1,0
39154,HINDS,0,1,0,0
39157,MADISON,0,6,0,0
39159,SHARKEY,1,1,1,0
39170,HINDS,0,1,0,0
39176,CARROLL,0,1,0,0
39180,WARREN,0,5,0,0
39183,WARREN,2,1,1,0
39193,RANKIN,4,4,0,0
39194,YAZOO,1,2,1,0
39202,HINDS,2,2,0,0
39203,HINDS,0,7,0,0
39204,HINDS,1,4,0,0
39206,HINDS,0,5,0,0
39208,RANKIN,0,2,0,0
39209,HINDS,0,3,0,0
39211,HINDS,1,0,1,0
39212,HINDS,0,1,0,0
39213,HINDS,0,2,1,0
39216,HINDS,5,1,1,0
39218,RANKIN,0,1,0,0
39232,RANKIN,3,3,0,0
39272,HINDS,0,2,0,0
39301,LAUDERDALE,6,6,1,0
39305,LAUDERDALE,0,4,0,0
39307,LAUDERDALE,1,2,1,0
39309,LAUDERDALE,0,1,0,0
39327,NEWTON,0,0,1,0
39328,KEMPER,1,1,1,0
39330,CLARKE,0,2,0,0
39339,WINSTON,2,3,1,0
39341,NOXUBEE,1,1,1,0
39342,LAUDERDALE,0,2,0,0
39345,NEWTON,0,3,0,0
39350,NESHOBA,2,4,1,0
39355,CLARKE,1,1,1,0
39360,CLARKE,0,1,0,0
39365,NEWTON,1,2,0,0
39367,WAYNE,1,3,1,0
39401,FORREST,2,6,2,0
39402,LAMAR,1,6,0,0
39422,JASPER,1,2,1,0
39426,PEARL RIVER,0,4,1,0
39428,COVINGTON,1,4,1,0
39429,MARION,1,5,1,0
39437,JONES,0,3,1,0
39440,JONES,1,7,0,0
39443,JONES,0,4,0,0
39451,GREENE,1,2,1,0
39452,GEORGE,1,6,1,0
39455,LAMAR,0,1,0,0
39462,PERRY,0,0,1,0
39465,FORREST,0,2,0,0
39466,PEARL RIVER,1,3,0,0
39470,PEARL RIVER,1,2,0,0
39474,JEFFERSON DAVIS,1,1,1,0
39475,LAMAR,1,0,1,0
39476,PERRY,1,3,0,0
39501,HARRISON,3,2,1,0
39503,HARRISON,2,8,0,0
39520,HANCOCK,1,2,1,0
39525,HANCOCK,0,3,0,0
39530,HARRISON,1,1,0,0
39531,HARRISON,3,2,0,0
39532,HARRISON,0,3,0,0
39533,JACKSON,0,1,0,0
39534,HARRISON,1,0,0,0
39540,HARRISON,0,2,0,0
39556,HANCOCK,0,1,0,0
39560,HARRISON,0,1,0,0
39563,JACKSON,0,2,0,0
39564,JACKSON,1,3,0,0
39565,JACKSON,0,1,0,0
39567,JACKSON,0,0,1,0
39571,HARRISON,0,1,0,0
39573,GEORGE,0,1,0,0
39577,STONE,1,3,1,0
39581,JACKSON,1,2,0,0
39601,LINCOLN,1,9,1,0
39630,FRANKLIN,0,0,1,0
39631,WILKINSON,2,1,0,0
39645,AMITE,0,1,1,0
39648,PIKE,0,6,2,0
39649,PIKE,1,0,0,0
39652,PIKE,1,0,0,0
39653,FRANKLIN,1,1,0,0
39654,LAWRENCE,1,1,1,0
39663,LAWRENCE,0,1,0,0
39667,WALTHALL,1,2,1,0
39669,WILKINSON,0,0,1,0
39701,LOWNDES,0,1,1,0
39702,LOWNDES,0,6,0,0
39705,LOWNDES,1,1,0,0
39710,LOWNDES,1,0,0,0
39730,MONROE,1,3,1,0
39735,CHOCTAW,2,1,1,0
39739,NOXUBEE,0,1,0,0
39744,WEBSTER,1,2,1,0
39752,WEBSTER,0,2,0,0
39759,OKTIBBEHA,1,5,2,0
39773,CLAY,1,4,1,0
39813,CALHOUN,1,0,0,0
39819,DECATUR,1,2,1,0
39823,EARLY,1,1,1,0
39828,GRADY,1,1,1,0
39837,MILLER,1,1,1,0
39840,RANDOLPH,1,2,1,0
39842,TERRELL,0,1,1,0
39845,SEMINOLE,1,1,1,0
39846,CALHOUN,0,1,0,0
39851,CLAY,0,1,1,0
39854,QUITMAN,0,0,1,0
39866,CALHOUN,0,0,1,0
39870,BAKER,0,0,1,0
39897,GRADY,0,1,0,0
40004,NELSON,1,9,1,0
40006,TRIMBLE,0,1,1,0
40014,OLDHAM,0,1,0,0
40026,OLDHAM,0,1,0,0
40031,OLDHAM,2,8,1,0
40033,MARION,1,3,1,0
40041,JEFFERSON,0,2,0,0
40047,BULLITT,0,5,0,0
40049,MARION,0,1,0,0
40050,HENRY,0,4,1,0
40056,OLDHAM,0,1,0,0
40059,JEFFERSON,0,6,0,0
40061,WASHINGTON,0,2,0,0
40065,SHELBY,1,8,2,0
40066,SHELBY,0,2,0,0
40069,WASHINGTON,0,1,1,0
40071,SPENCER,0,1,1,0
40108,MEADE,0,3,1,0
40121,HARDIN,1,0,0,0
40143,BRECKINRIDGE,1,3,1,0
40160,HARDIN,1,3,0,0
40165,BULLITT,0,2,1,0
40202,JEFFERSON,4,0,1,0
40203,JEFFERSON,0,4,0,0
40204,JEFFERSON,1,3,0,0
40205,JEFFERSON,1,7,0,0
40206,JEFFERSON,1,5,0,0
40207,JEFFERSON,3,6,0,0
40214,JEFFERSON,0,1,0,0
40215,JEFFERSON,1,2,0,0
40216,JEFFERSON,0,4,0,0
40217,JEFFERSON,1,3,0,0
40218,JEFFERSON,0,4,0,0
40219,JEFFERSON,0,6,0,0
40220,JEFFERSON,0,6,0,0
40222,JEFFERSON,0,10,0,0
40223,JEFFERSON,1,5,0,0
40228,JEFFERSON,0,2,0,0
40232,JEFFERSON,1,0,0,0
40241,JEFFERSON,2,8,0,0
40242,JEFFERSON,1,0,0,0
40243,JEFFERSON,0,6,0,0
40245,JEFFERSON,0,8,0,0
40272,JEFFERSON,0,8,0,0
40291,JEFFERSON,0,6,0,0
40299,JEFFERSON,1,8,0,0
40311,NICHOLAS,1,1,1,0
40322,MENIFEE,0,2,1,0
40324,SCOTT,1,6,1,0
40330,MERCER,1,3,1,0
40336,ESTILL,1,2,1,0
40342,ANDERSON,0,2,1,0
40347,WOODFORD,0,2,0,0
40351,ROWAN,1,4,1,0
40353,MONTGOMERY,1,4,1,0
40356,JESSAMINE,0,6,1,0
40359,OWEN,1,1,2,0
40360,BATH,0,2,1,0
40361,BOURBON,1,2,1,0
40380,POWELL,0,2,1,0
40383,WOODFORD,1,3,1,0
40390,JESSAMINE,0,3,0,0
40391,CLARK,1,4,1,0
40402,JACKSON,0,1,0,0
40403,MADISON,1,2,0,0
40409,ROCKCASTLE,0,1,0,0
40422,BOYLE,1,8,1,0
40423,BOYLE,0,1,0,0
40444,GARRARD,0,1,1,0
40447,JACKSON,0,0,1,0
40456,ROCKCASTLE,1,1,1,0
40475,MADISON,1,11,1,0
40484,LINCOLN,1,1,1,0
40489,LINCOLN,0,2,0,0
40502,FAYETTE,3,4,0,0
40503,FAYETTE,1,4,0,0
40504,FAYETTE,2,6,0,0
40505,FAYETTE,0,1,0,0
40508,FAYETTE,1,0,1,0
40509,FAYETTE,2,10,0,0
40511,FAYETTE,2,8,0,0
40513,FAYETTE,0,2,0,0
40515,FAYETTE,0,9,0,0
40517,FAYETTE,0,3,0,0
40536,FAYETTE,1,0,0,0
40601,FRANKLIN,1,9,2,0
40701,WHITLEY,1,0,0,0
40702,KNOX,0,5,0,0
40741,LAUREL,1,2,1,0
40743,LAUREL,0,1,0,0
40769,WHITLEY,0,1,1,0
40823,HARLAN,0,1,0,0
40831,HARLAN,1,3,1,0
40906,KNOX,1,1,1,0
40962,CLAY,1,1,1,0
40965,BELL,2,3,0,0
40977,BELL,1,2,1,0
41001,CAMPBELL,0,1,0,0
41002,BRACKEN,0,1,0,0
41004,BRACKEN,0,0,1,0
41006,PENDLETON,0,3,0,0
41008,CARROLL,1,3,1,0
41011,KENTON,1,8,0,0
41012,KENTON,1,0,0,0
41014,KENTON,0,1,0,0
41015,KENTON,0,1,0,0
41017,KENTON,3,6,1,0
41018,KENTON,1,4,0,0
41031,HARRISON,1,7,1,0
41040,PENDLETON,0,2,1,0
41041,FLEMING,1,1,1,0
41042,BOONE,2,9,1,0
41045,CARROLL,0,1,0,0
41051,KENTON,0,2,0,0
41052,GRANT,0,2,0,0
41056,MASON,1,2,1,0
41064,ROBERTSON,0,1,1,0
41071,CAMPBELL,0,1,1,0
41075,CAMPBELL,2,5,0,0
41076,CAMPBELL,0,1,0,0
41083,CARROLL,0,2,0,0
41091,BOONE,0,2,0,0
41095,GALLATIN,0,1,1,0
41097,GRANT,1,1,1,0
41101,BOYD,3,10,1,0
41102,BOYD,0,2,0,0
41139,GREENUP,0,3,0,0
41143,CARTER,0,1,1,0
41144,GREENUP,0,1,1,0
41164,CARTER,0,0,1,0
41169,GREENUP,0,5,0,0
41171,ELLIOTT,0,1,1,0
41175,GREENUP,0,1,0,0
41179,LEWIS,0,1,1,0
41224,MARTIN,0,1,1,0
41230,LAWRENCE,1,2,1,0
41240,JOHNSON,2,3,1,0
41301,WOLFE,0,1,1,0
41311,LEE,0,1,1,0
41314,OWSLEY,0,2,1,0
41339,BREATHITT,1,2,1,0
41465,MAGOFFIN,0,2,1,0
41472,MORGAN,1,1,1,0
41501,PIKE,1,3,1,0
41503,PIKE,1,1,0,0
41522,PIKE,0,1,0,0
41553,PIKE,0,2,0,0
41643,KNOTT,0,2,0,0
41647,FLOYD,1,0,0,0
41649,FLOYD,1,0,0,0
41653,FLOYD,1,3,1,0
41701,PERRY,1,1,2,0
41702,PERRY,0,1,0,0
41749,LESLIE,1,1,1,0
41822,KNOTT,0,1,1,0
41858,LETCHER,1,1,1,0
42001,MCCRACKEN,0,8,0,0
42003,MCCRACKEN,2,3,2,0
42023,CARLISLE,0,2,1,0
42025,MARSHALL,1,2,1,0
42029,MARSHALL,0,2,0,0
42031,HICKMAN,0,4,1,0
42038,LYON,0,0,1,0
42041,FULTON,1,1,1,0
42050,FULTON,0,0,1,0
42055,LYON,0,2,0,0
42056,BALLARD,0,1,1,0
42064,CRITTENDEN,1,2,1,0
42066,GRAVES,1,6,3,0
42071,CALLOWAY,1,6,1,0
42078,LIVINGSTON,1,1,0,0
42081,LIVINGSTON,0,0,1,0
42101,WARREN,1,4,1,0
42103,WARREN,1,2,0,0
42104,WARREN,2,10,0,0
42129,METCALFE,0,4,1,0
42134,SIMPSON,0,2,1,0
42135,SIMPSON,1,1,0,0
42141,BARREN,1,8,1,0
42142,BARREN,0,1,0,0
42164,ALLEN,1,5,1,0
42167,MONROE,1,1,1,0
42170,WARREN,0,1,0,0
42206,LOGAN,0,1,0,0
42210,EDMONSON,0,2,1,0
42211,TRIGG,1,4,1,0
42220,TODD,0,1,1,0
42223,MONTGOMERY,3,0,0,0
42240,CHRISTIAN,3,12,1,0
42261,BUTLER,0,1,1,0
42266,CHRISTIAN,0,1,0,0
42276,LOGAN,2,2,1,0
42301,DAVIESS,0,13,0,0
42302,DAVIESS,1,2,0,0
42303,DAVIESS,2,7,1,0
42320,OHIO,0,3,0,0
42327,MCLEAN,0,3,1,0
42330,MUHLENBERG,0,3,1,0
42343,OHIO,0,1,0,0
42345,MUHLENBERG,1,4,0,0
42347,OHIO,1,2,1,0
42348,HANCOCK,0,0,1,0
42351,HANCOCK,0,3,0,0
42408,HOPKINS,0,3,0,0
42409,WEBSTER,0,0,1,0
42413,HOPKINS,0,1,0,0
42420,HENDERSON,1,7,1,0
42431,HOPKINS,1,11,1,0
42437,UNION,1,3,1,0
42445,CALDWELL,1,3,1,0
42450,WEBSTER,0,2,0,0
42455,WEBSTER,0,1,0,0
42501,PULASKI,0,8,2,0
42502,PULASKI,0,5,0,0
42503,PULASKI,1,4,0,0
42539,CASEY,1,1,1,0
42602,CLINTON,1,1,1,0
42629,RUSSELL,0,1,1,0
42633,WAYNE,1,4,1,0
42634,MCCREARY,0,2,0,0
42635,MCCREARY,0,1,0,0
42642,RUSSELL,1,0,0,0
42653,MCCREARY,0,0,1,0
42701,HARDIN,2,13,1,0
42717,CUMBERLAND,1,1,1,0
42718,TAYLOR,1,3,1,0
42719,TAYLOR,0,1,0,0
42728,ADAIR,1,1,1,0
42743,GREEN,2,2,1,0
42748,LARUE,0,1,1,0
42749,HART,1,1,0,0
42754,GRAYSON,1,4,1,0
42765,HART,0,2,1,0
43011,KNOX,0,3,0,0
43014,KNOX,0,1,0,0
43015,DELAWARE,1,13,1,0
43016,FRANKLIN,2,2,0,0
43017,FRANKLIN,0,11,0,0
43019,RICHLAND,0,1,0,0
43023,LICKING,0,3,0,0
43026,FRANKLIN,0,13,0,0
43031,LICKING,0,5,0,0
43033,LICKING,0,1,0,0
43035,DELAWARE,0,3,0,0
43040,UNION,1,8,1,0
43050,KNOX,1,15,1,0
43054,FRANKLIN,1,5,0,0
43055,LICKING,3,9,1,0
43056,LICKING,0,2,0,0
43062,LICKING,0,3,0,0
43064,MADISON,0,1,0,0
43065,DELAWARE,0,3,0,0
43068,FAIRFIELD,0,4,0,0
43074,DELAWARE,0,3,0,0
43076,PERRY,0,2,0,0
43078,CHAMPAIGN,1,8,1,0
43080,LICKING,0,1,0,0
43081,FRANKLIN,1,11,0,0
43082,DELAWARE,2,5,0,0
43084,CHAMPAIGN,0,1,0,0
43085,FRANKLIN,0,4,0,0
43105,FAIRFIELD,0,1,0,0
43110,FRANKLIN,1,5,0,0
43112,FAIRFIELD,0,2,0,0
43113,PICKAWAY,1,7,1,0
43115,ROSS,0,1,0,0
43123,FRANKLIN,2,8,0,0
43125,FRANKLIN,0,1,0,0
43130,FAIRFIELD,1,17,1,0
43135,HOCKING,0,1,0,0
43138,HOCKING,1,5,1,0
43140,MADISON,1,3,1,0
43147,FAIRFIELD,1,6,0,0
43148,FAIRFIELD,0,1,0,0
43160,FAYETTE,1,12,1,0
43162,MADISON,0,1,0,0
43164,PICKAWAY,0,1,0,0
43201,FRANKLIN,2,1,0,0
43203,FRANKLIN,1,6,0,0
43204,FRANKLIN,0,1,0,0
43205,FRANKLIN,1,7,0,0
43207,FRANKLIN,1,4,0,0
43209,FRANKLIN,0,4,0,0
43210,FRANKLIN,2,0,0,0
43211,FRANKLIN,0,3,0,0
43212,FRANKLIN,0,3,0,0
43213,FRANKLIN,1,11,0,0
43214,FRANKLIN,1,10,0,0
43215,FRANKLIN,2,3,3,0
43219,FRANKLIN,2,7,0,0
43220,FRANKLIN,0,3,0,0
43221,FRANKLIN,0,2,0,0
43222,FRANKLIN,0,1,0,0
43223,FRANKLIN,3,4,0,0
43224,FRANKLIN,0,1,0,0
43228,FRANKLIN,1,4,0,0
43229,FRANKLIN,1,3,0,0
43230,FRANKLIN,1,14,0,0
43231,FRANKLIN,0,6,0,0
43232,FRANKLIN,1,6,0,0
43235,FRANKLIN,0,12,0,0
43302,MARION,1,14,2,0
43311,LOGAN,1,2,1,0
43316,WYANDOT,0,2,0,0
43317,MORROW,0,1,0,0
43321,MORROW,0,1,0,0
43326,HARDIN,1,5,1,0
43331,LOGAN,0,2,0,0
43334,MORROW,0,2,0,0
43338,MORROW,1,2,1,0
43351,WYANDOT,1,5,1,0
43357,LOGAN,0,2,0,0
43402,WOOD,1,9,1,0
43410,SANDUSKY,0,4,0,0
43420,SANDUSKY,2,11,1,0
43430,OTTAWA,0,2,0,0
43431,SANDUSKY,0,1,0,0
43440,OTTAWA,0,2,0,0
43450,WOOD,0,2,0,0
43452,OTTAWA,1,2,1,0
43468,OTTAWA,0,1,0,0
43501,MORROW,0,1,0,0
43502,FULTON,0,2,0,0
43506,WILLIAMS,1,3,0,0
43512,DEFIANCE,2,6,1,0
43516,HENRY,0,2,0,0
43517,WILLIAMS,0,2,0,0
43522,WOOD,0,1,0,0
43526,DEFIANCE,1,3,0,0
43527,HENRY,0,2,0,0
43528,LUCAS,0,4,0,0
43537,LUCAS,2,10,0,0
43542,LUCAS,0,3,0,0
43543,WILLIAMS,1,2,1,0
43545,HENRY,1,3,1,0
43551,WOOD,1,9,0,0
43558,FULTON,0,3,0,0
43560,LUCAS,3,16,0,0
43566,LUCAS,0,4,0,0
43567,FULTON,1,4,1,0
43571,LUCAS,0,1,0,0
43604,LUCAS,0,0,1,0
43605,LUCAS,0,2,0,0
43606,LUCAS,1,8,0,0
43607,LUCAS,0,1,0,0
43608,LUCAS,2,2,0,0
43611,LUCAS,0,3,0,0
43612,LUCAS,0,2,0,0
43613,LUCAS,0,2,0,0
43614,LUCAS,3,9,0,0
43615,LUCAS,1,3,0,0
43616,LUCAS,3,10,0,0
43617,LUCAS,0,1,0,0
43619,WOOD,0,3,0,0
43620,LUCAS,0,7,0,0
43623,LUCAS,2,2,0,0
43624,MORROW,0,2,0,0
43701,MUSKINGUM,1,21,1,0
43713,BELMONT,1,4,0,0
43718,BELMONT,0,1,0,0
43719,BELMONT,0,1,0,0
43724,NOBLE,0,2,1,0
43725,GUERNSEY,2,7,1,0
43731,PERRY,0,1,0,0
43749,GUERNSEY,0,1,0,0
43756,MORGAN,0,4,1,0
43758,MORGAN,0,1,0,0
43762,MUSKINGUM,0,2,0,0
43764,PERRY,0,1,1,0
43783,PERRY,0,1,0,0
43793,MONROE,0,4,1,0
43804,HOLMES,0,1,0,0
43812,COSHOCTON,1,6,2,0
43832,TUSCARAWAS,0,1,0,0
43844,COSHOCTON,0,1,0,0
43845,COSHOCTON,0,1,0,0
43901,JEFFERSON,0,3,0,0
43906,BELMONT,1,2,0,0
43907,HARRISON,1,1,1,0
43912,BELMONT,0,1,0,0
43920,COLUMBIANA,1,9,1,0
43935,BELMONT,1,1,0,0
43947,BELMONT,0,1,0,0
43950,BELMONT,0,9,1,0
43952,JEFFERSON,2,10,2,0
43953,JEFFERSON,1,7,0,0
43964,JEFFERSON,0,1,0,0
43968,COLUMBIANA,0,2,0,0
43971,JEFFERSON,0,1,0,0
43976,HARRISON,0,2,0,0
43977,BELMONT,0,1,0,0
44001,LORAIN,1,4,0,0
44003,ASHTABULA,0,1,0,0
44004,ASHTABULA,1,7,1,0
44010,ASHTABULA,0,2,0,0
44011,LORAIN,3,8,0,0
44012,LORAIN,0,4,0,0
44017,CUYAHOGA,0,4,0,0
44021,GEAUGA,0,1,0,0
44022,CUYAHOGA,0,4,0,0
44023,GEAUGA,0,4,0,0
44024,GEAUGA,2,11,1,0
44026,GEAUGA,0,1,0,0
44028,LORAIN,0,1,0,0
44030,ASHTABULA,1,3,1,0
44035,LORAIN,1,8,2,0
44039,LORAIN,0,6,0,0
44041,ASHTABULA,2,13,0,0
44046,GEAUGA,0,2,0,0
44047,ASHTABULA,0,1,1,0
44050,LORAIN,0,1,0,0
44052,LORAIN,0,1,1,0
44053,LORAIN,2,6,0,0
44055,LORAIN,0,1,0,0
44056,SUMMIT,0,3,0,0
44057,LAKE,0,8,0,0
44060,LAKE,2,15,0,0
44062,GEAUGA,0,3,0,0
44065,GEAUGA,0,3,0,0
44067,SUMMIT,1,4,0,0
44070,CUYAHOGA,0,7,0,0
44074,LORAIN,1,8,0,0
44076,ASHTABULA,0,1,0,0
44077,LAKE,2,10,1,0
44081,MORROW,0,1,0,0
44084,ASHTABULA,1,0,0,0
44087,SUMMIT,0,8,0,0
44089,ERIE,0,3,0,0
44090,LORAIN,0,4,0,0
44092,LAKE,0,3,0,0
44094,LAKE,2,7,0,0
44099,ASHTABULA,0,1,0,0
44102,CUYAHOGA,0,6,0,0
44103,CUYAHOGA,0,6,0,0
44104,CUYAHOGA,1,4,0,0
44106,CUYAHOGA,3,15,0,0
44107,CUYAHOGA,0,6,0,0
44108,CUYAHOGA,0,4,0,0
44109,CUYAHOGA,1,5,0,0
44110,CUYAHOGA,0,5,0,0
44111,CUYAHOGA,1,1,0,0
44112,CUYAHOGA,0,8,0,0
44113,CUYAHOGA,2,4,0,0
44114,CUYAHOGA,0,0,1,0
44115,CUYAHOGA,2,1,0,0
44116,CUYAHOGA,0,8,0,0
44117,CUYAHOGA,0,4,0,0
44118,CUYAHOGA,2,1,0,0
44119,CUYAHOGA,1,5,0,0
44120,CUYAHOGA,1,4,1,0
44121,CUYAHOGA,0,1,0,0
44122,CUYAHOGA,6,21,0,0
44124,CUYAHOGA,1,11,0,0
44125,CUYAHOGA,1,9,0,0
44126,CUYAHOGA,0,1,0,0
44128,CUYAHOGA,1,4,0,0
44129,CUYAHOGA,2,6,0,0
44130,CUYAHOGA,3,9,1,0
44131,CUYAHOGA,0,3,0,0
44132,CUYAHOGA,0,2,0,0
44133,CUYAHOGA,0,8,0,0
44134,CUYAHOGA,0,10,0,0
44135,CUYAHOGA,0,10,0,0
44136,CUYAHOGA,0,11,0,0
44137,CUYAHOGA,0,6,0,0
44138,CUYAHOGA,0,7,0,0
44139,CUYAHOGA,0,7,0,0
44140,CUYAHOGA,0,2,0,0
44141,CUYAHOGA,0,2,0,0
44142,CUYAHOGA,0,7,0,0
44143,CUYAHOGA,1,11,0,0
44144,CUYAHOGA,0,2,0,0
44145,CUYAHOGA,1,23,0,0
44146,CUYAHOGA,1,6,0,0
44147,CUYAHOGA,0,3,0,0
44149,CUYAHOGA,0,2,0,0
44195,CUYAHOGA,1,1,0,0
44202,PORTAGE,0,9,0,0
44203,SUMMIT,1,7,1,0
44212,MEDINA,0,5,0,0
44214,WAYNE,0,2,0,0
44216,SUMMIT,0,1,0,0
44221,SUMMIT,0,5,0,0
44223,SUMMIT,1,9,0,0
44224,SUMMIT,0,12,1,0
44230,MEDINA,0,3,0,0
44234,GEAUGA,0,2,0,0
44236,SUMMIT,1,8,0,0
44240,PORTAGE,0,4,1,0
44241,PORTAGE,0,2,0,0
44254,MEDINA,1,3,0,0
44256,MEDINA,1,18,1,0
44262,SUMMIT,0,2,0,0
44264,SUMMIT,0,1,0,0
44266,PORTAGE,1,5,2,0
44270,WAYNE,0,3,0,0
44273,MEDINA,0,1,0,0
44278,SUMMIT,0,6,0,0
44281,MEDINA,1,9,0,0
44286,SUMMIT,0,5,0,0
44303,SUMMIT,0,3,0,0
44304,SUMMIT,2,0,0,0
44305,SUMMIT,0,3,0,0
44307,SUMMIT,1,0,0,0
44308,SUMMIT,2,0,1,0
44309,MORROW,0,1,0,0
44310,SUMMIT,1,2,0,0
44311,SUMMIT,0,1,0,0
44312,SUMMIT,0,2,0,0
44313,SUMMIT,0,5,0,0
44319,SUMMIT,0,5,0,0
44320,SUMMIT,0,1,0,0
44321,SUMMIT,1,11,0,0
44333,SUMMIT,1,16,0,0
44334,MORROW,0,1,0,0
44406,MAHONING,0,2,0,0
44408,COLUMBIANA,0,5,0,0
44410,TRUMBULL,0,4,0,0
44413,COLUMBIANA,0,2,1,0
44417,TRUMBULL,0,1,0,0
44418,TRUMBULL,0,1,0,0
44420,TRUMBULL,0,2,1,0
44425,TRUMBULL,0,1,0,0
44427,CARROLL,0,1,0,0
44429,MAHONING,0,1,0,0
44432,COLUMBIANA,0,6,1,0
44438,TRUMBULL,0,3,0,0
44440,TRUMBULL,0,3,0,0
44442,MAHONING,0,3,0,0
44444,TRUMBULL,0,3,0,0
44446,TRUMBULL,0,5,1,0
44451,MAHONING,0,1,0,0
44452,MAHONING,0,6,0,0
44460,COLUMBIANA,1,16,0,0
44471,MAHONING,0,2,0,0
44481,TRUMBULL,0,0,1,0
44482,COLUMBIANA,2,0,0,0
44483,TRUMBULL,0,11,1,0
44484,TRUMBULL,2,5,0,0
44485,TRUMBULL,0,1,0,0
44501,MAHONING,3,1,0,0
44502,MAHONING,0,3,1,0
44504,MAHONING,0,8,0,0
44505,TRUMBULL,2,6,0,0
44507,MAHONING,0,1,0,0
44509,MAHONING,0,5,0,0
44511,MAHONING,0,4,0,0
44512,MAHONING,5,12,0,0
44514,MAHONING,0,7,0,0
44515,MAHONING,0,9,1,0
44601,STARK,1,19,1,0
44612,TUSCARAWAS,0,2,0,0
44613,STARK,0,5,0,0
44614,STARK,0,5,0,0
44615,CARROLL,0,5,1,0
44618,WAYNE,0,2,0,0
44621,TUSCARAWAS,1,2,0,0
44622,TUSCARAWAS,1,10,1,0
44632,STARK,0,2,0,0
44641,STARK,0,7,0,0
44646,STARK,3,18,1,0
44654,HOLMES,1,10,1,0
44657,STARK,0,3,0,0
44662,STARK,0,4,0,0
44663,TUSCARAWAS,0,6,1,0
44667,WAYNE,1,4,0,0
44672,MAHONING,0,2,0,0
44683,TUSCARAWAS,0,3,0,0
44685,SUMMIT,0,2,0,0
44687,HOLMES,0,2,0,0
44691,WAYNE,1,19,1,0
44695,HARRISON,0,2,0,0
44702,STARK,0,3,1,0
44704,STARK,0,1,0,0
44705,STARK,0,1,0,0
44706,STARK,0,2,0,0
44707,MORROW,0,1,0,0
44708,STARK,2,12,0,0
44709,STARK,0,9,0,0
44710,STARK,2,2,0,0
44714,STARK,2,3,0,0
44718,STARK,0,3,1,0
44720,STARK,0,7,0,0
44805,ASHLAND,1,10,1,0
44811,SANDUSKY,1,5,0,0
44813,RICHLAND,0,1,0,0
44818,SENECA,0,1,0,0
44820,CRAWFORD,1,6,1,0
44827,CRAWFORD,0,1,0,0
44830,SENECA,1,5,0,0
44833,CRAWFORD,1,8,1,0
44836,SANDUSKY,0,3,0,0
44838,ASHLAND,0,1,0,0
44839,ERIE,0,1,0,0
44842,ASHLAND,0,6,0,0
44846,ERIE,0,1,0,0
44851,HURON,0,1,0,0
44853,SENECA,0,1,0,0
44857,HURON,1,4,1,0
44870,ERIE,2,17,1,0
44875,RICHLAND,1,2,1,0
44883,SENECA,2,13,1,0
44890,HURON,1,5,0,0
44902,RICHLAND,0,1,0,0
44903,RICHLAND,1,5,0,0
44904,RICHLAND,0,3,0,0
44905,RICHLAND,0,1,0,0
44906,RICHLAND,1,7,0,0
44907,RICHLAND,0,3,1,0
45002,HAMILTON,0,1,0,0
45005,WARREN,1,6,0,0
45011,BUTLER,1,17,2,0
45013,BUTLER,1,12,0,0
45014,BUTLER,1,8,0,0
45030,HAMILTON,0,3,0,0
45036,WARREN,1,8,1,0
45039,WARREN,0,3,0,0
45040,WARREN,3,12,0,0
45042,BUTLER,0,6,1,0
45044,BUTLER,2,9,0,0
45050,BUTLER,0,2,0,0
45051,HAMILTON,0,1,0,0
45056,BUTLER,1,3,0,0
45064,BUTLER,0,2,0,0
45066,WARREN,0,5,0,0
45068,WARREN,0,3,0,0
45069,BUTLER,4,10,0,0
45102,CLERMONT,0,1,0,0
45103,CLERMONT,1,4,1,0
45106,CLERMONT,0,1,0,0
45107,CLINTON,0,2,0,0
45121,BROWN,1,5,1,0
45122,CLERMONT,0,1,0,0
45123,HIGHLAND,1,2,0,0
45133,HIGHLAND,1,4,1,0
45140,CLERMONT,0,7,0,0
45150,CLERMONT,0,8,0,0
45152,WARREN,0,2,0,0
45154,BROWN,0,1,0,0
45157,CLERMONT,0,1,0,0
45167,BROWN,0,2,0,0
45169,CLINTON,0,1,0,0
45171,BROWN,0,1,0,0
45176,BROWN,0,1,0,0
45177,CLINTON,2,5,1,0
45202,MONTGOMERY,1,0,0,0
45203,FRANKLIN,1,0,0,0
45204,HAMILTON,0,1,0,0
45205,HAMILTON,0,2,0,0
45206,HAMILTON,1,8,0,0
45207,HAMILTON,1,2,0,0
45208,HAMILTON,0,6,0,0
45209,HAMILTON,0,2,0,0
45211,HAMILTON,1,15,0,0
45212,HAMILTON,1,4,1,0
45213,HAMILTON,1,3,0,0
45214,HAMILTON,0,3,0,0
45215,HAMILTON,0,10,0,0
45216,HAMILTON,2,4,0,0
45217,HAMILTON,0,0,1,0
45218,HAMILTON,0,2,0,0
45219,HAMILTON,5,2,1,0
45220,HAMILTON,2,6,0,0
45224,HAMILTON,1,10,0,0
45227,HAMILTON,0,7,0,0
45229,HAMILTON,4,22,1,0
45230,HAMILTON,0,5,0,0
45231,HAMILTON,0,14,0,0
45233,HAMILTON,0,4,0,0
45236,HAMILTON,1,11,0,0
45237,HAMILTON,1,1,0,0
45238,HAMILTON,1,4,0,0
45239,HAMILTON,1,2,0,0
45240,HAMILTON,0,1,0,0
45241,HAMILTON,1,4,1,0
45242,HAMILTON,3,7,0,0
45243,HAMILTON,0,6,0,0
45244,HAMILTON,0,5,0,0
45245,CLERMONT,0,7,0,0
45246,HAMILTON,0,6,1,0
45247,HAMILTON,0,2,0,0
45248,HAMILTON,0,2,0,0
45249,HAMILTON,0,1,0,0
45251,HAMILTON,0,2,0,0
45254,HAMILTON,0,2,0,0
45255,HAMILTON,1,0,0,0
45305,GREENE,0,1,0,0
45308,DARKE,0,1,0,0
45309,MONTGOMERY,0,2,0,0
45318,MIAMI,0,1,0,0
45320,PREBLE,0,8,1,0
45322,MONTGOMERY,0,8,0,0
45324,GREENE,0,9,0,0
45327,MONTGOMERY,0,1,0,0
45331,DARKE,1,13,1,0
45335,GREENE,0,1,0,0
45341,CLARK,0,1,0,0
45342,MONTGOMERY,3,11,0,0
45344,CLARK,0,3,0,0
45345,MONTGOMERY,0,2,0,0
45347,PREBLE,0,1,0,0
45356,MIAMI,0,4,1,0
45365,SHELBY,1,5,1,0
45369,CLARK,0,2,0,0
45371,MIAMI,0,3,0,0
45373,MIAMI,2,8,1,0
45377,MONTGOMERY,0,1,0,0
45380,DARKE,0,1,0,0
45383,MORROW,0,1,0,0
45385,GREENE,1,9,1,0
45387,GREENE,0,2,0,0
45390,DARKE,0,2,0,0
45401,MORROW,0,1,0,0
45402,MONTGOMERY,0,1,1,0
45403,MONTGOMERY,0,6,0,0
45404,MONTGOMERY,2,0,0,0
45405,MONTGOMERY,1,3,0,0
45406,MONTGOMERY,0,5,0,0
45407,MORROW,0,5,0,0
45408,MONTGOMERY,0,2,0,0
45409,MONTGOMERY,1,1,0,0
45410,MONTGOMERY,0,2,0,0
45414,MONTGOMERY,0,2,0,0
45415,MONTGOMERY,1,8,0,0
45416,MONTGOMERY,0,2,0,0
45417,MONTGOMERY,4,0,0,0
45418,MONTGOMERY,0,1,0,0
45419,MONTGOMERY,0,1,1,0
45420,MONTGOMERY,1,4,0,0
45424,MONTGOMERY,1,2,0,0
45426,MONTGOMERY,0,4,0,0
45428,MONTGOMERY,1,0,0,0
45429,MONTGOMERY,1,4,0,0
45430,GREENE,0,2,0,0
45431,GREENE,0,3,0,0
45432,GREENE,0,1,0,0
45433,GREENE,1,0,0,0
45434,GREENE,1,0,0,0
45439,MONTGOMERY,1,2,0,0
45440,GREENE,0,8,0,0
45449,MONTGOMERY,0,3,0,0
45458,MONTGOMERY,0,6,0,0
45459,MONTGOMERY,2,11,0,0
45502,CLARK,1,3,0,0
45503,CLARK,0,15,1,0
45504,CLARK,4,12,0,0
45506,CLARK,0,4,0,0
45601,ROSS,2,7,1,0
45612,ROSS,0,1,0,0
45613,PIKE,0,1,0,0
45614,GALLIA,0,2,0,0
45628,ROSS,0,3,0,0
45629,SCIOTO,0,1,0,0
45631,GALLIA,1,3,1,0
45634,VINTON,0,1,0,0
45638,LAWRENCE,0,5,2,0
45640,JACKSON,1,3,1,0
45644,ROSS,0,1,0,0
45648,SCIOTO,0,2,0,0
45651,VINTON,0,1,1,0
45652,SCIOTO,0,2,0,0
45653,SCIOTO,0,1,0,0
45656,JACKSON,0,2,0,0
45660,ADAMS,0,2,0,0
45661,PIKE,0,5,0,0
45662,SCIOTO,2,9,2,0
45663,SCIOTO,0,1,0,0
45669,LAWRENCE,0,1,0,0
45679,ADAMS,1,2,0,0
45680,LAWRENCE,0,3,0,0
45690,PIKE,1,2,1,0
45692,JACKSON,0,3,0,0
45693,ADAMS,0,4,1,0
45694,SCIOTO,0,3,0,0
45701,ATHENS,2,3,1,0
45710,ATHENS,0,2,0,0
45714,WASHINGTON,0,4,1,0
45715,WASHINGTON,0,1,0,0
45723,ATHENS,0,1,0,0
45750,WASHINGTON,2,12,2,0
45760,MEIGS,0,1,0,0
45764,ATHENS,1,0,0,0
45769,MEIGS,0,2,1,0
45780,ATHENS,0,2,0,0
45801,ALLEN,2,2,1,0
45804,ALLEN,2,4,0,0
45805,ALLEN,0,10,0,0
45806,AUGLAIZE,0,3,0,0
45807,ALLEN,0,3,0,0
45810,HARDIN,0,2,0,0
45813,PAULDING,0,1,0,0
45814,HANCOCK,0,1,0,0
45817,ALLEN,1,5,0,0
45822,MERCER,0,5,1,0
45827,PUTNAM,0,2,0,0
45828,MERCER,1,3,0,0
45832,VAN WERT,0,1,0,0
45833,ALLEN,0,6,0,0
45840,HANCOCK,1,19,2,0
45853,PUTNAM,0,2,0,0
45856,PUTNAM,0,3,0,0
45863,VAN WERT,1,0,0,0
45865,AUGLAIZE,0,2,0,0
45869,AUGLAIZE,0,2,0,0
45872,WOOD,0,2,0,0
45875,PUTNAM,0,6,1,0
45877,PUTNAM,0,2,0,0
45879,PAULDING,1,5,1,0
45880,PAULDING,0,3,0,0
45882,MERCER,0,5,0,0
45883,MERCER,0,2,0,0
45885,AUGLAIZE,1,8,0,0
45887,ALLEN,0,2,0,0
45891,VAN WERT,1,6,1,0
45895,AUGLAIZE,0,3,1,0
46001,MADISON,0,2,0,0
46011,MADISON,1,11,0,0
46012,MADISON,0,4,0,0
46013,MADISON,1,2,0,0
46016,MADISON,1,6,1,0
46017,MADISON,0,1,0,0
46032,HAMILTON,6,23,0,0
46033,HAMILTON,0,5,0,0
46036,MADISON,1,1,0,0
46037,HAMILTON,2,7,0,0
46038,HAMILTON,0,8,0,0
46041,CLINTON,1,4,1,0
46052,BOONE,1,11,1,0
46055,HANCOCK,0,4,0,0
46058,CLINTON,0,2,0,0
46060,HAMILTON,1,8,1,0
46062,HAMILTON,0,2,0,0
46064,MADISON,0,2,0,0
46065,CLINTON,0,2,0,0
46069,HAMILTON,0,1,0,0
46070,MADISON,0,1,0,0
46072,TIPTON,1,1,1,0
46074,HAMILTON,0,8,0,0
46075,BOONE,0,4,0,0
46077,BOONE,0,8,0,0
46107,MARION,0,4,0,0
46112,HENDRICKS,1,6,0,0
46113,HENDRICKS,0,2,0,0
46120,PUTNAM,0,2,0,0
46122,HENDRICKS,1,5,1,0
46123,HENDRICKS,1,13,0,0
46131,JOHNSON,1,16,1,0
46135,PUTNAM,1,10,1,0
46140,HANCOCK,1,11,1,0
46142,JOHNSON,0,7,0,0
46143,JOHNSON,3,12,0,0
46151,MORGAN,1,5,1,0
46158,MORGAN,1,5,0,0
46160,MORGAN,0,2,0,0
46161,SHELBY,0,2,0,0
46163,HANCOCK,0,2,0,0
46168,HENDRICKS,1,7,0,0
46173,RUSH,1,3,1,0
46176,SHELBY,1,9,1,0
46182,SHELBY,0,2,0,0
46202,MARION,5,2,0,0
46203,MARION,0,4,0,0
46204,MARION,0,0,1,0
46205,MARION,0,2,1,0
46206,MARION,1,0,0,0
46214,MARION,1,5,0,0
46216,MARION,0,2,0,0
46218,MARION,1,10,0,0
46219,MARION,1,13,0,0
46220,MARION,1,4,0,0
46221,MARION,0,2,0,0
46222,MARION,2,4,0,0
46224,MARION,0,4,0,0
46225,MARION,1,1,0,0
46226,MARION,1,1,0,0
46227,MARION,1,20,0,0
46229,MARION,0,2,0,0
46231,MARION,0,3,0,0
46234,MARION,0,6,0,0
46236,MARION,0,2,0,0
46237,MARION,1,9,0,0
46240,MARION,0,4,0,0
46241,MARION,0,1,0,0
46250,MARION,2,7,0,0
46254,MARION,2,7,0,0
46256,MARION,3,6,0,0
46260,MARION,3,18,0,0
46268,MARION,0,6,0,0
46278,MARION,1,0,0,0
46290,HAMILTON,1,0,0,0
46304,PORTER,0,8,0,0
46307,LAKE,6,11,1,0
46310,NEWTON,0,4,0,0
46311,LAKE,1,7,0,0
46312,LAKE,2,2,0,0
46320,LAKE,2,2,0,0
46321,LAKE,2,4,0,0
46324,LAKE,1,0,0,0
46342,LAKE,1,6,0,0
46350,LAPORTE,3,10,1,0
46356,LAKE,0,4,0,0
46360,LAPORTE,2,9,0,0
46368,PORTER,1,8,0,0
46373,LAKE,0,2,0,0
46375,LAKE,0,4,0,0
46383,PORTER,2,14,1,0
46385,PORTER,0,2,0,0
46394,LAKE,0,2,0,0
46402,LAKE,1,1,1,0
46403,LAKE,0,2,0,0
46404,LAKE,0,2,0,0
46405,LAKE,0,2,0,0
46407,LAKE,0,1,0,0
46410,LAKE,2,14,0,0
46506,MARSHALL,2,2,0,0
46511,MARSHALL,0,2,0,0
46513,MARSHALL,0,1,0,0
46514,ELKHART,1,10,0,0
46516,ELKHART,0,4,1,0
46517,ELKHART,0,10,0,0
46526,ELKHART,1,4,0,0
46527,ELKHART,1,2,0,0
46528,ELKHART,0,2,0,0
46530,ST. JOSEPH,0,4,0,0
46534,STARKE,1,3,1,0
46544,ST. JOSEPH,1,9,0,0
46545,ST. JOSEPH,5,15,0,0
46552,ST. JOSEPH,0,3,0,0
46556,ST. JOSEPH,0,2,0,0
46562,KOSCIUSKO,1,0,0,0
46563,MARSHALL,2,4,1,0
46567,KOSCIUSKO,0,2,0,0
46573,ELKHART,0,2,0,0
46574,ST. JOSEPH,0,1,0,0
46580,KOSCIUSKO,2,8,1,0
46582,KOSCIUSKO,0,1,0,0
46590,KOSCIUSKO,0,2,0,0
46601,ST. JOSEPH,1,2,1,0
46614,ST. JOSEPH,0,8,0,0
46617,ST. JOSEPH,0,4,0,0
46619,ST. JOSEPH,0,4,0,0
46628,ST. JOSEPH,1,1,0,0
46635,ST. JOSEPH,0,8,0,0
46637,ST. JOSEPH,0,4,0,0
46701,NOBLE,0,1,1,0
46703,STEUBEN,1,4,1,0
46706,DEKALB,2,3,1,0
46710,NOBLE,0,2,0,0
46711,ADAMS,0,3,0,0
46714,WELLS,1,5,1,0
46721,DEKALB,0,2,0,0
46725,WHITLEY,1,4,1,0
46733,ADAMS,1,2,1,0
46738,DEKALB,0,2,0,0
46750,HUNTINGTON,1,9,1,0
46755,NOBLE,1,9,0,0
46761,LAGRANGE,1,4,1,0
46765,ALLEN,0,2,0,0
46767,NOBLE,0,2,0,0
46770,WELLS,0,2,0,0
46773,ALLEN,0,2,0,0
46774,ALLEN,0,1,0,0
46777,WELLS,0,2,0,0
46792,HUNTINGTON,0,1,0,0
46802,ALLEN,2,2,1,0
46804,ALLEN,4,10,0,0
46805,ALLEN,3,16,0,0
46807,ALLEN,1,0,0,0
46809,ALLEN,0,2,0,0
46814,ALLEN,0,3,0,0
46815,ALLEN,0,13,0,0
46816,ALLEN,0,4,0,0
46818,ALLEN,1,2,0,0
46819,ALLEN,0,4,0,0
46825,ALLEN,1,10,0,0
46835,ALLEN,0,8,0,0
46845,ALLEN,2,12,0,0
46901,HOWARD,1,14,1,0
46902,HOWARD,1,7,0,0
46904,HOWARD,1,0,0,0
46923,CARROLL,0,2,1,0
46933,GRANT,0,2,0,0
46936,HOWARD,0,2,0,0
46940,WABASH,0,2,0,0
46947,CASS,3,10,1,0
46952,GRANT,2,4,0,0
46953,GRANT,1,9,1,0
46962,WABASH,0,4,0,0
46970,MIAMI,1,10,1,0
46975,FULTON,1,4,1,0
46989,GRANT,0,2,0,0
46992,WABASH,1,12,1,0
46996,PULASKI,1,3,1,0
47006,RIPLEY,1,8,0,0
47012,FRANKLIN,0,2,1,0
47018,DEARBORN,0,2,0,0
47025,DEARBORN,2,7,1,0
47031,RIPLEY,0,2,0,0
47037,RIPLEY,0,2,0,0
47040,OHIO,0,2,1,0
47042,RIPLEY,0,2,1,0
47043,SWITZERLAND,0,2,1,0
47111,CLARK,1,2,0,0
47112,HARRISON,1,4,1,0
47118,CRAWFORD,0,0,1,0
47119,FLOYD,0,2,0,0
47122,FLOYD,0,2,0,0
47129,CLARK,3,6,0,0
47130,CLARK,2,9,1,0
47137,CRAWFORD,0,2,0,0
47150,FLOYD,3,20,1,0
47167,WASHINGTON,1,4,1,0
47170,SCOTT,1,8,1,0
47172,CLARK,0,5,0,0
47201,BARTHOLOMEW,1,9,1,0
47203,BARTHOLOMEW,0,9,0,0
47220,JACKSON,0,2,0,0
47240,DECATUR,1,11,1,0
47243,JEFFERSON,0,4,0,0
47246,BARTHOLOMEW,0,2,0,0
47250,JEFFERSON,2,8,1,0
47265,JENNINGS,1,1,0,0
47274,JACKSON,1,8,1,0
47282,JENNINGS,0,0,1,0
47302,DELAWARE,0,3,0,0
47303,DELAWARE,3,12,0,0
47304,DELAWARE,0,16,0,0
47305,DELAWARE,0,0,1,0
47320,DELAWARE,0,2,0,0
47330,WAYNE,0,2,0,0
47331,FAYETTE,1,7,1,0
47336,JAY,0,2,0,0
47348,BLACKFORD,1,5,1,0
47353,UNION,0,2,1,0
47356,HENRY,0,3,0,0
47362,HENRY,1,12,1,0
47368,RANDOLPH,0,2,0,0
47371,JAY,1,4,1,0
47374,WAYNE,2,19,1,0
47390,RANDOLPH,0,2,0,0
47394,RANDOLPH,1,6,1,0
47396,DELAWARE,0,4,0,0
47401,MONROE,0,12,0,0
47403,MONROE,2,5,0,0
47404,MONROE,2,2,1,0
47408,MONROE,0,5,0,0
47421,LAWRENCE,2,12,1,0
47424,GREENE,0,0,1,0
47429,MONROE,0,2,0,0
47432,ORANGE,0,2,0,0
47438,GREENE,0,2,0,0
47441,GREENE,1,2,0,0
47446,LAWRENCE,0,2,0,0
47448,BROWN,0,2,1,0
47454,ORANGE,1,2,1,0
47460,OWEN,0,4,1,0
47501,DAVIESS,1,12,1,0
47520,PERRY,0,0,1,0
47523,SPENCER,0,4,0,0
47532,DUBOIS,0,3,0,0
47535,KNOX,0,2,0,0
47542,DUBOIS,0,2,0,0
47546,DUBOIS,1,12,1,0
47547,DUBOIS,0,2,0,0
47553,MARTIN,0,4,0,0
47561,KNOX,0,2,0,0
47562,DAVIESS,0,2,0,0
47567,PIKE,0,4,1,0
47581,MARTIN,0,0,1,0
47586,PERRY,1,4,0,0
47591,KNOX,1,8,1,0
47601,WARRICK,1,6,1,0
47620,POSEY,0,2,1,0
47630,WARRICK,4,16,0,0
47631,POSEY,0,3,0,0
47635,SPENCER,0,2,1,0
47660,GIBSON,0,2,0,0
47665,GIBSON,0,2,0,0
47670,GIBSON,1,3,1,0
47710,VANDERBURGH,0,12,0,0
47711,VANDERBURGH,0,4,0,0
47712,VANDERBURGH,0,6,0,0
47713,VANDERBURGH,1,6,1,0
47714,VANDERBURGH,2,6,0,0
47715,VANDERBURGH,1,4,0,0
47720,VANDERBURGH,0,4,0,0
47725,VANDERBURGH,0,4,0,0
47747,VANDERBURGH,1,0,0,0
47750,VANDERBURGH,1,0,0,0
47802,VIGO,2,14,0,0
47803,VIGO,0,2,0,0
47804,VIGO,2,6,0,0
47807,VIGO,0,2,1,0
47834,CLAY,1,6,1,0
47842,VERMILLION,1,4,1,0
47857,CLAY,0,2,0,0
47872,PARKE,0,0,1,0
47876,VIGO,0,2,0,0
47882,SULLIVAN,1,5,1,0
47901,TIPPECANOE,0,1,1,0
47904,TIPPECANOE,1,8,0,0
47905,TIPPECANOE,4,10,0,0
47906,TIPPECANOE,1,12,0,0
47909,TIPPECANOE,0,2,0,0
47918,FOUNTAIN,0,0,1,0
47922,NEWTON,0,2,0,0
47932,FOUNTAIN,0,2,0,0
47933,MONTGOMERY,1,12,1,0
47944,BENTON,0,1,1,0
47946,PULASKI,0,2,0,0
47960,WHITE,1,4,1,0
47963,NEWTON,0,0,1,0
47978,JASPER,1,2,1,0
47993,WARREN,1,2,0,0
48005,MACOMB,0,2,0,0
48015,MACOMB,0,1,0,0
48017,OAKLAND,0,1,0,0
48025,OAKLAND,0,1,0,0
48033,OAKLAND,1,0,0,0
48034,OAKLAND,0,2,0,0
48035,MACOMB,0,1,0,0
48036,MACOMB,0,1,0,0
48037,OAKLAND,1,0,0,0
48038,MACOMB,1,1,0,0
48043,MACOMB,4,1,1,0
48047,MACOMB,1,1,0,0
48054,ST. CLAIR,1,1,0,0
48059,ST. CLAIR,0,2,0,0
48060,ST. CLAIR,6,1,1,0
48062,MACOMB,0,1,0,0
48065,MACOMB,0,3,0,0
48066,MACOMB,0,1,0,0
48071,OAKLAND,8,1,0,0
48073,OAKLAND,3,1,0,0
48075,OAKLAND,5,1,0,0
48076,OAKLAND,0,2,0,0
48080,MACOMB,0,1,0,0
48081,MACOMB,0,1,0,0
48085,OAKLAND,1,0,0,0
48089,MACOMB,1,2,0,0
48091,MACOMB,1,0,0,0
48092,SAGINAW,1,1,0,0
48093,MACOMB,5,3,0,0
48097,ST. CLAIR,0,1,0,0
48101,WAYNE,0,1,0,0
48103,WASHTENAW,0,1,0,0
48105,WASHTENAW,1,2,0,0
48106,WASHTENAW,5,0,0,0
48108,WASHTENAW,0,1,0,0
48109,WASHTENAW,4,0,0,0
48116,LIVINGSTON,1,1,0,0
48118,WASHTENAW,2,1,0,0
48120,WAYNE,0,1,0,0
48124,WAYNE,2,0,0,0
48125,WAYNE,0,1,0,0
48126,WAYNE,0,1,0,0
48127,WAYNE,0,1,0,0
48135,WAYNE,5,0,0,0
48146,WAYNE,1,0,0,0
48150,WAYNE,0,3,0,0
48152,WAYNE,0,1,0,0
48154,WAYNE,3,6,0,0
48161,MONROE,0,1,1,0
48162,MONROE,2,5,0,0
48167,WAYNE,0,1,0,0
48170,WAYNE,0,2,0,0
48176,WASHTENAW,0,1,0,0
48178,OAKLAND,0,1,0,0
48180,WAYNE,3,3,0,0
48182,MONROE,0,1,0,0
48183,WAYNE,1,2,0,0
48184,WAYNE,1,3,1,0
48185,WAYNE,0,4,0,0
48187,WAYNE,0,1,0,0
48188,WAYNE,0,1,0,0
48189,WASHTENAW,0,1,0,0
48192,WAYNE,6,2,0,0
48193,WAYNE,0,1,0,0
48195,WAYNE,0,1,0,0
48197,WASHTENAW,1,1,0,0
48198,WASHTENAW,1,2,1,0
48201,WAYNE,11,0,0,0
48202,WAYNE,1,1,1,0
48203,WAYNE,0,1,0,0
48204,WAYNE,0,1,0,0
48205,WAYNE,1,1,0,0
48206,WAYNE,0,1,0,0
48207,WAYNE,0,5,0,0
48208,WAYNE,0,1,0,0
48211,WAYNE,0,1,0,0
48212,WAYNE,0,1,0,0
48213,WAYNE,1,2,0,0
48214,WAYNE,0,4,0,0
48219,WAYNE,0,4,0,0
48220,OAKLAND,1,1,0,0
48224,WAYNE,0,3,0,0
48225,WAYNE,0,1,0,0
48227,WAYNE,0,1,0,0
48228,WAYNE,0,1,0,0
48230,WAYNE,1,0,0,0
48234,WAYNE,1,1,0,0
48235,WAYNE,6,4,0,0
48236,WAYNE,8,2,0,0
48240,WAYNE,0,1,0,0
48304,OAKLAND,0,2,0,0
48307,OAKLAND,3,2,0,0
48309,OAKLAND,0,2,0,0
48310,MACOMB,0,1,0,0
48312,MACOMB,0,2,0,0
48313,MACOMB,0,2,0,0
48315,MACOMB,1,2,0,0
48317,MACOMB,0,2,0,0
48322,OAKLAND,2,4,0,0
48323,OAKLAND,0,1,0,0
48324,OAKLAND,0,1,0,0
48326,OAKLAND,1,0,0,0
48328,OAKLAND,0,2,0,0
48329,OAKLAND,0,1,0,0
48331,MACOMB,0,1,0,0
48335,OAKLAND,0,3,0,0
48336,OAKLAND,2,3,0,0
48341,OAKLAND,9,0,1,0
48342,OAKLAND,5,1,0,0
48346,OAKLAND,0,1,0,0
48359,OAKLAND,0,1,0,0
48362,OAKLAND,0,1,0,0
48374,OAKLAND,1,1,0,0
48375,OAKLAND,0,2,0,0
48377,OAKLAND,0,3,0,0
48380,OAKLAND,0,1,0,0
48381,OAKLAND,0,1,0,0
48382,OAKLAND,1,1,0,0
48386,OAKLAND,0,1,0,0
48413,HURON,1,2,1,0
48420,GENESEE,0,1,0,0
48427,SANILAC,1,1,0,0
48429,SHIAWASSEE,0,1,0,0
48430,GENESEE,0,3,0,0
48433,GENESEE,0,1,0,0
48439,GENESEE,1,6,0,0
48441,HURON,1,1,0,0
48442,OAKLAND,0,1,0,0
48446,LAPEER,4,5,1,0
48451,GENESEE,0,1,0,0
48453,SANILAC,1,1,0,0
48457,GENESEE,0,1,0,0
48471,SANILAC,1,1,1,0
48502,GENESEE,0,0,1,0
48503,GENESEE,5,0,0,0
48504,GENESEE,0,1,0,0
48506,GENESEE,0,1,0,0
48507,GENESEE,1,0,0,0
48532,GENESEE,4,2,0,0
48601,SAGINAW,1,2,0,0
48602,SAGINAW,5,3,1,0
48603,SAGINAW,3,2,0,0
48608,SAGINAW,0,1,0,0
48609,SAGINAW,0,1,0,0
48616,SAGINAW,0,1,0,0
48617,CLARE,1,1,0,0
48621,OSCODA,0,1,0,0
48622,CLARE,0,1,0,0
48624,GLADWIN,1,3,0,0
48629,ROSCOMMON,0,1,0,0
48631,BAY,0,1,0,0
48640,MIDLAND,0,1,1,0
48642,MIDLAND,0,3,0,0
48653,ROSCOMMON,0,2,0,0
48654,OGEMAW,0,1,0,0
48658,ARENAC,1,1,0,0
48659,ARENAC,0,1,0,0
48661,OGEMAW,1,1,1,0
48670,MIDLAND,5,0,0,0
48706,BAY,2,2,0,0
48708,BAY,4,1,1,0
48723,TUSCOLA,1,1,1,0
48726,TUSCOLA,1,1,0,0
48732,BAY,0,1,0,0
48734,SAGINAW,0,2,0,0
48740,ALCONA,0,1,0,0
48742,ALCONA,0,1,0,0
48744,TUSCOLA,0,1,0,0
48755,HURON,1,1,0,0
48763,IOSCO,0,3,0,0
48764,IOSCO,1,0,0,0
48801,GRATIOT,2,2,0,0
48806,GRATIOT,0,1,0,0
48809,IONIA,0,1,0,0
48811,MONTCALM,1,1,0,0
48813,EATON,1,1,1,0
48817,SHIAWASSEE,0,1,1,0
48821,EATON,0,1,0,0
48823,INGHAM,1,7,0,0
48827,EATON,1,0,0,0
48838,MONTCALM,1,2,0,0
48842,INGHAM,0,1,0,0
48843,LIVINGSTON,1,5,1,0
48846,IONIA,2,1,1,0
48850,MONTCALM,1,1,0,0
48855,LIVINGSTON,0,1,0,0
48858,ISABELLA,1,3,1,0
48864,INGHAM,0,3,0,0
48866,CLINTON,0,1,0,0
48867,SHIAWASSEE,2,1,0,0
48871,GRATIOT,0,1,0,0
48879,CLINTON,2,1,0,0
48880,GRATIOT,0,2,0,0
48884,MONTCALM,1,0,0,0
48888,MONTCALM,0,0,1,0
48910,INGHAM,5,1,0,0
48911,INGHAM,0,1,1,0
48912,INGHAM,2,0,0,0
48915,INGHAM,3,0,0,0
48917,EATON,0,2,0,0
48933,INGHAM,0,0,1,0
49001,KALAMAZOO,1,1,0,0
49002,KALAMAZOO,0,1,0,0
49006,KALAMAZOO,0,3,0,0
49007,KALAMAZOO,1,0,0,0
49009,KALAMAZOO,1,3,0,0
49010,ALLEGAN,1,2,1,0
49014,CALHOUN,0,1,1,0
49015,CALHOUN,1,0,0,0
49016,CALHOUN,2,0,0,0
49017,CALHOUN,2,4,0,0
49022,BERRIEN,0,1,1,0
49026,VAN BUREN,0,1,0,0
49031,CASS,0,1,0,0
49032,ST. JOSEPH,0,1,0,0
49036,BRANCH,5,2,1,0
49037,CALHOUN,1,1,0,0
49047,CASS,1,1,0,0
49048,KALAMAZOO,3,1,1,0
49053,KALAMAZOO,0,1,0,0
49057,VAN BUREN,0,0,1,0
49058,BARRY,1,2,0,0
49068,CALHOUN,3,2,0,0
49071,VAN BUREN,0,1,0,0
49079,VAN BUREN,2,0,0,0
49080,ALLEGAN,1,2,0,0
49085,BERRIEN,5,1,0,0
49090,VAN BUREN,1,2,0,0
49091,ST. JOSEPH,1,1,0,0
49093,ST. JOSEPH,1,2,0,0
49098,BERRIEN,1,0,0,0
49106,BERRIEN,0,1,0,0
49120,BERRIEN,1,3,0,0
49127,BERRIEN,0,1,0,0
49201,JACKSON,2,2,0,0
49202,JACKSON,1,2,1,0
49203,JACKSON,0,2,0,0
49221,LENAWEE,2,4,1,0
49242,HILLSDALE,3,2,0,0
49283,JACKSON,0,1,0,0
49286,LENAWEE,1,1,0,0
49304,LAKE,0,1,0,0
49307,MECOSTA,1,2,0,0
49319,KENT,0,1,0,0
49331,KENT,0,1,0,0
49348,ALLEGAN,0,1,0,0
49401,OTTAWA,0,1,0,0
49406,ALLEGAN,0,1,0,0
49412,NEWAYGO,1,2,0,0
49417,OTTAWA,1,2,0,0
49418,KENT,0,2,0,0
49420,OCEANA,0,1,1,0
49423,OTTAWA,5,4,0,0
49424,OTTAWA,0,0,1,0
49426,OTTAWA,0,1,0,0
49428,OTTAWA,0,1,0,0
49430,OTTAWA,0,1,0,0
49431,MASON,1,2,0,0
49440,MUSKEGON,0,1,0,0
49441,MUSKEGON,0,2,0,0
49442,MUSKEGON,4,3,1,0
49444,MUSKEGON,1,1,0,0
49445,MUSKEGON,0,1,0,0
49455,OCEANA,1,0,0,0
49456,OTTAWA,0,1,0,0
49461,MUSKEGON,0,1,0,0
49464,OTTAWA,1,2,0,0
49501,KENT,1,0,0,0
49503,KENT,7,5,1,0
49504,KENT,0,3,0,0
49505,KENT,0,3,0,0
49506,KENT,2,2,0,0
49508,KENT,0,2,0,0
49509,KENT,0,1,0,0
49512,KENT,0,1,0,0
49519,KENT,1,1,0,0
49546,KENT,1,7,0,0
49601,WEXFORD,1,1,0,0
49615,ANTRIM,0,1,0,0
49616,BENZIE,0,0,1,0
49635,BENZIE,1,2,0,0
49646,KALKASKA,1,1,0,0
49657,MISSAUKEE,0,1,0,0
49660,MANISTEE,1,1,0,0
49664,LEELANAU,0,1,0,0
49677,OSCEOLA,1,1,0,0
49682,LEELANAU,0,1,0,0
49684,GRAND TRAVERSE,3,2,0,0
49686,GRAND TRAVERSE,0,2,1,0
49707,ALPENA,5,2,1,0
49720,CHARLEVOIX,1,1,1,0
49721,CHEBOYGAN,1,1,0,0
49727,CHARLEVOIX,0,1,0,0
49735,OTSEGO,1,2,0,0
49738,CRAWFORD,1,2,0,0
49740,EMMET,0,1,0,0
49746,MONTMORENCY,0,1,0,0
49770,EMMET,1,1,0,0
49779,PRESQUE ISLE,0,1,0,0
49781,MACKINAC,1,1,0,0
49783,CHIPPEWA,1,2,1,0
49788,CHIPPEWA,1,0,0,0
49801,DICKINSON,2,0,0,0
49802,DICKINSON,0,2,0,0
49829,DELTA,1,3,1,0
49849,MARQUETTE,1,3,0,0
49854,SCHOOLCRAFT,2,1,0,0
49855,MARQUETTE,3,1,0,0
49858,MENOMINEE,0,1,0,0
49862,ALGER,1,1,0,0
49866,MARQUETTE,0,1,1,0
49868,LUCE,1,1,1,0
49874,MENOMINEE,0,1,0,0
49887,MENOMINEE,0,1,0,0
49913,HOUGHTON,1,0,0,0
49920,IRON,0,1,0,0
49930,HOUGHTON,1,4,1,0
49934,HOUGHTON,0,2,0,0
49935,IRON,1,1,1,0
49938,GOGEBIC,1,1,0,0
49946,BARAGA,1,1,0,0
49953,ONTONAGON,1,1,0,0
49968,GOGEBIC,0,1,0,0
50002,GUTHRIE,0,1,0,0
50003,DALLAS,0,2,1,0
50009,POLK,0,6,0,0
50010,STORY,1,8,1,0
50014,STORY,0,4,0,0
50020,CASS,0,1,0,0
50021,POLK,0,5,0,0
50022,CASS,1,6,1,0
50023,POLK,0,8,0,0
50025,AUDUBON,1,1,1,0
50028,JASPER,0,1,0,0
50029,GUTHRIE,0,1,0,0
50035,POLK,0,1,0,0
50036,BOONE,1,6,1,0
50047,WARREN,0,2,0,0
50049,LUCAS,1,3,1,0
50058,CARROLL,0,2,0,0
50060,WAYNE,1,2,1,0
50063,DALLAS,0,2,0,0
50071,WRIGHT,0,1,0,0
50072,MADISON,0,1,0,0
50076,AUDUBON,0,2,0,0
50109,DALLAS,0,1,0,0
50111,POLK,0,3,0,0
50112,POWESHIEK,1,6,1,0
50115,GUTHRIE,1,2,1,0
50122,HARDIN,0,1,0,0
50124,STORY,0,1,0,0
50125,WARREN,0,8,1,0
50126,HARDIN,2,3,0,0
50129,GREENE,1,3,1,0
50131,POLK,0,8,0,0
50138,MARION,2,4,1,0
50140,DECATUR,0,2,0,0
50144,DECATUR,1,3,1,0
50156,BOONE,0,3,0,0
50158,MARSHALL,1,11,1,0
50169,POLK,0,1,0,0
50171,POWESHIEK,0,1,0,0
50201,STORY,2,5,0,0
50208,JASPER,1,11,1,0
50211,WARREN,0,6,0,0
50212,BOONE,0,1,0,0
50213,CLARKE,1,4,1,0
50216,GUTHRIE,0,3,0,0
50219,MARION,1,6,0,0
50220,DALLAS,1,6,0,0
50225,MARION,0,1,0,0
50226,POLK,0,1,0,0
50228,JASPER,0,1,0,0
50247,MARSHALL,0,1,0,0
50248,STORY,1,3,0,0
50249,HAMILTON,0,1,0,0
50250,ADAIR,0,2,0,0
50263,DALLAS,0,3,0,0
50265,POLK,0,8,0,0
50266,DALLAS,2,9,0,0
50273,MADISON,1,5,1,0
50276,DALLAS,0,1,0,0
50278,STORY,0,1,0,0
50309,POLK,1,2,0,0
50310,POLK,2,7,0,0
50312,POLK,0,7,0,0
50314,POLK,3,5,1,0
50315,POLK,0,4,0,0
50316,POLK,1,6,0,0
50317,POLK,0,3,0,0
50319,POLK,0,0,1,0
50320,POLK,0,3,0,0
50322,POLK,0,4,0,0
50323,POLK,0,4,0,0
50325,POLK,2,6,0,0
50327,POLK,0,4,0,0
50401,CERRO GORDO,2,10,1,0
50421,WRIGHT,1,2,0,0
50423,HANCOCK,1,2,0,0
50424,WINNEBAGO,0,1,0,0
50428,CERRO GORDO,0,3,0,0
50436,WINNEBAGO,0,2,1,0
50438,HANCOCK,0,2,1,0
50441,FRANKLIN,1,4,1,0
50447,HANCOCK,0,1,0,0
50450,WINNEBAGO,0,2,0,0
50456,WORTH,0,2,0,0
50458,FLOYD,0,2,0,0
50459,WORTH,0,2,1,0
50461,MITCHELL,1,4,1,0
50466,MITCHELL,0,1,0,0
50469,CERRO GORDO,0,1,0,0
50472,MITCHELL,0,1,0,0
50475,FRANKLIN,0,2,0,0
50476,MITCHELL,0,1,0,0
50480,KOSSUTH,0,1,0,0
50501,WEBSTER,1,9,1,0
50510,BUENA VISTA,0,1,0,0
50511,KOSSUTH,1,4,1,0
50514,EMMET,0,2,0,0
50517,KOSSUTH,0,2,0,0
50525,WRIGHT,1,2,1,0
50530,WEBSTER,0,1,0,0
50533,WRIGHT,0,2,0,0
50536,PALO ALTO,1,6,1,0
50540,POCAHONTAS,0,1,0,0
50543,WEBSTER,0,1,0,0
50548,HUMBOLDT,1,4,1,0
50554,POCAHONTAS,0,1,0,0
50563,CALHOUN,0,1,0,0
50568,BUENA VISTA,0,1,0,0
50574,POCAHONTAS,1,2,1,0
50575,CALHOUN,0,2,0,0
50579,CALHOUN,0,1,1,0
50581,POCAHONTAS,0,1,0,0
50583,SAC,1,3,1,0
50585,BUENA VISTA,0,1,0,0
50588,BUENA VISTA,1,3,1,0
50590,KOSSUTH,0,1,0,0
50595,HAMILTON,1,4,1,0
50597,PALO ALTO,0,2,0,0
50601,HARDIN,0,2,0,0
50602,BUTLER,0,2,1,0
50604,BUTLER,0,2,0,0
50613,BLACK HAWK,1,16,0,0
50616,FLOYD,1,6,1,0
50619,BUTLER,0,2,0,0
50621,GRUNDY,0,2,0,0
50622,BREMER,0,2,0,0
50625,BUTLER,0,2,0,0
50627,HARDIN,0,3,1,0
50628,HOWARD,0,2,0,0
50629,BUCHANAN,0,1,0,0
50630,CHICKASAW,0,2,0,0
50635,TAMA,0,1,0,0
50636,BUTLER,0,1,0,0
50638,GRUNDY,1,3,1,0
50644,BUCHANAN,2,5,1,0
50648,BUCHANAN,0,1,0,0
50651,BLACK HAWK,0,1,0,0
50658,CHICKASAW,0,1,0,0
50659,CHICKASAW,1,3,1,0
50662,FAYETTE,1,4,0,0
50665,BUTLER,0,1,0,0
50669,GRUNDY,0,2,0,0
50670,BUTLER,0,2,0,0
50674,BREMER,1,3,0,0
50675,TAMA,0,2,0,0
50676,BREMER,0,1,0,0
50677,BREMER,1,3,0,0
50701,BLACK HAWK,0,4,1,0
50702,BLACK HAWK,1,5,0,0
50703,BLACK HAWK,1,4,1,0
50801,UNION,1,4,1,0
50830,UNION,0,1,0,0
50833,TAYLOR,0,1,1,0
50840,TAYLOR,0,1,0,0
50841,ADAMS,1,1,1,0
50846,ADAIR,0,1,0,0
50849,ADAIR,1,2,1,0
50851,TAYLOR,0,2,0,0
50854,RINGGOLD,1,4,1,0
50864,MONTGOMERY,0,1,0,0
51001,PLYMOUTH,0,1,0,0
51002,BUENA VISTA,0,1,0,0
51005,CHEROKEE,0,1,0,0
51006,IDA,0,2,0,0
51012,CHEROKEE,2,5,1,0
51016,WOODBURY,0,2,0,0
51023,SIOUX,1,3,0,0
51025,IDA,0,3,0,0
51028,PLYMOUTH,0,1,0,0
51030,WOODBURY,0,1,0,0
51031,PLYMOUTH,1,5,1,0
51034,MONONA,0,1,0,0
51035,CHEROKEE,0,2,0,0
51040,MONONA,1,2,1,0
51041,SIOUX,2,3,1,0
51046,O'BRIEN,0,1,0,0
51050,PLYMOUTH,0,3,0,0
51054,WOODBURY,0,3,0,0
51058,O'BRIEN,0,1,0,0
51063,MONONA,0,2,0,0
51101,WOODBURY,1,2,0,0
51103,WOODBURY,0,4,0,0
51104,WOODBURY,1,4,0,0
51105,WOODBURY,0,0,1,0
51106,WOODBURY,0,7,0,0
51108,WOODBURY,0,2,0,0
51201,O'BRIEN,1,4,0,0
51237,LYON,0,1,0,0
51239,SIOUX,0,2,0,0
51240,LYON,0,1,0,0
51245,O'BRIEN,1,1,1,0
51246,LYON,2,3,1,0
51247,SIOUX,1,2,0,0
51248,O'BRIEN,0,2,0,0
51249,OSCEOLA,1,3,1,0
51250,SIOUX,1,6,0,0
51301,CLAY,1,5,1,0
51334,EMMET,1,2,1,0
51346,O'BRIEN,0,2,0,0
51347,DICKINSON,0,1,0,0
51351,DICKINSON,0,2,1,0
51357,PALO ALTO,0,1,0,0
51358,PALO ALTO,0,1,0,0
51360,DICKINSON,1,4,0,0
51365,EMMET,0,1,0,0
51401,CARROLL,1,9,1,0
51442,CRAWFORD,1,4,1,0
51445,IDA,1,2,1,0
51449,CALHOUN,1,2,0,0
51450,SAC,0,1,0,0
51454,CRAWFORD,0,1,0,0
51455,CARROLL,1,2,0,0
51458,SAC,0,2,0,0
51466,SAC,0,1,0,0
51501,POTTAWATTAMIE,0,3,0,0
51503,POTTAWATTAMIE,2,16,2,0
51521,POTTAWATTAMIE,0,2,0,0
51529,HARRISON,0,2,0,0
51530,SHELBY,0,1,0,0
51531,SHELBY,0,1,0,0
51534,MILLS,1,4,1,0
51535,CASS,0,2,0,0
51537,SHELBY,1,3,1,0
51546,HARRISON,0,1,1,0
51555,HARRISON,2,2,0,0
51560,POTTAWATTAMIE,0,2,0,0
51566,MONTGOMERY,1,3,1,0
51573,MONTGOMERY,0,1,0,0
51579,HARRISON,0,2,0,0
51601,PAGE,1,3,1,0
51632,PAGE,1,4,0,0
51640,FREMONT,1,0,0,0
51652,FREMONT,0,3,1,0
51653,FREMONT,0,1,0,0
52001,DUBUQUE,2,12,0,0
52002,DUBUQUE,0,9,1,0
52003,DUBUQUE,0,2,0,0
52031,JACKSON,0,2,0,0
52033,DUBUQUE,0,2,0,0
52040,DUBUQUE,1,2,0,0
52042,DELAWARE,0,2,0,0
52043,CLAYTON,1,2,1,0
52049,CLAYTON,0,1,0,0
52052,CLAYTON,1,3,0,0
52057,DELAWARE,1,2,1,0
52060,JACKSON,1,4,1,0
52076,CLAYTON,0,2,0,0
52101,WINNESHIEK,1,7,1,0
52136,HOWARD,1,5,1,0
52141,FAYETTE,0,1,0,0
52142,FAYETTE,0,3,0,0
52151,ALLAMAKEE,0,2,0,0
52157,CLAYTON,0,1,0,0
52159,CLAYTON,0,1,0,0
52161,WINNESHIEK,0,1,0,0
52162,ALLAMAKEE,0,1,0,0
52172,ALLAMAKEE,1,4,1,0
52175,FAYETTE,1,4,1,0
52203,IOWA,0,2,0,0
52205,JONES,2,2,1,0
52208,BENTON,0,1,0,0
52211,POWESHIEK,0,1,0,0
52213,LINN,0,1,0,0
52216,CEDAR,0,2,0,0
52224,TAMA,0,1,0,0
52233,LINN,0,2,0,0
52240,JOHNSON,0,2,1,0
52241,JOHNSON,3,7,0,0
52242,JOHNSON,1,0,0,0
52245,JOHNSON,2,3,0,0
52246,JOHNSON,1,5,0,0
52247,WASHINGTON,0,2,0,0
52248,KEOKUK,0,1,0,0
52249,BENTON,0,2,0,0
52253,LINN,0,1,0,0
52301,IOWA,1,1,1,0
52302,LINN,0,13,0,0
52306,CEDAR,0,1,0,0
52310,JONES,0,2,0,0
52314,LINN,0,2,0,0
52316,IOWA,0,2,0,0
52317,JOHNSON,0,3,0,0
52328,LINN,0,1,0,0
52332,BENTON,0,1,0,0
52333,JOHNSON,0,2,0,0
52339,TAMA,0,1,0,0
52342,TAMA,0,3,1,0
52349,BENTON,1,5,1,0
52353,WASHINGTON,1,6,1,0
52356,WASHINGTON,0,3,0,0
52358,CEDAR,0,1,0,0
52361,IOWA,0,3,0,0
52401,LINN,0,1,0,0
52402,LINN,2,14,0,0
52403,LINN,1,6,0,0
52404,LINN,0,4,0,0
52405,LINN,0,7,1,0
52411,LINN,0,1,0,0
52501,WAPELLO,1,9,1,0
52531,MONROE,1,3,1,0
52537,DAVIS,1,3,1,0
52544,APPANOOSE,1,6,1,0
52556,JEFFERSON,1,5,1,0
52565,VAN BUREN,1,2,1,0
52577,MAHASKA,1,7,1,0
52590,WAYNE,0,1,0,0
52591,KEOKUK,1,4,1,0
52601,DES MOINES,0,8,1,0
52623,DES MOINES,0,1,0,0
52625,LEE,0,1,0,0
52627,LEE,1,8,1,0
52632,LEE,1,4,0,0
52637,DES MOINES,0,1,0,0
52639,LEE,0,1,0,0
52640,LOUISA,0,1,0,0
52641,HENRY,2,7,1,0
52645,HENRY,0,1,0,0
52653,LOUISA,0,1,1,0
52654,HENRY,0,1,0,0
52655,DES MOINES,1,1,0,0
52656,LEE,0,1,0,0
52659,HENRY,0,1,0,0
52722,SCOTT,2,9,0,0
52730,CLINTON,0,1,0,0
52732,CLINTON,2,7,0,0
52738,LOUISA,0,2,0,0
52742,CLINTON,1,4,1,0
52748,SCOTT,0,3,0,0
52755,JOHNSON,0,2,0,0
52761,MUSCATINE,1,7,1,0
52767,SCOTT,0,1,0,0
52772,CEDAR,0,2,1,0
52773,SCOTT,0,2,0,0
52776,MUSCATINE,0,2,0,0
52777,CLINTON,0,2,0,0
52778,MUSCATINE,0,2,0,0
52801,SCOTT,0,0,1,0
52802,SCOTT,0,1,0,0
52803,SCOTT,1,3,0,0
52804,SCOTT,1,2,0,0
52806,SCOTT,1,9,0,0
52807,SCOTT,0,9,0,0
53001,SHEBOYGAN,0,2,0,0
53004,OZAUKEE,0,2,0,0
53005,WAUKESHA,0,20,0,0
53007,WAUKESHA,0,2,0,0
53010,FOND DU LAC,0,1,0,0
53012,OZAUKEE,0,8,0,0
53013,SHEBOYGAN,0,2,0,0
53014,CALUMET,1,7,1,0
53018,WAUKESHA,0,2,0,0
53019,FOND DU LAC,0,1,0,0
53020,SHEBOYGAN,0,1,0,0
53021,OZAUKEE,0,4,0,0
53022,WASHINGTON,0,12,0,0
53024,OZAUKEE,1,12,0,0
53027,WASHINGTON,1,11,0,0
53029,WAUKESHA,0,7,0,0
53032,DODGE,0,3,0,0
53036,JEFFERSON,0,6,0,0
53037,WASHINGTON,0,4,0,0
53038,JEFFERSON,0,3,0,0
53039,DODGE,0,11,1,0
53040,WASHINGTON,0,7,0,0
53042,MANITOWOC,0,4,0,0
53044,SHEBOYGAN,0,1,0,0
53045,WAUKESHA,1,11,0,0
53048,DODGE,0,2,0,0
53050,DODGE,0,3,0,0
53051,WAUKESHA,2,22,0,0
53057,FOND DU LAC,0,2,0,0
53061,CALUMET,0,4,0,0
53066,WAUKESHA,3,26,0,0
53070,SHEBOYGAN,0,5,0,0
53072,WAUKESHA,2,15,0,0
53073,SHEBOYGAN,0,8,0,0
53074,OZAUKEE,0,17,1,0
53075,SHEBOYGAN,0,2,0,0
53076,WASHINGTON,0,3,0,0
53080,OZAUKEE,0,5,0,0
53081,SHEBOYGAN,2,25,1,0
53082,SHEBOYGAN,0,3,0,0
53083,SHEBOYGAN,1,16,0,0
53085,SHEBOYGAN,0,10,0,0
53086,WASHINGTON,0,6,0,0
53089,WAUKESHA,0,1,0,0
53090,WASHINGTON,0,14,0,0
53092,OZAUKEE,1,19,0,0
53093,SHEBOYGAN,0,1,0,0
53094,JEFFERSON,0,18,1,0
53095,WASHINGTON,1,37,1,0
53097,OZAUKEE,2,4,0,0
53098,DODGE,1,11,0,0
53104,KENOSHA,0,1,0,0
53105,RACINE,1,30,1,0
53108,RACINE,0,3,0,0
53110,MILWAUKEE,1,8,1,0
53115,WALWORTH,0,10,0,0
53118,WAUKESHA,0,6,0,0
53120,WALWORTH,0,2,0,0
53121,WALWORTH,1,17,1,0
53122,WAUKESHA,0,3,0,0
53126,RACINE,0,1,1,0
53128,WALWORTH,0,1,0,0
53129,MILWAUKEE,0,9,1,0
53130,MILWAUKEE,0,7,1,0
53132,MILWAUKEE,2,20,1,0
53137,JEFFERSON,0,1,0,0
53139,RACINE,0,4,0,0
53140,KENOSHA,0,24,0,0
53141,KENOSHA,0,1,0,0
53142,KENOSHA,1,19,0,0
53143,KENOSHA,2,11,1,0
53144,KENOSHA,0,27,0,0
53146,WAUKESHA,0,4,0,0
53147,WALWORTH,1,10,0,0
53149,WAUKESHA,1,5,0,0
53150,WAUKESHA,0,12,0,0
53151,WAUKESHA,1,13,0,0
53154,MILWAUKEE,1,20,1,0
53157,WALWORTH,0,2,0,0
53158,KENOSHA,1,8,0,0
53167,RACINE,0,1,0,0
53168,KENOSHA,0,1,0,0
53171,KENOSHA,0,1,0,0
53172,MILWAUKEE,0,16,1,0
53177,RACINE,1,9,0,0
53178,JEFFERSON,0,1,0,0
53181,KENOSHA,0,1,0,0
53182,RACINE,0,8,0,0
53184,WALWORTH,0,5,0,0
53185,RACINE,1,17,0,0
53186,WAUKESHA,0,21,0,0
53188,WAUKESHA,4,23,1,0
53189,WAUKESHA,0,8,0,0
53190,WALWORTH,0,29,0,0
53191,WALWORTH,0,2,0,0
53202,MILWAUKEE,0,9,1,0
53203,MILWAUKEE,0,1,0,0
53204,MILWAUKEE,0,10,0,0
53205,MILWAUKEE,1,11,0,0
53206,MILWAUKEE,0,26,0,0
53207,MILWAUKEE,0,3,0,0
53208,MILWAUKEE,0,20,0,0
53209,MILWAUKEE,0,77,0,0
53210,MILWAUKEE,1,37,0,0
53211,MILWAUKEE,2,10,1,0
53212,MILWAUKEE,1,11,0,0
53213,MILWAUKEE,1,12,1,0
53214,MILWAUKEE,1,27,1,0
53215,MILWAUKEE,4,7,0,0
53216,MILWAUKEE,0,51,0,0
53217,MILWAUKEE,0,14,0,0
53218,MILWAUKEE,0,109,0,0
53219,MILWAUKEE,0,20,0,0
53220,MILWAUKEE,1,15,1,0
53221,MILWAUKEE,1,24,0,0
53222,MILWAUKEE,0,32,0,0
53223,MILWAUKEE,1,56,1,0
53224,MILWAUKEE,0,44,0,0
53225,MILWAUKEE,0,62,0,0
53226,MILWAUKEE,5,10,0,0
53227,MILWAUKEE,4,24,0,0
53228,MILWAUKEE,1,18,0,0
53233,MILWAUKEE,1,6,0,0
53235,MILWAUKEE,0,4,1,0
53295,MILWAUKEE,2,0,0,0
53402,RACINE,0,42,0,0
53403,RACINE,1,59,1,0
53404,RACINE,0,35,0,0
53405,RACINE,1,34,0,0
53406,RACINE,0,54,0,0
53408,RACINE,0,1,0,0
53502,GREEN,0,1,0,0
53503,IOWA,0,1,0,0
53507,IOWA,0,2,0,0
53508,DANE,0,2,0,0
53511,ROCK,1,22,0,0
53515,DANE,0,1,0,0
53517,DANE,0,1,0,0
53518,GRANT,0,1,0,0
53520,GREEN,0,5,0,0
53523,JEFFERSON,0,4,0,0
53525,ROCK,0,5,0,0
53527,DANE,0,5,0,0
53528,DANE,0,3,0,0
53530,LAFAYETTE,1,2,1,0
53531,DANE,0,2,0,0
53532,DANE,0,10,0,0
53533,IOWA,1,7,1,0
53534,ROCK,1,2,0,0
53536,ROCK,0,3,0,0
53537,ROCK,0,1,0,0
53538,JEFFERSON,1,49,0,0
53541,LAFAYETTE,0,1,0,0
53543,IOWA,0,2,0,0
53545,ROCK,0,8,1,0
53546,ROCK,1,25,0,0
53547,ROCK,0,2,0,0
53548,ROCK,1,7,0,0
53549,JEFFERSON,0,27,1,0
53551,JEFFERSON,0,5,0,0
53555,COLUMBIA,0,4,0,0
53556,RICHLAND,0,2,0,0
53558,DANE,0,2,0,0
53559,DANE,0,2,0,0
53561,COLUMBIA,0,2,0,0
53562,DANE,1,11,0,0
53563,ROCK,0,2,0,0
53565,IOWA,0,5,0,0
53566,GREEN,1,16,1,0
53572,DANE,0,5,0,0
53573,GRANT,0,6,0,0
53574,GREEN,0,2,0,0
53575,DANE,0,5,0,0
53576,ROCK,0,1,0,0
53577,SAUK,0,1,0,0
53578,SAUK,2,2,0,0
53581,RICHLAND,1,20,1,0
53582,IOWA,0,1,0,0
53583,SAUK,0,3,0,0
53584,RICHLAND,0,1,0,0
53586,LAFAYETTE,0,2,0,0
53587,LAFAYETTE,0,1,0,0
53588,SAUK,0,3,0,0
53589,DANE,1,15,0,0
53590,DANE,0,14,0,0
53593,DANE,0,14,0,0
53594,JEFFERSON,0,3,0,0
53597,DANE,0,10,0,0
53598,DANE,0,1,0,0
53703,DANE,0,5,2,0
53704,DANE,1,20,0,0
53705,DANE,2,11,0,0
53711,DANE,1,18,0,0
53713,DANE,0,15,0,0
53714,DANE,0,12,0,0
53715,DANE,3,1,0,0
53716,DANE,0,15,0,0
53717,DANE,0,5,0,0
53718,DANE,2,24,0,0
53719,DANE,1,27,0,0
53792,DANE,1,0,0,0
53803,LAFAYETTE,0,1,0,0
53805,GRANT,1,4,0,0
53807,GRANT,0,1,0,0
53809,GRANT,0,1,0,0
53811,GRANT,0,1,0,0
53813,GRANT,1,3,1,0
53818,GRANT,2,12,0,0
53821,CRAWFORD,1,8,1,0
53901,COLUMBIA,1,16,1,0
53910,ADAMS,0,3,0,0
53913,SAUK,1,10,1,0
53916,DODGE,1,11,0,0
53919,FOND DU LAC,0,2,0,0
53924,RICHLAND,0,2,0,0
53925,COLUMBIA,1,4,0,0
53929,JUNEAU,0,3,0,0
53932,COLUMBIA,0,2,0,0
53933,DODGE,0,1,0,0
53934,ADAMS,1,6,1,0
53943,SAUK,0,1,0,0
53944,JUNEAU,0,2,0,0
53946,GREEN LAKE,0,3,0,0
53948,JUNEAU,1,6,1,0
53949,MARQUETTE,0,7,1,0
53950,JUNEAU,0,2,0,0
53952,MARQUETTE,0,1,0,0
53954,COLUMBIA,0,2,0,0
53955,COLUMBIA,0,1,0,0
53956,DODGE,0,4,0,0
53959,SAUK,1,19,0,0
53960,COLUMBIA,0,2,0,0
53963,DODGE,1,8,0,0
53964,MARQUETTE,0,3,0,0
53965,COLUMBIA,0,7,0,0
53968,JUNEAU,0,3,0,0
53969,COLUMBIA,0,1,0,0
54001,POLK,2,5,0,0
54002,ST. CROIX,1,6,0,0
54005,POLK,0,1,0,0
54011,PIERCE,0,9,1,0
54013,ST. CROIX,0,4,0,0
54015,ST. CROIX,0,2,0,0
54016,ST. CROIX,1,13,0,0
54017,ST. CROIX,1,23,1,0
54020,POLK,1,7,0,0
54021,PIERCE,0,1,0,0
54022,PIERCE,1,15,0,0
54024,POLK,1,3,0,0
54028,ST. CROIX,0,2,0,0
54101,OCONTO,0,1,0,0
54103,FOREST,0,2,0,0
54107,SHAWANO,0,1,0,0
54110,CALUMET,0,5,0,0
54113,OUTAGAMIE,0,1,0,0
54114,MARINETTE,0,5,0,0
54115,BROWN,1,18,1,0
54121,FLORENCE,0,1,1,0
54124,OCONTO,0,2,0,0
54126,BROWN,0,1,0,0
54128,SHAWANO,0,1,0,0
54130,OUTAGAMIE,0,13,0,0
54135,MENOMINEE,0,0,1,0
54136,OUTAGAMIE,0,8,0,0
54138,OCONTO,0,1,0,0
54139,OCONTO,0,1,0,0
54140,OUTAGAMIE,0,5,0,0
54143,MARINETTE,1,19,1,0
54150,MENOMINEE,0,1,0,0
54151,MARINETTE,0,1,0,0
54153,OCONTO,1,9,1,0
54154,OCONTO,1,6,0,0
54155,BROWN,0,3,0,0
54157,MARINETTE,0,4,0,0
54161,MARINETTE,0,1,0,0
54162,BROWN,0,3,0,0
54165,OUTAGAMIE,0,6,0,0
54166,SHAWANO,1,12,1,0
54173,BROWN,0,3,0,0
54174,OCONTO,0,1,0,0
54180,BROWN,0,1,0,0
54201,KEWAUNEE,0,3,0,0
54208,BROWN,0,4,0,0
54216,KEWAUNEE,0,6,1,0
54217,KEWAUNEE,0,5,0,0
54220,MANITOWOC,0,46,1,0
54221,MANITOWOC,1,0,0,0
54229,BROWN,0,4,0,0
54234,DOOR,0,3,0,0
54235,DOOR,1,8,1,0
54241,MANITOWOC,1,4,0,0
54247,MANITOWOC,0,1,0,0
54301,BROWN,2,20,0,0
54302,BROWN,0,17,0,0
54303,BROWN,2,25,1,0
54304,BROWN,0,16,0,0
54305,BROWN,1,0,0,0
54311,BROWN,4,31,0,0
54313,BROWN,0,18,0,0
54401,MARATHON,2,18,0,0
54403,MARATHON,2,28,1,0
54405,CLARK,0,2,0,0
54409,LANGLADE,1,8,1,0
54411,MARATHON,0,1,0,0
54412,WOOD,0,1,0,0
54414,SHAWANO,0,4,0,0
54416,SHAWANO,0,1,0,0
54421,CLARK,0,6,0,0
54425,CLARK,0,1,0,0
54433,TAYLOR,0,3,0,0
54435,LANGLADE,0,1,0,0
54437,CLARK,0,4,0,0
54440,MARATHON,0,1,0,0
54441,WOOD,0,1,0,0
54448,MARATHON,0,1,0,0
54449,WOOD,2,41,0,0
54450,SHAWANO,0,1,0,0
54451,TAYLOR,1,6,1,0
54452,LINCOLN,1,7,1,0
54455,MARATHON,0,11,0,0
54456,CLARK,1,6,1,0
54457,WOOD,0,1,0,0
54460,CLARK,0,2,0,0
54464,LANGLADE,0,2,0,0
54466,WOOD,0,1,0,0
54467,PORTAGE,0,13,0,0
54469,WOOD,0,1,0,0
54470,TAYLOR,0,1,0,0
54476,MARATHON,1,26,0,0
54481,PORTAGE,1,18,1,0
54482,PORTAGE,2,5,0,0
54484,MARATHON,0,1,0,0
54487,LINCOLN,1,6,0,0
54494,WOOD,0,33,1,0
54495,WOOD,1,4,0,0
54499,SHAWANO,0,2,0,0
54501,ONEIDA,1,19,1,0
54520,FOREST,0,0,1,0
54521,VILAS,1,4,1,0
54530,RUSK,0,1,0,0
54534,IRON,0,3,1,0
54538,VILAS,0,2,0,0
54539,ONEIDA,0,2,0,0
54541,FOREST,0,1,0,0
54546,ASHLAND,0,1,0,0
54548,ONEIDA,1,5,0,0
54552,PRICE,1,2,0,0
54554,VILAS,0,1,0,0
54555,PRICE,0,5,1,0
54568,ONEIDA,1,3,0,0
54601,LA CROSSE,2,44,1,0
54603,LA CROSSE,0,3,0,0
54610,BUFFALO,0,0,1,0
54612,TREMPEALEAU,0,1,0,0
54614,LA CROSSE,0,2,0,0
54615,JACKSON,1,12,1,0
54616,TREMPEALEAU,0,3,0,0
54619,MONROE,0,2,0,0
54627,TREMPEALEAU,0,1,0,0
54629,BUFFALO,0,1,0,0
54630,TREMPEALEAU,0,1,0,0
54634,VERNON,1,7,0,0
54635,JACKSON,0,1,0,0
54636,LA CROSSE,0,10,0,0
54638,MONROE,0,1,0,0
54639,VERNON,0,9,0,0
54646,JUNEAU,0,9,0,0
54650,LA CROSSE,0,14,0,0
54651,VERNON,0,1,0,0
54652,VERNON,0,1,0,0
54655,CRAWFORD,0,2,0,0
54656,MONROE,1,20,1,0
54658,VERNON,0,1,0,0
54660,MONROE,3,19,0,0
54664,RICHLAND,0,6,0,0
54665,VERNON,1,16,1,0
54666,MONROE,0,2,0,0
54667,VERNON,0,1,0,0
54669,LA CROSSE,0,9,0,0
54701,EAU CLAIRE,3,37,0,0
54703,EAU CLAIRE,1,45,1,0
54720,EAU CLAIRE,1,14,0,0
54722,EAU CLAIRE,0,4,0,0
54724,CHIPPEWA,1,11,0,0
54725,DUNN,0,7,0,0
54726,CHIPPEWA,0,5,0,0
54727,CHIPPEWA,0,12,0,0
54728,BARRON,0,4,0,0
54729,CHIPPEWA,1,46,1,0
54730,DUNN,0,4,0,0
54731,RUSK,0,2,0,0
54732,CHIPPEWA,0,8,0,0
54736,PEPIN,1,5,1,0
54738,EAU CLAIRE,0,2,0,0
54739,DUNN,0,3,0,0
54740,PIERCE,0,2,0,0
54742,EAU CLAIRE,0,3,0,0
54745,CHIPPEWA,0,2,0,0
54747,TREMPEALEAU,0,2,0,0
54751,DUNN,1,31,1,0
54755,BUFFALO,0,7,0,0
54757,BARRON,0,2,0,0
54758,TREMPEALEAU,1,3,0,0
54760,TREMPEALEAU,0,3,0,0
54761,PIERCE,0,2,0,0
54762,BARRON,0,2,0,0
54766,RUSK,0,1,0,0
54767,PIERCE,0,2,0,0
54768,CHIPPEWA,1,11,0,0
54770,TREMPEALEAU,0,2,0,0
54771,CLARK,0,6,0,0
54773,TREMPEALEAU,1,7,1,0
54801,WASHBURN,2,11,1,0
54805,BARRON,0,1,0,0
54806,ASHLAND,1,9,1,0
54810,POLK,0,0,1,0
54812,BARRON,1,5,1,0
54813,BARRON,0,5,0,0
54822,BARRON,0,2,0,0
54824,POLK,0,2,0,0
54826,BARRON,0,1,0,0
54829,BARRON,1,2,0,0
54837,POLK,0,8,0,0
54840,BURNETT,1,4,0,0
54842,DOUGLAS,0,1,0,0
54843,SAWYER,1,9,1,0
54847,BAYFIELD,0,1,0,0
54848,RUSK,1,8,1,0
54853,POLK,0,2,0,0
54858,POLK,0,1,0,0
54859,WASHBURN,0,1,0,0
54862,SAWYER,0,1,0,0
54867,SAWYER,0,1,0,0
54868,BARRON,1,24,0,0
54870,WASHBURN,0,2,0,0
54871,WASHBURN,1,3,0,0
54872,BURNETT,0,6,1,0
54874,DOUGLAS,0,1,0,0
54880,DOUGLAS,1,25,1,0
54891,BAYFIELD,0,4,1,0
54893,BURNETT,0,1,0,0
54901,WINNEBAGO,0,33,2,0
54902,WINNEBAGO,0,16,0,0
54904,WINNEBAGO,2,12,0,0
54911,OUTAGAMIE,2,16,2,0
54912,OUTAGAMIE,0,1,0,0
54913,OUTAGAMIE,0,22,0,0
54914,OUTAGAMIE,0,24,0,0
54915,OUTAGAMIE,1,17,0,0
54922,OUTAGAMIE,0,1,0,0
54923,GREEN LAKE,1,9,0,0
54927,WAUPACA,0,1,0,0
54929,WAUPACA,0,7,0,0
54935,FOND DU LAC,2,43,1,0
54937,FOND DU LAC,0,12,0,0
54941,GREEN LAKE,0,2,1,0
54942,OUTAGAMIE,0,4,0,0
54944,OUTAGAMIE,0,5,0,0
54945,WAUPACA,0,2,0,0
54946,WAUPACA,0,4,0,0
54949,WAUPACA,0,3,0,0
54952,WINNEBAGO,0,16,1,0
54956,WINNEBAGO,2,29,1,0
54960,MARQUETTE,0,1,0,0
54961,WAUPACA,1,8,0,0
54963,WINNEBAGO,0,3,0,0
54964,WINNEBAGO,0,1,0,0
54968,GREEN LAKE,0,4,0,0
54970,WAUSHARA,0,2,0,0
54971,FOND DU LAC,1,12,0,0
54974,FOND DU LAC,0,1,0,0
54981,WAUPACA,1,10,1,0
54982,WAUSHARA,0,7,1,0
54983,WAUPACA,0,2,0,0
54984,WAUSHARA,1,2,0,0
54985,WINNEBAGO,1,0,0,0
54986,WINNEBAGO,0,2,0,0
55001,WASHINGTON,0,1,0,0
55003,WASHINGTON,0,1,0,0
55006,ISANTI,0,1,0,0
55008,ISANTI,1,4,1,0
55009,GOODHUE,1,4,0,0
55011,ANOKA,0,1,0,0
55012,CHISAGO,0,0,1,0
55013,CHISAGO,0,4,0,0
55014,ANOKA,0,5,0,0
55016,WASHINGTON,0,21,0,0
55020,SCOTT,0,1,0,0
55021,RICE,1,17,1,0
55024,DAKOTA,0,11,0,0
55025,WASHINGTON,0,6,0,0
55027,GOODHUE,0,1,0,0
55033,DAKOTA,1,11,0,0
55037,PINE,0,1,0,0
55038,WASHINGTON,0,5,0,0
55040,ISANTI,0,1,0,0
55041,GOODHUE,1,4,0,0
55042,WASHINGTON,0,2,0,0
55043,WASHINGTON,0,1,0,0
55044,DAKOTA,0,16,0,0
55045,CHISAGO,0,1,0,0
55046,RICE,0,1,0,0
55049,STEELE,0,1,0,0
55051,KANABEC,1,4,1,0
55055,WASHINGTON,0,1,0,0
55056,CHISAGO,0,4,0,0
55057,RICE,1,11,0,0
55060,STEELE,1,11,1,0
55063,PINE,1,6,0,0
55066,GOODHUE,1,8,1,0
55068,DAKOTA,0,12,0,0
55069,CHISAGO,0,2,0,0
55070,ANOKA,0,1,0,0
55071,WASHINGTON,0,2,0,0
55072,PINE,2,4,1,0
55075,DAKOTA,0,5,0,0
55076,DAKOTA,0,6,0,0
55077,DAKOTA,0,12,0,0
55082,WASHINGTON,1,10,1,0
55084,CHISAGO,0,1,0,0
55092,CHISAGO,1,2,0,0
55101,RAMSEY,2,2,2,0
55102,RAMSEY,2,7,0,0
55103,RAMSEY,1,10,0,0
55104,RAMSEY,0,13,0,0
55105,RAMSEY,0,1,0,0
55106,RAMSEY,0,24,0,0
55107,RAMSEY,0,13,0,0
55108,RAMSEY,0,5,0,0
55109,RAMSEY,1,35,0,0
55110,RAMSEY,0,7,0,0
55112,RAMSEY,0,34,0,0
55113,RAMSEY,0,31,0,0
55115,WASHINGTON,0,3,0,0
55116,RAMSEY,0,11,0,0
55117,RAMSEY,0,15,0,0
55118,DAKOTA,0,17,1,0
55119,RAMSEY,0,30,0,0
55120,DAKOTA,0,2,0,0
55121,DAKOTA,0,4,0,0
55122,DAKOTA,0,14,0,0
55123,DAKOTA,0,9,0,0
55124,DAKOTA,0,32,0,0
55125,WASHINGTON,1,23,0,0
55126,RAMSEY,0,7,0,0
55127,RAMSEY,0,8,0,0
55128,WASHINGTON,0,9,0,0
55129,WASHINGTON,0,8,0,0
55130,RAMSEY,0,7,0,0
55301,WRIGHT,0,3,0,0
55302,WRIGHT,1,3,0,0
55303,ANOKA,1,28,1,0
55304,ANOKA,0,9,0,0
55305,HENNEPIN,0,17,0,0
55306,DAKOTA,0,10,0,0
55307,SIBLEY,1,4,0,0
55308,SHERBURNE,0,1,0,0
55309,SHERBURNE,0,3,0,0
55310,RENVILLE,0,1,0,0
55311,HENNEPIN,0,8,0,0
55312,MCLEOD,0,1,0,0
55313,WRIGHT,1,7,1,0
55314,RENVILLE,0,2,0,0
55315,CARVER,0,1,0,0
55316,HENNEPIN,0,27,0,0
55317,CARVER,0,5,0,0
55318,CARVER,0,7,1,0
55319,SHERBURNE,0,1,0,0
55321,WRIGHT,0,2,0,0
55325,MEEKER,0,2,0,0
55328,WRIGHT,0,2,0,0
55330,SHERBURNE,0,13,1,0
55331,HENNEPIN,0,6,0,0
55332,RENVILLE,0,2,0,0
55333,RENVILLE,0,2,0,0
55334,SIBLEY,0,3,1,0
55335,SIBLEY,0,1,0,0
55336,MCLEOD,1,2,1,0
55337,DAKOTA,1,55,0,0
55340,HENNEPIN,0,2,0,0
55341,HENNEPIN,0,1,0,0
55342,RENVILLE,0,1,0,0
55343,HENNEPIN,0,12,0,0
55344,HENNEPIN,0,10,0,0
55345,HENNEPIN,0,21,0,0
55346,HENNEPIN,0,2,0,0
55347,HENNEPIN,0,8,0,0
55349,WRIGHT,0,2,0,0
55350,MCLEOD,1,7,0,0
55352,SCOTT,0,2,0,0
55353,STEARNS,0,1,0,0
55355,MEEKER,1,3,1,0
55356,HENNEPIN,0,2,0,0
55357,HENNEPIN,0,1,0,0
55359,HENNEPIN,0,2,0,0
55362,WRIGHT,1,4,0,0
55364,HENNEPIN,0,3,0,0
55368,CARVER,0,2,0,0
55369,HENNEPIN,1,26,0,0
55371,MILLE LACS,1,4,0,0
55372,SCOTT,0,5,0,0
55374,HENNEPIN,0,4,0,0
55376,WRIGHT,0,3,0,0
55378,SCOTT,0,13,0,0
55379,SCOTT,1,22,1,0
55381,MCLEOD,0,1,0,0
55384,HENNEPIN,0,2,0,0
55386,CARVER,0,1,0,0
55387,CARVER,1,7,0,0
55388,CARVER,0,2,0,0
55389,MEEKER,0,3,0,0
55391,HENNEPIN,0,6,0,0
55395,MCLEOD,0,3,0,0
55396,SIBLEY,0,2,0,0
55398,SHERBURNE,0,3,0,0
55401,HENNEPIN,0,2,0,0
55403,HENNEPIN,0,1,0,0
55404,HENNEPIN,2,35,0,0
55405,HENNEPIN,0,2,0,0
55406,HENNEPIN,0,8,0,0
55407,HENNEPIN,1,40,0,0
55408,HENNEPIN,0,9,0,0
55409,HENNEPIN,0,5,0,0
55410,HENNEPIN,0,3,0,0
55411,HENNEPIN,0,23,0,0
55412,HENNEPIN,0,12,0,0
55413,HENNEPIN,0,9,0,0
55414,HENNEPIN,1,11,0,0
55415,HENNEPIN,1,0,2,0
55416,HENNEPIN,0,13,0,0
55417,HENNEPIN,1,3,0,0
55418,HENNEPIN,0,16,0,0
55419,HENNEPIN,0,11,0,0
55420,HENNEPIN,0,35,0,0
55421,ANOKA,0,24,0,0
55422,HENNEPIN,2,42,0,0
55423,HENNEPIN,0,43,0,0
55425,HENNEPIN,0,12,0,0
55426,HENNEPIN,2,13,0,0
55427,HENNEPIN,0,31,0,0
55428,HENNEPIN,0,75,0,0
55429,HENNEPIN,0,104,0,0
55430,HENNEPIN,0,64,0,0
55431,HENNEPIN,0,30,1,0
55432,ANOKA,1,36,0,0
55433,ANOKA,1,23,0,0
55434,ANOKA,0,16,0,0
55435,HENNEPIN,1,10,0,0
55436,HENNEPIN,0,4,0,0
55437,HENNEPIN,0,15,0,0
55438,HENNEPIN,0,5,0,0
55439,HENNEPIN,0,5,0,0
55441,HENNEPIN,0,7,0,0
55442,HENNEPIN,0,4,0,0
55443,HENNEPIN,1,123,0,0
55444,HENNEPIN,0,53,0,0
55445,HENNEPIN,0,29,0,0
55446,HENNEPIN,0,9,0,0
55447,HENNEPIN,0,6,0,0
55448,ANOKA,0,20,0,0
55449,ANOKA,0,9,0,0
55454,HENNEPIN,1,4,0,0
55455,HENNEPIN,1,0,0,0
55604,COOK,1,2,1,0
55614,LAKE,0,2,0,0
55616,LAKE,1,6,1,0
55705,ST. LOUIS,1,2,0,0
55706,ST. LOUIS,0,1,0,0
55707,CARLTON,0,2,0,0
55708,ST. LOUIS,0,1,0,0
55709,ITASCA,0,2,0,0
55711,ST. LOUIS,0,3,0,0
55713,ST. LOUIS,0,4,0,0
55718,CARLTON,0,2,0,0
55719,ST. LOUIS,0,5,0,0
55720,CARLTON,1,8,1,0
55721,ITASCA,0,3,0,0
55722,ITASCA,0,1,0,0
55723,ST. LOUIS,1,2,0,0
55726,CARLTON,0,1,0,0
55731,ST. LOUIS,1,2,0,0
55733,CARLTON,0,4,0,0
55734,ST. LOUIS,0,4,0,0
55744,ITASCA,1,17,1,0
55746,ST. LOUIS,1,6,0,0
55750,ST. LOUIS,0,1,0,0
55760,AITKIN,0,1,0,0
55765,ST. LOUIS,0,1,0,0
55767,CARLTON,1,7,0,0
55768,ST. LOUIS,0,1,0,0
55769,ITASCA,0,1,0,0
55771,ST. LOUIS,0,1,0,0
55790,ST. LOUIS,0,1,0,0
55792,ST. LOUIS,1,6,0,0
55797,CARLTON,0,1,0,0
55802,ST. LOUIS,0,3,1,0
55803,ST. LOUIS,0,2,0,0
55804,ST. LOUIS,0,4,0,0
55805,ST. LOUIS,3,3,0,0
55807,ST. LOUIS,0,4,0,0
55808,ST. LOUIS,0,2,0,0
55810,ST. LOUIS,0,3,0,0
55811,ST. LOUIS,0,19,0,0
55812,ST. LOUIS,0,1,0,0
55901,OLMSTED,0,21,0,0
55902,OLMSTED,2,9,0,0
55904,OLMSTED,2,7,1,0
55906,OLMSTED,0,1,0,0
55909,MOWER,0,2,0,0
55912,MOWER,1,12,1,0
55917,STEELE,0,2,0,0
55918,MOWER,0,1,0,0
55920,OLMSTED,0,3,0,0
55921,HOUSTON,0,4,1,0
55923,FILLMORE,0,2,0,0
55927,DODGE,0,1,0,0
55934,OLMSTED,0,1,0,0
55936,MOWER,0,2,0,0
55939,FILLMORE,0,2,0,0
55940,DODGE,0,2,0,0
55943,HOUSTON,0,2,0,0
55944,DODGE,0,1,0,0
55946,GOODHUE,0,4,0,0
55947,HOUSTON,0,3,0,0
55951,MOWER,0,1,0,0
55952,WINONA,0,2,0,0
55954,FILLMORE,0,2,0,0
55955,DODGE,0,0,1,0
55960,OLMSTED,0,2,0,0
55961,FILLMORE,0,2,0,0
55963,GOODHUE,0,2,0,0
55964,WABASHA,0,2,0,0
55965,FILLMORE,0,3,1,0
55971,FILLMORE,0,2,0,0
55972,WINONA,0,2,0,0
55974,HOUSTON,0,2,0,0
55975,FILLMORE,0,2,0,0
55976,OLMSTED,0,4,0,0
55981,WABASHA,1,2,1,0
55985,DODGE,0,2,0,0
55987,WINONA,1,8,1,0
55992,GOODHUE,0,2,0,0
56001,BLUE EARTH,1,18,1,0
56003,NICOLLET,0,3,0,0
56007,FREEBORN,1,13,1,0
56011,SCOTT,0,2,0,0
56013,FARIBAULT,1,3,0,0
56019,BROWN,0,1,0,0
56026,STEELE,0,1,0,0
56027,FARIBAULT,0,1,0,0
56031,MARTIN,1,4,1,0
56048,WASECA,0,2,0,0
56055,BLUE EARTH,0,2,0,0
56057,LE SUEUR,0,3,1,0
56058,LE SUEUR,1,3,0,0
56062,WATONWAN,1,1,0,0
56065,BLUE EARTH,0,3,0,0
56069,LE SUEUR,0,2,0,0
56071,SCOTT,1,3,0,0
56072,WASECA,0,2,0,0
56073,BROWN,1,8,1,0
56081,WATONWAN,1,2,1,0
56082,NICOLLET,1,6,1,0
56085,BROWN,1,3,0,0
56087,BROWN,0,1,0,0
56088,MARTIN,0,2,0,0
56093,WASECA,1,4,1,0
56096,LE SUEUR,0,1,0,0
56097,FARIBAULT,0,3,0,0
56098,FARIBAULT,0,1,0,0
56101,COTTONWOOD,1,4,0,0
56110,NOBLES,0,2,0,0
56115,LYON,0,1,0,0
56128,PIPESTONE,0,2,0,0
56129,NOBLES,0,1,0,0
56131,MURRAY,0,2,0,0
56136,LINCOLN,1,2,0,0
56137,JACKSON,0,1,0,0
56138,ROCK,0,3,0,0
56142,LINCOLN,0,1,0,0
56143,JACKSON,1,2,1,0
56144,PIPESTONE,0,1,0,0
56149,LINCOLN,0,1,0,0
56150,JACKSON,0,3,0,0
56152,REDWOOD,0,1,0,0
56156,ROCK,1,5,0,0
56159,COTTONWOOD,0,2,0,0
56164,PIPESTONE,1,3,0,0
56171,MARTIN,0,1,0,0
56172,MURRAY,1,1,0,0
56175,LYON,1,1,0,0
56176,MARTIN,0,1,0,0
56178,LINCOLN,1,1,0,0
56180,REDWOOD,0,1,0,0
56183,COTTONWOOD,1,1,0,0
56187,NOBLES,1,4,1,0
56201,KANDIYOHI,2,13,1,0
56208,SWIFT,1,2,0,0
56209,KANDIYOHI,0,2,0,0
56214,REDWOOD,0,2,0,0
56215,SWIFT,1,5,1,0
56219,TRAVERSE,0,1,0,0
56220,YELLOW MEDICINE,1,2,0,0
56222,CHIPPEWA,0,2,0,0
56223,YELLOW MEDICINE,0,1,0,0
56225,BIG STONE,0,1,0,0
56229,LYON,0,1,0,0
56232,LAC QUI PARLE,1,2,0,0
56240,BIG STONE,1,2,0,0
56241,CHIPPEWA,1,2,0,0
56253,KANDIYOHI,0,1,0,0
56256,LAC QUI PARLE,1,3,0,0
56258,LYON,1,5,1,0
56264,LYON,0,2,0,0
56265,CHIPPEWA,1,7,0,0
56266,REDWOOD,0,2,0,0
56267,STEVENS,1,4,1,0
56271,SWIFT,0,2,0,0
56273,KANDIYOHI,0,5,0,0
56277,RENVILLE,2,2,1,0
56278,BIG STONE,1,2,0,0
56281,KANDIYOHI,0,1,0,0
56283,REDWOOD,1,3,1,0
56284,RENVILLE,0,1,0,0
56289,KANDIYOHI,0,1,0,0
56293,REDWOOD,0,2,0,0
56296,TRAVERSE,1,1,1,0
56301,STEARNS,1,10,0,0
56302,STEARNS,0,1,0,0
56303,STEARNS,1,4,1,0
56304,SHERBURNE,0,9,0,0
56307,STEARNS,1,2,0,0
56308,DOUGLAS,2,13,1,0
56309,GRANT,0,1,0,0
56310,STEARNS,0,1,0,0
56311,GRANT,0,2,0,0
56312,STEARNS,0,1,0,0
56315,DOUGLAS,0,1,0,0
56320,STEARNS,0,3,0,0
56326,DOUGLAS,0,2,0,0
56329,BENTON,0,4,1,0
56334,POPE,1,3,1,0
56339,GRANT,0,1,0,0
56340,STEARNS,0,2,0,0
56342,MILLE LACS,0,1,0,0
56345,MORRISON,1,8,1,0
56347,TODD,1,3,1,0
56352,STEARNS,1,2,0,0
56353,MILLE LACS,0,3,1,0
56357,STEARNS,0,1,0,0
56358,KANABEC,0,1,0,0
56359,MILLE LACS,1,2,0,0
56360,DOUGLAS,0,3,0,0
56361,OTTER TAIL,0,2,0,0
56362,STEARNS,1,4,0,0
56364,MORRISON,0,4,0,0
56368,STEARNS,0,1,0,0
56373,MORRISON,0,1,0,0
56374,STEARNS,0,4,0,0
56377,STEARNS,0,7,0,0
56378,STEARNS,1,4,0,0
56379,BENTON,0,11,0,0
56381,POPE,0,4,0,0
56384,MORRISON,0,1,0,0
56387,STEARNS,0,5,0,0
56401,CROW WING,1,11,1,0
56425,CROW WING,1,3,0,0
56431,AITKIN,1,5,1,0
56435,CASS,0,1,0,0
56440,TODD,0,2,0,0
56441,CROW WING,1,3,0,0
56442,CROW WING,0,3,0,0
56452,CASS,0,1,0,0
56464,WADENA,0,3,0,0
56466,MORRISON,0,1,0,0
56468,CROW WING,0,1,0,0
56470,HUBBARD,1,7,1,0
56472,CROW WING,0,3,0,0
56473,CASS,0,1,0,0
56474,CASS,0,4,0,0
56477,WADENA,0,2,0,0
56479,TODD,1,7,0,0
56482,WADENA,2,3,1,0
56484,CASS,0,2,1,0
56501,BECKER,1,9,1,0
56510,NORMAN,1,2,1,0
56514,CLAY,0,2,0,0
56515,OTTER TAIL,0,3,0,0
56520,WILKIN,1,3,1,0
56529,CLAY,0,4,0,0
56531,GRANT,2,1,1,0
56535,POLK,0,3,0,0
56537,OTTER TAIL,2,10,1,0
56540,POLK,0,2,0,0
56542,POLK,1,4,0,0
56544,BECKER,0,2,0,0
56548,NORMAN,0,1,0,0
56549,CLAY,0,1,0,0
56551,OTTER TAIL,0,2,0,0
56554,BECKER,0,1,0,0
56556,POLK,0,2,0,0
56557,MAHNOMEN,1,2,0,0
56560,CLAY,0,11,1,0
56567,OTTER TAIL,0,3,0,0
56572,OTTER TAIL,0,3,0,0
56573,OTTER TAIL,1,7,0,0
56584,NORMAN,0,1,0,0
56585,CLAY,0,2,0,0
56587,OTTER TAIL,0,1,0,0
56601,BELTRAMI,2,15,1,0
56621,CLEARWATER,1,3,1,0
56623,LAKE OF THE WOODS,1,2,1,0
56628,ITASCA,1,2,0,0
56630,BELTRAMI,0,3,0,0
56633,CASS,1,1,0,0
56636,ITASCA,1,2,0,0
56649,KOOCHICHING,1,4,1,0
56650,BELTRAMI,0,1,0,0
56653,KOOCHICHING,0,2,0,0
56668,KOOCHICHING,0,2,0,0
56671,BELTRAMI,1,1,0,0
56672,CASS,0,2,0,0
56676,CLEARWATER,0,1,0,0
56701,PENNINGTON,2,4,1,0
56716,POLK,1,4,1,0
56721,POLK,0,2,0,0
56726,ROSEAU,0,2,0,0
56728,KITTSON,1,2,1,0
56732,KITTSON,0,2,0,0
56750,RED LAKE,0,1,0,0
56751,ROSEAU,1,3,0,0
56757,MARSHALL,0,1,0,0
56762,MARSHALL,2,2,1,0
56763,ROSEAU,0,3,0,0
57001,UNION,0,2,0,0
57004,LINCOLN,0,2,0,0
57005,MINNEHAHA,0,2,0,0
57006,BROOKINGS,1,5,1,0
57012,MCCOOK,0,2,0,0
57013,LINCOLN,2,2,0,0
57014,TURNER,0,2,0,0
57018,MINNEHAHA,0,1,0,0
57022,MINNEHAHA,1,2,0,0
57025,UNION,0,2,1,0
57028,MOODY,1,3,1,0
57029,HUTCHINSON,1,2,1,0
57030,MINNEHAHA,0,1,0,0
57033,MINNEHAHA,0,1,0,0
57034,LINCOLN,0,1,0,0
57037,CLAY,0,2,0,0
57039,LINCOLN,0,2,0,0
57042,LAKE,2,3,1,0
57043,TURNER,0,2,0,0
57045,HUTCHINSON,0,2,0,0
57049,UNION,1,1,0,0
57053,TURNER,0,0,1,0
57054,LAKE,0,1,0,0
57058,MCCOOK,0,2,1,0
57059,BON HOMME,1,2,0,0
57062,BON HOMME,0,1,0,0
57064,LINCOLN,0,1,0,0
57066,BON HOMME,1,1,1,0
57069,CLAY,1,2,1,0
57070,TURNER,1,2,1,0
57071,BROOKINGS,0,1,0,0
57073,CLAY,0,3,0,0
57078,YANKTON,3,8,1,0
57103,MINNEHAHA,0,4,0,0
57104,MINNEHAHA,1,5,1,0
57105,MINNEHAHA,6,4,0,0
57106,MINNEHAHA,0,7,0,0
57107,MINNEHAHA,0,1,0,0
57108,LINCOLN,3,4,0,0
57110,MINNEHAHA,0,5,0,0
57117,MINNEHAHA,2,0,0,0
57157,CLAYTON,0,1,0,0
57201,CODINGTON,1,8,1,0
57212,KINGSBURY,0,2,0,0
57219,DAY,0,2,0,0
57221,HAMLIN,0,1,0,0
57223,HAMLIN,0,1,0,0
57225,CLARK,0,3,1,0
57226,DEUEL,1,2,1,0
57231,KINGSBURY,1,2,0,0
57234,HAMLIN,0,1,0,0
57235,CODINGTON,0,1,0,0
57241,HAMLIN,0,0,1,0
57248,HAMLIN,0,2,0,0
57249,KINGSBURY,0,1,0,0
57252,GRANT,1,4,1,0
57260,ROBERTS,0,1,0,0
57261,DAY,0,2,0,0
57262,ROBERTS,1,2,1,0
57274,DAY,1,1,1,0
57279,ROBERTS,0,2,0,0
57301,DAVISON,2,7,1,0
57311,HANSON,0,0,1,0
57313,DOUGLAS,1,2,1,0
57317,GREGORY,0,1,0,0
57319,MCCOOK,0,4,0,0
57325,BRULE,1,3,1,0
57328,DOUGLAS,0,2,0,0
57339,BUFFALO,0,0,1,0
57345,HYDE,0,2,0,0
57349,MINER,0,3,1,0
57350,BEADLE,1,5,1,0
57355,BRULE,0,1,0,0
57356,CHARLES MIX,0,1,1,0
57362,HAND,1,3,1,0
57366,HUTCHINSON,1,2,1,0
57368,AURORA,1,0,1,0
57369,CHARLES MIX,1,2,0,0
57380,CHARLES MIX,1,1,0,0
57382,JERAULD,1,1,1,0
57383,AURORA,0,2,0,0
57385,SANBORN,0,1,1,0
57401,BROWN,3,10,1,0
57428,EDMUNDS,1,1,1,0
57430,MARSHALL,1,2,1,0
57437,MCPHERSON,1,3,1,0
57438,FAULK,1,2,1,0
57442,POTTER,1,1,0,0
57445,BROWN,0,1,0,0
57451,EDMUNDS,0,2,0,0
57456,MCPHERSON,0,0,1,0
57469,SPINK,1,5,1,0
57472,WALWORTH,0,1,0,0
57501,HUGHES,1,5,2,0
57523,GREGORY,1,1,1,0
57532,STANLEY,0,0,1,0
57533,GREGORY,1,2,0,0
57543,JACKSON,0,1,1,0
57544,LYMAN,0,0,1,0
57551,BENNETT,1,1,1,0
57567,HAAKON,1,2,1,0
57570,TODD,1,0,0,0
57579,MELLETTE,0,1,0,0
57580,TRIPP,1,3,1,0
57601,WALWORTH,1,1,1,0
57623,ZIEBACH,0,0,1,0
57625,ZIEBACH,1,2,0,0
57626,MEADE,0,0,1,0
57632,CAMPBELL,0,1,0,0
57638,PERKINS,0,2,1,0
57642,CORSON,1,0,0,0
57656,DEWEY,0,0,1,0
57701,PENNINGTON,4,17,1,0
57702,PENNINGTON,3,8,0,0
57706,MEADE,1,0,0,0
57717,BUTTE,0,4,1,0
57718,MEADE,0,1,0,0
57720,HARDING,0,0,1,0
57730,CUSTER,1,2,1,0
57732,LAWRENCE,1,0,1,0
57741,MEADE,1,0,0,0
57747,FALL RIVER,3,3,1,0
57754,LAWRENCE,0,1,0,0
57760,BUTTE,0,0,1,0
57761,PENNINGTON,0,1,0,0
57770,OGLALA LAKOTA,1,0,1,0
57783,LAWRENCE,3,7,1,0
57785,MEADE,2,5,1,0
57793,LAWRENCE,0,1,0,0
58027,RANSOM,0,1,0,0
58032,SARGENT,0,2,1,0
58041,RICHLAND,0,1,0,0
58045,TRAILL,1,2,1,0
58054,RANSOM,1,3,1,0
58072,BARNES,1,3,1,0
58075,RICHLAND,0,2,1,0
58078,CASS,0,5,0,0
58102,CASS,1,1,1,0
58103,CASS,3,4,0,0
58104,CASS,3,10,0,0
58122,CASS,2,0,0,0
58201,GRAND FORKS,4,5,1,0
58205,GRAND FORKS,1,0,0,0
58206,GRAND FORKS,1,0,0,0
58208,GRAND FORKS,1,0,0,0
58212,NELSON,0,1,0,0
58220,PEMBINA,1,1,1,0
58230,STEELE,0,0,1,0
58237,WALSH,1,2,1,0
58240,TRAILL,0,3,0,0
58249,CAVALIER,1,1,1,0
58251,GRAND FORKS,0,1,0,0
58254,NELSON,1,2,1,0
58257,TRAILL,1,2,0,0
58267,GRAND FORKS,1,2,0,0
58270,WALSH,1,1,0,0
58282,PEMBINA,0,1,0,0
58301,RAMSEY,1,3,1,0
58316,ROLETTE,2,0,1,0
58318,BOTTINEAU,1,1,0,0
58324,TOWNER,1,1,1,0
58329,ROLETTE,0,1,0,0
58335,BENSON,0,0,1,0
58341,WELLS,1,1,0,0
58344,NELSON,0,1,0,0
58351,BENSON,0,0,1,0
58356,EDDY,0,2,1,0
58366,ROLETTE,0,1,0,0
58367,ROLETTE,1,1,1,0
58368,PIERCE,1,2,1,0
58401,STUTSMAN,2,5,1,0
58413,MCINTOSH,1,1,1,0
58421,FOSTER,1,2,1,0
58425,GRIGGS,1,3,0,0
58436,DICKEY,0,2,1,0
58438,WELLS,0,0,1,0
58458,LAMOURE,0,1,1,0
58463,SHERIDAN,0,0,1,0
58474,DICKEY,1,2,0,0
58482,KIDDER,0,0,1,0
58495,MCINTOSH,1,2,0,0
58501,BURLEIGH,3,6,1,0
58503,BURLEIGH,0,12,0,0
58504,BURLEIGH,0,0,1,0
58506,BURLEIGH,1,1,0,0
58523,MERCER,0,1,0,0
58530,OLIVER,0,0,1,0
58533,GRANT,1,0,0,0
58538,SIOUX,2,0,1,0
58540,MCLEAN,1,3,0,0
58545,MERCER,1,0,0,0
58552,EMMONS,2,1,1,0
58554,MORTON,1,5,1,0
58561,LOGAN,0,4,1,0
58563,MORTON,0,2,0,0
58573,EMMONS,0,1,0,0
58575,MCLEAN,1,0,0,0
58577,MCLEAN,0,0,1,0
58601,STARK,2,6,1,0
58621,GOLDEN VALLEY,0,1,0,0
58623,BOWMAN,1,2,0,0
58631,MORTON,0,1,0,0
58639,ADAMS,1,2,0,0
58640,DUNN,0,2,1,0
58646,HETTINGER,0,1,1,0
58652,STARK,0,1,0,0
58701,WARD,2,7,1,0
58702,WARD,0,1,0,0
58703,WARD,0,1,0,0
58705,WARD,1,0,0,0
58721,BURKE,0,0,1,0
58730,DIVIDE,1,2,1,0
58746,WARD,1,0,1,0
58761,RENVILLE,0,1,0,0
58763,MCKENZIE,0,0,1,0
58784,MOUNTRAIL,1,2,1,0
58790,MCHENRY,0,2,0,0
58801,WILLIAMS,1,2,1,0
58852,WILLIAMS,1,1,0,0
58853,WILLIAMS,0,0,1,0
58854,MCKENZIE,1,2,1,0
59001,STILLWATER,0,1,0,0
59003,ROSEBUD,0,1,0,0
59011,SWEET GRASS,1,1,1,0
59019,STILLWATER,1,2,1,0
59022,BIG HORN,1,1,1,0
59034,BIG HORN,1,2,1,0
59036,WHEATLAND,1,0,0,0
59038,TREASURE,0,0,1,0
59043,ROSEBUD,0,0,1,0
59044,YELLOWSTONE,0,6,0,0
59047,PARK,2,5,1,0
59068,CARBON,1,1,0,0
59070,CARBON,0,1,0,0
59072,MUSSELSHELL,1,4,0,0
59101,YELLOWSTONE,2,2,1,0
59102,YELLOWSTONE,2,29,0,0
59105,YELLOWSTONE,0,25,0,0
59106,YELLOWSTONE,0,15,0,0
59107,YELLOWSTONE,1,1,0,0
59201,ROOSEVELT,1,1,1,0
59215,MCCONE,1,1,1,0
59218,ROOSEVELT,1,0,0,0
59230,VALLEY,1,2,1,0
59254,SHERIDAN,1,2,1,0
59255,ROOSEVELT,1,0,1,0
59262,RICHLAND,0,1,0,0
59263,DANIELS,1,0,1,0
59270,RICHLAND,1,3,1,0
59301,CUSTER,1,8,1,0
59313,FALLON,1,2,1,0
59317,POWDER RIVER,0,1,1,0
59324,CARTER,1,0,1,0
59327,ROSEBUD,1,3,1,0
59330,DAWSON,1,4,1,0
59337,GARFIELD,1,1,1,0
59349,PRAIRIE,1,0,1,0
59353,WIBAUX,0,2,1,0
59401,CASCADE,0,4,1,0
59402,CASCADE,1,0,0,0
59403,CASCADE,1,0,0,0
59404,CASCADE,0,4,0,0
59405,CASCADE,2,26,0,0
59406,CASCADE,0,2,0,0
59417,GLACIER,1,1,1,0
59422,TETON,1,2,1,0
59425,PONDERA,1,3,1,0
59427,GLACIER,1,5,1,0
59436,TETON,0,1,0,0
59442,CHOUTEAU,1,2,1,0
59453,WHEATLAND,0,2,0,0
59457,FERGUS,1,11,1,0
59474,TOOLE,1,2,1,0
59501,HILL,1,7,1,0
59520,CHOUTEAU,1,1,0,0
59521,HILL,0,0,1,0
59522,LIBERTY,1,2,1,0
59523,BLAINE,0,1,1,0
59526,BLAINE,1,0,1,0
59538,PHILLIPS,1,3,1,0
59601,LEWIS AND CLARK,1,24,2,0
59602,LEWIS AND CLARK,0,4,0,0
59604,LEWIS AND CLARK,1,0,0,0
59632,JEFFERSON,0,2,1,0
59634,JEFFERSON,0,2,0,0
59636,LEWIS AND CLARK,1,0,0,0
59644,BROADWATER,1,4,1,0
59645,MEAGHER,1,0,1,0
59701,SILVER BOW,2,12,1,0
59711,DEER LODGE,1,3,1,0
59714,GALLATIN,0,5,0,0
59715,GALLATIN,1,10,1,0
59716,GALLATIN,1,0,0,0
59718,GALLATIN,0,6,0,0
59722,POWELL,1,2,1,0
59725,BEAVERHEAD,1,8,1,0
59729,MADISON,1,1,0,0
59741,GALLATIN,0,4,0,0
59749,MADISON,1,2,0,0
59752,GALLATIN,0,1,0,0
59755,MADISON,0,0,1,0
59756,DEER LODGE,1,0,0,0
59759,JEFFERSON,0,5,0,0
59802,MISSOULA,0,8,1,0
59803,MISSOULA,0,4,0,0
59804,MISSOULA,1,13,0,0
59806,MISSOULA,1,2,0,0
59808,MISSOULA,0,8,0,0
59828,RAVALLI,0,2,0,0
59833,RAVALLI,0,1,0,0
59840,RAVALLI,1,12,1,0
59845,SANDERS,0,2,0,0
59858,GRANITE,1,0,1,0
59859,SANDERS,1,1,0,0
59860,LAKE,1,8,1,0
59864,LAKE,1,3,0,0
59865,LAKE,0,3,1,0
59870,RAVALLI,0,4,0,0
59872,MINERAL,1,0,1,0
59873,SANDERS,0,1,1,0
59901,FLATHEAD,1,15,1,0
59911,FLATHEAD,0,2,0,0
59912,FLATHEAD,0,10,0,0
59917,LINCOLN,0,3,0,0
59923,LINCOLN,1,2,1,0
59937,FLATHEAD,1,2,0,0
59972,BEAVERHEAD,0,1,0,0
60002,LAKE,0,1,0,0
60004,COOK,0,5,0,0
60005,COOK,1,7,0,0
60007,COOK,1,2,0,0
60008,COOK,0,2,0,0
60010,LAKE,1,8,0,0
60012,MCHENRY,0,3,0,0
60013,MCHENRY,0,1,0,0
60014,MCHENRY,1,7,0,0
60015,LAKE,0,6,0,0
60016,COOK,2,5,0,0
60018,COOK,0,10,0,0
60020,LAKE,0,1,0,0
60025,COOK,1,7,0,0
60026,COOK,0,2,0,0
60030,LAKE,0,3,0,0
60031,LAKE,0,8,0,0
60033,MCHENRY,2,2,0,0
60035,LAKE,1,6,0,0
60040,LAKE,0,1,0,0
60042,LAKE,0,1,0,0
60044,LAKE,0,2,0,0
60045,LAKE,2,4,0,0
60046,LAKE,0,2,0,0
60047,LAKE,0,12,0,0
60048,LAKE,2,6,0,0
60050,MCHENRY,2,6,0,0
60053,COOK,0,3,0,0
60056,COOK,0,1,0,0
60061,LAKE,0,4,0,0
60062,COOK,0,15,0,0
60064,LAKE,1,0,0,0
60067,COOK,0,4,0,0
60068,COOK,1,7,0,0
60069,LAKE,0,5,0,0
60070,COOK,0,2,0,0
60072,MCHENRY,0,1,0,0
60073,LAKE,0,1,0,0
60076,COOK,1,5,0,0
60077,COOK,0,6,1,0
60083,LAKE,0,1,0,0
60084,LAKE,0,1,0,0
60085,LAKE,3,4,1,0
60087,LAKE,0,1,0,0
60089,LAKE,0,4,0,0
60090,COOK,0,6,0,0
60091,COOK,0,5,0,0
60098,MCHENRY,1,7,1,0
60099,LAKE,1,4,0,0
60101,DUPAGE,0,3,0,0
60102,MCHENRY,0,2,0,0
60103,COOK,0,4,0,0
60104,COOK,0,0,1,0
60106,DUPAGE,0,2,0,0
60107,COOK,1,2,0,0
60108,DUPAGE,0,6,0,0
60115,DEKALB,1,5,1,0
60118,KANE,0,2,0,0
60119,KANE,0,1,0,0
60120,KANE,1,3,0,0
60123,KANE,2,8,0,0
60124,KANE,0,1,0,0
60126,DUPAGE,1,9,0,0
60130,COOK,1,1,0,0
60133,COOK,0,2,0,0
60134,KANE,2,7,0,0
60137,DUPAGE,0,6,0,0
60139,DUPAGE,2,0,0,0
60140,KANE,0,1,0,0
60141,COOK,1,0,0,0
60142,MCHENRY,1,1,0,0
60143,DUPAGE,0,1,0,0
60148,DUPAGE,0,9,0,0
60152,MCHENRY,0,1,0,0
60153,COOK,1,0,0,0
60154,COOK,0,4,0,0
60156,MCHENRY,0,4,0,0
60160,COOK,2,1,0,0
60162,COOK,0,3,0,0
60164,COOK,1,1,0,0
60169,COOK,2,4,0,0
60172,DUPAGE,0,1,0,0
60173,COOK,0,4,0,0
60174,KANE,0,11,0,0
60175,KANE,0,1,0,0
60177,KANE,0,4,0,0
60178,DEKALB,1,2,0,0
60181,DUPAGE,0,3,0,0
60185,DUPAGE,0,2,1,0
60187,DUPAGE,1,8,1,0
60188,DUPAGE,0,3,0,0
60189,DUPAGE,0,1,0,0
60190,DUPAGE,1,1,0,0
60191,DUPAGE,0,2,0,0
60193,COOK,0,2,0,0
60194,COOK,0,3,0,0
60201,COOK,1,14,1,0
60202,COOK,1,5,0,0
60301,COOK,0,1,1,0
60302,COOK,1,7,1,0
60304,COOK,1,1,0,0
60305,COOK,0,1,0,0
60401,WILL,0,1,0,0
60402,COOK,1,3,0,0
60403,WILL,0,1,0,0
60404,WILL,0,2,0,0
60406,COOK,1,0,0,0
60411,COOK,0,6,0,0
60415,COOK,0,2,0,0
60417,WILL,0,3,0,0
60419,COOK,0,2,0,0
60420,LIVINGSTON,0,1,0,0
60422,COOK,0,1,0,0
60423,WILL,0,3,0,0
60425,COOK,0,1,0,0
60426,COOK,1,3,0,0
60429,COOK,1,5,0,0
60430,COOK,0,7,0,0
60431,WILL,0,3,0,0
60432,WILL,0,2,0,0
60433,WILL,0,2,1,0
60435,WILL,2,5,0,0
60436,WILL,0,1,0,0
60438,COOK,0,3,0,0
60439,COOK,0,5,0,0
60440,WILL,1,7,0,0
60443,COOK,0,4,0,0
60445,COOK,0,4,0,0
60446,WILL,0,3,0,0
60448,WILL,0,2,0,0
60450,GRUNDY,2,5,1,0
60451,WILL,2,5,0,0
60452,COOK,1,1,0,0
60453,COOK,1,6,0,0
60455,COOK,0,2,0,0
60457,COOK,0,1,0,0
60458,COOK,0,1,0,0
60459,COOK,0,3,1,0
60461,COOK,1,3,0,0
60462,COOK,0,5,0,0
60463,COOK,1,6,0,0
60464,COOK,0,3,0,0
60465,COOK,0,1,0,0
60466,COOK,0,2,0,0
60467,COOK,0,5,0,0
60471,COOK,0,3,0,0
60472,COOK,0,1,0,0
60473,COOK,0,12,0,0
60477,COOK,0,8,0,0
60481,WILL,0,1,0,0
60487,WILL,0,1,0,0
60490,WILL,0,1,0,0
60491,WILL,0,2,0,0
60502,KANE,0,1,0,0
60504,KANE,1,4,0,0
60505,KANE,0,10,0,0
60506,KANE,2,6,1,0
60510,KANE,0,5,0,0
60513,COOK,0,3,0,0
60514,DUPAGE,0,1,0,0
60515,DUPAGE,1,1,0,0
60516,DUPAGE,0,2,0,0
60517,DUPAGE,0,2,0,0
60521,DUPAGE,2,7,0,0
60523,DUPAGE,0,5,0,0
60525,COOK,1,4,0,0
60526,COOK,0,5,0,0
60527,DUPAGE,0,6,0,0
60532,DUPAGE,0,6,0,0
60539,COOK,0,1,0,0
60540,DUPAGE,2,3,0,0
60542,KANE,0,1,0,0
60543,KENDALL,0,5,0,0
60544,WILL,0,2,0,0
60546,COOK,0,2,0,0
60548,DEKALB,1,2,0,0
60550,DEKALB,0,1,0,0
60554,KANE,0,1,0,0
60559,DUPAGE,0,6,0,0
60560,KENDALL,0,2,1,0
60563,DUPAGE,0,11,0,0
60564,WILL,0,1,0,0
60565,DUPAGE,0,1,0,0
60585,WILL,1,3,0,0
60601,COOK,0,0,2,0
60603,COOK,0,0,1,0
60604,COOK,0,0,1,0
60605,COOK,0,2,0,0
60607,COOK,1,1,0,0
60608,COOK,3,2,0,0
60609,COOK,0,1,0,0
60610,COOK,0,2,0,0
60611,COOK,4,2,0,0
60612,COOK,5,1,0,0
60613,COOK,1,2,0,0
60614,COOK,0,6,0,0
60615,COOK,1,1,0,0
60616,COOK,1,4,0,0
60617,COOK,2,2,0,0
60618,COOK,1,2,0,0
60620,COOK,0,2,0,0
60621,COOK,1,2,0,0
60622,COOK,4,3,0,0
60623,COOK,1,2,0,0
60624,COOK,3,0,0,0
60625,COOK,1,6,0,0
60626,COOK,0,10,0,0
60628,COOK,1,1,0,0
60629,COOK,1,1,0,0
60630,COOK,0,1,0,0
60631,COOK,2,8,0,0
60632,COOK,0,1,0,0
60633,COOK,0,1,0,0
60634,COOK,1,3,0,0
60637,COOK,2,3,0,0
60639,COOK,0,1,0,0
60640,COOK,3,17,0,0
60641,COOK,1,4,0,0
60643,COOK,0,4,0,0
60644,COOK,2,5,0,0
60645,COOK,0,6,0,0
60646,COOK,0,3,0,0
60647,COOK,0,2,0,0
60649,COOK,2,4,0,0
60652,COOK,0,1,0,0
60653,COOK,0,3,0,0
60655,COOK,0,1,0,0
60656,COOK,0,1,0,0
60657,COOK,3,7,0,0
60659,COOK,0,10,0,0
60660,COOK,0,3,0,0
60661,COOK,0,1,0,0
60706,COOK,0,3,0,0
60707,COOK,1,2,0,0
60712,COOK,0,4,0,0
60714,COOK,0,11,0,0
60803,COOK,0,1,0,0
60804,COOK,0,2,0,0
60805,COOK,1,3,0,0
60901,KANKAKEE,3,5,1,0
60914,KANKAKEE,0,6,0,0
60915,KANKAKEE,0,1,0,0
60920,COLES,0,1,0,0
60927,IROQUOIS,0,1,0,0
60930,IROQUOIS,0,2,0,0
60936,FORD,1,4,0,0
60938,IROQUOIS,0,1,0,0
60941,KANKAKEE,0,1,0,0
60942,VERMILION,2,3,0,0
60950,KANKAKEE,0,2,0,0
60954,KANKAKEE,0,2,0,0
60957,FORD,0,3,0,0
60959,FORD,0,1,0,0
60966,IROQUOIS,0,1,0,0
60970,IROQUOIS,1,2,1,0
61008,BOONE,1,3,1,0
61010,OGLE,0,1,0,0
61021,LEE,1,5,1,0
61024,WINNEBAGO,0,1,0,0
61025,JO DAVIESS,0,1,0,0
61028,JO DAVIESS,0,2,0,0
61031,LEE,0,2,0,0
61032,STEPHENSON,1,8,1,0
61036,JO DAVIESS,1,5,1,0
61048,STEPHENSON,0,1,0,0
61053,CARROLL,0,1,1,0
61054,OGLE,0,1,0,0
61061,OGLE,0,2,1,0
61064,OGLE,0,1,0,0
61068,OGLE,1,4,0,0
61071,WHITESIDE,0,2,0,0
61072,WINNEBAGO,0,2,0,0
61073,WINNEBAGO,0,1,0,0
61074,CARROLL,0,1,0,0
61080,WINNEBAGO,0,1,0,0
61081,WHITESIDE,1,9,0,0
61085,JO DAVIESS,0,1,0,0
61088,WINNEBAGO,0,1,0,0
61101,WINNEBAGO,0,1,0,0
61103,WINNEBAGO,1,4,1,0
61104,WINNEBAGO,1,0,1,0
61107,WINNEBAGO,0,8,0,0
61108,WINNEBAGO,2,5,0,0
61111,WINNEBAGO,0,2,0,0
61112,WINNEBAGO,0,1,0,0
61114,WINNEBAGO,1,5,0,0
61115,WINNEBAGO,0,1,0,0
61201,ROCK ISLAND,1,7,1,0
61231,MERCER,1,3,1,0
61244,ROCK ISLAND,0,4,0,0
61252,WHITESIDE,0,1,0,0
61254,HENRY,1,4,0,0
61264,ROCK ISLAND,0,3,0,0
61265,ROCK ISLAND,3,7,0,0
61270,WHITESIDE,1,5,1,0
61277,WHITESIDE,0,2,0,0
61282,ROCK ISLAND,1,4,0,0
61301,LASALLE,0,2,0,0
61310,LEE,0,1,0,0
61327,PUTNAM,0,0,1,0
61341,LASALLE,0,1,0,0
61342,LASALLE,1,4,0,0
61350,LASALLE,1,5,1,0
61354,LASALLE,1,6,0,0
61356,BUREAU,1,4,1,0
61362,BUREAU,1,2,0,0
61364,LASALLE,1,4,0,0
61369,MARSHALL,0,1,0,0
61376,BUREAU,0,1,0,0
61401,KNOX,2,6,1,0
61402,KNOX,0,1,0,0
61410,KNOX,0,1,0,0
61421,STARK,0,1,0,0
61422,MCDONOUGH,0,1,0,0
61427,FULTON,0,1,0,0
61434,HENRY,0,1,0,0
61437,HENDERSON,0,0,1,0
61443,HENRY,1,5,1,0
61448,KNOX,0,2,0,0
61450,HANCOCK,0,1,0,0
61455,MCDONOUGH,1,8,1,0
61462,WARREN,1,3,1,0
61470,MCDONOUGH,0,1,0,0
61473,WARREN,0,1,0,0
61480,HENDERSON,0,1,0,0
61483,STARK,0,1,0,0
61520,FULTON,1,7,1,0
61523,PEORIA,0,2,0,0
61529,PEORIA,0,1,0,0
61530,WOODFORD,1,3,1,0
61531,FULTON,0,3,0,0
61534,TAZEWELL,0,1,0,0
61537,MARSHALL,0,2,0,0
61540,MARSHALL,0,1,1,0
61542,FULTON,0,1,0,0
61544,TAZEWELL,0,1,0,0
61546,MASON,0,1,0,0
61548,WOODFORD,0,3,0,0
61550,TAZEWELL,0,5,0,0
61554,TAZEWELL,1,6,0,0
61561,WOODFORD,0,1,0,0
61568,TAZEWELL,0,0,1,0
61571,TAZEWELL,0,4,0,0
61604,PEORIA,0,7,1,0
61605,PEORIA,1,0,0,0
61607,PEORIA,0,1,0,0
61611,TAZEWELL,0,7,0,0
61614,PEORIA,1,16,1,0
61615,PEORIA,0,6,0,0
61616,PEORIA,0,2,0,0
61636,PEORIA,1,0,0,0
61637,PEORIA,1,0,0,0
61701,MCLEAN,1,8,1,0
61704,MCLEAN,0,3,0,0
61726,MCLEAN,0,1,0,0
61727,DE WITT,1,2,1,0
61728,MCLEAN,0,1,0,0
61738,WOODFORD,0,2,0,0
61739,LIVINGSTON,0,3,0,0
61740,LIVINGSTON,0,2,0,0
61747,TAZEWELL,1,3,0,0
61752,MCLEAN,0,1,0,0
61760,WOODFORD,0,1,0,0
61761,MCLEAN,1,6,0,0
61764,LIVINGSTON,1,7,1,0
61801,CHAMPAIGN,2,1,0,0
61802,CHAMPAIGN,0,5,0,0
61813,PIATT,0,1,0,0
61820,CHAMPAIGN,1,4,2,0
61821,CHAMPAIGN,0,1,0,0
61822,CHAMPAIGN,0,3,0,0
61832,VERMILION,2,5,1,0
61833,VERMILION,0,1,0,0
61834,VERMILION,0,1,0,0
61842,DE WITT,0,1,0,0
61847,CHAMPAIGN,0,1,0,0
61853,CHAMPAIGN,0,2,0,0
61856,PIATT,1,4,0,0
61866,CHAMPAIGN,0,1,0,0
61874,CHAMPAIGN,0,8,0,0
61880,CHAMPAIGN,0,1,0,0
61910,DOUGLAS,0,3,0,0
61911,MOULTRIE,0,2,0,0
61920,COLES,0,4,1,0
61924,EDGAR,0,1,0,0
61938,COLES,1,8,0,0
61942,DOUGLAS,0,1,0,0
61943,COLES,0,1,0,0
61944,EDGAR,2,4,1,0
61951,MOULTRIE,0,6,1,0
61953,DOUGLAS,0,1,1,0
62001,MADISON,0,2,0,0
62002,MADISON,3,9,0,0
62010,MADISON,0,2,0,0
62012,MACOUPIN,0,1,0,0
62014,MACOUPIN,0,1,0,0
62016,GREENE,1,2,1,0
62024,MADISON,0,1,0,0
62025,MADISON,1,5,0,0
62033,MACOUPIN,0,1,0,0
62034,MADISON,0,11,1,0
62035,MADISON,0,5,0,0
62040,MADISON,1,5,0,0
62047,CALHOUN,0,2,1,0
62049,MONTGOMERY,1,4,1,0
62052,JERSEY,1,8,1,0
62056,MONTGOMERY,1,5,0,0
62062,MADISON,1,2,0,0
62075,MONTGOMERY,0,1,0,0
62088,MACOUPIN,1,2,0,0
62092,GREENE,0,1,0,0
62095,MADISON,0,1,1,0
62205,ST. CLAIR,0,2,1,0
62206,ST. CLAIR,0,2,0,0
62207,ST. CLAIR,1,0,0,0
62208,ST. CLAIR,0,4,0,0
62216,CLINTON,0,1,0,0
62220,ST. CLAIR,0,3,1,0
62221,ST. CLAIR,0,1,0,0
62223,ST. CLAIR,0,3,0,0
62226,ST. CLAIR,2,7,0,0
62230,CLINTON,1,3,0,0
62231,CLINTON,0,2,1,0
62232,ST. CLAIR,0,1,0,0
62233,RANDOLPH,1,3,1,0
62234,MADISON,0,3,0,0
62236,MONROE,0,3,0,0
62237,RANDOLPH,0,1,0,0
62243,ST. CLAIR,0,2,0,0
62246,BOND,1,5,1,0
62249,MADISON,1,6,0,0
62254,ST. CLAIR,0,2,0,0
62258,ST. CLAIR,0,4,0,0
62260,ST. CLAIR,0,1,0,0
62263,WASHINGTON,1,3,1,0
62264,MADISON,0,2,0,0
62265,CLINTON,0,1,0,0
62269,ST. CLAIR,2,5,0,0
62274,PERRY,1,1,1,0
62278,RANDOLPH,1,3,0,0
62285,ST. CLAIR,0,1,0,0
62286,RANDOLPH,1,4,0,0
62293,CLINTON,0,1,0,0
62294,MADISON,0,2,0,0
62298,MONROE,0,4,1,0
62301,ADAMS,1,9,1,0
62305,ADAMS,0,8,0,0
62311,HANCOCK,0,1,0,0
62312,PIKE,0,1,0,0
62320,ADAMS,0,1,0,0
62321,HANCOCK,1,5,1,0
62339,ADAMS,0,1,0,0
62340,PIKE,0,1,0,0
62341,HANCOCK,0,1,0,0
62351,ADAMS,0,1,0,0
62353,BROWN,0,1,1,0
62363,PIKE,1,4,1,0
62401,EFFINGHAM,1,11,1,0
62411,EFFINGHAM,0,1,0,0
62417,LAWRENCE,0,1,0,0
62420,CLARK,0,3,0,0
62428,CUMBERLAND,0,1,0,0
62433,CRAWFORD,0,1,0,0
62439,LAWRENCE,1,4,1,0
62441,CLARK,0,4,0,0
62442,CLARK,0,0,1,0
62447,CUMBERLAND,0,1,0,0
62448,JASPER,0,2,1,0
62449,CRAWFORD,0,1,0,0
62450,RICHLAND,1,8,0,0
62454,CRAWFORD,1,6,1,0
62458,FAYETTE,0,1,0,0
62468,CUMBERLAND,0,0,1,0
62471,FAYETTE,1,3,1,0
62476,EDWARDS,0,1,0,0
62515,SANGAMON,0,1,0,0
62521,MACON,1,4,1,0
62522,MACON,0,1,0,0
62525,MACON,0,1,0,0
62526,MACON,1,11,0,0
62535,MACON,0,2,0,0
62544,MACON,0,1,0,0
62548,LOGAN,0,1,0,0
62549,MACON,0,1,0,0
62550,SHELBY,0,2,0,0
62557,CHRISTIAN,1,5,0,0
62561,SANGAMON,0,1,0,0
62563,SANGAMON,0,2,0,0
62565,SHELBY,1,4,1,0
62568,CHRISTIAN,1,6,1,0
62615,SANGAMON,0,2,0,0
62618,CASS,0,1,0,0
62626,MACOUPIN,1,3,1,0
62629,SANGAMON,0,4,0,0
62640,MACOUPIN,0,3,0,0
62644,MASON,1,3,1,0
62650,MORGAN,1,7,1,0
62656,LOGAN,1,8,1,0
62664,MASON,0,1,0,0
62669,ST. CLAIR,0,1,0,0
62675,MENARD,0,1,1,0
62681,SCHUYLER,1,2,1,0
62684,SANGAMON,0,2,0,0
62690,MACOUPIN,0,1,0,0
62691,CASS,0,1,1,0
62694,SCOTT,0,1,1,0
62701,SANGAMON,0,1,0,0
62702,SANGAMON,2,5,1,0
62703,SANGAMON,1,2,0,0
62704,SANGAMON,0,3,0,0
62711,SANGAMON,0,13,0,0
62712,SANGAMON,0,4,0,0
62761,SANGAMON,0,0,1,0
62763,PIKE,0,1,0,0
62781,SANGAMON,1,0,0,0
62801,MARION,1,4,0,0
62806,EDWARDS,0,1,0,0
62812,FRANKLIN,1,4,0,0
62821,WHITE,0,2,0,0
62823,WAYNE,0,1,0,0
62826,MACOUPIN,0,1,0,0
62832,PERRY,1,3,0,0
62835,WHITE,0,1,0,0
62837,WAYNE,1,2,1,0
62839,CLAY,1,6,1,0
62844,WHITE,0,1,0,0
62858,CLAY,0,1,0,0
62859,HAMILTON,1,3,1,0
62863,WABASH,1,3,1,0
62864,JEFFERSON,2,8,1,0
62870,MARION,0,1,0,0
62881,MARION,1,4,1,0
62896,FRANKLIN,0,3,0,0
62901,JACKSON,1,7,0,0
62906,UNION,1,5,0,0
62914,ALEXANDER,0,1,0,0
62917,SALINE,0,1,0,0
62918,WILLIAMSON,0,3,0,0
62920,UNION,0,1,0,0
62930,SALINE,1,3,1,0
62933,WILLIAMSON,0,1,0,0
62938,POPE,0,1,0,0
62946,SALINE,1,4,0,0
62948,WILLIAMSON,1,4,0,0
62951,WILLIAMSON,0,1,0,0
62952,UNION,0,2,0,0
62959,WILLIAMSON,3,12,2,0
62960,MASSAC,1,4,0,0
62966,JACKSON,1,3,1,0
62979,GALLATIN,0,1,0,0
62982,HARDIN,1,2,0,0
62988,ALEXANDER,0,1,0,0
62992,PULASKI,0,0,1,0
62995,JOHNSON,0,1,0,0
63010,JEFFERSON,0,5,0,0
63011,ST. LOUIS,1,4,0,0
63016,JEFFERSON,0,1,0,0
63017,ST. LOUIS,3,21,0,0
63019,JEFFERSON,1,2,0,0
63020,JEFFERSON,0,6,0,0
63021,ST. LOUIS,0,7,0,0
63025,ST. LOUIS,0,2,0,0
63026,ST. LOUIS,1,3,0,0
63028,JEFFERSON,0,16,0,0
63031,ST. LOUIS,1,5,0,0
63033,ST. LOUIS,0,7,0,0
63034,ST. LOUIS,0,3,0,0
63037,FRANKLIN,0,2,0,0
63040,ST. LOUIS,0,1,0,0
63043,ST. LOUIS,1,3,0,0
63044,ST. LOUIS,3,5,0,0
63048,JEFFERSON,0,2,0,0
63050,JEFFERSON,0,0,1,0
63068,FRANKLIN,0,3,0,0
63069,FRANKLIN,0,4,0,0
63074,ST. LOUIS,0,1,0,0
63077,FRANKLIN,0,3,0,0
63080,FRANKLIN,1,5,0,0
63084,FRANKLIN,0,4,1,0
63088,ST. LOUIS,0,3,0,0
63090,FRANKLIN,1,10,0,0
63103,ST. LOUIS (CITY),0,1,1,0
63104,ST. LOUIS,2,0,0,0
63105,ST. LOUIS,0,1,1,0
63106,ST. LOUIS,2,3,0,0
63107,ST. LOUIS (CITY),0,3,0,0
63108,ST. LOUIS (CITY),1,14,0,0
63109,ST. LOUIS (CITY),0,3,0,0
63110,ST. LOUIS,7,3,0,0
63111,ST. LOUIS (CITY),0,7,0,0
63112,ST. LOUIS,2,4,0,0
63113,ST. LOUIS (CITY),0,6,0,0
63114,ST. LOUIS,0,6,0,0
63116,ST. LOUIS (CITY),0,2,0,0
63117,ST. LOUIS,2,4,0,0
63118,ST. LOUIS (CITY),1,3,0,0
63119,ST. LOUIS,0,5,0,0
63120,ST. LOUIS (CITY),0,2,0,0
63121,ST. LOUIS,0,2,0,0
63122,ST. LOUIS,1,9,0,0
63123,ST. LOUIS,0,2,0,0
63124,ST. LOUIS,0,4,0,0
63125,ST. LOUIS,1,6,0,0
63127,ST. LOUIS,0,5,0,0
63128,ST. LOUIS,3,6,0,0
63129,ST. LOUIS,0,4,0,0
63130,ST. LOUIS,0,3,0,0
63131,ST. LOUIS,2,3,0,0
63133,ST. LOUIS,1,1,0,0
63134,ST. LOUIS,0,1,0,0
63135,ST. LOUIS,0,3,0,0
63136,ST. LOUIS,1,5,0,0
63137,ST. LOUIS,0,1,0,0
63138,ST. LOUIS,0,1,0,0
63139,ST. LOUIS,1,1,0,0
63141,ST. LOUIS,2,6,0,0
63144,ST. LOUIS,0,1,0,0
63146,ST. LOUIS,0,8,0,0
63147,ST. LOUIS (CITY),0,1,0,0
63301,ST. CHARLES,2,9,1,0
63303,ST. CHARLES,0,3,0,0
63304,ST. CHARLES,1,4,0,0
63334,PIKE,0,3,1,0
63343,LINCOLN,0,4,0,0
63351,MONTGOMERY,0,1,0,0
63353,PIKE,1,2,0,0
63361,MONTGOMERY,0,2,1,0
63362,LINCOLN,0,3,0,0
63363,MONTGOMERY,0,1,0,0
63366,ST. CHARLES,0,6,0,0
63367,ST. CHARLES,2,1,0,0
63368,ST. CHARLES,1,7,0,0
63376,ST. CHARLES,2,9,0,0
63377,LINCOLN,0,2,0,0
63379,LINCOLN,1,7,1,0
63382,AUDRAIN,0,3,0,0
63383,WARREN,0,6,1,0
63384,MONTGOMERY,0,1,0,0
63385,ST. CHARLES,1,7,0,0
63389,LINCOLN,0,3,0,0
63401,MARION,1,10,1,0
63435,LEWIS,0,1,0,0
63436,RALLS,0,1,0,0
63437,SHELBY,0,1,0,0
63445,CLARK,0,1,1,0
63447,LEWIS,0,1,0,0
63452,LEWIS,0,1,0,0
63456,MONROE,0,3,0,0
63457,LEWIS,0,0,1,0
63459,RALLS,0,0,1,0
63461,MARION,0,3,0,0
63468,SHELBY,0,2,0,0
63469,SHELBY,0,0,1,0
63501,ADAIR,1,5,1,0
63537,KNOX,0,3,1,0
63548,SCHUYLER,0,0,1,0
63549,MACON,0,1,0,0
63552,MACON,1,7,1,0
63555,SCOTLAND,1,2,1,0
63556,SULLIVAN,1,5,1,0
63561,SCHUYLER,0,1,0,0
63565,PUTNAM,1,3,1,0
63601,ST. FRANCOIS,0,7,1,0
63620,IRON,0,3,0,0
63623,IRON,0,1,0,0
63624,ST. FRANCOIS,0,1,0,0
63628,ST. FRANCOIS,1,1,0,0
63629,REYNOLDS,0,2,0,0
63631,IRON,0,2,0,0
63633,REYNOLDS,0,0,1,0
63637,ST. FRANCOIS,0,3,0,0
63638,REYNOLDS,1,1,0,0
63640,ST. FRANCOIS,3,27,0,0
63645,MADISON,1,4,1,0
63650,IRON,0,7,1,0
63660,WASHINGTON,0,2,0,0
63662,BOLLINGER,0,1,0,0
63663,IRON,1,1,0,0
63664,WASHINGTON,1,2,1,0
63670,STE. GENEVIEVE,1,5,1,0
63673,STE. GENEVIEVE,0,1,0,0
63701,CAPE GIRARDEAU,2,10,0,0
63703,CAPE GIRARDEAU,2,8,1,0
63730,STODDARD,0,2,0,0
63740,SCOTT,0,1,0,0
63755,CAPE GIRARDEAU,0,3,0,0
63764,BOLLINGER,0,9,1,0
63775,PERRY,1,5,1,0
63780,SCOTT,0,2,0,0
63801,SCOTT,1,10,1,0
63822,STODDARD,0,3,0,0
63823,MISSISSIPPI,0,1,0,0
63825,STODDARD,0,1,1,0
63830,PEMISCOT,0,1,0,0
63834,MISSISSIPPI,0,2,1,0
63841,STODDARD,1,6,0,0
63845,MISSISSIPPI,0,1,0,0
63848,NEW MADRID,0,1,0,0
63851,PEMISCOT,1,0,1,0
63857,DUNKLIN,1,5,1,0
63863,DUNKLIN,0,3,0,0
63867,NEW MADRID,0,1,0,0
63869,NEW MADRID,0,1,1,0
63873,NEW MADRID,0,1,0,0
63876,DUNKLIN,0,1,0,0
63877,PEMISCOT,0,1,0,0
63901,BUTLER,4,16,1,0
63932,BUTLER,0,1,0,0
63933,DUNKLIN,0,1,0,0
63935,RIPLEY,1,3,1,0
63944,WAYNE,0,1,1,0
63957,WAYNE,0,1,0,0
63960,STODDARD,0,2,0,0
63965,CARTER,0,2,1,0
63966,BUTLER,0,1,0,0
64012,CASS,1,4,0,0
64014,JACKSON,1,5,0,0
64015,JACKSON,0,4,0,0
64020,LAFAYETTE,0,4,0,0
64024,CLAY,1,2,0,0
64029,JACKSON,0,4,0,0
64030,JACKSON,0,2,0,0
64037,LAFAYETTE,0,2,0,0
64040,JOHNSON,0,3,0,0
64050,JACKSON,0,4,2,0
64052,JACKSON,0,2,0,0
64055,JACKSON,0,1,0,0
64057,JACKSON,1,10,0,0
64058,JACKSON,0,1,0,0
64060,CLAY,0,2,0,0
64062,RAY,0,1,0,0
64063,JACKSON,1,1,0,0
64064,JACKSON,1,2,0,0
64067,LAFAYETTE,1,3,1,0
64068,CLAY,2,10,1,0
64075,JACKSON,0,4,0,0
64076,LAFAYETTE,0,3,0,0
64079,PLATTE,0,2,1,0
64080,CASS,0,3,0,0
64081,JACKSON,0,7,0,0
64083,CASS,0,6,0,0
64085,RAY,1,2,1,0
64086,JACKSON,1,0,0,0
64089,CLAY,1,2,0,0
64093,JOHNSON,1,11,1,0
64096,LAFAYETTE,0,1,0,0
64098,PLATTE,0,2,0,0
64108,JACKSON,4,0,1,0
64109,JACKSON,0,1,0,0
64110,JACKSON,0,3,0,0
64111,JACKSON,1,5,0,0
64112,JACKSON,0,1,0,0
64113,JACKSON,0,2,0,0
64114,JACKSON,1,7,0,0
64116,CLAY,2,2,0,0
64117,CLAY,0,1,0,0
64118,CLAY,1,0,0,0
64119,CLAY,0,7,0,0
64123,JACKSON,0,1,0,0
64127,JACKSON,0,1,0,0
64128,JACKSON,1,3,0,0
64130,JACKSON,1,6,0,0
64131,JACKSON,2,7,0,0
64132,JACKSON,1,1,0,0
64133,JACKSON,1,5,0,0
64134,JACKSON,1,0,0,0
64137,JACKSON,0,1,0,0
64138,JACKSON,0,3,0,0
64139,JACKSON,1,1,0,0
64145,JACKSON,0,3,0,0
64150,PLATTE,0,3,0,0
64151,PLATTE,0,4,0,0
64153,PLATTE,0,1,0,0
64154,PLATTE,1,6,0,0
64155,CLAY,0,2,0,0
64157,CLAY,0,1,0,0
64158,CLAY,0,1,0,0
64402,GENTRY,1,0,0,0
64424,HARRISON,1,3,1,0
64429,DEKALB,1,6,0,0
64446,ATCHISON,1,0,0,0
64454,CLINTON,0,1,0,0
64456,WORTH,0,2,0,0
64463,GENTRY,0,1,0,0
64468,NODAWAY,1,9,1,0
64469,DEKALB,0,1,0,0
64470,HOLT,0,1,0,0
64473,HOLT,0,1,1,0
64477,CLINTON,0,2,1,0
64482,ATCHISON,0,1,0,0
64485,ANDREW,0,2,1,0
64489,GENTRY,0,2,1,0
64491,ATCHISON,0,1,1,0
64501,BUCHANAN,0,6,0,0
64503,BUCHANAN,0,2,1,0
64504,BUCHANAN,0,1,0,0
64505,BUCHANAN,0,2,0,0
64506,BUCHANAN,3,8,0,0
64507,BUCHANAN,0,4,0,0
64601,LIVINGSTON,1,11,1,0
64624,CALDWELL,0,1,0,0
64628,LINN,1,4,1,0
64633,CARROLL,1,4,1,0
64640,DAVIESS,0,1,1,0
64644,CALDWELL,0,2,0,0
64650,CALDWELL,0,0,1,0
64658,LINN,0,3,0,0
64673,MERCER,0,4,1,0
64683,GRUNDY,1,5,1,0
64701,CASS,1,3,1,0
64720,BATES,0,1,0,0
64724,ST. CLAIR,1,2,0,0
64730,BATES,1,4,1,0
64735,HENRY,1,8,1,0
64744,CEDAR,2,3,1,0
64759,BARTON,1,4,1,0
64763,ST. CLAIR,0,1,0,0
64772,VERNON,2,10,1,0
64776,ST CLAIR,0,0,1,0
64801,JASPER,2,4,1,0
64804,NEWTON,4,8,0,0
64831,MCDONALD,0,1,0,0
64834,JASPER,0,1,0,0
64836,JASPER,1,9,1,0
64844,NEWTON,0,1,0,0
64850,NEWTON,1,7,1,0
64856,MCDONALD,0,0,1,0
64862,JASPER,0,1,0,0
64865,NEWTON,0,2,0,0
64870,JASPER,0,4,0,0
65010,BOONE,0,4,0,0
65018,MONITEAU,0,6,1,0
65020,CAMDEN,0,5,1,0
65026,MILLER,0,6,0,0
65038,MORGAN,0,4,0,0
65041,GASCONADE,1,4,1,0
65043,CALLAWAY,0,4,0,0
65051,OSAGE,0,3,0,0
65059,CALLAWAY,0,1,0,0
65065,CAMDEN,2,6,0,0
65066,GASCONADE,0,5,0,0
65075,MILLER,0,1,0,0
65078,MORGAN,0,3,0,0
65081,MONITEAU,0,3,0,0
65082,MILLER,0,1,1,0
65084,MORGAN,0,2,1,0
65085,OSAGE,0,1,0,0
65101,COLE,1,5,0,0
65109,COLE,1,20,2,0
65201,BOONE,7,11,0,0
65202,BOONE,1,3,0,0
65203,BOONE,1,5,1,0
65212,BOONE,1,0,0,0
65233,COOPER,1,8,1,0
65236,CHARITON,0,1,0,0
65240,BOONE,0,4,0,0
65248,HOWARD,0,4,1,0
65251,CALLAWAY,2,12,1,0
65254,HOWARD,0,1,0,0
65259,RANDOLPH,0,1,0,0
65261,CHARITON,0,0,1,0
65263,MONROE,0,2,0,0
65265,AUDRAIN,1,8,1,0
65270,RANDOLPH,1,8,1,0
65275,MONROE,0,2,1,0
65276,COOPER,0,1,0,0
65281,CHARITON,0,3,0,0
65284,BOONE,0,2,0,0
65301,PETTIS,1,17,1,0
65305,JOHNSON,1,0,0,0
65325,BENTON,0,3,0,0
65338,BENTON,0,4,0,0
65340,SALINE,1,9,1,0
65349,SALINE,0,1,0,0
65351,SALINE,1,2,0,0
65355,BENTON,0,4,1,0
65360,HENRY,1,1,0,0
65401,PHELPS,1,10,1,0
65438,SHANNON,0,1,0,0
65441,CRAWFORD,0,3,0,0
65452,PULASKI,0,0,1,0
65453,CRAWFORD,0,7,0,0
65459,PULASKI,0,1,0,0
65466,SHANNON,0,2,1,0
65473,PULASKI,1,0,0,0
65483,TEXAS,1,1,1,0
65536,LACLEDE,1,11,1,0
65542,TEXAS,0,2,0,0
65548,HOWELL,1,2,0,0
65556,PULASKI,0,2,0,0
65559,PHELPS,0,4,0,0
65560,DENT,1,3,1,0
65565,CRAWFORD,0,2,1,0
65566,IRON,0,1,0,0
65582,MARIES,0,3,0,0
65583,PULASKI,1,1,0,0
65604,GREENE,0,1,0,0
65605,LAWRENCE,1,4,0,0
65606,OREGON,0,1,1,0
65608,DOUGLAS,0,2,1,0
65613,POLK,1,8,1,0
65615,TANEY,1,0,0,0
65616,TANEY,0,4,0,0
65619,GREENE,0,1,0,0
65622,DALLAS,0,6,1,0
65625,BARRY,1,3,1,0
65633,STONE,0,2,0,0
65653,TANEY,0,3,1,0
65655,OZARK,0,1,1,0
65656,STONE,0,0,1,0
65661,DADE,0,1,1,0
65667,WRIGHT,0,1,1,0
65668,HICKORY,0,1,1,0
65672,TANEY,0,1,0,0
65674,POLK,0,3,0,0
65682,DADE,0,2,0,0
65689,TEXAS,0,3,0,0
65704,WRIGHT,0,1,0,0
65705,LAWRENCE,0,2,0,0
65706,WEBSTER,0,4,1,0
65708,BARRY,1,6,0,0
65711,WRIGHT,0,2,0,0
65712,LAWRENCE,1,4,1,0
65713,WEBSTER,0,2,0,0
65714,CHRISTIAN,0,7,0,0
65721,CHRISTIAN,1,12,1,0
65737,STONE,0,1,0,0
65738,GREENE,0,4,0,0
65742,WEBSTER,0,1,0,0
65746,WEBSTER,0,1,0,0
65757,GREENE,0,1,0,0
65767,DALLAS,0,2,0,0
65769,LAWRENCE,0,1,0,0
65771,TANEY,0,1,0,0
65775,HOWELL,1,7,1,0
65781,GREENE,0,3,0,0
65785,CEDAR,0,1,0,0
65791,OREGON,0,1,0,0
65793,HOWELL,0,2,0,0
65802,GREENE,1,8,1,0
65803,GREENE,1,4,0,0
65804,GREENE,3,4,0,0
65806,GREENE,2,3,0,0
65807,GREENE,2,12,0,0
65809,GREENE,0,6,0,0
65810,GREENE,0,5,0,0
66002,ATCHISON,2,5,1,0
66006,DOUGLAS,0,2,0,0
66007,LEAVENWORTH,0,1,0,0
66012,WYANDOTTE,0,1,0,0
66018,JOHNSON,0,1,0,0
66020,LEAVENWORTH,0,1,0,0
66025,DOUGLAS,0,2,0,0
66027,LEAVENWORTH,1,0,0,0
66030,JOHNSON,2,3,0,0
66032,ANDERSON,1,1,1,0
66035,DONIPHAN,0,1,0,0
66043,LEAVENWORTH,0,3,0,0
66044,DOUGLAS,2,1,1,0
66047,DOUGLAS,0,1,0,0
66048,LEAVENWORTH,3,3,1,0
66049,DOUGLAS,0,5,0,0
66053,MIAMI,0,2,0,0
66060,JEFFERSON,0,2,0,0
66061,JOHNSON,1,8,1,0
66062,JOHNSON,1,6,0,0
66064,MIAMI,2,2,0,0
66066,JEFFERSON,0,1,1,0
66067,FRANKLIN,1,3,1,0
66071,MIAMI,1,3,1,0
66075,LINN,0,0,1,0
66080,FRANKLIN,0,1,0,0
66083,MIAMI,0,2,0,0
66086,LEAVENWORTH,0,2,0,0
66087,DONIPHAN,0,0,1,0
66088,JEFFERSON,0,2,0,0
66090,DONIPHAN,1,1,0,0
66092,FRANKLIN,0,1,0,0
66097,JEFFERSON,2,1,0,0
66101,WYANDOTTE,0,0,1,0
66103,WYANDOTTE,0,1,0,0
66104,WYANDOTTE,0,2,0,0
66106,WYANDOTTE,1,1,0,0
66109,WYANDOTTE,0,1,0,0
66111,WYANDOTTE,0,3,0,0
66112,WYANDOTTE,3,3,0,0
66160,WYANDOTTE,1,0,0,0
66203,JOHNSON,1,2,0,0
66204,JOHNSON,1,3,0,0
66205,JOHNSON,0,2,0,0
66206,JOHNSON,0,2,0,0
66207,JOHNSON,1,4,0,0
66208,JOHNSON,0,2,0,0
66209,JOHNSON,1,5,0,0
66210,JOHNSON,1,3,0,0
66211,JOHNSON,3,1,0,0
66212,JOHNSON,3,3,0,0
66213,JOHNSON,2,4,0,0
66214,JOHNSON,0,1,0,0
66215,JOHNSON,1,8,0,0
66216,JOHNSON,0,2,0,0
66217,JOHNSON,0,1,0,0
66219,JOHNSON,1,0,0,0
66220,JOHNSON,0,1,0,0
66221,JOHNSON,1,2,0,0
66223,JOHNSON,1,2,0,0
66224,JOHNSON,0,2,0,0
66226,JOHNSON,1,0,0,0
66227,JOHNSON,2,0,0,0
66401,WABAUNSEE,0,1,1,0
66402,SHAWNEE,0,1,0,0
66415,NEMAHA,0,1,0,0
66423,WABAUNSEE,0,1,0,0
66427,MARSHALL,0,1,0,0
66434,BROWN,1,2,1,0
66436,JACKSON,1,2,1,0
66439,BROWN,1,1,0,0
66441,GEARY,2,2,1,0
66442,GEARY,3,0,0,0
66449,RILEY,0,1,0,0
66451,OSAGE,0,0,1,0
66502,RILEY,2,3,1,0
66503,RILEY,0,2,0,0
66508,MARSHALL,1,2,1,0
66521,POTTAWATOMIE,1,2,0,0
66523,OSAGE,0,2,0,0
66524,OSAGE,0,2,0,0
66533,SHAWNEE,0,1,0,0
66534,NEMAHA,1,2,1,0
66536,POTTAWATOMIE,1,0,0,0
66538,NEMAHA,1,3,0,0
66547,POTTAWATOMIE,1,2,0,0
66549,POTTAWATOMIE,0,1,1,0
66604,SHAWNEE,2,4,0,0
66606,SHAWNEE,2,4,1,0
66607,SHAWNEE,0,3,0,0
66608,SHAWNEE,0,2,0,0
66611,SHAWNEE,0,3,0,0
66612,SHAWNEE,0,0,1,0
66614,SHAWNEE,0,6,0,0
66615,SHAWNEE,1,3,0,0
66622,SHAWNEE,1,0,0,0
66701,BOURBON,1,3,1,0
66712,CRAWFORD,0,1,0,0
66713,CHEROKEE,0,1,0,0
66720,NEOSHO,2,3,1,0
66725,CHEROKEE,1,1,1,0
66736,WILSON,1,1,1,0
66739,CHEROKEE,1,1,0,0
66743,CRAWFORD,1,2,0,0
66749,ALLEN,3,1,1,0
66755,ALLEN,0,1,0,0
66757,WILSON,1,2,0,0
66762,CRAWFORD,1,4,1,0
66763,CRAWFORD,0,1,0,0
66771,NEOSHO,0,1,0,0
66783,WOODSON,0,1,1,0
66801,LYON,2,4,1,0
66839,COFFEY,2,2,1,0
66845,CHASE,0,1,1,0
66846,MORRIS,1,2,1,0
66861,MARION,2,2,1,0
66866,MARION,0,2,0,0
66871,COFFEY,1,0,0,0
66901,CLOUD,2,3,1,0
66935,REPUBLIC,1,2,1,0
66938,CLOUD,0,1,0,0
66945,WASHINGTON,1,0,0,0
66953,WASHINGTON,0,1,0,0
66956,JEWELL,1,0,1,0
66967,SMITH,1,2,1,0
66968,WASHINGTON,1,1,1,0
67002,BUTLER,1,5,0,0
67003,HARPER,2,2,1,0
67005,COWLEY,1,3,0,0
67009,HARPER,0,1,0,0
67010,BUTLER,0,2,0,0
67022,SUMNER,2,0,0,0
67025,SEDGWICK,0,1,0,0
67026,SEDGWICK,0,2,0,0
67029,COMANCHE,1,1,1,0
67030,SEDGWICK,0,1,0,0
67031,SUMNER,0,1,0,0
67035,KINGMAN,0,1,0,0
67037,SEDGWICK,1,5,0,0
67042,BUTLER,1,2,1,0
67045,GREENWOOD,1,2,1,0
67052,SEDGWICK,0,2,0,0
67053,MARION,0,1,0,0
67054,KIOWA,1,0,1,0
67056,HARVEY,0,2,0,0
67058,HARPER,1,1,0,0
67059,KIOWA,0,1,0,0
67060,SEDGWICK,0,1,0,0
67062,HARVEY,0,2,0,0
67063,MARION,1,2,0,0
67068,KINGMAN,1,1,1,0
67070,BARBER,2,1,0,0
67104,BARBER,1,0,1,0
67107,MCPHERSON,1,2,0,0
67108,SEDGWICK,0,1,0,0
67110,SUMNER,0,2,0,0
67114,HARVEY,2,3,1,0
67117,HARVEY,0,1,0,0
67119,SUMNER,0,1,0,0
67124,PRATT,1,3,1,0
67127,COMANCHE,0,1,0,0
67133,BUTLER,0,1,0,0
67135,HARVEY,0,1,0,0
67152,SUMNER,1,3,1,0
67154,BUTLER,0,1,0,0
67156,COWLEY,1,4,1,0
67203,SEDGWICK,0,3,1,0
67205,SEDGWICK,0,3,0,0
67206,SEDGWICK,1,8,0,0
67207,SEDGWICK,1,1,0,0
67208,SEDGWICK,0,2,0,0
67209,SEDGWICK,0,3,0,0
67211,SEDGWICK,0,1,0,0
67212,SEDGWICK,1,4,0,0
67213,SEDGWICK,0,5,0,0
67214,SEDGWICK,3,0,0,0
67218,SEDGWICK,2,4,0,0
67220,SEDGWICK,1,1,0,0
67221,SEDGWICK,1,0,0,0
67226,SEDGWICK,3,3,0,0
67228,SEDGWICK,0,1,0,0
67235,SEDGWICK,1,1,0,0
67301,MONTGOMERY,1,3,0,0
67335,MONTGOMERY,0,1,0,0
67336,LABETTE,0,1,0,0
67337,MONTGOMERY,1,4,1,0
67349,ELK,0,0,1,0
67356,LABETTE,1,1,0,0
67357,LABETTE,2,4,1,0
67361,CHAUTAUQUA,1,1,1,0
67401,SALINE,2,11,1,0
67410,DICKINSON,1,3,1,0
67420,MITCHELL,1,2,1,0
67431,DICKINSON,0,1,0,0
67432,CLAY,1,3,1,0
67437,OSBORNE,0,1,0,0
67439,ELLSWORTH,1,1,1,0
67441,DICKINSON,0,1,0,0
67445,CLOUD,0,1,0,0
67449,DICKINSON,1,1,0,0
67455,LINCOLN,1,1,1,0
67456,MCPHERSON,1,2,0,0
67457,RICE,0,1,0,0
67460,MCPHERSON,1,3,1,0
67464,MCPHERSON,0,1,0,0
67467,OTTAWA,1,1,1,0
67473,OSBORNE,1,1,1,0
67487,CLAY,0,1,0,0
67490,ELLSWORTH,0,1,0,0
67501,RENO,0,0,1,0
67502,RENO,2,6,0,0
67505,RENO,0,1,0,0
67522,RENO,0,1,0,0
67526,BARTON,1,1,0,0
67530,BARTON,1,4,1,0
67544,BARTON,1,1,0,0
67546,MCPHERSON,0,1,0,0
67547,EDWARDS,1,1,1,0
67548,RUSH,1,1,1,0
67550,PAWNEE,2,2,1,0
67554,RICE,1,2,1,0
67560,NESS,1,0,1,0
67570,RENO,0,1,0,0
67572,NESS,1,0,0,0
67576,STAFFORD,0,2,1,0
67578,STAFFORD,1,1,0,0
67579,RICE,0,1,0,0
67601,ELLIS,1,4,1,0
67637,ELLIS,0,1,0,0
67642,GRAHAM,1,1,1,0
67646,PHILLIPS,0,1,0,0
67654,NORTON,1,2,1,0
67661,PHILLIPS,1,1,1,0
67663,ROOKS,1,1,0,0
67665,RUSSELL,1,2,1,0
67669,ROOKS,0,1,1,0
67672,TREGO,1,1,1,0
67701,THOMAS,1,3,1,0
67730,RAWLINS,1,1,1,0
67735,SHERMAN,1,2,1,0
67736,GOVE,0,0,1,0
67740,SHERIDAN,1,0,1,0
67748,LOGAN,1,1,1,0
67749,DECATUR,1,1,1,0
67752,GOVE,1,0,0,0
67756,CHEYENNE,1,1,1,0
67758,WALLACE,0,1,1,0
67801,FORD,1,4,1,0
67831,CLARK,1,0,1,0
67834,FORD,0,1,0,0
67835,GRAY,0,1,1,0
67839,LANE,1,0,1,0
67843,FORD,0,1,0,0
67844,MEADE,0,1,0,0
67846,FINNEY,1,3,1,0
67854,HODGEMAN,1,0,1,0
67855,STANTON,1,1,1,0
67860,KEARNY,1,1,1,0
67861,WICHITA,2,1,1,0
67864,MEADE,1,0,1,0
67865,CLARK,1,0,0,0
67867,GRAY,0,1,0,0
67870,HASKELL,1,0,0,0
67871,SCOTT,1,1,1,0
67876,FORD,0,1,0,0
67877,HASKELL,0,0,1,0
67878,HAMILTON,1,0,1,0
67879,GREELEY,1,0,1,0
67880,GRANT,1,1,1,0
67901,SEWARD,1,3,1,0
67905,SEWARD,1,1,0,0
67950,MORTON,1,2,1,0
67951,STEVENS,1,0,1,0
68003,SAUNDERS,0,2,0,0
68005,SARPY,0,3,0,0
68007,DOUGLAS,0,1,0,0
68008,WASHINGTON,1,5,0,0
68010,DOUGLAS,2,0,0,0
68022,DOUGLAS,1,8,0,0
68023,WASHINGTON,0,1,0,0
68025,DODGE,1,10,1,0
68028,SARPY,0,2,0,0
68031,DODGE,0,1,0,0
68037,CASS,0,2,0,0
68039,THURSTON,0,1,0,0
68045,BURT,1,2,0,0
68046,SARPY,2,5,1,0
68047,THURSTON,1,2,0,0
68048,CASS,0,5,0,0
68061,BURT,0,1,0,0
68064,DOUGLAS,0,2,0,0
68066,SAUNDERS,1,4,0,0
68071,THURSTON,1,0,0,0
68104,DOUGLAS,0,7,0,0
68105,DOUGLAS,2,3,0,0
68106,DOUGLAS,0,2,0,0
68108,DOUGLAS,0,2,0,0
68110,DOUGLAS,0,1,0,0
68111,DOUGLAS,0,3,0,0
68112,DOUGLAS,0,2,0,0
68114,DOUGLAS,3,7,0,0
68116,DOUGLAS,0,2,0,0
68117,DOUGLAS,0,2,0,0
68118,DOUGLAS,1,1,0,0
68122,DOUGLAS,2,0,0,0
68123,SARPY,2,1,0,0
68124,DOUGLAS,2,6,0,0
68128,SARPY,0,2,0,0
68130,DOUGLAS,1,5,0,0
68131,DOUGLAS,2,1,0,0
68133,SARPY,0,3,0,0
68134,DOUGLAS,0,4,0,0
68136,SARPY,0,1,0,0
68137,DOUGLAS,1,5,0,0
68138,SARPY,0,1,0,0
68144,DOUGLAS,1,4,0,0
68152,DOUGLAS,0,4,0,0
68154,DOUGLAS,0,6,0,0
68164,DOUGLAS,0,2,0,0
68183,DOUGLAS,0,0,1,0
68198,DOUGLAS,1,0,0,0
68301,GAGE,0,2,0,0
68305,NEMAHA,1,2,1,0
68310,GAGE,1,7,0,0
68333,SALINE,1,2,1,0
68340,THAYER,0,2,0,0
68352,JEFFERSON,1,3,0,0
68354,FILLMORE,0,2,0,0
68355,RICHARDSON,1,3,0,0
68358,LANCASTER,0,1,0,0
68359,SALINE,1,0,0,0
68361,FILLMORE,1,2,0,0
68370,THAYER,1,2,0,0
68371,YORK,1,2,0,0
68372,LANCASTER,0,1,0,0
68376,RICHARDSON,0,2,0,0
68405,SEWARD,0,2,0,0
68410,OTOE,2,5,0,0
68420,PAWNEE,1,2,0,0
68434,SEWARD,1,4,0,0
68446,OTOE,1,2,0,0
68450,JOHNSON,1,3,0,0
68456,SEWARD,0,1,0,0
68462,LANCASTER,0,1,0,0
68465,SALINE,0,2,0,0
68466,GAGE,0,1,0,0
68467,YORK,1,4,1,0
68501,LANCASTER,0,3,0,0
68502,LANCASTER,2,5,0,0
68503,LANCASTER,0,3,0,0
68504,LANCASTER,0,2,0,0
68506,LANCASTER,5,11,0,0
68507,LANCASTER,0,3,0,0
68508,LANCASTER,0,0,1,0
68509,LANCASTER,1,0,0,0
68510,LANCASTER,1,7,1,0
68512,LANCASTER,0,3,0,0
68516,LANCASTER,0,11,0,0
68520,LANCASTER,0,2,0,0
68521,LANCASTER,0,3,0,0
68522,LANCASTER,1,1,0,0
68526,LANCASTER,1,1,0,0
68527,LANCASTER,0,1,0,0
68528,LANCASTER,0,1,0,0
68601,PLATTE,1,9,1,0
68602,PLATTE,0,1,0,0
68620,BOONE,1,2,0,0
68629,COLFAX,0,2,0,0
68632,BUTLER,1,3,1,0
68633,DODGE,0,1,0,0
68638,NANCE,0,3,0,0
68640,NANCE,1,3,0,0
68651,POLK,1,2,1,0
68660,BOONE,0,1,0,0
68661,COLFAX,1,1,0,0
68666,POLK,0,2,0,0
68701,MADISON,3,9,0,0
68702,MADISON,0,1,0,0
68713,HOLT,1,2,0,0
68714,ROCK,1,1,0,0
68715,MADISON,0,2,0,0
68716,CUMING,0,2,0,0
68718,KNOX,0,2,0,0
68722,BOYD,0,2,0,0
68727,CEDAR,0,2,0,0
68729,KNOX,1,1,0,0
68731,DAKOTA,0,0,1,0
68733,DAKOTA,0,1,0,0
68739,CEDAR,0,2,0,0
68745,CEDAR,0,2,0,0
68746,BOYD,1,0,0,0
68748,MADISON,0,2,0,0
68756,ANTELOPE,1,2,0,0
68758,MADISON,0,2,0,0
68763,HOLT,1,3,1,0
68765,PIERCE,1,0,0,0
68767,PIERCE,0,1,0,0
68769,PIERCE,1,2,0,0
68770,DIXON,0,2,0,0
68771,CEDAR,0,2,0,0
68776,DAKOTA,0,2,0,0
68779,STANTON,0,2,0,0
68780,HOLT,0,2,0,0
68781,ANTELOPE,1,1,0,0
68783,KNOX,0,2,0,0
68784,DIXON,0,2,0,0
68786,KNOX,0,1,0,0
68787,WAYNE,1,3,1,0
68788,CUMING,1,2,0,0
68791,CUMING,0,2,1,0
68801,HALL,0,4,1,0
68803,HALL,4,13,0,0
68818,HAMILTON,1,3,0,0
68822,CUSTER,1,4,0,0
68823,GARFIELD,0,2,1,0
68825,CUSTER,1,1,0,0
68826,MERRICK,1,6,1,0
68832,HALL,0,1,0,0
68842,GREELEY,0,2,0,0
68845,BUFFALO,1,5,0,0
68847,BUFFALO,2,9,0,0
68850,DAWSON,1,2,0,0
68853,SHERMAN,0,2,0,0
68862,VALLEY,1,1,0,0
68869,BUFFALO,0,2,0,0
68873,HOWARD,1,2,0,0
68901,ADAMS,1,6,1,0
68902,ADAMS,0,2,0,0
68920,HARLAN,1,2,0,0
68922,FURNAS,0,2,0,0
68926,FURNAS,0,2,0,0
68927,PHELPS,0,2,0,0
68933,CLAY,0,0,1,0
68937,GOSPER,0,2,0,0
68939,FRANKLIN,1,2,0,0
68944,CLAY,0,2,0,0
68949,PHELPS,1,4,1,0
68952,WEBSTER,0,1,0,0
68956,ADAMS,0,1,0,0
68959,KEARNEY,1,2,0,0
68970,WEBSTER,1,1,0,0
68978,NUCKOLLS,1,3,0,0
68979,CLAY,0,2,0,0
69001,RED WILLOW,1,4,2,0
69021,DUNDY,1,1,0,0
69022,FURNAS,1,1,0,0
69025,FRONTIER,0,1,0,0
69033,CHASE,1,2,0,0
69044,HITCHCOCK,0,2,0,0
69045,CHASE,0,1,0,0
69101,LINCOLN,1,6,1,0
69130,DAWSON,1,3,0,0
69138,DAWSON,1,2,0,0
69140,PERKINS,1,2,0,0
69145,KIMBALL,2,2,0,0
69152,HOOKER,0,1,0,0
69153,KEITH,1,2,1,0
69154,GARDEN,1,1,0,0
69162,CHEYENNE,2,2,0,0
69165,LINCOLN,0,1,0,0
69201,CHERRY,1,3,0,0
69210,BROWN,1,2,0,0
69301,BOX BUTTE,1,3,0,0
69334,MORRILL,0,3,0,0
69336,MORRILL,1,1,0,0
69337,DAWES,1,2,0,0
69339,DAWES,0,2,0,0
69341,SCOTTS BLUFF,0,2,1,0
69343,SHERIDAN,1,1,0,0
69347,SHERIDAN,0,2,0,0
69348,BOX BUTTE,0,2,1,0
69357,SCOTTS BLUFF,0,2,0,0
69360,SHERIDAN,0,2,0,0
69361,SCOTTS BLUFF,1,10,0,0
70001,JEFFERSON,2,2,1,0
70002,JEFFERSON,1,8,0,0
70003,JEFFERSON,0,10,0,0
70005,JEFFERSON,0,6,0,0
70006,JEFFERSON,1,5,0,0
70037,PLAQUEMINES,0,1,1,0
70043,ST. BERNARD,1,0,1,0
70047,ST. CHARLES,0,1,0,0
70056,JEFFERSON,3,3,0,0
70058,JEFFERSON,0,2,0,0
70062,JEFFERSON,0,1,0,0
70065,JEFFERSON,5,4,0,0
70068,ST. JOHN THE BAPTIST,1,2,0,0
70070,ST. CHARLES,1,2,0,0
70071,ST. JAMES,2,1,1,0
70072,JEFFERSON,2,4,1,0
70084,ST. JOHN THE BAPTIST,0,1,1,0
70085,ST. BERNARD,0,1,0,0
70112,ORLEANS,3,1,2,0
70114,ORLEANS,0,5,0,0
70115,ORLEANS,4,6,0,0
70116,ORLEANS,0,1,0,0
70118,ORLEANS,1,4,0,0
70119,ORLEANS,2,1,0,0
70121,JEFFERSON,3,4,0,0
70122,ORLEANS,0,2,0,0
70123,JEFFERSON,1,4,0,0
70124,ORLEANS,0,1,0,0
70125,ORLEANS,0,2,0,0
70126,ORLEANS,0,1,0,0
70127,ORLEANS,1,0,0,0
70128,ORLEANS,2,1,0,0
70130,ORLEANS,1,0,0,0
70131,ORLEANS,0,4,0,0
70301,LAFOURCHE,1,7,2,0
70345,LAFOURCHE,1,1,0,0
70346,ASCENSION,1,1,0,0
70360,TERREBONNE,3,9,1,0
70363,TERREBONNE,1,0,0,0
70364,TERREBONNE,1,1,0,0
70374,LAFOURCHE,0,1,0,0
70380,ST. MARY,1,2,1,0
70390,ASSUMPTION,1,1,1,0
70392,ST. MARY,0,1,0,0
70394,LAFOURCHE,1,0,0,0
70401,TANGIPAHOA,0,1,0,0
70403,TANGIPAHOA,7,6,1,0
70422,TANGIPAHOA,1,2,0,0
70427,WASHINGTON,3,1,1,0
70433,ST. TAMMANY,7,10,0,0
70435,ST. TAMMANY,0,1,0,0
70438,WASHINGTON,1,2,1,0
70441,ST. HELENA,1,1,1,0
70443,TANGIPAHOA,1,0,0,0
70444,TANGIPAHOA,2,1,0,0
70445,ST. TAMMANY,3,2,0,0
70448,ST. TAMMANY,1,5,0,0
70454,TANGIPAHOA,0,1,0,0
70458,ST. TAMMANY,4,6,0,0
70461,ST. TAMMANY,1,2,1,0
70471,ST. TAMMANY,1,5,1,0
70501,LAFAYETTE,1,2,1,0
70503,LAFAYETTE,3,0,0,0
70506,LAFAYETTE,5,3,0,0
70507,LAFAYETTE,1,3,0,0
70508,LAFAYETTE,8,10,1,0
70510,VERMILION,1,3,1,0
70512,ST. LANDRY,0,1,0,0
70515,EVANGELINE,0,1,0,0
70517,ST. MARTIN,2,1,0,0
70518,LAFAYETTE,1,2,0,0
70520,LAFAYETTE,0,1,0,0
70525,ACADIA,1,1,0,0
70526,ACADIA,1,3,1,0
70527,ACADIA,1,0,0,0
70535,ST. LANDRY,2,2,0,0
70538,ST. MARY,1,1,0,0
70542,VERMILION,0,1,0,0
70544,IBERIA,0,1,0,0
70546,JEFFERSON DAVIS,4,3,1,0
70548,VERMILION,1,2,0,0
70554,EVANGELINE,1,1,0,0
70555,VERMILION,0,2,0,0
70560,IBERIA,1,4,1,0
70562,IBERIA,1,0,0,0
70563,IBERIA,1,2,0,0
70570,ST. LANDRY,3,3,1,0
70576,EVANGELINE,0,1,0,0
70578,ACADIA,0,2,0,0
70582,ST. MARTIN,0,1,1,0
70586,EVANGELINE,1,1,1,0
70591,JEFFERSON DAVIS,0,1,0,0
70592,LAFAYETTE,0,1,0,0
70601,CALCASIEU,6,3,1,0
70605,CALCASIEU,3,12,0,0
70607,CALCASIEU,2,1,0,0
70615,CALCASIEU,0,1,0,0
70631,CAMERON,1,0,0,0
70633,CALCASIEU,1,1,0,0
70634,BEAUREGARD,2,2,1,0
70648,ALLEN,1,1,0,0
70655,ALLEN,0,1,0,0
70659,VERNON,0,1,0,0
70663,CALCASIEU,1,3,0,0
70706,LIVINGSTON,0,1,0,0
70714,EAST BATON ROUGE,0,2,0,0
70722,EAST FELICIANA,1,0,1,0
70726,LIVINGSTON,1,6,0,0
70737,ASCENSION,3,5,1,0
70748,EAST FELICIANA,3,2,0,0
70754,LIVINGSTON,0,0,1,0
70760,POINTE COUPEE,1,3,1,0
70764,IBERVILLE,2,3,1,0
70767,WEST BATON ROUGE,0,2,1,0
70769,ASCENSION,1,0,0,0
70775,WEST FELICIANA,1,1,1,0
70777,EAST FELICIANA,0,1,0,0
70785,LIVINGSTON,0,1,0,0
70791,EAST BATON ROUGE,2,5,0,0
70802,EAST BATON ROUGE,0,3,2,0
70806,EAST BATON ROUGE,4,8,1,0
70807,EAST BATON ROUGE,2,0,0,0
70808,EAST BATON ROUGE,1,4,0,0
70809,EAST BATON ROUGE,5,8,0,0
70810,EAST BATON ROUGE,3,4,0,0
70811,EAST BATON ROUGE,0,1,0,0
70812,EAST BATON ROUGE,2,0,0,0
70815,EAST BATON ROUGE,0,6,0,0
70816,EAST BATON ROUGE,2,5,0,0
70817,EAST BATON ROUGE,1,3,0,0
70818,EAST BATON ROUGE,0,2,0,0
70819,EAST BATON ROUGE,0,1,0,0
70836,EAST BATON ROUGE,0,1,0,0
71001,BIENVILLE,1,2,1,0
71019,RED RIVER,2,1,1,0
71038,CLAIBORNE,0,1,0,0
71040,CLAIBORNE,1,2,1,0
71052,DE SOTO,1,2,1,0
71055,WEBSTER,1,3,1,0
71064,BOSSIER,0,1,0,0
71068,BIENVILLE,0,1,0,0
71075,WEBSTER,1,1,1,0
71082,CADDO,1,1,0,0
71101,CADDO,6,3,2,0
71103,CADDO,4,7,0,0
71104,CADDO,1,0,0,0
71105,CADDO,2,1,0,0
71106,CADDO,1,4,0,0
71110,BOSSIER,1,0,0,0
71111,BOSSIER,3,9,0,0
71112,BOSSIER,2,5,1,0
71115,CADDO,2,9,0,0
71118,CADDO,1,4,0,0
71129,CADDO,0,1,0,0
71130,CADDO,0,1,0,0
71136,CADDO,0,1,0,0
71201,OUACHITA,5,3,2,0
71202,OUACHITA,2,2,0,0
71203,OUACHITA,1,5,0,0
71210,OUACHITA,0,1,0,0
71211,OUACHITA,0,1,0,0
71220,MOREHOUSE,2,4,1,0
71222,UNION,1,1,0,0
71232,RICHLAND,1,1,0,0
71241,UNION,1,3,1,0
71251,JACKSON,1,2,1,0
71254,EAST CARROLL,1,1,1,0
71261,MOREHOUSE,0,1,0,0
71263,WEST CARROLL,1,2,1,0
71269,RICHLAND,1,2,1,0
71270,LINCOLN,4,5,1,0
71280,MOREHOUSE,1,0,0,0
71282,MADISON,1,1,1,0
71291,OUACHITA,4,5,0,0
71292,OUACHITA,0,1,0,0
71295,FRANKLIN,1,2,1,0
71301,RAPIDES,7,5,0,0
71303,RAPIDES,4,5,1,0
71322,AVOYELLES,2,2,0,0
71323,AVOYELLES,0,1,0,0
71329,AVOYELLES,0,1,0,0
71334,CONCORDIA,2,2,1,0
71341,AVOYELLES,0,1,0,0
71342,LASALLE,1,2,1,0
71343,CATAHOULA,0,1,1,0
71346,RAPIDES,1,0,0,0
71350,AVOYELLES,0,2,0,0
71351,AVOYELLES,1,2,1,0
71358,ST. LANDRY,0,1,0,0
71360,RAPIDES,3,4,0,0
71366,TENSAS,0,0,1,0
71369,AVOYELLES,0,1,0,0
71373,CONCORDIA,1,0,0,0
71378,FRANKLIN,0,2,0,0
71417,GRANT,0,1,1,0
71418,CALDWELL,2,1,1,0
71446,VERNON,5,1,1,0
71449,SABINE,1,2,1,0
71457,NATCHITOCHES,2,5,1,0
71459,VERNON,1,0,0,0
71463,ALLEN,1,1,1,0
71465,LASALLE,1,0,0,0
71467,GRANT,0,1,0,0
71483,WINN,3,2,1,0
71486,SABINE,0,1,0,0
71601,JEFFERSON,0,6,0,0
71602,JEFFERSON,1,1,0,0
71603,JEFFERSON,2,12,1,0
71635,ASHLEY,1,3,1,0
71638,CHICOT,0,1,0,0
71639,DESHA,1,1,0,0
71646,ASHLEY,0,1,0,0
71653,CHICOT,2,3,1,0
71654,DESHA,1,1,1,0
71655,DREW,2,4,1,0
71665,CLEVELAND,0,1,1,0
71667,LINCOLN,0,4,1,0
71671,BRADLEY,1,3,1,0
71701,OUACHITA,1,4,1,0
71730,UNION,1,10,1,0
71742,DALLAS,1,4,1,0
71744,CALHOUN,0,0,1,0
71753,COLUMBIA,1,3,1,0
71801,HEMPSTEAD,1,4,1,0
71802,HEMPSTEAD,0,1,0,0
71822,LITTLE RIVER,1,3,1,0
71832,SEVIER,2,2,1,0
71833,HOWARD,0,1,0,0
71845,LAFAYETTE,0,0,1,0
71852,HOWARD,1,4,1,0
71854,MILLER,1,6,1,0
71857,NEVADA,0,3,1,0
71860,LAFAYETTE,0,1,0,0
71861,COLUMBIA,0,1,0,0
71901,GARLAND,3,13,1,0
71909,SALINE,0,5,0,0
71913,GARLAND,3,8,0,0
71923,CLARK,1,5,1,0
71929,HOT SPRING,0,1,0,0
71943,PIKE,0,2,0,0
71953,POLK,1,4,1,0
71957,MONTGOMERY,0,2,1,0
71958,PIKE,1,1,1,0
72006,WOODRUFF,0,0,1,0
72010,WHITE,0,1,0,0
72012,WHITE,0,1,0,0
72015,SALINE,1,9,1,0
72019,SALINE,2,1,0,0
72021,MONROE,0,1,1,0
72022,SALINE,0,6,0,0
72023,LONOKE,1,6,0,0
72024,LONOKE,0,2,0,0
72031,VAN BUREN,1,1,1,0
72032,FAULKNER,1,2,1,0
72034,FAULKNER,3,11,0,0
72040,PRAIRIE,0,1,1,0
72042,ARKANSAS,1,3,0,0
72046,LONOKE,0,1,0,0
72053,PULASKI,0,1,0,0
72058,FAULKNER,0,1,0,0
72064,PRAIRIE,0,1,0,0
72076,PULASKI,1,5,1,0
72081,WHITE,0,1,0,0
72086,LONOKE,0,4,1,0
72088,VAN BUREN,0,3,0,0
72099,PULASKI,1,0,0,0
72101,WOODRUFF,0,2,0,0
72104,HOT SPRING,2,4,1,0
72110,CONWAY,1,4,1,0
72112,JACKSON,3,3,1,0
72113,PULASKI,2,5,0,0
72114,PULASKI,1,3,1,0
72116,PULASKI,0,3,0,0
72117,PULASKI,1,3,0,0
72118,PULASKI,1,1,0,0
72120,PULASKI,2,5,0,0
72126,PERRY,0,1,1,0
72131,CLEBURNE,0,2,0,0
72143,WHITE,3,7,1,0
72150,GRANT,0,2,1,0
72160,ARKANSAS,1,2,1,0
72164,PULASKI,0,1,0,0
72173,FAULKNER,0,1,0,0
72178,WHITE,0,1,0,0
72202,PULASKI,1,1,0,0
72204,PULASKI,0,9,2,0
72205,PULASKI,8,10,1,0
72206,PULASKI,0,3,0,0
72209,PULASKI,1,2,1,0
72210,PULASKI,0,1,0,0
72211,PULASKI,2,6,0,0
72212,PULASKI,0,3,0,0
72223,PULASKI,0,5,0,0
72227,PULASKI,0,1,0,0
72301,CRITTENDEN,4,12,1,0
72315,MISSISSIPPI,1,3,1,0
72332,CRITTENDEN,0,1,0,0
72335,ST. FRANCIS,1,4,1,0
72342,PHILLIPS,1,3,1,0
72360,LEE,0,3,1,0
72364,CRITTENDEN,0,1,0,0
72365,POINSETT,0,1,0,0
72366,PHILLIPS,0,1,0,0
72370,MISSISSIPPI,1,2,0,0
72376,CRITTENDEN,0,3,0,0
72390,PHILLIPS,0,1,0,0
72396,CROSS,1,2,1,0
72401,CRAIGHEAD,4,11,1,0
72404,CRAIGHEAD,0,7,0,0
72405,CRAIGHEAD,2,0,0,0
72422,CLAY,0,1,0,0
72432,POINSETT,0,1,1,0
72437,CRAIGHEAD,0,1,0,0
72442,MISSISSIPPI,0,1,0,0
72447,CRAIGHEAD,0,1,0,0
72450,GREENE,1,4,1,0
72454,CLAY,1,3,1,0
72455,RANDOLPH,1,3,1,0
72461,CLAY,0,1,0,0
72472,POINSETT,0,3,0,0
72476,LAWRENCE,1,2,1,0
72501,INDEPENDENCE,1,6,1,0
72512,IZARD,0,1,0,0
72513,SHARP,0,2,1,0
72519,IZARD,1,1,0,0
72521,SHARP,0,1,0,0
72543,CLEBURNE,1,3,1,0
72556,IZARD,0,1,1,0
72560,STONE,1,2,1,0
72576,FULTON,1,1,1,0
72601,BOONE,1,6,1,0
72616,CARROLL,1,1,1,0
72619,MARION,0,1,0,0
72631,CARROLL,0,2,0,0
72632,CARROLL,1,2,0,0
72634,MARION,0,1,0,0
72635,BAXTER,0,1,0,0
72641,NEWTON,0,1,1,0
72650,SEARCY,0,1,1,0
72653,BAXTER,1,8,1,0
72687,MARION,0,1,1,0
72701,WASHINGTON,0,1,0,0
72703,WASHINGTON,5,8,2,0
72704,WASHINGTON,1,2,0,0
72712,BENTON,1,6,1,0
72713,BENTON,0,2,0,0
72714,BENTON,0,1,0,0
72715,BENTON,0,6,0,0
72719,BENTON,0,1,0,0
72730,WASHINGTON,0,1,0,0
72736,BENTON,1,0,0,0
72740,MADISON,0,2,1,0
72741,WASHINGTON,1,0,0,0
72751,BENTON,0,1,0,0
72753,WASHINGTON,0,1,0,0
72756,BENTON,0,1,0,0
72758,BENTON,2,10,0,0
72761,BENTON,1,1,0,0
72762,WASHINGTON,1,5,0,0
72764,WASHINGTON,2,10,0,0
72801,POPE,1,6,1,0
72802,POPE,0,0,1,0
72823,POPE,0,1,0,0
72830,JOHNSON,1,4,1,0
72833,YELL,1,2,0,0
72834,YELL,1,2,1,0
72853,YELL,0,1,0,0
72855,LOGAN,1,2,1,0
72901,SEBASTIAN,3,2,0,0
72903,SEBASTIAN,4,7,1,0
72904,SEBASTIAN,0,1,0,0
72908,SEBASTIAN,0,4,0,0
72916,SEBASTIAN,1,1,0,0
72921,CRAWFORD,0,2,0,0
72923,SEBASTIAN,1,3,0,0
72927,LOGAN,1,3,0,0
72933,FRANKLIN,0,1,0,0
72936,SEBASTIAN,0,3,0,0
72947,CRAWFORD,0,1,0,0
72949,FRANKLIN,1,1,1,0
72950,SCOTT,0,1,0,0
72956,CRAWFORD,1,6,1,0
72958,SCOTT,1,1,1,0
73003,OKLAHOMA,0,3,0,0
73005,CADDO,1,1,1,0
73008,OKLAHOMA,1,6,0,0
73009,CADDO,0,1,0,0
73010,MCCLAIN,0,1,0,0
73012,OKLAHOMA,0,3,0,0
73013,OKLAHOMA,2,6,0,0
73015,CADDO,1,1,0,0
73018,GRADY,1,3,1,0
73023,GRADY,0,3,0,0
73024,WASHITA,0,1,0,0
73025,LOGAN,0,1,0,0
73030,MURRAY,0,1,0,0
73034,OKLAHOMA,5,5,0,0
73036,CANADIAN,1,4,1,0
73040,BLAINE,0,1,0,0
73044,LOGAN,1,3,1,0
73045,OKLAHOMA,0,2,0,0
73048,BLAINE,0,1,0,0
73049,OKLAHOMA,0,1,0,0
73051,CLEVELAND,0,2,0,0
73052,GARVIN,1,0,0,0
73055,STEPHENS,0,3,0,0
73064,CANADIAN,0,2,0,0
73068,CLEVELAND,0,3,0,0
73069,CLEVELAND,0,3,0,0
73070,CLEVELAND,2,1,0,0
73071,CLEVELAND,3,1,1,0
73072,CLEVELAND,1,8,0,0
73075,GARVIN,1,3,1,0
73077,NOBLE,1,1,1,0
73080,MCCLAIN,1,3,1,0
73086,MURRAY,1,4,1,0
73089,GRADY,0,1,0,0
73096,CUSTER,1,4,0,0
73099,CANADIAN,1,7,1,0
73101,OKLAHOMA,2,0,0,0
73102,OKLAHOMA,2,0,0,0
73103,OKLAHOMA,1,0,0,0
73104,OKLAHOMA,4,0,1,0
73105,OKLAHOMA,0,1,1,0
73106,OKLAHOMA,0,3,0,0
73107,OKLAHOMA,0,1,0,0
73109,OKLAHOMA,4,3,0,0
73110,OKLAHOMA,3,5,0,0
73111,OKLAHOMA,0,3,0,0
73112,OKLAHOMA,3,10,0,0
73114,OKLAHOMA,4,1,0,0
73115,OKLAHOMA,0,2,0,0
73116,OKLAHOMA,0,2,0,0
73117,OKLAHOMA,0,2,0,0
73119,OKLAHOMA,0,2,0,0
73120,OKLAHOMA,5,13,0,0
73121,OKLAHOMA,0,1,0,0
73122,OKLAHOMA,0,1,0,0
73127,OKLAHOMA,0,2,0,0
73129,OKLAHOMA,1,0,0,0
73130,OKLAHOMA,0,2,0,0
73132,OKLAHOMA,0,5,0,0
73134,OKLAHOMA,1,3,0,0
73135,OKLAHOMA,2,1,0,0
73136,OKLAHOMA,0,1,0,0
73139,OKLAHOMA,1,4,0,0
73141,OKLAHOMA,1,0,0,0
73142,OKLAHOMA,1,3,0,0
73159,CLEVELAND,1,4,0,0
73160,CLEVELAND,0,2,1,0
73162,OKLAHOMA,1,10,0,0
73169,OKLAHOMA,0,2,0,0
73170,CLEVELAND,0,6,0,0
73401,CARTER,4,9,1,0
73402,CARTER,0,1,0,0
73438,CARTER,1,0,0,0
73439,MARSHALL,0,1,0,0
73446,MARSHALL,1,1,1,0
73448,LOVE,1,1,1,0
73460,JOHNSTON,1,1,1,0
73463,CARTER,0,1,0,0
73501,COMANCHE,0,3,0,0
73502,GARVIN,0,1,0,0
73505,COMANCHE,6,6,1,0
73506,COMANCHE,1,0,0,0
73507,COMANCHE,1,1,0,0
73521,JACKSON,1,4,1,0
73529,STEPHENS,0,1,0,0
73533,STEPHENS,1,7,1,0
73534,STEPHENS,1,2,0,0
73542,TILLMAN,0,1,1,0
73550,HARMON,1,1,1,0
73554,GREER,1,1,1,0
73566,KIOWA,0,1,0,0
73568,COTTON,0,1,0,0
73572,COTTON,0,0,1,0
73573,JEFFERSON,1,1,1,0
73601,CUSTER,3,5,1,0
73628,ROGER MILLS,1,0,0,0
73632,WASHITA,1,1,0,0
73644,BECKHAM,3,5,0,0
73651,KIOWA,1,2,1,0
73662,BECKHAM,1,1,1,0
73663,DEWEY,1,1,0,0
73701,GARFIELD,3,5,1,0
73702,GARFIELD,1,0,0,0
73703,GARFIELD,0,6,0,0
73706,GARFIELD,0,2,0,0
73717,WOODS,1,2,1,0
73737,MAJOR,1,2,1,0
73742,KINGFISHER,0,1,0,0
73750,KINGFISHER,1,3,1,0
73759,GRANT,0,1,1,0
73762,CANADIAN,0,1,0,0
73763,BLAINE,1,1,0,0
73771,GRANT,0,1,0,0
73772,BLAINE,1,0,1,0
73801,WOODWARD,1,2,1,0
73834,HARPER,1,1,0,0
73841,WOODWARD,1,0,0,0
73848,HARPER,0,1,1,0
73852,WOODWARD,0,1,0,0
73858,ELLIS,1,2,0,0
73859,DEWEY,0,1,0,0
73932,BEAVER,1,1,1,0
73933,CIMARRON,1,0,0,0
73942,TEXAS,1,1,1,0
74002,OSAGE,0,1,0,0
74005,WASHINGTON,0,1,0,0
74006,WASHINGTON,3,6,1,0
74008,TULSA,0,2,0,0
74010,CREEK,1,2,0,0
74011,TULSA,0,2,0,0
74012,TULSA,1,16,0,0
74014,TULSA,1,0,0,0
74015,WAGONER,0,3,0,0
74017,ROGERS,3,6,1,0
74018,ROGERS,0,1,0,0
74019,ROGERS,0,1,0,0
74020,PAWNEE,1,1,0,0
74021,TULSA,0,3,0,0
74023,PAYNE,2,1,0,0
74029,WASHINGTON,0,3,0,0
74030,CREEK,1,1,0,0
74033,TULSA,0,2,0,0
74036,ROGERS,0,1,0,0
74037,TULSA,1,1,0,0
74044,CREEK,0,1,0,0
74048,NOWATA,1,2,0,0
74055,TULSA,3,7,0,0
74056,OSAGE,1,0,1,0
74058,PAWNEE,0,1,1,0
74059,PAYNE,0,1,0,0
74063,TULSA,0,2,0,0
74066,CREEK,1,4,1,0
74067,CREEK,0,1,0,0
74070,OSAGE,0,1,0,0
74074,PAYNE,1,4,1,0
74075,PAYNE,0,5,0,0
74076,PAYNE,1,0,0,0
74079,LINCOLN,1,2,0,0
74102,TULSA,1,0,0,0
74104,TULSA,3,0,0,0
74105,TULSA,0,4,0,0
74106,TULSA,0,3,0,0
74107,TULSA,0,2,0,0
74110,TULSA,0,1,0,0
74114,TULSA,1,1,0,0
74120,TULSA,2,0,0,0
74126,TULSA,0,1,0,0
74127,TULSA,3,0,0,0
74128,TULSA,1,1,0,0
74129,TULSA,0,5,0,0
74132,TULSA,2,3,0,0
74133,TULSA,6,9,0,0
74134,TULSA,0,1,1,0
74135,TULSA,0,4,0,0
74136,TULSA,3,11,0,0
74137,TULSA,3,3,0,0
74145,TULSA,1,3,0,0
74301,CRAIG,2,10,1,0
74331,OTTAWA,0,2,0,0
74333,CRAIG,0,2,0,0
74337,MAYES,0,1,0,0
74338,DELAWARE,0,1,0,0
74339,OTTAWA,0,1,0,0
74343,OTTAWA,0,1,0,0
74344,DELAWARE,1,4,0,0
74345,DELAWARE,0,1,0,0
74346,DELAWARE,0,1,1,0
74350,MAYES,0,2,0,0
74354,OTTAWA,2,4,1,0
74361,MAYES,1,2,1,0
74362,MAYES,0,1,0,0
74363,OTTAWA,0,1,0,0
74365,MAYES,0,1,0,0
74401,MUSKOGEE,6,2,1,0
74403,MUSKOGEE,0,10,0,0
74426,MCINTOSH,0,3,1,0
74429,WAGONER,0,1,0,0
74432,MCINTOSH,1,3,1,0
74434,MUSKOGEE,0,1,0,0
74435,SEQUOYAH,0,1,0,0
74436,MUSKOGEE,0,1,0,0
74437,OKMULGEE,1,2,0,0
74447,OKMULGEE,3,5,1,0
74458,WAGONER,0,1,0,0
74462,HASKELL,1,1,1,0
74464,CHEROKEE,3,8,1,0
74465,CHEROKEE,1,0,0,0
74467,WAGONER,1,2,1,0
74469,MUSKOGEE,0,1,0,0
74471,CHEROKEE,0,2,0,0
74501,PITTSBURG,3,9,1,0
74502,PITTSBURG,1,1,0,0
74523,PUSHMATAHA,1,2,1,0
74525,ATOKA,1,1,1,0
74538,COAL,1,1,1,0
74547,PITTSBURG,0,1,0,0
74561,PITTSBURG,0,1,0,0
74571,LATIMER,1,1,0,0
74578,LATIMER,1,2,1,0
74601,KAY,1,1,1,0
74604,KAY,0,5,0,0
74631,KAY,1,1,1,0
74637,OSAGE,1,1,0,0
74653,KAY,0,1,0,0
74701,BRYAN,1,5,1,0
74728,MCCURTAIN,0,1,0,0
74730,BRYAN,0,1,0,0
74733,BRYAN,0,1,0,0
74743,CHOCTAW,2,2,1,0
74745,MCCURTAIN,1,2,1,0
74801,POTTAWATOMIE,1,1,1,0
74804,POTTAWATOMIE,1,7,0,0
74820,PONTOTOC,5,6,1,0
74829,OKFUSKEE,0,6,0,0
74834,LINCOLN,0,1,1,0
74848,HUGHES,1,2,1,0
74849,SEMINOLE,0,2,0,0
74851,POTTAWATOMIE,0,1,0,0
74854,POTTAWATOMIE,0,2,0,0
74855,LINCOLN,0,1,0,0
74859,OKFUSKEE,2,2,1,0
74860,OKFUSKEE,0,1,0,0
74864,LINCOLN,1,5,0,0
74868,SEMINOLE,1,3,0,0
74873,POTTAWATOMIE,0,1,0,0
74880,OKFUSKEE,0,1,0,0
74884,SEMINOLE,0,2,1,0
74901,LE FLORE,0,1,0,0
74902,LE FLORE,0,1,0,0
74937,LE FLORE,0,1,0,0
74940,LE FLORE,0,1,0,0
74953,LE FLORE,2,1,1,0
74954,SEQUOYAH,0,1,0,0
74955,SEQUOYAH,1,1,1,0
74959,LE FLORE,0,1,0,0
74960,ADAIR,2,2,1,0
74962,SEQUOYAH,0,1,0,0
75001,DALLAS,1,0,0,0
75002,COLLIN,0,21,0,0
75006,DALLAS,1,6,0,0
75007,DENTON,0,15,0,0
75009,COLLIN,0,1,0,0
75010,DENTON,3,8,0,0
75013,COLLIN,2,5,0,0
75019,DALLAS,0,7,0,0
75020,GRAYSON,2,16,0,0
75021,GRAYSON,0,1,0,0
75022,DENTON,1,5,0,0
75023,COLLIN,0,22,0,0
75024,COLLIN,3,6,0,0
75025,COLLIN,0,6,0,0
75028,DENTON,1,7,0,0
75032,ROCKWALL,1,13,0,0
75033,DENTON,1,6,0,0
75034,DENTON,5,19,0,0
75035,COLLIN,1,9,0,0
75036,DENTON,0,3,0,0
75038,DALLAS,0,11,0,0
75039,DALLAS,1,0,0,0
75040,DALLAS,0,13,0,0
75041,DALLAS,0,5,0,0
75042,DALLAS,2,1,0,0
75043,DALLAS,0,12,0,0
75044,DALLAS,0,7,0,0
75048,COLLIN,2,7,0,0
75050,DALLAS,0,5,0,0
75051,DALLAS,1,2,0,0
75052,DALLAS,1,13,0,0
75054,TARRANT,0,1,0,0
75056,DENTON,1,0,0,0
75057,DENTON,1,4,0,0
75060,DALLAS,0,1,0,0
75061,DALLAS,1,5,0,0
75062,DALLAS,0,4,0,0
75063,DALLAS,1,2,0,0
75067,DENTON,0,19,0,0
75069,COLLIN,1,14,1,0
75070,COLLIN,3,24,0,0
75071,COLLIN,3,5,0,0
75072,COLLIN,0,2,0,0
75074,COLLIN,0,3,0,0
75075,COLLIN,5,19,0,0
75076,GRAYSON,0,1,0,0
75077,DENTON,0,8,0,0
75078,COLLIN,2,3,0,0
75080,DALLAS,5,12,0,0
75081,DALLAS,0,7,0,0
75082,COLLIN,1,6,0,0
75087,ROCKWALL,1,4,0,0
75088,DALLAS,1,4,0,0
75089,DALLAS,0,3,0,0
75090,GRAYSON,3,7,1,0
75092,GRAYSON,4,3,0,0
75093,COLLIN,10,11,0,0
75094,COLLIN,1,4,0,0
75098,COLLIN,0,8,0,0
75103,VAN ZANDT,0,6,0,0
75104,DALLAS,0,9,0,0
75110,NAVARRO,1,8,1,0
75115,DALLAS,3,16,0,0
75116,DALLAS,0,6,0,0
75119,ELLIS,1,4,0,0
75126,KAUFMAN,0,2,0,0
75134,DALLAS,0,5,0,0
75137,DALLAS,0,1,0,0
75140,VAN ZANDT,1,3,0,0
75142,KAUFMAN,1,4,0,0
75143,KAUFMAN,0,2,0,0
75144,NAVARRO,0,1,0,0
75146,DALLAS,1,11,0,0
75147,KAUFMAN,0,2,0,0
75148,HENDERSON,0,1,0,0
75149,DALLAS,3,13,0,0
75150,DALLAS,0,9,0,0
75154,ELLIS,0,2,0,0
75156,HENDERSON,0,1,0,0
75159,DALLAS,0,1,0,0
75160,KAUFMAN,1,6,0,0
75161,KAUFMAN,0,1,0,0
75165,ELLIS,4,8,0,0
75169,KAUFMAN,0,6,0,0
75180,DALLAS,0,1,0,0
75181,DALLAS,0,7,0,0
75182,DALLAS,1,1,0,0
75189,ROCKWALL,1,1,0,0
75201,DALLAS,0,2,0,0
75203,DALLAS,1,3,0,0
75204,DALLAS,3,3,0,0
75205,DALLAS,0,1,0,0
75206,DALLAS,0,2,0,0
75207,DALLAS,0,0,1,0
75208,DALLAS,0,3,0,0
75209,DALLAS,0,2,0,0
75211,DALLAS,0,4,0,0
75212,DALLAS,0,3,0,0
75214,DALLAS,0,12,0,0
75215,DALLAS,0,3,0,0
75216,DALLAS,1,11,0,0
75217,DALLAS,0,4,0,0
75218,DALLAS,1,3,0,0
75219,DALLAS,1,7,0,0
75220,DALLAS,0,1,0,0
75224,DALLAS,1,1,0,0
75225,DALLAS,0,6,0,0
75226,DALLAS,1,0,0,0
75227,DALLAS,0,9,0,0
75228,DALLAS,0,3,0,0
75229,DALLAS,0,2,0,0
75230,DALLAS,2,22,0,0
75231,DALLAS,7,10,0,0
75232,DALLAS,0,7,0,0
75233,DALLAS,0,5,0,0
75234,DALLAS,1,3,0,0
75235,DALLAS,6,1,0,0
75237,DALLAS,2,2,0,0
75238,DALLAS,0,6,0,0
75240,DALLAS,0,6,0,0
75241,DALLAS,0,6,0,0
75243,DALLAS,3,9,0,0
75244,DALLAS,0,5,0,0
75246,DALLAS,4,2,0,0
75247,DALLAS,1,0,0,0
75248,DALLAS,0,25,0,0
75249,DALLAS,0,2,0,0
75251,DALLAS,1,2,0,0
75252,COLLIN,0,6,0,0
75254,DALLAS,0,3,0,0
75287,COLLIN,0,3,0,0
75401,HUNT,1,6,1,0
75402,HUNT,1,3,0,0
75407,COLLIN,0,2,0,0
75409,COLLIN,0,5,0,0
75418,FANNIN,2,6,0,0
75426,RED RIVER,0,2,0,0
75428,HUNT,0,2,0,0
75432,DELTA,0,1,0,0
75440,RAINS,0,1,0,0
75442,COLLIN,0,2,0,0
75446,FANNIN,0,1,0,0
75455,TITUS,1,10,0,0
75457,FRANKLIN,1,2,0,0
75460,LAMAR,3,7,1,0
75462,LAMAR,0,3,0,0
75474,HUNT,0,1,0,0
75479,FANNIN,0,1,0,0
75482,HOPKINS,1,7,1,0
75494,WOOD,1,3,0,0
75495,GRAYSON,0,1,0,0
75501,BOWIE,2,2,1,0
75503,BOWIE,4,16,0,0
75551,CASS,1,4,0,0
75559,BOWIE,0,1,0,0
75563,CASS,1,1,1,0
75568,MORRIS,0,1,0,0
75570,BOWIE,0,2,0,0
75571,MORRIS,0,1,0,0
75601,GREGG,2,3,1,0
75602,GREGG,0,3,0,0
75603,GREGG,0,1,0,0
75604,GREGG,0,4,0,0
75605,GREGG,5,11,0,0
75633,PANOLA,1,8,1,0
75638,MORRIS,0,1,0,0
75639,PANOLA,0,1,0,0
75644,UPSHUR,0,5,0,0
75647,UPSHUR,0,3,0,0
75652,RUSK,1,2,1,0
75654,RUSK,0,4,0,0
75656,CASS,0,2,0,0
75657,MARION,0,2,0,0
75662,GREGG,1,3,0,0
75670,HARRISON,1,4,1,0
75672,HARRISON,0,2,0,0
75684,RUSK,0,1,0,0
75686,CAMP,1,2,0,0
75701,SMITH,8,7,0,0
75702,SMITH,0,5,1,0
75703,SMITH,1,18,0,0
75704,SMITH,0,1,0,0
75707,SMITH,0,2,0,0
75708,SMITH,1,2,0,0
75751,HENDERSON,1,12,0,0
75757,SMITH,0,1,0,0
75758,HENDERSON,0,1,0,0
75765,WOOD,0,8,0,0
75766,CHEROKEE,2,9,0,0
75771,SMITH,0,4,0,0
75773,WOOD,0,4,0,0
75783,WOOD,1,2,1,0
75785,CHEROKEE,1,2,1,0
75790,VAN ZANDT,0,1,0,0
75791,SMITH,0,2,0,0
75801,ANDERSON,2,6,0,0
75803,ANDERSON,0,2,0,0
75833,LEON,0,1,0,0
75835,HOUSTON,1,5,1,0
75839,ANDERSON,0,1,0,0
75840,FREESTONE,1,2,1,0
75845,TRINITY,0,1,0,0
75860,FREESTONE,0,1,0,0
75862,TRINITY,1,2,0,0
75901,ANGELINA,0,1,0,0
75904,ANGELINA,4,11,1,0
75935,SHELBY,0,5,0,0
75939,POLK,0,1,0,0
75941,ANGELINA,0,1,0,0
75946,NACOGDOCHES,0,1,0,0
75948,SABINE,1,2,0,0
75949,ANGELINA,0,1,0,0
75951,JASPER,1,4,1,0
75956,JASPER,0,1,0,0
75961,NACOGDOCHES,2,2,0,0
75964,NACOGDOCHES,0,3,1,0
75965,NACOGDOCHES,1,3,0,0
75966,NEWTON,0,2,0,0
75972,SAN AUGUSTINE,1,5,0,0
75976,CHEROKEE,0,1,0,0
75979,TYLER,1,2,0,0
76001,TARRANT,1,8,0,0
76002,TARRANT,0,5,0,0
76006,TARRANT,0,4,0,0
76008,PARKER,0,1,0,0
76009,JOHNSON,0,1,0,0
76011,TARRANT,2,5,0,0
76012,TARRANT,3,7,0,0
76013,TARRANT,0,1,0,0
76014,TARRANT,0,4,0,0
76015,TARRANT,4,3,0,0
76016,TARRANT,0,8,0,0
76017,TARRANT,1,2,0,0
76018,TARRANT,1,2,0,0
76020,TARRANT,1,5,0,0
76021,TARRANT,1,8,0,0
76022,TARRANT,2,4,0,0
76028,JOHNSON,2,13,0,0
76031,JOHNSON,0,2,1,0
76033,JOHNSON,1,6,0,0
76034,TARRANT,1,4,0,0
76036,TARRANT,0,3,0,0
76039,TARRANT,0,1,0,0
76040,TARRANT,0,1,0,0
76043,SOMERVELL,1,2,0,0
76048,HOOD,1,12,1,0
76049,HOOD,0,2,0,0
76050,JOHNSON,0,1,0,0
76051,TARRANT,2,8,0,0
76053,TARRANT,0,1,0,0
76054,TARRANT,2,1,0,0
76055,HILL,0,1,0,0
76059,JOHNSON,0,2,0,0
76060,TARRANT,0,1,0,0
76063,TARRANT,6,12,0,0
76065,ELLIS,1,6,0,0
76067,PALO PINTO,1,6,0,0
76082,PARKER,0,1,0,0
76086,PARKER,2,14,0,0
76087,PARKER,0,2,0,0
76092,TARRANT,2,7,0,0
76102,TARRANT,1,3,0,0
76103,TARRANT,0,2,0,0
76104,TARRANT,10,7,1,0
76105,TARRANT,0,1,0,0
76106,TARRANT,0,2,0,0
76107,TARRANT,0,3,0,0
76108,TARRANT,0,3,0,0
76109,TARRANT,1,8,0,0
76110,TARRANT,1,0,0,0
76112,TARRANT,0,5,0,0
76114,TARRANT,0,2,0,0
76116,TARRANT,0,8,0,0
76117,TARRANT,0,3,0,0
76118,TARRANT,0,2,0,0
76119,TARRANT,0,5,0,0
76120,TARRANT,0,1,0,0
76123,TARRANT,1,8,0,0
76126,TARRANT,0,1,0,0
76132,TARRANT,8,18,0,0
76133,TARRANT,0,11,0,0
76134,TARRANT,0,1,0,0
76135,TARRANT,0,3,0,0
76137,TARRANT,0,5,0,0
76140,TARRANT,0,3,0,0
76148,TARRANT,0,3,0,0
76161,DALLAS,0,1,0,0
76177,TARRANT,4,0,0,0
76179,TARRANT,0,5,0,0
76180,TARRANT,1,9,0,0
76182,TARRANT,0,1,0,0
76201,DENTON,3,12,0,0
76205,DENTON,0,2,0,0
76207,DENTON,0,1,0,0
76208,DENTON,3,10,0,0
76209,DENTON,0,3,1,0
76210,DENTON,1,15,0,0
76226,DENTON,2,4,0,0
76227,DENTON,1,0,0,0
76230,MONTAGUE,1,2,0,0
76233,GRAYSON,0,1,0,0
76234,WISE,4,4,0,0
76240,COOKE,1,7,0,0
76244,TARRANT,1,4,0,0
76247,DENTON,0,1,0,0
76248,TARRANT,2,21,0,0
76252,COOKE,1,0,0,0
76255,MONTAGUE,1,5,0,0
76258,DENTON,0,2,0,0
76262,TARRANT,1,3,0,0
76266,DENTON,0,3,0,0
76270,MONTAGUE,0,3,0,0
76273,GRAYSON,0,3,0,0
76301,WICHITA,3,3,1,0
76302,WICHITA,1,5,0,0
76306,WICHITA,0,1,0,0
76308,WICHITA,1,3,0,0
76309,WICHITA,0,2,0,0
76310,WICHITA,1,5,0,0
76351,ARCHER,0,0,1,0
76354,WICHITA,0,2,0,0
76360,WICHITA,1,1,0,0
76365,CLAY,1,1,0,0
76367,WICHITA,0,1,0,0
76371,KNOX,0,1,0,0
76374,YOUNG,1,1,0,0
76380,BAYLOR,1,3,0,0
76384,WILBARGER,2,3,0,0
76401,ERATH,1,6,0,0
76424,STEPHENS,1,1,0,0
76426,WISE,1,2,0,0
76437,EASTLAND,0,1,0,0
76442,COMANCHE,1,3,0,0
76444,COMANCHE,0,1,0,0
76446,ERATH,0,2,0,0
76448,EASTLAND,1,4,0,0
76450,YOUNG,1,4,0,0
76457,HAMILTON,0,2,0,0
76458,JACK,1,3,0,0
76470,EASTLAND,0,1,0,0
76471,EASTLAND,0,1,0,0
76483,THROCKMORTON,1,0,0,0
76501,BELL,0,0,1,0
76502,BELL,3,10,0,0
76504,BELL,3,7,0,0
76505,BELL,0,1,0,0
76508,BELL,1,0,0,0
76511,BELL,0,1,0,0
76513,BELL,1,4,0,0
76520,MILAM,1,2,1,0
76522,CORYELL,1,4,1,0
76528,CORYELL,1,3,0,0
76530,WILLIAMSON,0,2,0,0
76531,HAMILTON,1,3,0,0
76542,BELL,1,0,0,0
76543,BELL,0,2,0,0
76544,BELL,2,0,0,0
76548,BELL,2,1,0,0
76549,BELL,2,1,0,0
76550,LAMPASAS,1,6,1,0
76567,MILAM,1,1,0,0
76570,FALLS,0,1,0,0
76574,WILLIAMSON,1,2,0,0
76629,ROBERTSON,0,1,0,0
76634,BOSQUE,1,5,0,0
76642,LIMESTONE,1,5,0,0
76643,MCLENNAN,0,3,0,0
76645,HILL,1,3,0,0
76651,ELLIS,0,1,0,0
76657,MCLENNAN,0,1,0,0
76661,FALLS,1,2,0,0
76664,LIMESTONE,0,2,0,0
76665,BOSQUE,0,1,1,0
76667,LIMESTONE,1,3,1,0
76691,MCLENNAN,0,1,0,0
76692,HILL,1,3,0,0
76702,MCLENNAN,0,1,0,0
76704,MCLENNAN,0,2,0,0
76705,MCLENNAN,0,3,0,0
76706,MCLENNAN,1,0,0,0
76707,MCLENNAN,0,2,1,0
76708,MCLENNAN,0,7,0,0
76710,MCLENNAN,0,3,0,0
76711,MCLENNAN,1,2,0,0
76712,MCLENNAN,4,14,0,0
76763,ECTOR,0,1,0,0
76801,BROWN,1,6,1,0
76802,BROWN,0,4,0,0
76804,BROWN,0,1,0,0
76821,RUNNELS,1,3,0,0
76823,BROWN,0,1,0,0
76825,MCCULLOCH,1,3,0,0
76834,COLEMAN,1,2,0,0
76837,CONCHO,1,1,0,0
76844,MILLS,0,2,0,0
76849,KIMBLE,1,0,0,0
76859,MENARD,0,1,0,0
76877,SAN SABA,0,1,0,0
76901,TOM GREEN,2,8,0,0
76903,TOM GREEN,1,6,1,0
76904,TOM GREEN,1,5,0,0
76905,TOM GREEN,1,0,0,0
76932,REAGAN,1,1,0,0
76933,COKE,0,1,0,0
76936,SCHLEICHER,1,1,0,0
76943,CROCKETT,0,1,0,0
76945,COKE,0,1,0,0
76950,SUTTON,1,0,0,0
76951,STERLING,0,1,0,0
77002,HARRIS,1,0,0,0
77004,HARRIS,4,2,0,0
77005,HARRIS,0,2,0,0
77006,HARRIS,0,1,0,0
77008,HARRIS,3,5,0,0
77013,HARRIS,0,2,0,0
77014,HARRIS,0,5,0,0
77015,HARRIS,1,1,0,0
77016,HARRIS,0,12,0,0
77017,HARRIS,0,1,0,0
77018,HARRIS,0,1,0,0
77019,HARRIS,0,4,0,0
77021,HARRIS,1,4,0,0
77022,HARRIS,0,2,0,0
77024,HARRIS,1,2,0,0
77025,HARRIS,0,10,0,0
77026,HARRIS,1,2,0,0
77027,HARRIS,1,0,1,0
77028,HARRIS,0,5,0,0
77029,HARRIS,0,2,0,0
77030,HARRIS,14,1,0,0
77031,HARRIS,0,8,0,0
77033,HARRIS,0,7,0,0
77034,HARRIS,0,2,0,0
77035,HARRIS,2,7,0,0
77036,HARRIS,0,21,0,0
77038,HARRIS,0,1,0,0
77039,HARRIS,0,1,0,0
77040,HARRIS,0,3,0,0
77042,HARRIS,0,2,0,0
77043,HARRIS,0,3,0,0
77044,HARRIS,0,1,0,0
77045,HARRIS,0,6,0,0
77047,HARRIS,0,4,0,0
77048,HARRIS,0,1,0,0
77049,HARRIS,1,2,0,0
77051,HARRIS,0,2,0,0
77054,HARRIS,4,3,0,0
77055,HARRIS,1,4,0,0
77056,HARRIS,0,5,0,0
77057,HARRIS,0,8,0,0
77058,HARRIS,2,4,0,0
77059,HARRIS,1,1,0,0
77061,HARRIS,0,2,0,0
77062,HARRIS,0,5,0,0
77063,HARRIS,0,6,0,0
77064,HARRIS,0,6,0,0
77065,HARRIS,3,10,0,0
77066,HARRIS,0,1,0,0
77068,HARRIS,0,3,0,0
77069,HARRIS,0,1,0,0
77070,HARRIS,4,13,0,0
77071,HARRIS,0,4,0,0
77072,HARRIS,1,13,0,0
77074,HARRIS,2,10,0,0
77075,HARRIS,0,1,0,0
77076,HARRIS,1,1,0,0
77077,HARRIS,0,9,0,0
77078,HARRIS,0,5,0,0
77080,HARRIS,1,7,0,0
77081,HARRIS,1,0,0,0
77082,HARRIS,2,6,0,0
77083,HARRIS,0,18,0,0
77084,HARRIS,0,3,0,0
77086,HARRIS,0,3,0,0
77087,HARRIS,1,4,0,0
77089,HARRIS,1,5,0,0
77090,HARRIS,8,8,0,0
77091,HARRIS,2,4,0,0
77093,HARRIS,1,3,0,0
77094,HARRIS,3,0,0,0
77095,HARRIS,0,11,0,0
77096,HARRIS,0,1,0,0
77098,HARRIS,0,1,0,0
77099,HARRIS,0,5,0,0
77301,MONTGOMERY,2,12,1,0
77302,MONTGOMERY,0,1,0,0
77303,MONTGOMERY,0,2,0,0
77304,MONTGOMERY,5,26,0,0
77306,MONTGOMERY,0,1,0,0
77315,COLEMAN,0,1,0,0
77316,MONTGOMERY,0,6,0,0
77318,MONTGOMERY,0,2,0,0
77327,LIBERTY,2,1,0,0
77336,HARRIS,0,1,0,0
77338,HARRIS,6,8,0,0
77339,MONTGOMERY,4,15,0,0
77340,WALKER,1,8,0,0
77346,HARRIS,0,15,0,0
77351,POLK,1,7,0,0
77354,MONTGOMERY,0,6,0,0
77355,MONTGOMERY,0,4,0,0
77356,MONTGOMERY,0,2,0,0
77357,MONTGOMERY,0,5,0,0
77358,WALKER,0,1,0,0
77365,MONTGOMERY,0,7,0,0
77371,SAN JACINTO,0,1,0,0
77373,HARRIS,0,3,0,0
77375,HARRIS,3,18,0,0
77377,HARRIS,0,5,0,0
77378,MONTGOMERY,0,1,0,0
77379,HARRIS,1,9,0,0
77380,MONTGOMERY,2,13,0,0
77381,MONTGOMERY,0,3,0,0
77382,MONTGOMERY,0,6,0,0
77384,MONTGOMERY,7,6,0,0
77385,MONTGOMERY,1,4,0,0
77386,MONTGOMERY,1,12,0,0
77388,HARRIS,0,13,0,0
77389,HARRIS,1,8,0,0
77396,HARRIS,0,2,0,0
77401,HARRIS,2,7,0,0
77406,FORT BEND,0,7,0,0
77407,FORT BEND,1,9,0,0
77414,MATAGORDA,1,6,0,0
77417,FORT BEND,0,1,0,0
77418,AUSTIN,1,5,0,0
77423,WALLER,0,19,0,0
77429,HARRIS,3,9,0,0
77433,HARRIS,1,5,0,0
77434,COLORADO,1,1,0,0
77437,WHARTON,1,3,0,0
77441,FORT BEND,0,4,0,0
77449,HARRIS,0,4,0,0
77450,HARRIS,3,13,0,0
77459,FORT BEND,0,21,0,0
77461,FORT BEND,0,3,0,0
77465,MATAGORDA,1,0,0,0
77469,FORT BEND,2,10,0,0
77471,FORT BEND,0,4,1,0
77474,AUSTIN,0,4,0,0
77477,FORT BEND,1,1,0,0
77478,FORT BEND,3,21,0,0
77479,FORT BEND,7,6,0,0
77480,BRAZORIA,1,2,0,0
77484,WALLER,0,1,0,0
77488,WHARTON,1,4,0,0
77489,FORT BEND,0,9,0,0
77493,HARRIS,0,7,0,0
77494,FORT BEND,2,22,0,0
77498,FORT BEND,1,3,0,0
77502,HARRIS,0,1,0,0
77503,HARRIS,0,5,0,0
77504,HARRIS,2,5,0,0
77505,HARRIS,3,4,0,0
77510,GALVESTON,0,1,0,0
77511,BRAZORIA,0,8,0,0
77514,CHAMBERS,1,0,1,0
77515,BRAZORIA,1,7,1,0
77520,HARRIS,1,3,0,0
77521,HARRIS,4,8,0,0
77523,CHAMBERS,0,1,0,0
77530,HARRIS,1,0,0,0
77531,BRAZORIA,0,2,0,0
77535,LIBERTY,0,4,0,0
77536,HARRIS,0,2,0,0
77539,GALVESTON,0,3,0,0
77545,FORT BEND,0,2,0,0
77546,GALVESTON,0,12,0,0
77550,GALVESTON,1,8,0,0
77551,GALVESTON,0,3,0,0
77554,GALVESTON,0,1,0,0
77555,GALVESTON,1,0,0,0
77562,HARRIS,0,3,0,0
77563,GALVESTON,0,1,0,0
77564,LIBERTY,0,2,0,0
77566,BRAZORIA,1,8,0,0
77568,GALVESTON,0,4,1,0
77571,HARRIS,0,4,0,0
77573,GALVESTON,2,17,0,0
77575,LIBERTY,1,2,0,0
77578,BRAZORIA,0,3,0,0
77581,BRAZORIA,0,6,0,0
77583,FORT BEND,0,2,0,0
77584,BRAZORIA,3,11,0,0
77586,HARRIS,0,1,0,0
77590,GALVESTON,0,2,0,0
77591,GALVESTON,1,13,0,0
77598,HARRIS,9,4,0,0
77604,HARRISON,0,1,0,0
77619,JEFFERSON,1,4,0,0
77625,HARDIN,0,1,1,0
77627,JEFFERSON,1,1,0,0
77630,ORANGE,2,7,1,0
77640,JEFFERSON,1,1,0,0
77642,JEFFERSON,1,3,0,0
77651,JEFFERSON,0,1,0,0
77656,HARDIN,0,5,0,0
77657,HARDIN,1,2,0,0
77662,ORANGE,0,2,0,0
77665,CHAMBERS,1,1,0,0
77701,JEFFERSON,3,2,1,0
77702,JEFFERSON,3,0,0,0
77703,JEFFERSON,0,3,0,0
77705,JEFFERSON,0,0,1,0
77706,JEFFERSON,1,7,0,0
77707,JEFFERSON,3,9,0,0
77708,JEFFERSON,0,1,0,0
77802,BRAZOS,4,13,0,0
77803,BRAZOS,0,1,1,0
77807,BRAZOS,0,2,0,0
77833,WASHINGTON,1,8,0,0
77836,BURLESON,1,4,1,0
77842,BRAZOS,1,0,0,0
77845,BRAZOS,2,11,0,0
77856,ROBERTSON,0,1,0,0
77859,ROBERTSON,0,1,0,0
77864,MADISON,1,6,0,0
77868,GRIMES,1,3,1,0
77901,VICTORIA,4,3,1,0
77904,VICTORIA,3,13,0,0
77905,VICTORIA,0,3,0,0
77954,DEWITT,1,6,1,0
77957,JACKSON,1,3,1,0
77962,JACKSON,0,2,0,0
77963,GOLIAD,0,1,0,0
77964,LAVACA,1,4,1,0
77975,LAVACA,0,1,0,0
77979,CALHOUN,1,4,1,0
77984,LAVACA,0,3,0,0
77995,LAVACA,1,3,0,0
78002,BEXAR,0,2,0,0
78003,BANDERA,0,2,1,0
78006,KENDALL,0,15,1,0
78009,MEDINA,0,2,0,0
78013,KENDALL,0,1,0,0
78014,LA SALLE,0,1,0,0
78016,MEDINA,0,15,0,0
78017,FRIO,1,0,0,0
78022,LIVE OAK,0,1,1,0
78023,BEXAR,0,4,0,0
78026,ATASCOSA,1,4,0,0
78028,KERR,4,16,1,0
78040,WEBB,0,2,1,0
78041,WEBB,5,3,0,0
78043,WEBB,0,1,0,0
78045,WEBB,2,0,0,0
78052,BEXAR,0,4,0,0
78057,FRIO,0,1,0,0
78059,MEDINA,0,2,0,0
78061,FRIO,1,1,0,0
78064,ATASCOSA,0,4,0,0
78065,ATASCOSA,0,1,0,0
78070,COMAL,0,1,0,0
78076,ZAPATA,0,1,1,0
78102,BEE,1,3,1,0
78108,GUADALUPE,0,5,0,0
78109,BEXAR,0,3,0,0
78114,WILSON,1,4,1,0
78118,KARNES,0,1,0,0
78119,KARNES,1,2,0,0
78121,WILSON,0,1,0,0
78130,COMAL,4,14,1,0
78132,COMAL,1,5,0,0
78154,GUADALUPE,1,7,0,0
78155,GUADALUPE,1,14,1,0
78160,WILSON,0,1,0,0
78163,COMAL,0,3,0,0
78164,DEWITT,0,1,0,0
78201,BEXAR,1,4,0,0
78202,BEXAR,0,1,0,0
78205,BEXAR,3,0,1,0
78207,BEXAR,1,2,0,0
78209,BEXAR,1,14,0,0
78210,BEXAR,0,1,0,0
78212,BEXAR,2,5,0,0
78213,BEXAR,0,6,0,0
78214,BEXAR,0,2,0,0
78216,BEXAR,1,6,0,0
78217,BEXAR,1,7,0,0
78218,BEXAR,0,11,0,0
78219,BEXAR,0,3,0,0
78220,BEXAR,0,3,0,0
78221,BEXAR,1,1,0,0
78222,BEXAR,1,3,0,0
78223,BEXAR,2,4,0,0
78224,BEXAR,3,3,0,0
78227,BEXAR,0,3,0,0
78228,BEXAR,0,17,0,0
78229,BEXAR,10,17,0,0
78230,BEXAR,0,4,0,0
78231,BEXAR,0,5,0,0
78232,BEXAR,1,9,0,0
78233,BEXAR,2,6,0,0
78234,BEXAR,2,0,0,0
78235,BEXAR,1,0,0,0
78236,BEXAR,2,0,0,0
78237,BEXAR,1,2,0,0
78238,BEXAR,0,5,0,0
78239,BEXAR,0,14,0,0
78240,BEXAR,6,35,0,0
78242,BEXAR,0,1,0,0
78244,BEXAR,0,1,0,0
78245,BEXAR,0,6,0,0
78247,BEXAR,1,9,0,0
78248,BEXAR,0,1,0,0
78249,BEXAR,4,14,0,0
78250,BEXAR,1,5,0,0
78251,BEXAR,6,8,0,0
78253,BEXAR,0,2,0,0
78254,BEXAR,0,3,0,0
78255,BEXAR,0,10,0,0
78256,BEXAR,0,1,0,0
78257,BEXAR,0,2,0,0
78258,BEXAR,5,17,0,0
78259,BEXAR,2,0,0,0
78261,BEXAR,0,1,0,0
78266,COMAL,0,3,0,0
78332,JIM WELLS,1,8,0,0
78336,SAN PATRICIO,1,0,0,0
78355,BROOKS,0,1,1,0
78361,JIM HOGG,0,1,0,0
78363,KLEBERG,1,2,0,0
78368,SAN PATRICIO,0,1,0,0
78374,SAN PATRICIO,0,2,0,0
78377,REFUGIO,1,2,0,0
78380,NUECES,0,1,0,0
78382,ARANSAS,0,4,0,0
78384,DUVAL,0,1,0,0
78387,SAN PATRICIO,0,0,1,0
78401,NUECES,2,3,0,0
78404,NUECES,3,2,0,0
78405,NUECES,1,6,0,0
78408,NUECES,0,1,0,0
78410,NUECES,1,3,0,0
78411,NUECES,2,2,0,0
78412,NUECES,1,2,0,0
78413,NUECES,1,3,0,0
78414,NUECES,7,10,0,0
78415,NUECES,0,1,0,0
78416,NUECES,0,0,1,0
78465,DENTON,1,0,0,0
78501,HIDALGO,0,8,0,0
78503,HIDALGO,7,3,0,0
78504,HIDALGO,1,0,0,0
78516,HIDALGO,0,1,0,0
78520,CAMERON,2,7,0,0
78521,CAMERON,0,1,0,0
78526,CAMERON,3,1,0,0
78537,HIDALGO,0,4,0,0
78539,HIDALGO,8,10,0,0
78542,HIDALGO,0,0,1,0
78550,CAMERON,5,13,0,0
78551,CAMERON,1,0,0,0
78552,CAMERON,0,2,0,0
78570,HIDALGO,0,1,0,0
78572,HIDALGO,1,6,0,0
78574,HIDALGO,0,1,0,0
78576,HIDALGO,0,1,0,0
78577,HIDALGO,0,3,0,0
78580,WILLACY,0,4,0,0
78582,STARR,1,3,0,0
78586,CAMERON,0,0,1,0
78589,HIDALGO,0,1,0,0
78596,HIDALGO,3,6,0,0
78602,BASTROP,1,6,1,0
78605,BURNET,0,1,0,0
78606,BLANCO,0,1,0,0
78610,HAYS,1,5,0,0
78611,BURNET,1,3,0,0
78613,WILLIAMSON,2,17,0,0
78620,HAYS,0,3,0,0
78621,BASTROP,0,1,0,0
78624,GILLESPIE,1,14,1,0
78626,WILLIAMSON,3,3,1,0
78628,WILLIAMSON,0,8,0,0
78629,GONZALES,1,4,0,0
78633,WILLIAMSON,0,11,0,0
78634,WILLIAMSON,0,1,0,0
78636,BLANCO,0,1,0,0
78639,LLANO,0,2,0,0
78640,HAYS,3,5,0,0
78641,WILLIAMSON,0,5,0,0
78643,LLANO,1,3,0,0
78644,CALDWELL,0,4,1,0
78648,CALDWELL,2,3,0,0
78652,TRAVIS,0,4,0,0
78653,TRAVIS,0,1,0,0
78654,BURNET,1,5,0,0
78655,GUADALUPE,0,1,0,0
78656,CALDWELL,0,3,0,0
78657,LLANO,0,5,0,0
78660,TRAVIS,1,17,0,0
78664,WILLIAMSON,0,7,0,0
78665,WILLIAMSON,4,19,0,0
78666,HAYS,2,10,1,0
78676,HAYS,0,7,0,0
78681,WILLIAMSON,4,7,0,0
78701,TRAVIS,3,0,0,0
78704,TRAVIS,2,2,0,0
78705,TRAVIS,4,0,0,0
78717,WILLIAMSON,2,3,0,0
78722,TRAVIS,0,1,0,0
78723,TRAVIS,1,2,0,0
78724,TRAVIS,0,1,0,0
78727,TRAVIS,0,6,0,0
78729,WILLIAMSON,0,1,0,0
78730,TRAVIS,0,1,0,0
78731,TRAVIS,2,3,0,0
78732,TRAVIS,1,2,0,0
78734,TRAVIS,1,6,0,0
78735,TRAVIS,1,4,0,0
78736,TRAVIS,0,3,0,0
78737,TRAVIS,1,5,0,0
78738,TRAVIS,1,11,0,0
78741,TRAVIS,0,1,0,0
78745,TRAVIS,3,5,0,0
78746,TRAVIS,2,4,0,0
78748,TRAVIS,0,15,0,0
78749,TRAVIS,0,6,0,0
78750,TRAVIS,0,9,0,0
78751,TRAVIS,2,1,0,0
78752,TRAVIS,0,1,0,0
78753,TRAVIS,0,5,0,0
78754,TRAVIS,1,3,0,0
78756,TRAVIS,2,2,1,0
78757,TRAVIS,0,1,0,0
78758,TRAVIS,1,8,0,0
78759,TRAVIS,1,8,0,0
78801,UVALDE,1,7,0,0
78833,REAL,0,1,0,0
78834,DIMMIT,1,1,0,0
78840,VAL VERDE,2,5,0,0
78852,MAVERICK,2,3,0,0
78861,MEDINA,1,1,1,0
78934,COLORADO,1,3,1,0
78941,FAYETTE,0,1,0,0
78942,LEE,0,4,0,0
78944,AUSTIN,0,1,0,0
78945,FAYETTE,1,3,0,0
78956,FAYETTE,0,4,0,0
78957,BASTROP,1,1,0,0
78962,COLORADO,1,2,0,0
79005,LIPSCOMB,0,1,0,0
79007,HUTCHINSON,1,3,0,0
79014,HEMPHILL,1,2,0,0
79015,RANDALL,0,5,0,0
79019,ARMSTRONG,0,3,0,0
79022,HARTLEY,1,3,1,0
79027,CASTRO,1,3,0,0
79029,MOORE,1,3,0,0
79035,PARMER,1,2,0,0
79045,DEAF SMITH,1,1,0,0
79057,GRAY,0,2,0,0
79064,LAMB,0,3,0,0
79065,GRAY,1,4,0,0
79070,OCHILTREE,1,2,0,0
79072,HALE,2,6,1,0
79079,WHEELER,1,1,0,0
79081,HANSFORD,1,1,0,0
79084,SHERMAN,0,1,0,0
79088,SWISHER,1,2,1,0
79095,COLLINGSWORTH,1,2,0,0
79096,WHEELER,1,3,0,0
79101,POTTER,0,3,0,0
79106,POTTER,8,11,0,0
79107,POTTER,0,0,1,0
79109,RANDALL,0,2,0,0
79110,RANDALL,0,3,0,0
79119,RANDALL,1,5,0,0
79121,RANDALL,0,1,0,0
79124,POTTER,5,9,0,0
79201,CHILDRESS,1,2,0,0
79225,HARDEMAN,1,0,0,0
79226,DONLEY,0,3,0,0
79227,FOARD,0,1,0,0
79235,FLOYD,0,1,0,0
79241,FLOYD,1,1,0,0
79244,MOTLEY,0,1,0,0
79245,HALL,0,1,0,0
79252,HARDEMAN,1,1,0,0
79312,LAMB,0,1,0,0
79316,TERRY,1,4,1,0
79322,CROSBY,1,2,0,0
79323,YOAKUM,1,1,1,0
79325,PARMER,0,1,0,0
79329,LUBBOCK,0,1,0,0
79331,DAWSON,1,3,1,0
79336,HOCKLEY,1,5,0,0
79339,LAMB,1,3,0,0
79346,COCHRAN,1,0,0,0
79347,BAILEY,1,1,0,0
79356,GARZA,0,1,0,0
79357,CROSBY,0,1,0,0
79360,GAINES,1,3,0,0
79364,LUBBOCK,0,5,0,0
79373,LYNN,1,1,0,0
79382,LUBBOCK,0,10,0,0
79401,LUBBOCK,1,0,0,0
79403,LUBBOCK,0,1,0,0
79407,LUBBOCK,1,10,0,0
79410,LUBBOCK,4,4,0,0
79411,LUBBOCK,0,1,1,0
79412,LUBBOCK,1,0,0,0
79413,LUBBOCK,0,9,0,0
79414,LUBBOCK,0,2,0,0
79415,LUBBOCK,3,3,0,0
79416,LUBBOCK,2,13,0,0
79423,LUBBOCK,1,7,0,0
79424,LUBBOCK,2,10,0,0
79501,JONES,1,2,0,0
79502,STONEWALL,1,1,0,0
79504,CALLAHAN,0,1,0,0
79510,CALLAHAN,0,1,0,0
79512,MITCHELL,1,2,0,0
79520,JONES,1,1,0,0
79521,HASKELL,1,1,0,0
79528,KENT,0,1,0,0
79529,KNOX,1,1,0,0
79536,TAYLOR,0,1,0,0
79546,FISHER,1,2,0,0
79549,SCURRY,1,5,1,0
79553,JONES,1,4,0,0
79556,NOLAN,1,4,1,0
79567,RUNNELS,1,3,0,0
79601,TAYLOR,2,6,1,0
79602,TAYLOR,1,3,0,0
79603,TAYLOR,0,2,0,0
79605,TAYLOR,0,6,0,0
79606,TAYLOR,2,9,0,0
79701,MIDLAND,1,0,0,0
79703,MIDLAND,0,1,1,0
79705,MIDLAND,0,4,0,0
79706,MIDLAND,2,0,0,0
79707,MIDLAND,1,4,0,0
79714,ANDREWS,1,2,1,0
79720,HOWARD,3,4,1,0
79731,CRANE,1,1,0,0
79735,PECOS,1,1,1,0
79744,PECOS,1,0,0,0
79745,WINKLER,1,0,0,0
79752,UPTON,1,1,0,0
79756,WARD,1,1,0,0
79761,ECTOR,4,0,1,0
79762,ECTOR,0,3,0,0
79763,ECTOR,0,2,0,0
79765,ECTOR,0,4,0,0
79772,REEVES,1,2,0,0
79778,UPTON,1,0,0,0
79782,MARTIN,1,0,0,0
79830,BREWSTER,1,0,1,0
79843,PRESIDIO,0,0,1,0
79855,CULBERSON,1,0,0,0
79902,EL PASO,11,2,0,0
79903,EL PASO,0,3,0,0
79904,EL PASO,0,4,0,0
79905,EL PASO,3,0,1,0
79907,EL PASO,0,2,0,0
79911,EL PASO,1,2,0,0
79912,EL PASO,1,11,0,0
79915,EL PASO,0,4,0,0
79916,EL PASO,1,0,0,0
79918,EL PASO,1,0,0,0
79922,EL PASO,0,1,0,0
79924,EL PASO,0,6,0,0
79925,EL PASO,1,9,0,0
79927,EL PASO,0,2,0,0
79928,EL PASO,1,0,0,0
79930,EL PASO,1,3,0,0
79932,EL PASO,0,2,0,0
79934,EL PASO,1,2,0,0
79935,EL PASO,0,7,0,0
79936,EL PASO,2,10,0,0
79938,EL PASO,3,2,0,0
80002,JEFFERSON,0,4,0,0
80003,JEFFERSON,0,12,0,0
80004,JEFFERSON,0,15,0,0
80005,JEFFERSON,0,3,0,0
80007,JEFFERSON,0,2,0,0
80010,ARAPAHOE,0,4,0,0
80011,ARAPAHOE,5,10,0,0
80012,ARAPAHOE,1,13,0,0
80013,ARAPAHOE,0,10,0,0
80014,ARAPAHOE,0,16,0,0
80015,ARAPAHOE,0,7,0,0
80016,ARAPAHOE,0,8,0,0
80017,ARAPAHOE,0,2,0,0
80020,BROOMFIELD,1,4,1,0
80021,JEFFERSON,1,5,0,0
80022,ADAMS,0,3,0,0
80023,ADAMS,2,2,0,0
80026,BOULDER,1,5,0,0
80027,BOULDER,2,6,0,0
80030,ADAMS,0,5,0,0
80031,ADAMS,0,3,0,0
80033,JEFFERSON,1,19,0,0
80045,ADAMS,5,2,0,0
80103,ARAPAHOE,0,1,0,0
80104,DOUGLAS,0,11,0,0
80107,ELBERT,0,3,0,0
80108,DOUGLAS,0,4,0,0
80109,DOUGLAS,1,9,0,0
80110,ARAPAHOE,0,2,0,0
80111,ARAPAHOE,0,16,1,0
80112,ARAPAHOE,3,8,0,0
80113,ARAPAHOE,2,8,0,0
80117,ELBERT,0,0,1,0
80120,ARAPAHOE,1,6,0,0
80121,ARAPAHOE,0,19,0,0
80122,ARAPAHOE,1,23,0,0
80123,JEFFERSON,1,12,0,0
80124,DOUGLAS,1,1,0,0
80126,DOUGLAS,0,6,0,0
80127,JEFFERSON,0,11,0,0
80128,JEFFERSON,0,22,0,0
80129,DOUGLAS,2,4,0,0
80130,DOUGLAS,1,2,0,0
80132,EL PASO,0,2,0,0
80133,EL PASO,0,1,0,0
80134,DOUGLAS,0,13,0,0
80136,ADAMS,0,1,0,0
80138,DOUGLAS,1,6,0,0
80202,DENVER,0,2,0,0
80203,DENVER,0,3,0,0
80204,DENVER,2,2,1,0
80205,DENVER,0,1,0,0
80206,DENVER,1,4,0,0
80207,DENVER,0,3,0,0
80209,DENVER,0,3,0,0
80210,DENVER,3,6,0,0
80211,DENVER,0,8,0,0
80212,DENVER,0,2,0,0
80214,JEFFERSON,0,21,0,0
80215,JEFFERSON,0,10,0,0
80216,DENVER,0,2,0,0
80218,DENVER,9,3,0,0
80219,DENVER,0,5,0,0
80220,DENVER,2,6,0,0
80221,DENVER,0,1,0,0
80222,ARAPAHOE,0,28,0,0
80224,DENVER,0,5,0,0
80226,JEFFERSON,0,15,0,0
80227,JEFFERSON,0,8,0,0
80228,JEFFERSON,2,5,0,0
80229,ADAMS,3,4,0,0
80230,DENVER,3,2,0,0
80231,ARAPAHOE,0,11,0,0
80232,JEFFERSON,0,8,0,0
80233,ADAMS,1,12,0,0
80234,ADAMS,0,3,0,0
80235,JEFFERSON,0,3,0,0
80236,DENVER,1,6,0,0
80237,DENVER,0,4,0,0
80238,DENVER,1,1,0,0
80239,DENVER,0,4,0,0
80241,ADAMS,0,6,0,0
80246,DENVER,0,3,1,0
80247,DENVER,0,4,0,0
80249,DENVER,0,1,0,0
80260,ADAMS,0,5,0,0
80266,JEFFERSON,0,1,0,0
80301,BOULDER,0,3,0,0
80302,BOULDER,0,3,0,0
80303,BOULDER,1,5,0,0
80304,BOULDER,1,4,1,0
80305,BOULDER,0,2,0,0
80401,JEFFERSON,2,5,1,0
80403,JEFFERSON,0,3,0,0
80422,GILPIN,0,0,1,0
80439,JEFFERSON,0,4,0,0
80440,PARK,0,0,1,0
80443,SUMMIT,1,0,1,0
80446,GRAND,1,0,0,0
80451,GRAND,0,0,1,0
80452,CLEAR CREEK,0,0,1,0
80459,GRAND,1,1,0,0
80461,LAKE,1,0,1,0
80465,JEFFERSON,0,3,0,0
80480,JACKSON,0,0,1,0
80487,ROUTT,1,2,1,0
80501,BOULDER,1,11,0,0
80503,BOULDER,0,6,0,0
80504,BOULDER,1,0,0,0
80513,LARIMER,0,3,0,0
80516,WELD,0,1,0,0
80517,LARIMER,1,2,0,0
80524,LARIMER,1,10,1,0
80525,LARIMER,0,11,0,0
80526,LARIMER,0,6,0,0
80528,LARIMER,1,3,0,0
80534,LARIMER,4,0,0,0
80537,LARIMER,0,13,0,0
80538,LARIMER,2,7,0,0
80550,WELD,0,5,0,0
80601,ADAMS,1,8,0,0
80602,ADAMS,0,1,0,0
80620,WELD,0,5,0,0
80621,WELD,0,4,0,0
80622,WELD,0,1,0,0
80631,WELD,1,7,1,0
80634,WELD,2,15,0,0
80643,WELD,0,3,0,0
80701,MORGAN,1,5,1,0
80720,WASHINGTON,0,1,1,0
80723,MORGAN,1,5,0,0
80731,PHILLIPS,1,0,0,0
80734,PHILLIPS,1,2,1,0
80737,SEDGWICK,1,2,1,0
80751,LOGAN,1,9,1,0
80758,YUMA,1,2,0,0
80759,YUMA,1,2,1,0
80807,KIT CARSON,1,2,1,0
80810,CHEYENNE,1,1,1,0
80813,TELLER,1,1,0,0
80814,TELLER,0,0,1,0
80815,KIT CARSON,0,1,0,0
80817,EL PASO,0,1,0,0
80821,LINCOLN,1,3,1,0
80828,LINCOLN,0,2,0,0
80835,ELBERT,0,1,0,0
80836,KIT CARSON,0,1,0,0
80863,TELLER,1,2,0,0
80901,EL PASO,1,0,0,0
80903,EL PASO,0,3,0,0
80904,EL PASO,0,8,0,0
80905,EL PASO,0,5,0,0
80906,EL PASO,1,15,0,0
80907,EL PASO,1,10,0,0
80908,EL PASO,0,2,0,0
80909,EL PASO,1,18,0,0
80910,EL PASO,1,8,1,0
80911,EL PASO,0,2,0,0
80912,EL PASO,1,0,0,0
80913,EL PASO,2,0,0,0
80914,EL PASO,1,0,0,0
80915,EL PASO,0,5,0,0
80916,EL PASO,0,1,0,0
80917,EL PASO,0,5,0,0
80918,EL PASO,2,4,0,0
80919,EL PASO,0,3,0,0
80920,EL PASO,2,8,0,0
80921,EL PASO,1,4,0,0
80922,EL PASO,0,1,0,0
80923,EL PASO,3,0,0,0
80924,EL PASO,0,3,0,0
80925,EL PASO,0,2,0,0
81001,PUEBLO,0,9,0,0
81003,PUEBLO,2,5,1,0
81004,PUEBLO,1,16,0,0
81005,PUEBLO,0,3,0,0
81007,PUEBLO,1,5,0,0
81008,PUEBLO,0,4,0,0
81036,KIOWA,1,1,1,0
81039,OTERO,0,1,0,0
81047,PROWERS,0,1,0,0
81050,OTERO,1,2,1,0
81052,PROWERS,1,2,1,0
81054,BENT,1,2,1,0
81055,HUERFANO,0,1,0,0
81063,CROWLEY,0,1,0,0
81067,OTERO,0,2,0,0
81073,BACA,1,1,1,0
81082,LAS ANIMAS,1,3,1,0
81089,HUERFANO,1,1,0,0
81090,BACA,0,2,0,0
81101,ALAMOSA,1,3,1,0
81122,LA PLATA,0,1,0,0
81130,MINERAL,0,0,1,0
81132,RIO GRANDE,1,2,1,0
81140,CONEJOS,1,1,1,0
81144,RIO GRANDE,0,3,0,0
81147,ARCHULETA,1,3,0,0
81149,SAGUACHE,0,0,1,0
81152,COSTILLA,0,0,1,0
81201,CHAFFEE,1,1,1,0
81212,FREMONT,1,10,1,0
81226,FREMONT,0,3,0,0
81230,GUNNISON,1,2,1,0
81235,HINSDALE,0,0,1,0
81252,CUSTER,0,1,1,0
81301,LA PLATA,2,5,0,0
81303,LA PLATA,0,1,2,0
81321,MONTEZUMA,1,6,1,0
81323,MONTEZUMA,0,1,0,0
81324,DOLORES,0,0,1,0
81328,MONTEZUMA,0,2,0,0
81401,MONTROSE,1,6,1,0
81416,DELTA,1,4,1,0
81418,DELTA,0,1,0,0
81425,MONTROSE,0,1,0,0
81427,OURAY,0,0,1,0
81428,DELTA,0,1,0,0
81433,SAN JUAN,0,0,1,0
81435,SAN MIGUEL,0,0,1,0
81501,MESA,4,8,0,0
81503,MESA,0,1,0,0
81504,MESA,0,1,1,0
81505,MESA,1,3,0,0
81506,MESA,0,17,0,0
81507,MESA,0,3,0,0
81520,MESA,0,5,0,0
81521,MESA,1,2,0,0
81526,MESA,0,2,0,0
81601,GARFIELD,1,4,0,0
81611,PITKIN,1,1,1,0
81623,GARFIELD,0,3,0,0
81625,MOFFAT,1,2,0,0
81631,EAGLE,0,2,1,0
81635,GARFIELD,0,1,0,0
81639,ROUTT,0,1,0,0
81641,RIO BLANCO,1,1,0,0
81648,RIO BLANCO,1,1,1,0
81650,GARFIELD,1,3,1,0
81657,EAGLE,2,0,0,0
82001,LARAMIE,2,3,1,0
82005,LARAMIE,1,0,0,0
82007,LARAMIE,0,0,1,0
82009,LARAMIE,0,5,1,0
82070,ALBANY,0,0,1,0
82072,ALBANY,1,2,0,0
82201,PLATTE,1,2,1,0
82225,NIOBRARA,1,0,1,0
82240,GOSHEN,2,2,1,0
82301,CARBON,1,1,1,0
82331,CARBON,1,1,0,0
82401,WASHAKIE,1,1,1,0
82410,BIG HORN,1,2,0,0
82414,PARK,1,2,1,0
82426,BIG HORN,0,0,1,0
82431,BIG HORN,1,2,1,0
82435,PARK,1,2,0,0
82443,HOT SPRINGS,1,2,1,0
82501,FREMONT,1,2,1,0
82513,FREMONT,0,1,0,0
82514,FREMONT,0,1,0,0
82520,FREMONT,1,3,1,0
82601,NATRONA,3,6,1,0
82604,NATRONA,0,1,0,0
82609,NATRONA,2,1,0,0
82633,CONVERSE,1,2,1,0
82701,WESTON,1,2,1,0
82716,CAMPBELL,0,2,0,0
82717,CAMPBELL,1,0,0,0
82718,CAMPBELL,0,0,1,0
82729,CROOK,1,2,1,0
82801,SHERIDAN,2,4,1,0
82834,JOHNSON,1,5,1,0
82901,SWEETWATER,2,1,1,0
82902,SWEETWATER,0,1,0,0
82930,UINTA,1,3,1,0
82931,UINTA,1,0,0,0
82935,SWEETWATER,0,2,1,0
82941,SUBLETTE,0,1,1,0
83001,TETON,1,1,1,0
83101,LINCOLN,1,1,1,0
83110,LINCOLN,1,2,1,0
83127,LINCOLN,0,1,0,0
83201,BANNOCK,1,13,1,0
83202,BANNOCK,0,5,0,0
83204,BANNOCK,0,4,0,0
83211,POWER,1,2,0,0
83213,BUTTE,1,0,0,0
83221,BINGHAM,3,10,0,0
83226,CUSTER,0,1,1,0
83234,BANNOCK,0,1,0,0
83246,BANNOCK,0,1,0,0
83252,ONEIDA,1,2,0,0
83254,BEAR LAKE,1,2,0,0
83255,CUSTER,0,1,0,0
83263,FRANKLIN,1,2,0,0
83274,BINGHAM,0,2,0,0
83276,CARIBOU,1,2,0,0
83301,TWIN FALLS,1,23,1,0
83313,BLAINE,0,3,1,0
83316,TWIN FALLS,0,8,0,0
83318,CASSIA,1,6,1,0
83328,TWIN FALLS,0,1,0,0
83330,GOODING,1,3,1,0
83332,GOODING,0,1,0,0
83333,BLAINE,0,1,0,0
83338,JEROME,1,3,1,0
83340,BLAINE,1,0,0,0
83341,TWIN FALLS,0,3,0,0
83350,MINIDOKA,1,3,1,0
83352,LINCOLN,0,2,0,0
83355,GOODING,0,2,0,0
83401,BONNEVILLE,0,7,1,0
83402,BONNEVILLE,0,4,0,0
83404,BONNEVILLE,2,4,0,0
83406,BONNEVILLE,1,4,0,0
83420,FREMONT,0,1,0,0
83422,TETON,1,1,0,0
83440,MADISON,1,5,1,0
83442,JEFFERSON,0,5,1,0
83445,FREMONT,0,1,1,0
83455,TETON,0,1,0,0
83467,LEMHI,1,3,1,0
83501,NEZ PERCE,1,17,1,0
83522,IDAHO,1,1,0,0
83530,IDAHO,1,2,1,0
83536,LEWIS,0,0,1,0
83539,IDAHO,0,1,0,0
83544,CLEARWATER,2,2,1,0
83555,LEWIS,0,2,0,0
83605,CANYON,1,9,1,0
83607,PAYETTE,0,2,0,0
83610,WASHINGTON,0,1,0,0
83611,VALLEY,1,0,0,0
83616,ADA,1,7,0,0
83617,GEM,1,5,1,0
83619,PAYETTE,0,1,0,0
83623,ELMORE,0,1,0,0
83624,ADA,1,0,0,0
83628,OWYHEE,0,1,1,0
83634,ADA,0,1,0,0
83638,VALLEY,1,2,1,0
83642,ADA,2,19,0,0
83644,CANYON,0,2,0,0
83646,ADA,0,8,0,0
83647,ELMORE,1,5,1,0
83648,ELMORE,1,0,0,0
83651,CANYON,0,12,0,0
83660,CANYON,0,1,0,0
83661,PAYETTE,0,4,1,0
83669,ADA,0,3,0,0
83672,WASHINGTON,1,3,1,0
83686,CANYON,0,10,0,0
83687,CANYON,3,4,0,0
83702,ADA,2,7,1,0
83703,ADA,0,6,0,0
83704,ADA,3,16,1,0
83705,ADA,0,9,0,0
83706,ADA,2,8,0,0
83709,ADA,2,7,0,0
83710,ADA,0,1,0,0
83712,ADA,1,2,0,0
83713,ADA,0,6,0,0
83714,ADA,0,5,0,0
83716,ADA,0,4,0,0
83805,BOUNDARY,1,4,1,0
83814,KOOTENAI,1,11,0,0
83815,KOOTENAI,0,7,0,0
83835,KOOTENAI,0,10,1,0
83837,SHOSHONE,1,1,1,0
83840,BONNER,0,1,0,0
83843,LATAH,1,4,1,0
83850,SHOSHONE,0,1,0,0
83854,KOOTENAI,3,6,0,0
83858,KOOTENAI,0,1,0,0
83861,BENEWAH,1,1,1,0
83864,BONNER,1,7,1,0
83867,SHOSHONE,0,2,0,0
83869,KOOTENAI,0,2,0,0
84003,UTAH,1,14,0,0
84004,UTAH,0,1,0,0
84010,DAVIS,3,13,0,0
84014,DAVIS,0,2,0,0
84015,DAVIS,0,6,0,0
84017,SUMMIT,0,1,1,0
84020,SALT LAKE,1,7,0,0
84025,DAVIS,0,5,1,0
84029,TOOELE,0,1,0,0
84032,WASATCH,1,4,1,0
84036,SUMMIT,0,1,1,0
84037,DAVIS,0,4,0,0
84040,DAVIS,0,2,0,0
84041,DAVIS,2,10,0,0
84042,UTAH,0,3,0,0
84043,UTAH,2,9,0,0
84044,SALT LAKE,0,1,0,0
84047,SALT LAKE,1,3,0,0
84050,MORGAN,0,2,0,0
84055,SUMMIT,0,1,0,0
84056,DAVIS,1,0,0,0
84057,UTAH,3,11,0,0
84058,UTAH,0,3,0,0
84059,FERGUS,0,1,0,0
84060,SUMMIT,1,0,0,0
84062,UTAH,0,7,0,0
84064,RICH,0,0,1,0
84065,SALT LAKE,1,8,0,0
84066,DUCHESNE,2,4,0,0
84067,WEBER,0,3,0,0
84070,SALT LAKE,0,8,0,0
84074,TOOELE,1,4,1,0
84075,DAVIS,1,2,0,0
84078,UINTAH,1,6,1,0
84081,SALT LAKE,1,1,0,0
84084,SALT LAKE,0,1,0,0
84087,DAVIS,1,2,0,0
84088,SALT LAKE,1,6,0,0
84092,SALT LAKE,0,5,0,0
84093,SALT LAKE,0,4,0,0
84094,SALT LAKE,2,1,0,0
84095,SALT LAKE,1,17,0,0
84096,SALT LAKE,0,3,0,0
84097,UTAH,1,5,0,0
84098,SUMMIT,0,2,1,0
84102,SALT LAKE,1,5,0,0
84103,SALT LAKE,1,0,0,0
84104,SALT LAKE,0,2,0,0
84105,SALT LAKE,0,1,0,0
84106,SALT LAKE,1,6,0,0
84107,SALT LAKE,3,10,0,0
84108,SALT LAKE,2,0,0,0
84109,SALT LAKE,0,5,0,0
84113,SALT LAKE,1,2,0,0
84115,SALT LAKE,1,8,1,0
84116,SALT LAKE,0,0,1,0
84117,SALT LAKE,1,11,0,0
84118,SALT LAKE,0,3,0,0
84119,SALT LAKE,0,3,0,0
84120,SALT LAKE,1,3,0,0
84121,SALT LAKE,0,8,0,0
84123,SALT LAKE,0,6,0,0
84124,SALT LAKE,1,5,0,0
84129,SALT LAKE,0,6,0,0
84132,SALT LAKE,1,0,0,0
84143,SALT LAKE,1,0,0,0
84148,SALT LAKE,1,0,0,0
84302,BOX ELDER,1,10,1,0
84310,WEBER,0,1,0,0
84317,WEBER,0,1,0,0
84318,CACHE,0,2,0,0
84319,CACHE,0,1,0,0
84321,CACHE,0,4,0,0
84332,CACHE,0,1,0,0
84335,CACHE,0,1,0,0
84337,BOX ELDER,1,3,0,0
84341,CACHE,2,7,1,0
84401,WEBER,0,6,1,0
84403,WEBER,2,8,0,0
84404,WEBER,0,11,0,0
84405,WEBER,1,11,0,0
84414,WEBER,0,2,0,0
84501,CARBON,1,7,1,0
84511,SAN JUAN,1,4,1,0
84513,EMERY,0,2,1,0
84520,CARBON,0,1,0,0
84521,EMERY,0,1,0,0
84523,EMERY,0,1,0,0
84526,CARBON,0,1,0,0
84532,GRAND,1,1,1,0
84535,SAN JUAN,1,0,1,0
84601,UTAH,0,4,1,0
84604,UTAH,2,8,0,0
84605,UTAH,1,1,0,0
84606,UTAH,0,1,0,0
84622,SANPETE,0,1,0,0
84624,MILLARD,1,2,1,0
84627,SANPETE,0,2,0,0
84631,MILLARD,1,0,1,0
84634,SANPETE,1,0,0,0
84639,JUAB,0,1,0,0
84642,SANPETE,0,0,1,0
84647,SANPETE,1,4,1,0
84648,JUAB,1,7,1,0
84651,UTAH,1,8,0,0
84653,UTAH,0,2,0,0
84654,SEVIER,0,1,0,0
84655,UTAH,0,2,0,0
84660,UTAH,1,8,0,0
84662,SANPETE,0,1,0,0
84663,UTAH,0,6,0,0
84664,UTAH,0,1,0,0
84701,SEVIER,1,8,1,0
84711,SEVIER,0,1,0,0
84713,BEAVER,1,1,1,0
84720,IRON,0,6,0,0
84721,IRON,1,4,1,0
84723,PIUTE,0,1,0,0
84725,WASHINGTON,0,1,0,0
84726,GARFIELD,0,1,0,0
84737,WASHINGTON,0,9,0,0
84738,WASHINGTON,0,1,0,0
84740,PIUTE,0,0,1,0
84741,KANE,1,2,1,0
84747,WAYNE,0,0,1,0
84751,BEAVER,1,0,0,0
84754,SEVIER,0,1,0,0
84759,GARFIELD,1,1,1,0
84770,WASHINGTON,2,18,1,0
84780,WASHINGTON,0,7,0,0
84790,WASHINGTON,1,14,0,0
85006,MARICOPA,9,4,0,0
85007,MARICOPA,2,0,1,0
85008,MARICOPA,4,8,0,0
85009,MARICOPA,0,1,0,0
85012,MARICOPA,4,8,1,0
85013,MARICOPA,3,10,0,0
85014,MARICOPA,0,10,0,0
85015,MARICOPA,2,7,0,0
85016,MARICOPA,4,11,0,0
85017,MARICOPA,0,5,0,0
85018,MARICOPA,1,21,0,0
85019,MARICOPA,0,3,0,0
85020,MARICOPA,1,14,0,0
85021,MARICOPA,0,15,0,0
85022,MARICOPA,0,25,0,0
85023,MARICOPA,0,18,0,0
85024,MARICOPA,0,10,0,0
85027,MARICOPA,2,18,0,0
85028,MARICOPA,0,18,0,0
85029,MARICOPA,0,27,0,0
85031,MARICOPA,1,1,0,0
85032,MARICOPA,1,46,0,0
85033,MARICOPA,0,5,0,0
85035,MARICOPA,0,2,0,0
85037,MARICOPA,1,9,0,0
85040,MARICOPA,0,5,0,0
85041,MARICOPA,0,7,0,0
85042,MARICOPA,0,10,0,0
85043,MARICOPA,0,8,0,0
85044,MARICOPA,0,20,0,0
85048,MARICOPA,0,9,0,0
85050,MARICOPA,0,13,0,0
85051,MARICOPA,0,16,0,0
85053,MARICOPA,0,22,0,0
85054,MARICOPA,3,2,0,0
85083,MARICOPA,0,15,0,0
85085,MARICOPA,1,28,0,0
85086,MARICOPA,0,19,0,0
85087,MARICOPA,0,1,0,0
85118,PINAL,0,1,0,0
85119,PINAL,0,4,0,0
85120,PINAL,1,10,0,0
85122,PINAL,1,15,0,0
85128,PINAL,0,7,0,0
85132,PINAL,1,2,0,0
85138,PINAL,0,11,0,0
85139,PINAL,1,4,0,0
85140,PINAL,1,9,0,0
85142,MARICOPA,0,22,0,0
85143,PINAL,0,8,0,0
85147,PINAL,1,1,0,0
85194,PINAL,0,1,0,0
85201,MARICOPA,0,16,0,0
85202,MARICOPA,1,13,0,0
85203,MARICOPA,1,18,0,0
85204,MARICOPA,0,12,0,0
85205,MARICOPA,0,17,0,0
85206,MARICOPA,6,29,0,0
85207,MARICOPA,0,32,0,0
85208,MARICOPA,0,21,0,0
85209,MARICOPA,1,24,0,0
85210,MARICOPA,1,6,0,0
85212,MARICOPA,1,36,0,0
85213,MARICOPA,0,27,0,0
85215,MARICOPA,0,7,0,0
85218,PINAL,0,1,0,0
85220,PINAL,0,1,0,0
85224,MARICOPA,3,45,0,0
85225,MARICOPA,1,36,0,0
85226,MARICOPA,0,26,0,0
85232,PINAL,0,0,1,0
85233,MARICOPA,0,10,0,0
85234,MARICOPA,1,20,0,0
85236,MARICOPA,0,1,0,0
85242,MARICOPA,0,2,0,0
85247,PINAL,1,1,0,0
85248,MARICOPA,1,17,0,0
85249,MARICOPA,0,45,0,0
85250,MARICOPA,0,6,0,0
85251,MARICOPA,3,16,0,0
85253,MARICOPA,0,20,0,0
85254,MARICOPA,0,96,0,0
85255,MARICOPA,3,17,0,0
85257,MARICOPA,0,13,0,0
85258,MARICOPA,2,9,0,0
85259,MARICOPA,0,10,0,0
85260,MARICOPA,2,45,0,0
85262,MARICOPA,0,1,0,0
85266,MARICOPA,0,5,0,0
85268,MARICOPA,0,14,0,0
85281,MARICOPA,1,6,0,0
85282,MARICOPA,0,15,0,0
85283,MARICOPA,1,13,0,0
85284,MARICOPA,0,10,0,0
85286,MARICOPA,2,25,0,0
85295,MARICOPA,2,14,0,0
85296,MARICOPA,0,18,0,0
85297,MARICOPA,3,14,0,0
85298,MARICOPA,0,16,0,0
85301,MARICOPA,1,4,0,0
85302,MARICOPA,1,12,0,0
85303,MARICOPA,0,6,0,0
85304,MARICOPA,1,23,0,0
85305,MARICOPA,0,8,0,0
85306,MARICOPA,1,31,0,0
85307,MARICOPA,1,1,0,0
85308,MARICOPA,2,62,0,0
85309,MARICOPA,1,0,0,0
85310,MARICOPA,0,25,0,0
85323,MARICOPA,0,12,0,0
85326,MARICOPA,0,10,0,0
85331,MARICOPA,1,2,0,0
85335,MARICOPA,0,4,0,0
85338,MARICOPA,1,14,0,0
85339,MARICOPA,1,10,0,0
85340,MARICOPA,0,8,0,0
85344,LA PAZ,2,0,1,0
85345,MARICOPA,1,28,0,0
85349,YUMA,0,2,0,0
85351,MARICOPA,1,6,0,0
85353,MARICOPA,0,2,0,0
85355,MARICOPA,0,4,0,0
85361,MARICOPA,0,1,0,0
85363,MARICOPA,0,10,0,0
85364,YUMA,3,16,1,0
85365,YUMA,1,4,0,0
85367,YUMA,0,5,0,0
85373,MARICOPA,0,8,0,0
85374,MARICOPA,2,39,0,0
85375,MARICOPA,1,9,0,0
85377,MARICOPA,0,3,0,0
85378,MARICOPA,3,2,0,0
85379,MARICOPA,0,66,0,0
85381,MARICOPA,2,25,0,0
85382,MARICOPA,0,40,0,0
85383,MARICOPA,0,58,0,0
85387,MARICOPA,0,12,0,0
85388,MARICOPA,0,33,0,0
85390,MARICOPA,1,1,0,0
85392,MARICOPA,2,13,0,0
85395,MARICOPA,1,30,0,0
85501,GILA,1,10,1,0
85533,GREENLEE,0,0,1,0
85541,GILA,1,9,0,0
85542,GRAHAM,1,0,0,0
85546,GRAHAM,1,3,1,0
85550,GILA,1,0,0,0
85552,GRAHAM,0,1,0,0
85602,COCHISE,1,1,0,0
85603,COCHISE,1,0,1,0
85607,COCHISE,2,4,0,0
85613,COCHISE,2,0,0,0
85614,PIMA,1,20,0,0
85615,COCHISE,0,1,0,0
85617,COCHISE,0,1,0,0
85621,SANTA CRUZ,1,3,1,0
85625,COCHISE,0,1,0,0
85629,PIMA,1,5,0,0
85631,PINAL,0,1,0,0
85634,PIMA,3,1,0,0
85635,COCHISE,1,12,0,0
85643,COCHISE,1,0,0,0
85648,SANTA CRUZ,0,2,0,0
85650,COCHISE,0,3,0,0
85658,PIMA,0,1,0,0
85704,PIMA,2,71,0,0
85705,PIMA,0,13,0,0
85706,PIMA,0,4,0,0
85707,PIMA,2,0,0,0
85710,PIMA,1,48,0,0
85711,PIMA,3,54,0,0
85712,PIMA,6,39,0,0
85713,PIMA,2,9,0,0
85714,PIMA,0,3,1,0
85715,PIMA,0,11,0,0
85716,PIMA,0,6,0,0
85718,PIMA,0,20,0,0
85719,PIMA,0,5,0,0
85723,PIMA,1,0,0,0
85724,PIMA,2,0,0,0
85730,PIMA,0,15,0,0
85735,PIMA,0,2,0,0
85737,PIMA,0,2,0,0
85739,PIMA,1,3,0,0
85741,PIMA,3,16,0,0
85742,PIMA,1,8,0,0
85743,PIMA,0,11,0,0
85745,PIMA,1,14,0,0
85746,PIMA,0,2,0,0
85747,PIMA,1,1,0,0
85748,PIMA,1,13,0,0
85749,PIMA,0,6,0,0
85750,PIMA,0,7,0,0
85755,PIMA,1,6,0,0
85757,PIMA,0,3,0,0
85901,NAVAJO,1,3,0,0
85925,APACHE,0,1,0,0
85929,NAVAJO,1,3,0,0
85936,APACHE,0,1,1,0
85937,NAVAJO,0,3,0,0
85938,APACHE,1,0,0,0
85940,APACHE,0,2,0,0
85941,NAVAJO,3,0,0,0
86001,COCONINO,2,9,0,0
86004,COCONINO,1,7,1,0
86005,COCONINO,0,1,0,0
86025,NAVAJO,0,1,1,0
86040,COCONINO,1,2,0,0
86042,NAVAJO,3,0,0,0
86045,COCONINO,2,1,0,0
86047,NAVAJO,2,1,0,0
86301,YAVAPAI,2,12,0,0
86303,YAVAPAI,0,3,0,0
86305,YAVAPAI,0,16,1,0
86313,YAVAPAI,2,0,0,0
86314,YAVAPAI,3,14,0,0
86315,YAVAPAI,0,4,0,0
86322,YAVAPAI,0,5,0,0
86323,YAVAPAI,0,2,0,0
86324,YAVAPAI,0,3,0,0
86325,YAVAPAI,0,3,0,0
86326,YAVAPAI,1,14,0,0
86327,YAVAPAI,0,1,0,0
86334,YAVAPAI,0,1,0,0
86335,YAVAPAI,0,1,0,0
86336,YAVAPAI,1,0,0,0
86351,YAVAPAI,0,3,0,0
86401,MOHAVE,0,10,1,0
86403,MOHAVE,1,5,0,0
86404,MOHAVE,0,5,0,0
86406,MOHAVE,0,12,0,0
86409,MOHAVE,2,3,0,0
86426,MOHAVE,1,1,0,0
86429,MOHAVE,1,1,0,0
86442,MOHAVE,2,5,0,0
86503,APACHE,2,2,0,0
86504,APACHE,2,0,0,0
86505,APACHE,3,0,0,0
87002,VALENCIA,0,1,1,0
87004,SANDOVAL,0,2,1,0
87007,CIBOLA,0,1,0,0
87013,SANDOVAL,0,0,1,0
87015,SANTA FE,0,2,0,0
87016,TORRANCE,0,0,1,0
87020,CIBOLA,1,1,1,0
87022,BERNALILLO,0,1,0,0
87031,VALENCIA,0,8,1,0
87035,TORRANCE,0,0,1,0
87049,CIBOLA,1,0,0,0
87068,VALENCIA,0,2,0,0
87102,BERNALILLO,7,3,0,0
87104,BERNALILLO,0,1,0,0
87105,BERNALILLO,1,9,1,0
87106,BERNALILLO,5,3,1,0
87107,BERNALILLO,0,8,1,0
87108,BERNALILLO,5,8,1,0
87109,BERNALILLO,4,17,1,0
87110,BERNALILLO,1,18,0,0
87111,BERNALILLO,0,30,0,0
87112,BERNALILLO,0,13,0,0
87113,BERNALILLO,0,11,0,0
87114,BERNALILLO,2,14,0,0
87120,BERNALILLO,1,17,1,0
87121,BERNALILLO,0,2,1,0
87122,BERNALILLO,1,2,0,0
87123,BERNALILLO,0,11,0,0
87124,SANDOVAL,2,30,0,0
87144,SANDOVAL,1,5,0,0
87301,MCKINLEY,2,11,1,0
87313,MCKINLEY,2,0,0,0
87321,MCKINLEY,0,1,0,0
87327,MCKINLEY,1,0,0,0
87401,SAN JUAN,3,12,1,0
87402,SAN JUAN,1,0,0,0
87410,SAN JUAN,0,3,0,0
87413,SAN JUAN,0,1,1,0
87420,SAN JUAN,2,0,0,0
87501,SANTA FE,1,3,0,0
87505,SANTA FE,3,9,2,0
87507,SANTA FE,1,5,0,0
87532,RIO ARRIBA,1,0,0,0
87544,LOS ALAMOS,1,4,1,0
87571,TAOS,1,3,1,0
87575,RIO ARRIBA,0,0,1,0
87701,SAN MIGUEL,2,3,1,0
87711,GUADALUPE,0,1,0,0
87732,MORA,0,0,1,0
87740,COLFAX,1,4,1,0
87747,COLFAX,0,1,0,0
87801,SOCORRO,1,2,1,0
87830,CATRON,0,0,1,0
87901,SIERRA,1,4,1,0
87937,DOÑA ANA,0,1,0,0
88001,DOÑA ANA,1,6,1,0
88002,DOÑA ANA,1,0,0,0
88005,DOÑA ANA,0,6,0,0
88007,DONA ANA,0,0,1,0
88008,DOÑA ANA,1,0,0,0
88011,DOÑA ANA,5,13,0,0
88012,DOÑA ANA,1,1,1,0
88026,GRANT,0,2,0,0
88030,LUNA,1,2,1,0
88031,LUNA,0,1,0,0
88045,HIDALGO,0,0,1,0
88061,GRANT,1,3,1,0
88063,DONA ANA,0,0,1,0
88081,DONA ANA,0,0,1,0
88101,CURRY,2,6,1,0
88103,CURRY,1,0,1,0
88119,DE BACA,0,0,1,0
88130,ROOSEVELT,1,3,1,0
88201,CHAVES,2,5,0,0
88203,CHAVES,1,3,2,0
88210,EDDY,1,2,1,0
88220,EDDY,1,6,1,0
88230,CHAVES,0,0,1,0
88240,LEA,1,4,1,0
88242,LEA,0,1,0,0
88260,LEA,1,2,1,0
88310,OTERO,2,5,1,0
88330,OTERO,1,0,0,0
88340,OTERO,1,2,0,0
88345,LINCOLN,2,1,1,0
88352,OTERO,0,0,1,0
88401,QUAY,2,1,1,0
88415,UNION,1,1,1,0
88426,QUAY,0,1,0,0
88435,GUADALUPE,1,1,1,0
89002,CLARK,0,3,0,0
89005,CLARK,1,5,0,0
89008,LINCOLN,1,1,1,0
89011,CLARK,2,2,0,0
89012,CLARK,0,6,0,0
89014,CLARK,0,4,0,0
89015,CLARK,1,6,0,0
89027,CLARK,1,4,0,0
89030,CLARK,1,4,0,0
89031,CLARK,0,3,0,0
89032,CLARK,1,2,0,0
89041,NYE,0,1,0,0
89048,NYE,1,4,0,0
89049,NYE,1,0,0,0
89052,CLARK,6,10,0,0
89060,NYE,0,1,1,0
89074,CLARK,0,5,0,0
89081,CLARK,0,1,0,0
89084,CLARK,0,2,0,0
89086,CLARK,2,0,0,0
89101,CLARK,0,1,0,0
89102,CLARK,3,7,0,0
89103,CLARK,3,11,0,0
89104,CLARK,0,11,0,0
89106,CLARK,2,4,1,0
89107,CLARK,0,7,0,0
89108,CLARK,0,17,0,0
89109,CLARK,3,4,0,0
89110,CLARK,0,5,0,0
89113,CLARK,1,6,0,0
89115,CLARK,0,2,0,0
89117,CLARK,1,22,0,0
89118,CLARK,1,6,0,0
89119,CLARK,3,14,0,0
89120,CLARK,0,11,0,0
89121,CLARK,1,30,0,0
89122,CLARK,0,1,0,0
89123,CLARK,1,18,0,0
89128,CLARK,2,7,0,0
89129,CLARK,0,13,0,0
89130,CLARK,0,6,0,0
89131,CLARK,0,5,0,0
89134,CLARK,0,2,0,0
89135,CLARK,0,5,0,0
89138,CLARK,0,2,0,0
89139,CLARK,1,1,0,0
89141,CLARK,0,1,0,0
89143,CLARK,0,1,0,0
89144,CLARK,1,1,0,0
89145,CLARK,0,7,0,0
89146,CLARK,4,15,0,0
89147,CLARK,1,12,0,0
89148,CLARK,3,3,0,0
89149,CLARK,2,13,0,0
89156,CLARK,0,2,0,0
89169,CLARK,0,7,0,0
89178,CLARK,0,2,0,0
89179,CLARK,0,1,0,0
89183,CLARK,0,6,0,0
89191,CLARK,1,0,0,0
89301,WHITE PINE,1,1,1,0
89403,LYON,0,0,1,0
89406,CHURCHILL,1,3,1,0
89408,LYON,0,2,1,0
89410,DOUGLAS,1,2,1,0
89415,MINERAL,1,1,1,0
89419,PERSHING,1,2,0,0
89423,DOUGLAS,1,0,0,0
89429,LYON,1,0,1,0
89431,WASHOE,2,6,0,0
89434,WASHOE,3,8,0,0
89436,WASHOE,0,8,0,0
89441,WASHOE,0,1,0,0
89445,HUMBOLDT,1,2,1,0
89447,LYON,1,2,1,0
89451,WASHOE,1,0,0,0
89460,DOUGLAS,0,1,0,0
89502,WASHOE,4,8,0,0
89503,WASHOE,2,20,0,0
89506,WASHOE,0,10,0,0
89509,WASHOE,0,9,0,0
89511,WASHOE,2,8,0,0
89512,WASHOE,1,9,1,0
89521,WASHOE,2,10,0,0
89523,WASHOE,0,10,0,0
89701,CARSON (CITY),0,5,0,0
89703,CARSON (CITY),3,7,0,0
89706,CARSON CITY,0,1,2,0
89801,ELKO,1,2,0,0
89820,LANDER,1,1,1,0
89832,ELKO,1,0,0,0
90001,,0,0,0,5
90002,,0,0,0,2
90003,,0,0,0,1
90004,LOS ANGELES,0,2,0,6
90005,LOS ANGELES,0,1,0,4
90006,LOS ANGELES,0,6,0,20
90007,,0,0,0,5
90008,LOS ANGELES,0,1,0,5
90010,,0,0,0,3
90011,LOS ANGELES,1,2,0,5
90012,LOS ANGELES,3,0,1,15
90013,,0,0,0,4
90014,,0,0,0,3
90015,LOS ANGELES,1,1,0,8
90016,LOS ANGELES,0,3,0,7
90017,LOS ANGELES,1,2,0,9
90018,LOS ANGELES,1,8,0,1
90019,LOS ANGELES,0,7,0,6
90020,LOS ANGELES,1,0,0,14
90021,,0,0,0,1
90022,,0,0,0,17
90023,LOS ANGELES,2,3,0,7
90024,LOS ANGELES,0,2,0,10
90025,LOS ANGELES,0,2,0,11
90026,LOS ANGELES,4,3,0,7
90027,LOS ANGELES,4,2,0,23
90028,LOS ANGELES,1,2,0,8
90029,LOS ANGELES,0,7,0,9
90031,LOS ANGELES,0,1,0,4
90032,LOS ANGELES,0,2,0,2
90033,LOS ANGELES,7,6,0,13
90034,LOS ANGELES,1,5,0,8
90035,LOS ANGELES,0,7,0,12
90036,LOS ANGELES,2,4,0,11
90037,LOS ANGELES,0,5,0,6
90038,LOS ANGELES,0,2,0,7
90039,LOS ANGELES,0,2,0,3
90041,LOS ANGELES,0,4,0,7
90042,LOS ANGELES,0,2,0,4
90043,LOS ANGELES,0,2,0,3
90044,LOS ANGELES,0,3,0,2
90045,LOS ANGELES,0,1,0,5
90046,LOS ANGELES,0,10,0,11
90047,,0,0,0,4
90048,LOS ANGELES,2,7,0,12
90049,LOS ANGELES,0,2,0,5
90056,LOS ANGELES,1,0,0,1
90057,LOS ANGELES,1,8,0,11
90058,LOS ANGELES,0,0,1,0
90059,LOS ANGELES,1,1,0,2
90061,LOS ANGELES,0,2,0,1
90062,,0,0,0,1
90063,,0,0,0,1
90064,LOS ANGELES,0,2,0,9
90065,LOS ANGELES,0,2,0,3
90066,LOS ANGELES,0,8,0,5
90067,LOS ANGELES,1,0,0,3
90068,LOS ANGELES,0,1,0,0
90069,,0,0,0,7
90071,,0,0,0,1
90073,LOS ANGELES,1,0,0,0
90077,,0,0,0,1
90089,LOS ANGELES,1,0,0,4
90094,LOS ANGELES,0,2,0,1
90095,LOS ANGELES,2,0,0,4
90201,LOS ANGELES,0,3,0,10
90210,LOS ANGELES,0,1,0,11
90211,LOS ANGELES,0,1,0,13
90212,,0,0,0,5
90220,,0,0,0,5
90221,LOS ANGELES,0,1,0,3
90222,LOS ANGELES,0,1,0,1
90230,LOS ANGELES,0,3,0,10
90232,LOS ANGELES,4,3,0,4
90240,LOS ANGELES,0,1,0,1
90241,LOS ANGELES,1,4,0,13
90242,LOS ANGELES,2,4,0,7
90245,LOS ANGELES,1,0,0,4
90247,LOS ANGELES,2,7,0,10
90248,LOS ANGELES,0,1,0,3
90249,LOS ANGELES,0,1,0,5
90250,LOS ANGELES,1,5,0,11
90254,LOS ANGELES,0,1,0,2
90255,LOS ANGELES,1,1,0,14
90260,LOS ANGELES,0,1,0,4
90262,LOS ANGELES,2,7,0,7
90265,,0,0,0,3
90266,,0,0,0,5
90270,LOS ANGELES,0,1,0,2
90272,LOS ANGELES,0,2,0,5
90274,LOS ANGELES,0,3,0,5
90275,LOS ANGELES,0,3,0,2
90277,LOS ANGELES,0,2,0,7
90278,LOS ANGELES,0,1,0,7
90280,LOS ANGELES,0,1,0,13
90291,,0,0,0,4
90292,LOS ANGELES,2,0,0,7
90293,LOS ANGELES,0,1,0,1
90301,LOS ANGELES,1,5,0,8
90302,LOS ANGELES,0,2,0,0
90303,,0,0,0,4
90304,,0,0,0,2
90401,LOS ANGELES,0,1,0,6
90402,LOS ANGELES,0,1,0,1
90403,LOS ANGELES,0,4,0,7
90404,LOS ANGELES,2,11,0,9
90405,LOS ANGELES,0,3,0,5
90501,LOS ANGELES,0,3,0,6
90502,LOS ANGELES,3,6,0,5
90503,LOS ANGELES,2,7,0,9
90504,,0,0,0,3
90505,LOS ANGELES,3,8,0,20
90601,LOS ANGELES,0,1,0,4
90602,LOS ANGELES,1,5,0,5
90603,LOS ANGELES,0,3,0,5
90604,LOS ANGELES,0,2,0,2
90605,LOS ANGELES,1,4,0,2
90606,LOS ANGELES,0,2,0,3
90620,ORANGE,0,3,0,0
90621,ORANGE,0,1,0,0
90623,ORANGE,2,1,0,0
90631,ORANGE,0,6,0,0
90638,LOS ANGELES,1,2,0,10
90640,LOS ANGELES,2,3,0,12
90650,LOS ANGELES,3,12,0,14
90660,LOS ANGELES,0,4,0,11
90670,,0,0,0,4
90680,ORANGE,0,5,0,0
90701,LOS ANGELES,0,4,0,6
90703,LOS ANGELES,1,2,0,12
90704,LOS ANGELES,1,1,0,1
90706,LOS ANGELES,2,8,0,12
90710,LOS ANGELES,1,0,0,4
90712,LOS ANGELES,1,0,0,8
90713,,0,0,0,6
90715,,0,0,0,1
90716,LOS ANGELES,1,0,0,1
90717,LOS ANGELES,0,3,0,3
90720,ORANGE,1,3,0,0
90723,LOS ANGELES,1,3,0,8
90731,LOS ANGELES,1,1,0,7
90732,LOS ANGELES,7,5,0,5
90740,ORANGE,0,2,0,0
90744,,0,0,0,5
90745,LOS ANGELES,0,2,0,7
90746,,0,0,0,3
90755,LOS ANGELES,0,1,0,3
90802,LOS ANGELES,0,4,0,6
90803,LOS ANGELES,0,2,0,5
90804,LOS ANGELES,2,9,0,7
90805,LOS ANGELES,1,4,0,5
90806,LOS ANGELES,6,7,0,10
90807,LOS ANGELES,0,8,0,8
90808,LOS ANGELES,0,1,0,7
90810,LOS ANGELES,0,1,0,0
90813,LOS ANGELES,3,5,0,11
90814,LOS ANGELES,0,2,0,1
90815,LOS ANGELES,0,2,1,7
90822,LOS ANGELES,2,0,0,0
91001,LOS ANGELES,0,5,0,3
91006,,0,0,0,5
91007,LOS ANGELES,1,7,0,8
91010,LOS ANGELES,1,9,0,5
91011,,0,0,0,4
91016,LOS ANGELES,1,6,0,4
91020,LOS ANGELES,0,3,0,3
91024,LOS ANGELES,0,4,0,1
91030,LOS ANGELES,0,2,0,4
91040,LOS ANGELES,0,3,0,4
91042,LOS ANGELES,0,6,0,9
91101,LOS ANGELES,0,5,0,6
91103,LOS ANGELES,0,11,1,4
91104,LOS ANGELES,0,5,0,7
91105,LOS ANGELES,2,5,0,7
91106,LOS ANGELES,0,3,0,4
91107,LOS ANGELES,1,4,0,10
91108,,0,0,0,2
91201,LOS ANGELES,0,2,0,9
91202,LOS ANGELES,0,1,0,8
91203,,0,0,0,8
91204,LOS ANGELES,2,9,0,14
91205,LOS ANGELES,0,12,0,21
91206,LOS ANGELES,2,4,0,11
91207,LOS ANGELES,0,1,0,2
91208,LOS ANGELES,2,1,0,3
91210,,0,0,0,1
91214,LOS ANGELES,0,2,0,5
91301,LOS ANGELES,0,4,0,4
91302,LOS ANGELES,0,1,0,6
91303,LOS ANGELES,0,1,0,7
91304,LOS ANGELES,0,5,0,2
91306,LOS ANGELES,0,3,0,6
91307,LOS ANGELES,1,10,0,12
91311,LOS ANGELES,0,3,0,3
91316,,0,0,0,10
91320,VENTURA,0,2,0,0
91321,LOS ANGELES,0,3,0,6
91324,LOS ANGELES,0,2,0,10
91325,LOS ANGELES,2,6,0,9
91326,,0,0,0,5
91330,,0,0,0,1
91331,LOS ANGELES,0,2,0,9
91335,LOS ANGELES,1,12,0,13
91340,LOS ANGELES,0,1,0,9
91342,LOS ANGELES,2,9,0,5
91343,LOS ANGELES,1,1,0,8
91344,LOS ANGELES,0,5,0,13
91345,LOS ANGELES,1,3,0,7
91350,LOS ANGELES,0,1,0,6
91351,,0,0,0,5
91352,LOS ANGELES,2,5,0,4
91354,LOS ANGELES,0,1,0,3
91355,LOS ANGELES,2,2,0,13
91356,LOS ANGELES,2,5,0,18
91360,VENTURA,1,10,0,0
91361,VENTURA,1,2,0,1
91362,VENTURA,1,6,0,2
91364,LOS ANGELES,1,5,0,13
91367,LOS ANGELES,1,3,0,6
91381,,0,0,0,3
91384,,0,0,0,2
91387,,0,0,0,4
91390,,0,0,0,1
91401,LOS ANGELES,1,0,0,13
91402,LOS ANGELES,3,3,0,11
91403,LOS ANGELES,2,2,0,9
91405,LOS ANGELES,1,7,0,11
91406,LOS ANGELES,0,1,0,7
91411,LOS ANGELES,0,5,0,6
91423,LOS ANGELES,0,3,0,6
91436,LOS ANGELES,5,3,0,9
91501,LOS ANGELES,0,1,0,0
91502,,0,0,0,12
91504,LOS ANGELES,0,2,0,5
91505,LOS ANGELES,1,3,0,14
91506,LOS ANGELES,0,2,0,8
91601,LOS ANGELES,0,3,0,5
91602,,0,0,0,4
91604,LOS ANGELES,0,3,0,8
91605,LOS ANGELES,0,4,0,5
91606,LOS ANGELES,0,5,0,10
91607,LOS ANGELES,0,5,0,8
91701,SAN BERNARDINO,0,5,0,0
91702,LOS ANGELES,0,2,0,6
91706,LOS ANGELES,3,5,0,14
91709,SAN BERNARDINO,0,3,0,0
91710,SAN BERNARDINO,2,3,0,0
91711,LOS ANGELES,0,12,0,5
91722,LOS ANGELES,0,2,0,5
91723,LOS ANGELES,2,3,0,7
91724,LOS ANGELES,1,5,0,6
91730,SAN BERNARDINO,1,3,0,0
91731,LOS ANGELES,0,2,0,8
91732,LOS ANGELES,0,9,0,3
91733,LOS ANGELES,1,3,0,4
91737,SAN BERNARDINO,0,1,0,0
91740,LOS ANGELES,1,9,0,9
91741,LOS ANGELES,1,2,0,6
91744,,0,0,0,8
91745,LOS ANGELES,0,1,0,9
91746,LOS ANGELES,0,1,0,2
91748,,0,0,0,14
91750,LOS ANGELES,0,5,0,5
91752,RIVERSIDE,0,3,0,0
91754,LOS ANGELES,2,2,0,16
91755,,0,0,0,1
91760,RIVERSIDE,0,1,0,0
91761,SAN BERNARDINO,1,1,0,0
91762,SAN BERNARDINO,0,6,0,0
91763,SAN BERNARDINO,1,6,0,0
91764,SAN BERNARDINO,1,2,0,0
91765,LOS ANGELES,0,2,0,8
91766,LOS ANGELES,0,2,0,9
91767,LOS ANGELES,2,4,0,14
91768,LOS ANGELES,2,5,0,2
91770,LOS ANGELES,2,7,0,16
91773,LOS ANGELES,1,6,0,8
91775,LOS ANGELES,0,5,0,2
91776,LOS ANGELES,2,5,0,16
91780,LOS ANGELES,0,5,0,5
91786,SAN BERNARDINO,1,5,0,0
91789,LOS ANGELES,0,1,0,4
91790,LOS ANGELES,2,7,0,11
91791,LOS ANGELES,1,2,0,3
91792,,0,0,0,5
91801,LOS ANGELES,1,8,0,18
91803,LOS ANGELES,0,2,0,7
91901,SAN DIEGO,0,2,0,0
91910,SAN DIEGO,1,5,0,0
91911,SAN DIEGO,2,4,0,0
91913,SAN DIEGO,0,3,0,0
91914,SAN DIEGO,0,2,0,0
91932,SAN DIEGO,0,1,0,0
91941,SAN DIEGO,0,1,0,0
91942,SAN DIEGO,3,12,0,0
91945,SAN DIEGO,0,4,0,0
91950,SAN DIEGO,2,9,0,0
91977,SAN DIEGO,0,5,0,0
92007,SAN DIEGO,0,1,0,0
92008,SAN DIEGO,0,8,0,0
92009,SAN DIEGO,0,6,0,0
92010,SAN DIEGO,0,1,0,0
92014,SAN DIEGO,1,0,0,0
92019,SAN DIEGO,0,3,0,0
92020,SAN DIEGO,0,10,0,0
92021,SAN DIEGO,0,7,0,0
92024,SAN DIEGO,1,10,0,0
92025,SAN DIEGO,1,12,0,0
92026,SAN DIEGO,0,12,0,0
92027,SAN DIEGO,0,12,0,0
92028,SAN DIEGO,2,4,0,0
92029,SAN DIEGO,2,4,0,0
92037,SAN DIEGO,3,8,0,0
92040,SAN DIEGO,0,5,0,0
92054,SAN DIEGO,0,1,0,0
92055,SAN DIEGO,1,0,0,0
92056,SAN DIEGO,2,8,0,0
92057,SAN DIEGO,0,6,0,0
92058,SAN DIEGO,0,1,0,0
92064,SAN DIEGO,2,11,0,0
92065,SAN DIEGO,0,1,0,0
92069,SAN DIEGO,0,3,0,0
92071,SAN DIEGO,1,3,0,0
92075,SAN DIEGO,0,1,0,0
92078,SAN DIEGO,1,7,0,0
92081,SAN DIEGO,0,1,0,0
92083,SAN DIEGO,0,6,0,0
92084,SAN DIEGO,0,8,0,0
92101,SAN DIEGO,0,3,1,0
92102,SAN DIEGO,0,1,0,0
92103,SAN DIEGO,5,6,0,0
92104,SAN DIEGO,1,0,0,0
92105,SAN DIEGO,1,5,0,0
92106,SAN DIEGO,0,1,0,0
92108,SAN DIEGO,0,2,0,0
92109,SAN DIEGO,0,4,0,0
92110,SAN DIEGO,1,2,0,0
92111,SAN DIEGO,1,1,0,0
92115,SAN DIEGO,0,3,0,0
92117,SAN DIEGO,0,4,0,0
92118,SAN DIEGO,2,2,0,0
92120,SAN DIEGO,4,2,0,0
92122,SAN DIEGO,0,11,0,0
92123,SAN DIEGO,8,3,0,0
92127,SAN DIEGO,0,5,0,0
92128,SAN DIEGO,1,6,0,0
92129,SAN DIEGO,0,2,0,0
92130,SAN DIEGO,0,3,0,0
92131,SAN DIEGO,0,4,0,0
92134,SAN DIEGO,1,0,0,0
92139,SAN DIEGO,0,3,0,0
92161,SAN DIEGO,1,0,0,0
92201,RIVERSIDE,2,2,0,0
92211,RIVERSIDE,0,3,0,0
92220,RIVERSIDE,1,8,0,0
92223,RIVERSIDE,0,3,0,0
92225,RIVERSIDE,1,1,0,0
92227,IMPERIAL,1,1,0,0
92234,RIVERSIDE,0,4,0,0
92240,RIVERSIDE,0,3,0,0
92243,IMPERIAL,1,6,1,0
92250,IMPERIAL,0,2,0,0
92251,IMPERIAL,0,1,0,0
92252,SAN BERNARDINO,1,3,0,0
92253,RIVERSIDE,0,2,0,0
92260,RIVERSIDE,0,11,0,0
92262,RIVERSIDE,1,8,0,0
92264,RIVERSIDE,0,1,0,0
92270,RIVERSIDE,3,6,0,0
92277,SAN BERNARDINO,0,1,0,0
92278,SAN BERNARDINO,1,0,0,0
92284,SAN BERNARDINO,0,8,0,0
92305,SAN BERNARDINO,0,1,0,0
92307,SAN BERNARDINO,1,1,0,0
92308,SAN BERNARDINO,0,5,0,0
92310,SAN BERNARDINO,1,0,0,0
92311,SAN BERNARDINO,2,2,0,0
92313,SAN BERNARDINO,0,1,0,0
92315,SAN BERNARDINO,1,1,0,0
92324,SAN BERNARDINO,2,2,0,0
92335,SAN BERNARDINO,1,3,0,0
92336,SAN BERNARDINO,0,1,0,0
92342,SAN BERNARDINO,0,1,0,0
92345,SAN BERNARDINO,0,7,0,0
92346,SAN BERNARDINO,0,3,0,0
92352,SAN BERNARDINO,1,1,0,0
92354,SAN BERNARDINO,5,9,0,0
92357,SAN BERNARDINO,1,0,0,0
92359,SAN BERNARDINO,0,5,0,0
92363,SAN BERNARDINO,1,0,0,0
92369,SAN BERNARDINO,1,0,0,0
92373,SAN BERNARDINO,4,12,0,0
92374,SAN BERNARDINO,0,5,0,0
92376,SAN BERNARDINO,0,5,0,0
92377,SAN BERNARDINO,0,1,0,0
92384,SAN BERNARDINO,0,1,0,0
92392,SAN BERNARDINO,0,3,0,0
92395,SAN BERNARDINO,2,4,0,0
92399,SAN BERNARDINO,0,9,0,0
92404,SAN BERNARDINO,1,9,0,0
92405,SAN BERNARDINO,0,1,0,0
92407,SAN BERNARDINO,0,3,0,0
92411,SAN BERNARDINO,3,2,0,0
92415,SAN BERNARDINO,0,0,1,0
92501,RIVERSIDE,2,5,0,0
92503,RIVERSIDE,2,5,1,0
92504,RIVERSIDE,0,11,0,0
92505,RIVERSIDE,1,8,0,0
92506,RIVERSIDE,1,5,0,0
92507,RIVERSIDE,0,2,0,0
92509,RIVERSIDE,0,7,0,0
92518,RIVERSIDE,0,2,0,0
92530,RIVERSIDE,0,1,0,0
92543,RIVERSIDE,2,10,0,0
92544,RIVERSIDE,0,8,0,0
92545,RIVERSIDE,0,6,0,0
92555,RIVERSIDE,2,8,0,0
92562,RIVERSIDE,1,7,0,0
92563,RIVERSIDE,2,1,0,0
92570,RIVERSIDE,0,2,0,0
92571,RIVERSIDE,1,2,0,0
92582,RIVERSIDE,0,1,0,0
92583,RIVERSIDE,0,2,0,0
92584,RIVERSIDE,0,1,0,0
92585,RIVERSIDE,1,0,0,0
92586,RIVERSIDE,0,5,0,0
92591,RIVERSIDE,0,2,0,0
92592,RIVERSIDE,1,3,0,0
92595,RIVERSIDE,1,1,0,0
92604,ORANGE,0,2,0,0
92612,ORANGE,0,4,0,0
92618,ORANGE,3,0,0,0
92624,ORANGE,0,2,0,0
92625,ORANGE,0,2,0,0
92626,ORANGE,1,2,0,0
92627,ORANGE,2,9,0,0
92629,ORANGE,0,1,0,0
92630,ORANGE,0,4,0,0
92637,ORANGE,0,3,0,0
92646,ORANGE,0,1,0,0
92647,ORANGE,2,2,0,0
92648,ORANGE,0,6,0,0
92649,ORANGE,0,1,0,0
92651,ORANGE,2,0,0,0
92653,ORANGE,1,6,0,0
92655,ORANGE,0,1,0,0
92656,ORANGE,2,3,0,0
92660,ORANGE,0,2,0,0
92663,ORANGE,2,6,0,0
92672,ORANGE,0,1,0,0
92673,ORANGE,1,1,0,0
92675,ORANGE,0,7,0,0
92677,ORANGE,0,4,0,0
92683,ORANGE,1,7,0,0
92688,ORANGE,0,1,0,0
92691,ORANGE,2,8,0,0
92692,ORANGE,0,3,0,0
92694,ORANGE,0,4,0,0
92701,ORANGE,0,1,1,0
92703,ORANGE,0,1,0,0
92704,ORANGE,2,2,0,0
92705,ORANGE,2,6,0,0
92706,ORANGE,1,5,0,0
92707,ORANGE,0,3,0,0
92708,ORANGE,3,8,0,0
92780,ORANGE,2,5,0,0
92801,ORANGE,1,8,0,0
92802,ORANGE,0,6,0,0
92804,ORANGE,3,15,0,0
92805,ORANGE,2,2,0,0
92806,ORANGE,1,3,0,0
92807,ORANGE,1,4,0,0
92821,ORANGE,1,6,0,0
92831,ORANGE,0,5,0,0
92832,ORANGE,0,4,0,0
92833,ORANGE,0,1,0,0
92835,ORANGE,1,11,0,0
92840,ORANGE,0,3,0,0
92841,ORANGE,0,4,0,0
92843,ORANGE,1,5,0,0
92845,ORANGE,0,2,0,0
92860,RIVERSIDE,0,1,0,0
92865,ORANGE,0,2,0,0
92866,ORANGE,1,2,0,0
92868,ORANGE,5,4,0,0
92869,ORANGE,2,6,0,0
92870,ORANGE,1,7,0,0
92879,RIVERSIDE,2,5,0,0
92880,RIVERSIDE,0,1,0,0
92881,RIVERSIDE,0,2,0,0
92882,RIVERSIDE,1,4,0,0
92883,RIVERSIDE,0,2,0,0
92886,ORANGE,0,8,0,0
93001,VENTURA,1,1,0,0
93003,VENTURA,3,9,0,0
93004,VENTURA,0,2,0,0
93010,VENTURA,1,6,0,0
93012,VENTURA,0,3,0,0
93013,SANTA BARBARA,0,1,0,0
93015,VENTURA,0,2,0,0
93021,VENTURA,0,1,0,0
93022,VENTURA,0,1,0,0
93023,VENTURA,1,7,0,0
93030,VENTURA,2,1,0,0
93033,VENTURA,0,3,0,0
93036,VENTURA,0,3,1,0
93060,VENTURA,1,1,0,0
93063,VENTURA,0,3,0,0
93065,VENTURA,1,3,0,0
93101,SANTA BARBARA,0,4,0,0
93103,SANTA BARBARA,0,1,0,0
93105,SANTA BARBARA,3,12,0,0
93108,SANTA BARBARA,0,2,0,0
93109,SANTA BARBARA,0,1,0,0
93110,SANTA BARBARA,1,1,1,0
93111,SANTA BARBARA,1,3,0,0
93117,SANTA BARBARA,0,2,0,0
93203,KERN,0,1,0,0
93210,FRESNO,2,2,0,0
93212,KINGS,1,0,0,0
93215,KERN,1,3,0,0
93230,KINGS,1,5,1,0
93238,KERN,0,1,0,0
93240,KERN,1,1,0,0
93247,TULARE,0,1,0,0
93257,TULARE,2,7,0,0
93263,KERN,0,2,0,0
93274,TULARE,1,4,0,0
93277,TULARE,2,13,1,0
93285,KERN,0,1,0,0
93291,TULARE,1,2,0,0
93292,TULARE,0,4,0,0
93301,KERN,3,3,0,0
93304,KERN,0,2,0,0
93305,KERN,0,1,0,0
93306,KERN,4,6,1,0
93307,KERN,0,4,0,0
93308,KERN,3,2,0,0
93309,KERN,2,7,0,0
93311,KERN,1,7,0,0
93312,KERN,0,4,0,0
93313,KERN,0,2,0,0
93314,KERN,0,1,0,0
93401,SAN LUIS OBISPO,2,6,1,0
93405,SAN LUIS OBISPO,1,1,0,0
93420,SAN LUIS OBISPO,1,5,0,0
93422,SAN LUIS OBISPO,1,7,0,0
93436,SANTA BARBARA,3,3,0,0
93437,SANTA BARBARA,1,0,0,0
93442,SAN LUIS OBISPO,0,4,0,0
93444,SAN LUIS OBISPO,0,1,0,0
93446,SAN LUIS OBISPO,0,6,0,0
93454,SANTA BARBARA,1,6,0,0
93455,SANTA BARBARA,0,3,0,0
93458,SANTA BARBARA,0,1,0,0
93463,SANTA BARBARA,1,3,0,0
93465,SAN LUIS OBISPO,1,1,0,0
93510,,0,0,0,2
93514,INYO,1,2,1,0
93524,KERN,1,0,0,0
93534,LOS ANGELES,2,7,0,17
93535,LOS ANGELES,0,3,0,6
93536,LOS ANGELES,0,4,0,6
93543,LOS ANGELES,0,2,0,0
93545,INYO,1,1,0,0
93546,MONO,1,0,1,0
93550,,0,0,0,2
93551,LOS ANGELES,1,1,0,11
93552,LOS ANGELES,0,2,0,6
93555,KERN,2,3,0,0
93561,KERN,2,0,0,0
93610,MADERA,0,4,0,0
93611,FRESNO,1,5,0,0
93612,FRESNO,0,3,0,0
93618,TULARE,0,2,0,0
93619,FRESNO,0,1,0,0
93625,FRESNO,0,3,0,0
93630,FRESNO,0,1,0,0
93631,FRESNO,0,1,0,0
93635,MERCED,1,4,0,0
93636,MADERA,2,0,0,0
93637,MADERA,1,2,0,0
93638,MADERA,0,1,1,0
93644,MADERA,0,2,0,0
93654,FRESNO,1,5,0,0
93657,FRESNO,0,2,0,0
93662,FRESNO,1,3,0,0
93702,FRESNO,2,1,0,0
93703,FRESNO,3,2,0,0
93705,SAN FRANCISCO,0,1,0,0
93706,FRESNO,0,5,0,0
93710,FRESNO,1,19,0,0
93711,LOS ANGELES,0,2,0,0
93720,FRESNO,5,9,0,0
93721,FRESNO,1,3,1,0
93722,FRESNO,0,9,0,0
93725,FRESNO,0,2,0,0
93726,FRESNO,0,6,0,0
93727,FRESNO,0,11,0,0
93730,FRESNO,0,1,0,0
93901,MONTEREY,1,5,0,0
93906,MONTEREY,2,4,1,0
93908,MONTEREY,0,1,0,0
93921,MONTEREY,0,1,0,0
93923,MONTEREY,0,3,0,0
93930,MONTEREY,1,1,0,0
93940,MONTEREY,3,10,0,0
93950,MONTEREY,0,7,0,0
93955,MONTEREY,0,2,0,0
93960,MONTEREY,0,1,0,0
94002,SAN MATEO,0,6,0,0
94010,SAN MATEO,1,8,0,0
94014,SAN MATEO,0,3,0,0
94015,SAN MATEO,2,7,0,0
94022,SANTA CLARA,0,4,0,0
94024,SANTA CLARA,0,1,0,0
94025,SAN MATEO,2,3,0,0
94028,SAN MATEO,0,2,0,0
94030,SAN MATEO,0,4,0,0
94037,SAN MATEO,0,3,0,0
94038,SAN MATEO,1,1,0,0
94040,SANTA CLARA,2,4,0,0
94044,SAN MATEO,0,3,0,0
94061,SAN MATEO,0,4,0,0
94062,SAN MATEO,1,6,0,0
94063,SAN MATEO,1,2,0,0
94066,SAN MATEO,0,3,0,0
94070,SAN MATEO,0,3,0,0
94080,SAN MATEO,1,5,0,0
94086,SANTA CLARA,0,3,0,0
94087,SANTA CLARA,0,10,0,0
94102,SAN FRANCISCO,0,4,1,0
94109,SAN FRANCISCO,3,12,0,0
94110,SAN FRANCISCO,3,6,0,0
94112,SAN FRANCISCO,1,6,0,0
94115,SAN FRANCISCO,5,7,0,0
94116,SAN FRANCISCO,1,3,0,0
94117,SAN FRANCISCO,6,5,0,0
94118,SAN FRANCISCO,2,3,0,0
94121,SAN FRANCISCO,1,5,0,0
94122,SAN FRANCISCO,0,5,0,0
94123,SAN FRANCISCO,0,2,0,0
94127,SAN FRANCISCO,0,1,0,0
94132,SAN FRANCISCO,0,1,0,0
94133,SAN FRANCISCO,1,1,0,0
94134,SAN FRANCISCO,0,5,0,0
94143,SAN FRANCISCO,3,0,0,0
94158,SAN FRANCISCO,1,0,0,0
94301,SANTA CLARA,0,6,0,0
94303,SANTA CLARA,0,2,0,0
94304,SANTA CLARA,4,3,0,0
94305,SANTA CLARA,3,0,0,0
94306,SANTA CLARA,0,2,0,0
94401,SAN MATEO,1,7,0,0
94402,SAN MATEO,0,1,0,0
94403,SAN MATEO,2,5,1,0
94404,SAN MATEO,0,1,0,0
94501,ALAMEDA,3,11,0,0
94502,ALAMEDA,0,1,0,0
94503,NAPA,0,1,0,0
94506,CONTRA COSTA,0,3,0,0
94507,CONTRA COSTA,0,1,0,0
94509,CONTRA COSTA,1,6,0,0
94513,CONTRA COSTA,0,5,0,0
94515,NAPA,0,1,0,0
94518,CONTRA COSTA,0,3,0,0
94519,CONTRA COSTA,0,3,0,0
94520,CONTRA COSTA,2,2,0,0
94521,CONTRA COSTA,0,7,0,0
94523,CONTRA COSTA,0,7,0,0
94526,CONTRA COSTA,0,4,0,0
94530,CONTRA COSTA,0,2,0,0
94531,CONTRA COSTA,1,2,0,0
94533,SOLANO,1,7,1,0
94534,SOLANO,0,2,0,0
94535,SOLANO,1,0,0,0
94536,ALAMEDA,0,9,0,0
94538,ALAMEDA,3,6,0,0
94541,ALAMEDA,0,20,0,0
94542,ALAMEDA,0,2,0,0
94544,ALAMEDA,0,7,0,0
94545,ALAMEDA,1,3,0,0
94546,ALAMEDA,1,13,0,0
94549,CONTRA COSTA,0,2,0,0
94550,ALAMEDA,2,12,0,0
94552,ALAMEDA,0,1,0,0
94553,CONTRA COSTA,2,2,1,0
94556,CONTRA COSTA,0,3,0,0
94558,NAPA,2,12,0,0
94559,NAPA,0,4,1,0
94561,CONTRA COSTA,0,2,0,0
94563,CONTRA COSTA,0,1,0,0
94564,CONTRA COSTA,0,2,0,0
94565,CONTRA COSTA,0,4,0,0
94566,ALAMEDA,0,4,0,0
94568,ALAMEDA,0,1,0,0
94574,NAPA,1,1,0,0
94577,ALAMEDA,2,9,0,0
94578,ALAMEDA,4,6,0,0
94583,CONTRA COSTA,2,5,0,0
94585,SOLANO,0,1,0,0
94587,ALAMEDA,0,5,0,0
94588,ALAMEDA,1,4,0,0
94589,SOLANO,3,5,0,0
94590,SOLANO,1,0,0,0
94591,SOLANO,0,6,0,0
94595,CONTRA COSTA,0,6,0,0
94596,CONTRA COSTA,1,3,0,0
94597,CONTRA COSTA,0,2,0,0
94598,CONTRA COSTA,1,7,0,0
94599,NAPA,0,2,0,0
94601,ALAMEDA,1,10,0,0
94602,ALAMEDA,1,4,0,0
94605,ALAMEDA,0,1,0,0
94606,ALAMEDA,0,5,0,0
94607,ALAMEDA,0,1,1,0
94608,ALAMEDA,0,1,0,0
94609,ALAMEDA,4,4,0,0
94610,ALAMEDA,0,10,0,0
94611,ALAMEDA,1,4,0,0
94612,ALAMEDA,0,2,0,0
94618,ALAMEDA,0,1,0,0
94619,ALAMEDA,0,4,0,0
94621,ALAMEDA,0,1,0,0
94702,ALAMEDA,0,2,0,0
94704,ALAMEDA,2,1,1,0
94705,ALAMEDA,1,5,0,0
94706,ALAMEDA,0,2,0,0
94710,ALAMEDA,0,2,0,0
94801,CONTRA COSTA,1,0,0,0
94803,CONTRA COSTA,0,2,0,0
94804,CONTRA COSTA,0,4,0,0
94806,CONTRA COSTA,0,4,0,0
94901,MARIN,0,6,0,0
94903,MARIN,1,14,1,0
94904,MARIN,3,5,0,0
94920,MARIN,0,1,0,0
94925,MARIN,0,1,0,0
94928,SONOMA,0,2,0,0
94941,MARIN,0,3,0,0
94945,MARIN,1,0,0,0
94947,MARIN,0,5,0,0
94949,MARIN,0,1,0,0
94951,SONOMA,0,1,0,0
94952,SONOMA,0,5,0,0
94954,SONOMA,1,6,0,0
94960,MARIN,0,1,0,0
95003,SANTA CRUZ,0,1,0,0
95008,SANTA CLARA,1,9,0,0
95010,SANTA CRUZ,0,1,0,0
95014,SANTA CLARA,0,7,0,0
95019,SANTA CRUZ,0,1,0,0
95020,SANTA CLARA,1,3,0,0
95023,SAN BENITO,1,3,1,0
95032,SANTA CLARA,3,7,0,0
95035,SANTA CLARA,0,2,0,0
95037,SANTA CLARA,0,7,0,0
95046,SANTA CLARA,0,1,0,0
95050,SANTA CLARA,0,2,0,0
95051,SANTA CLARA,2,1,0,0
95054,SANTA CLARA,0,1,0,0
95060,SANTA CRUZ,0,2,1,0
95062,SANTA CRUZ,2,10,0,0
95065,SANTA CRUZ,2,1,0,0
95066,SANTA CRUZ,0,1,0,0
95070,SANTA CLARA,0,5,0,0
95073,SANTA CRUZ,0,1,0,0
95076,SANTA CRUZ,1,7,0,0
95112,SANTA CLARA,0,3,0,0
95116,SANTA CLARA,1,4,0,0
95117,SANTA CLARA,0,4,0,0
95118,SANTA CLARA,0,1,0,0
95119,SANTA CLARA,1,0,0,0
95121,SANTA CLARA,0,1,0,0
95123,SANTA CLARA,0,1,0,0
95124,SANTA CLARA,1,3,0,0
95125,SANTA CLARA,0,5,0,0
95126,SANTA CLARA,0,4,1,0
95127,SANTA CLARA,0,2,0,0
95128,SANTA CLARA,4,9,0,0
95129,SANTA CLARA,0,4,0,0
95135,SANTA CLARA,0,3,0,0
95136,SANTA CLARA,0,1,0,0
95138,SANTA CLARA,1,0,0,0
95202,SAN JOAQUIN,2,2,0,0
95203,SAN JOAQUIN,1,2,0,0
95204,SAN JOAQUIN,2,6,0,0
95205,SAN JOAQUIN,0,1,1,0
95206,SAN JOAQUIN,0,2,0,0
95207,SAN JOAQUIN,0,12,0,0
95209,SAN JOAQUIN,0,6,0,0
95210,SAN JOAQUIN,0,3,0,0
95215,SAN JOAQUIN,0,1,0,0
95219,SAN JOAQUIN,0,2,0,0
95222,CALAVERAS,0,1,0,0
95231,SAN JOAQUIN,1,3,0,0
95240,SAN JOAQUIN,1,9,0,0
95242,SAN JOAQUIN,1,5,0,0
95249,CALAVERAS,1,1,1,0
95301,MERCED,0,1,0,0
95307,STANISLAUS,1,1,0,0
95319,STANISLAUS,0,2,0,0
95320,SAN JOAQUIN,0,3,0,0
95326,STANISLAUS,0,1,0,0
95327,TUOLUMNE,0,1,0,0
95334,MERCED,0,1,0,0
95336,SAN JOAQUIN,1,6,0,0
95337,SAN JOAQUIN,1,2,0,0
95338,MARIPOSA,1,2,1,0
95340,MERCED,2,4,0,0
95341,MERCED,0,2,1,0
95348,MERCED,0,4,0,0
95350,STANISLAUS,1,9,1,0
95351,STANISLAUS,0,3,0,0
95354,STANISLAUS,1,0,0,0
95355,STANISLAUS,4,8,0,0
95356,STANISLAUS,1,4,0,0
95360,STANISLAUS,0,1,0,0
95361,STANISLAUS,2,5,0,0
95366,SAN JOAQUIN,0,2,0,0
95367,STANISLAUS,0,1,0,0
95368,STANISLAUS,0,3,0,0
95370,TUOLUMNE,3,5,1,0
95376,SAN JOAQUIN,1,4,0,0
95380,STANISLAUS,0,6,0,0
95382,STANISLAUS,1,9,0,0
95401,SONOMA,1,1,0,0
95403,SONOMA,2,12,0,0
95404,SONOMA,1,4,1,0
95405,SONOMA,2,4,0,0
95407,SONOMA,0,3,0,0
95409,SONOMA,1,7,0,0
95422,LAKE,1,2,0,0
95425,SONOMA,0,3,0,0
95431,SONOMA,1,0,0,0
95436,SONOMA,0,1,0,0
95437,MENDOCINO,1,1,0,0
95448,SONOMA,1,3,0,0
95452,SONOMA,0,1,0,0
95453,LAKE,1,3,1,0
95472,SONOMA,1,2,0,0
95476,SONOMA,1,8,0,0
95482,MENDOCINO,1,4,1,0
95490,MENDOCINO,1,1,0,0
95492,SONOMA,0,1,0,0
95501,HUMBOLDT,3,5,1,0
95503,HUMBOLDT,0,10,0,0
95519,HUMBOLDT,0,1,0,0
95521,HUMBOLDT,1,0,0,0
95531,DEL NORTE,1,2,1,0
95540,HUMBOLDT,1,3,0,0
95542,HUMBOLDT,1,1,0,0
95602,PLACER,1,4,0,0
95603,PLACER,0,12,1,0
95608,SACRAMENTO,2,17,0,0
95610,SACRAMENTO,0,6,0,0
95616,YOLO,1,4,0,0
95618,YOLO,0,1,0,0
95620,SOLANO,0,2,0,0
95621,SACRAMENTO,0,7,0,0
95624,SACRAMENTO,0,10,0,0
95628,SACRAMENTO,0,10,0,0
95630,SACRAMENTO,2,7,0,0
95632,SACRAMENTO,0,2,0,0
95642,AMADOR,1,4,0,0
95648,PLACER,0,4,0,0
95650,PLACER,0,1,0,0
95655,SACRAMENTO,1,0,0,0
95660,SACRAMENTO,0,1,0,0
95661,PLACER,2,10,0,0
95662,SACRAMENTO,0,10,0,0
95667,EL DORADO,2,7,1,0
95670,SACRAMENTO,0,3,0,0
95677,PLACER,0,1,0,0
95678,PLACER,1,2,0,0
95682,EL DORADO,0,5,0,0
95685,AMADOR,0,1,1,0
95687,SOLANO,1,7,0,0
95688,SOLANO,1,2,0,0
95691,YOLO,0,2,0,0
95693,SACRAMENTO,0,1,0,0
95695,YOLO,2,9,1,0
95746,PLACER,0,4,0,0
95747,PLACER,0,3,0,0
95757,SACRAMENTO,0,2,0,0
95758,SACRAMENTO,0,4,0,0
95762,EL DORADO,0,3,0,0
95765,PLACER,0,4,0,0
95814,SACRAMENTO,0,2,1,0
95815,SACRAMENTO,1,3,0,0
95816,SACRAMENTO,4,5,0,0
95817,SACRAMENTO,5,1,0,0
95818,SACRAMENTO,0,1,0,0
95819,SACRAMENTO,1,2,0,0
95820,SACRAMENTO,1,3,0,0
95821,SACRAMENTO,0,5,0,0
95822,SACRAMENTO,0,3,0,0
95823,SACRAMENTO,3,8,1,0
95824,SACRAMENTO,0,2,0,0
95825,SACRAMENTO,2,13,0,0
95826,SACRAMENTO,1,0,0,0
95827,SACRAMENTO,0,1,0,0
95828,SACRAMENTO,0,4,0,0
95829,SACRAMENTO,0,1,0,0
95831,SACRAMENTO,0,10,0,0
95834,SACRAMENTO,1,1,0,0
95835,SACRAMENTO,0,1,0,0
95838,SACRAMENTO,0,2,0,0
95841,SACRAMENTO,2,4,0,0
95843,SACRAMENTO,0,1,0,0
95901,YUBA,1,3,1,0
95903,YUBA,1,0,0,0
95926,BUTTE,5,4,0,0
95928,BUTTE,0,8,0,0
95932,COLUSA,1,1,1,0
95945,NEVADA,1,11,1,0
95948,BUTTE,1,1,0,0
95953,SUTTER,0,1,0,0
95961,YUBA,0,1,0,0
95963,GLENN,0,2,0,0
95965,BUTTE,0,1,1,0
95966,BUTTE,1,6,0,0
95969,BUTTE,1,5,0,0
95971,PLUMAS,1,0,1,0
95973,BUTTE,0,5,0,0
95987,COLUSA,0,1,0,0
95988,GLENN,1,1,1,0
95991,SUTTER,3,8,0,0
95993,SUTTER,1,1,1,0
96001,SHASTA,6,5,1,0
96002,SHASTA,0,10,0,0
96003,SHASTA,0,12,0,0
96007,SHASTA,0,2,0,0
96020,PLUMAS,1,1,0,0
96028,SHASTA,1,1,0,0
96038,SISKIYOU,0,1,0,0
96067,SISKIYOU,1,0,0,0
96080,TEHAMA,2,6,1,0
96093,TRINITY,1,1,1,0
96094,SISKIYOU,0,1,0,0
96097,SISKIYOU,1,2,1,0
96101,MODOC,1,1,1,0
96104,MODOC,1,1,0,0
96118,SIERRA,1,1,1,0
96120,ALPINE,0,0,1,0
96122,PLUMAS,1,1,0,0
96130,LASSEN,1,2,1,0
96150,EL DORADO,1,1,0,0
96161,NEVADA,1,1,0,0
96701,HONOLULU,1,0,0,0
96706,HONOLULU,2,1,0,0
96707,HONOLULU,1,2,0,0
96717,HONOLULU,0,1,0,0
96720,HAWAII,1,5,1,0
96727,HAWAII,1,1,0,0
96731,HONOLULU,1,1,0,0
96732,MAUI,0,2,0,0
96734,HONOLULU,1,2,0,0
96740,HAWAII,0,2,0,0
96743,HAWAII,1,0,0,0
96744,HONOLULU,1,4,0,0
96746,KAUAI,1,1,0,0
96748,MAUI,1,0,1,0
96750,HAWAII,1,0,0,0
96755,HAWAII,1,1,0,0
96756,KAUAI,0,1,0,0
96763,MAUI,1,1,0,0
96766,KAUAI,1,2,1,0
96777,HAWAII,1,0,0,0
96782,HONOLULU,0,1,0,0
96786,HONOLULU,1,1,0,0
96789,HONOLULU,0,1,0,0
96790,MAUI,1,1,0,0
96792,HONOLULU,0,1,0,0
96793,MAUI,1,1,1,0
96796,KAUAI,1,2,0,0
96799,EASTERN,1,0,1,0
96813,HONOLULU,2,2,2,0
96815,HONOLULU,0,1,0,0
96816,HONOLULU,1,4,0,0
96817,HONOLULU,4,6,0,0
96818,HONOLULU,0,1,0,0
96819,HONOLULU,2,1,0,0
96821,HONOLULU,0,3,0,0
96822,HONOLULU,0,3,0,0
96825,HONOLULU,0,2,0,0
96826,HONOLULU,2,6,0,0
96853,HONOLULU,1,0,0,0
96859,HONOLULU,1,0,0,0
96913,GUAM,1,0,1,0
96919,GUAM,1,0,0,0
96929,GUAM,1,0,0,0
96940,KOROR,1,0,0,0
96950,SAIPAN,1,0,1,0
97005,WASHINGTON,0,5,0,0
97006,WASHINGTON,0,3,0,0
97007,WASHINGTON,0,7,0,0
97008,WASHINGTON,0,7,0,0
97013,CLACKAMAS,0,9,0,0
97015,CLACKAMAS,1,7,0,0
97016,COLUMBIA,0,2,0,0
97017,CLACKAMAS,0,1,0,0
97023,CLACKAMAS,0,1,0,0
97027,CLACKAMAS,0,4,0,0
97030,MULTNOMAH,1,21,0,0
97031,HOOD RIVER,1,6,1,0
97034,CLACKAMAS,0,4,0,0
97035,CLACKAMAS,0,11,0,0
97037,WASCO,0,1,0,0
97038,CLACKAMAS,0,5,0,0
97045,CLACKAMAS,1,14,1,0
97051,COLUMBIA,0,5,1,0
97055,CLACKAMAS,0,4,0,0
97056,COLUMBIA,0,2,0,0
97058,WASCO,1,10,1,0
97060,MULTNOMAH,0,6,0,0
97062,WASHINGTON,1,8,0,0
97068,CLACKAMAS,0,4,0,0
97070,CLACKAMAS,0,6,0,0
97071,MARION,0,9,0,0
97080,MULTNOMAH,0,7,0,0
97086,CLACKAMAS,0,5,0,0
97089,CLACKAMAS,0,3,0,0
97103,CLATSOP,1,3,1,0
97113,WASHINGTON,0,1,0,0
97116,WASHINGTON,1,12,0,0
97123,WASHINGTON,1,11,0,0
97124,WASHINGTON,1,3,1,0
97128,YAMHILL,1,21,1,0
97131,TILLAMOOK,0,1,0,0
97132,YAMHILL,1,9,0,0
97138,CLATSOP,1,3,0,0
97140,WASHINGTON,0,6,0,0
97141,TILLAMOOK,1,3,1,0
97146,CLATSOP,1,1,0,0
97147,TILLAMOOK,0,1,0,0
97148,YAMHILL,0,1,0,0
97201,MULTNOMAH,0,4,0,0
97202,MULTNOMAH,0,7,0,0
97203,MULTNOMAH,0,7,0,0
97204,MULTNOMAH,0,1,1,0
97205,MULTNOMAH,0,2,0,0
97206,MULTNOMAH,0,11,0,0
97209,MULTNOMAH,0,2,0,0
97210,MULTNOMAH,1,3,0,0
97211,MULTNOMAH,0,5,0,0
97213,MULTNOMAH,1,4,0,0
97214,MULTNOMAH,0,9,0,0
97215,MULTNOMAH,0,6,0,0
97216,MULTNOMAH,1,7,0,0
97217,MULTNOMAH,0,1,0,0
97218,MULTNOMAH,0,4,0,0
97219,MULTNOMAH,0,9,0,0
97220,MULTNOMAH,1,20,0,0
97221,MULTNOMAH,0,4,0,0
97222,CLACKAMAS,1,12,0,0
97223,WASHINGTON,0,7,0,0
97224,WASHINGTON,0,5,0,0
97225,WASHINGTON,2,8,0,0
97227,MULTNOMAH,1,1,0,0
97229,WASHINGTON,0,7,0,0
97230,MULTNOMAH,0,11,0,0
97232,MULTNOMAH,1,9,1,0
97233,MULTNOMAH,0,10,0,0
97236,MULTNOMAH,0,18,0,0
97239,MULTNOMAH,4,5,0,0
97266,MULTNOMAH,0,11,0,0
97267,CLACKAMAS,0,23,0,0
97301,MARION,2,20,1,0
97302,MARION,0,6,0,0
97303,MARION,0,13,0,0
97304,POLK,0,7,0,0
97305,MARION,0,5,0,0
97306,MARION,0,8,0,0
97317,MARION,0,7,0,0
97321,LINN,1,10,1,0
97322,LINN,0,4,0,0
97330,BENTON,1,10,1,0
97333,BENTON,0,3,0,0
97338,POLK,1,8,1,0
97351,POLK,0,2,0,0
97355,LINN,1,7,0,0
97361,POLK,0,1,0,0
97362,MARION,0,4,0,0
97365,LINCOLN,1,2,1,0
97366,LINCOLN,0,1,0,0
97367,LINCOLN,1,2,0,0
97370,BENTON,0,1,0,0
97378,YAMHILL,0,2,0,0
97381,MARION,1,3,0,0
97383,MARION,1,1,0,0
97385,MARION,0,3,0,0
97386,LINN,0,4,0,0
97392,MARION,0,2,0,0
97401,LANE,1,17,1,0
97402,LANE,0,5,0,0
97403,LANE,0,1,0,0
97404,LANE,0,8,0,0
97405,LANE,0,13,0,0
97411,COOS,1,4,0,0
97415,CURRY,1,4,0,0
97417,DOUGLAS,0,2,0,0
97420,COOS,1,5,0,0
97423,COOS,1,0,0,0
97424,LANE,1,6,0,0
97426,LANE,0,1,0,0
97431,LANE,0,1,0,0
97439,LANE,1,5,0,0
97442,DOUGLAS,0,1,0,0
97444,CURRY,1,1,1,0
97448,LANE,1,3,0,0
97457,DOUGLAS,0,1,0,0
97458,COOS,0,1,0,0
97459,COOS,1,1,1,0
97467,DOUGLAS,1,1,0,0
97470,DOUGLAS,0,10,1,0
97471,DOUGLAS,2,8,0,0
97477,LANE,2,12,0,0
97478,LANE,0,7,0,0
97479,DOUGLAS,0,4,0,0
97487,LANE,0,1,0,0
97498,LINCOLN,0,1,0,0
97501,JACKSON,0,4,0,0
97502,JACKSON,0,5,0,0
97503,JACKSON,0,2,0,0
97504,JACKSON,2,43,1,0
97520,JACKSON,1,6,0,0
97524,JACKSON,0,1,0,0
97526,JOSEPHINE,0,15,1,0
97527,JOSEPHINE,1,12,0,0
97530,JACKSON,0,1,0,0
97532,JOSEPHINE,0,1,0,0
97535,JACKSON,0,1,0,0
97537,JACKSON,0,1,0,0
97540,JACKSON,0,1,0,0
97601,KLAMATH,1,6,1,0
97603,KLAMATH,0,8,0,0
97630,LAKE,1,3,1,0
97701,DESCHUTES,1,16,1,0
97702,DESCHUTES,0,9,0,0
97720,HARNEY,1,3,1,0
97738,HARNEY,0,1,0,0
97739,DESCHUTES,0,4,0,0
97741,JEFFERSON,1,5,1,0
97754,CROOK,2,5,1,0
97756,DESCHUTES,1,12,0,0
97759,DESCHUTES,0,1,0,0
97761,JEFFERSON,0,1,0,0
97801,UMATILLA,1,11,1,0
97814,BAKER,1,4,1,0
97823,GILLIAM,0,2,0,0
97828,WALLOWA,1,2,1,0
97830,WHEELER,0,2,1,0
97836,MORROW,1,2,1,0
97838,UMATILLA,1,10,0,0
97845,GRANT,1,3,1,0
97846,WALLOWA,0,1,0,0
97850,UNION,1,3,1,0
97862,UMATILLA,0,3,0,0
97869,GRANT,0,1,0,0
97913,MALHEUR,0,1,0,0
97914,MALHEUR,1,7,1,0
97918,MALHEUR,0,2,0,0
98002,KING,1,8,0,0
98003,KING,1,9,0,0
98004,KING,1,6,0,0
98005,KING,0,1,0,0
98007,KING,0,4,0,0
98008,KING,0,2,0,0
98011,KING,0,5,0,0
98012,SNOHOMISH,0,2,0,0
98020,SNOHOMISH,1,3,0,0
98021,SNOHOMISH,0,2,0,0
98022,KING,1,5,0,0
98023,KING,0,1,0,0
98026,SNOHOMISH,0,4,0,0
98027,KING,1,4,0,0
98028,KING,0,1,0,0
98029,KING,1,5,0,0
98030,KING,0,8,0,0
98031,KING,0,1,0,0
98033,KING,1,3,0,0
98034,KING,2,6,0,0
98036,SNOHOMISH,0,2,0,0
98037,SNOHOMISH,0,6,0,0
98038,KING,0,1,0,0
98040,KING,0,6,0,0
98042,KING,1,4,0,0
98043,SNOHOMISH,0,2,0,0
98045,KING,0,3,0,0
98047,KING,0,1,0,0
98052,KING,2,9,0,0
98055,KING,1,6,0,0
98056,KING,0,1,0,0
98057,KING,1,3,0,0
98058,KING,0,1,0,0
98059,KING,0,1,0,0
98065,KING,2,0,0,0
98070,KING,0,1,0,0
98072,KING,0,2,0,0
98075,KING,0,1,0,0
98087,SNOHOMISH,0,2,0,0
98092,KING,0,2,0,0
98101,KING,2,4,0,0
98102,KING,0,1,0,0
98103,KING,0,7,0,0
98104,KING,1,5,1,0
98105,KING,1,2,0,0
98106,KING,0,1,0,0
98107,KING,1,3,0,0
98108,KING,2,0,0,0
98109,KING,1,5,0,0
98110,KITSAP,0,5,0,0
98112,KING,2,5,0,0
98114,KING,1,0,0,0
98115,KING,0,3,0,0
98116,KING,0,4,0,0
98117,KING,0,2,0,0
98118,KING,0,4,0,0
98119,KING,0,4,0,0
98122,KING,1,4,0,0
98125,KING,1,7,0,0
98126,KING,0,5,0,0
98133,KING,1,6,0,0
98136,KING,0,3,0,0
98144,KING,0,3,0,0
98146,KING,1,4,0,0
98148,KING,0,2,0,0
98155,KING,0,8,0,0
98166,KING,2,1,0,0
98168,KING,2,0,0,0
98177,KING,0,3,0,0
98178,KING,0,1,0,0
98188,KING,0,1,0,0
98195,KING,1,0,0,0
98198,KING,0,6,0,0
98201,SNOHOMISH,3,4,1,0
98203,SNOHOMISH,0,5,0,0
98204,SNOHOMISH,1,4,0,0
98208,SNOHOMISH,1,4,0,0
98221,SKAGIT,1,5,0,0
98223,SNOHOMISH,1,4,0,0
98225,WHATCOM,2,12,1,0
98226,WHATCOM,0,6,0,0
98229,WHATCOM,0,2,0,0
98230,WHATCOM,0,1,0,0
98233,SKAGIT,0,5,0,0
98239,ISLAND,1,1,1,0
98248,WHATCOM,0,2,0,0
98249,ISLAND,0,1,0,0
98250,SAN JUAN,1,1,1,0
98252,SNOHOMISH,0,1,0,0
98257,SKAGIT,0,1,0,0
98258,SNOHOMISH,0,1,0,0
98264,WHATCOM,0,3,0,0
98270,SNOHOMISH,0,5,0,0
98271,SNOHOMISH,1,2,0,0
98272,SNOHOMISH,2,2,0,0
98273,SKAGIT,1,1,1,0
98274,SKAGIT,0,4,0,0
98275,SNOHOMISH,0,2,0,0
98277,ISLAND,0,6,0,0
98278,ISLAND,1,0,0,0
98284,SKAGIT,0,3,0,0
98290,SNOHOMISH,0,2,0,0
98292,SNOHOMISH,0,5,0,0
98310,KITSAP,1,5,0,0
98312,KITSAP,1,6,0,0
98321,PIERCE,0,1,0,0
98327,PIERCE,0,1,0,0
98331,CLALLAM,1,1,0,0
98332,PIERCE,1,3,0,0
98335,PIERCE,0,7,0,0
98337,KITSAP,0,0,1,0
98349,PIERCE,0,1,0,0
98354,PIERCE,0,2,0,0
98356,LEWIS,1,1,0,0
98360,PIERCE,0,1,0,0
98362,CLALLAM,1,6,1,0
98363,CLALLAM,0,1,0,0
98366,KITSAP,0,6,0,0
98368,JEFFERSON,1,4,1,0
98370,KITSAP,0,3,0,0
98371,PIERCE,0,4,0,0
98372,PIERCE,1,6,0,0
98374,PIERCE,0,4,0,0
98375,PIERCE,0,2,0,0
98378,KITSAP,0,1,0,0
98382,CLALLAM,0,6,0,0
98383,KITSAP,1,6,0,0
98387,PIERCE,0,2,0,0
98390,PIERCE,0,3,0,0
98391,PIERCE,0,1,0,0
98402,PIERCE,0,1,0,0
98403,PIERCE,0,1,0,0
98404,PIERCE,0,4,0,0
98405,PIERCE,4,4,0,0
98406,PIERCE,0,6,0,0
98407,PIERCE,1,3,0,0
98408,PIERCE,0,4,0,0
98409,PIERCE,0,3,0,0
98411,PIERCE,1,0,0,0
98418,PIERCE,0,0,1,0
98431,PIERCE,2,0,0,0
98433,PIERCE,2,0,0,0
98438,PIERCE,1,0,0,0
98443,PIERCE,0,1,0,0
98444,PIERCE,0,3,0,0
98445,PIERCE,0,3,0,0
98465,PIERCE,0,2,0,0
98466,PIERCE,0,2,0,0
98467,PIERCE,0,3,0,0
98498,PIERCE,2,0,0,0
98499,PIERCE,1,2,0,0
98501,THURSTON,0,1,1,0
98502,THURSTON,1,5,0,0
98503,THURSTON,1,6,0,0
98506,THURSTON,1,5,1,0
98512,THURSTON,0,2,0,0
98516,THURSTON,0,1,0,0
98520,GRAYS HARBOR,2,2,1,0
98524,MASON,0,1,0,0
98531,LEWIS,1,7,0,0
98532,LEWIS,0,2,1,0
98541,GRAYS HARBOR,1,1,0,0
98550,GRAYS HARBOR,0,3,0,0
98557,GRAYS HARBOR,1,1,0,0
98563,GRAYS HARBOR,0,1,0,0
98569,GRAYS HARBOR,0,1,0,0
98577,PACIFIC,0,1,0,0
98584,MASON,1,4,1,0
98586,PACIFIC,1,1,1,0
98597,THURSTON,0,2,0,0
98604,CLARK,0,3,0,0
98607,CLARK,0,3,0,0
98611,COWLITZ,0,1,0,0
98612,WAHKIAKUM,0,0,1,0
98620,KLICKITAT,1,0,1,0
98624,PACIFIC,1,0,0,0
98626,COWLITZ,0,1,0,0
98632,COWLITZ,2,9,1,0
98640,PACIFIC,0,1,0,0
98642,CLARK,0,1,0,0
98648,SKAMANIA,0,1,0,0
98660,CLARK,0,2,0,0
98661,CLARK,1,0,1,0
98662,CLARK,0,4,0,0
98663,CLARK,1,2,0,0
98664,CLARK,0,4,0,0
98665,CLARK,0,5,0,0
98668,CLARK,1,0,0,0
98671,CLARK,0,1,0,0
98672,KLICKITAT,1,0,0,0
98674,COWLITZ,0,2,0,0
98682,CLARK,0,1,0,0
98683,CLARK,0,7,0,0
98684,CLARK,0,3,0,0
98686,CLARK,2,4,0,0
98801,CHELAN,1,10,0,0
98802,DOUGLAS,0,3,1,0
98807,CHELAN,1,0,0,0
98812,OKANOGAN,1,1,0,0
98815,CHELAN,0,2,0,0
98816,CHELAN,1,1,0,0
98823,GRANT,1,2,1,0
98826,CHELAN,1,1,0,0
98837,GRANT,1,6,0,0
98840,OKANOGAN,0,0,1,0
98841,OKANOGAN,1,2,0,0
98848,GRANT,1,1,0,0
98851,GRANT,0,1,0,0
98855,OKANOGAN,1,1,0,0
98858,DOUGLAS,0,1,0,0
98901,YAKIMA,0,1,0,0
98902,YAKIMA,2,11,0,0
98903,YAKIMA,0,1,1,0
98908,YAKIMA,0,8,0,0
98926,KITTITAS,1,5,1,0
98930,YAKIMA,0,2,0,0
98942,YAKIMA,0,2,0,0
98944,YAKIMA,1,3,0,0
98948,YAKIMA,1,1,0,0
98951,YAKIMA,0,1,0,0
99004,SPOKANE,0,2,0,0
99011,SPOKANE,1,0,0,0
99012,SPOKANE,0,1,0,0
99016,SPOKANE,0,3,0,0
99019,SPOKANE,0,1,0,0
99022,SPOKANE,1,1,0,0
99033,WHITMAN,0,1,0,0
99037,SPOKANE,0,1,0,0
99109,STEVENS,1,2,0,0
99111,WHITMAN,1,3,1,0
99114,STEVENS,1,4,1,0
99122,LINCOLN,1,0,1,0
99130,WHITMAN,0,1,0,0
99133,GRANT,1,0,0,0
99155,OKANOGAN,0,1,0,0
99156,PEND OREILLE,1,1,0,0
99159,LINCOLN,1,1,0,0
99163,WHITMAN,1,3,0,0
99166,FERRY,1,1,0,0
99169,ADAMS,1,1,0,0
99171,WHITMAN,0,1,0,0
99185,LINCOLN,0,1,0,0
99201,SPOKANE,0,5,1,0
99202,SPOKANE,3,5,0,0
99203,SPOKANE,0,2,0,0
99204,SPOKANE,2,2,0,0
99205,SPOKANE,1,3,0,0
99206,SPOKANE,0,8,0,0
99207,SPOKANE,1,4,0,0
99208,SPOKANE,0,6,0,0
99210,SPOKANE,1,0,0,0
99212,SPOKANE,0,2,0,0
99216,SPOKANE,1,10,0,0
99218,SPOKANE,0,10,0,0
99220,SPOKANE,1,0,0,0
99223,SPOKANE,0,8,0,0
99301,FRANKLIN,1,3,0,0
99324,WALLA WALLA,0,3,0,0
99328,COLUMBIA,1,3,1,0
99336,BENTON,1,11,1,0
99337,BENTON,0,3,0,0
99338,BENTON,0,1,0,0
99344,ADAMS,1,2,1,0
99347,GARFIELD,1,0,1,0
99350,BENTON,1,2,0,0
99352,BENTON,2,5,0,0
99354,BENTON,0,4,0,0
99362,WALLA WALLA,3,7,1,0
99403,ASOTIN,1,3,1,0
99501,ANCHORAGE,0,12,1,0
99502,ANCHORAGE,0,52,0,0
99503,ANCHORAGE,1,14,1,0
99504,ANCHORAGE,0,155,0,0
99505,ANCHORAGE,0,1,0,0
99506,ANCHORAGE,1,0,0,0
99507,ANCHORAGE,0,94,0,0
99508,ANCHORAGE,7,108,0,0
99511,ANCHORAGE,0,1,0,0
99515,ANCHORAGE,0,69,0,0
99516,ANCHORAGE,0,23,0,0
99517,ANCHORAGE,0,23,0,0
99518,ANCHORAGE,0,18,0,0
99546,ALEUTIANS WEST,1,0,0,0
99556,KENAI PENINSULA,0,1,0,0
99559,BETHEL,1,5,1,0
99567,ANCHORAGE,0,4,0,0
99574,CHUGACH,1,1,1,0
99576,DILLINGHAM,2,1,1,0
99577,ANCHORAGE,0,16,0,0
99588,COPPER RIVER,1,0,0,0
99603,KENAI PENINSULA,1,7,1,0
99611,KENAI PENINSULA,0,13,1,0
99615,KODIAK ISLAND,1,10,1,0
99623,MATANUSKA-SUSITNA,0,8,0,0
99639,KENAI PENINSULA,0,2,0,0
99645,MATANUSKA-SUSITNA,1,26,0,0
99652,MATANUSKA-SUSITNA,0,2,0,0
99654,MATANUSKA-SUSITNA,1,82,1,0
99664,KENAI PENINSULA,1,6,1,0
99669,KENAI PENINSULA,1,15,0,0
99672,KENAI PENINSULA,0,2,0,0
99676,MATANUSKA-SUSITNA,0,2,0,0
99684,NOME,0,1,0,0
99685,ALEUTIANS WEST,1,0,0,0
99686,VALDEZ-CORDOVA,1,6,1,0
99687,MATANUSKA-SUSITNA,0,2,0,0
99688,MATANUSKA-SUSITNA,0,1,0,0
99694,MATANUSKA-SUSITNA,0,3,0,0
99701,FAIRBANKS NORTH STAR,1,21,1,0
99702,FAIRBANKS NORTH STAR,1,0,0,0
99703,FAIRBANKS NORTH STAR,1,0,0,0
99705,FAIRBANKS NORTH STAR,0,4,0,0
99709,FAIRBANKS NORTH STAR,0,17,0,0
99712,FAIRBANKS NORTH STAR,0,2,0,0
99723,NORTH SLOPE,1,2,1,0
99731,SOUTHEAST FAIRBANKS,1,0,0,0
99737,SOUTHEAST FAIRBANKS,0,0,1,0
99740,YUKON-KOYUKUK,0,0,1,0
99741,YUKON-KOYUKUK,0,1,1,0
99752,NORTHWEST ARCTIC,1,3,1,0
99762,NOME,2,1,1,0
99777,YUKON-KOYUKUK,0,1,0,0
99780,SOUTHEAST FAIRBANKS,0,0,1,0
99801,JUNEAU,1,10,1,0
99827,HAINES,0,1,1,0
99833,PETERSBURG,1,3,1,0
99835,SITKA,4,4,1,0
99901,KETCHIKAN GATEWAY,1,9,1,0
99921,PRINCE OF WALES-OUTER KETCHIKAN,0,0,1,0
99929,WRANGELL,1,2,1,0
