ZIP Code,State,County,Hospitals,Nursing Homes,Public Health Departments,Pharmacies,Representative Lat,Representative Lon
00603,PR,AGUADILLA,2,0,0,0,18.44280934,-67.15088511
00613,PR,ARECIBO,1,0,0,0,18.46704554,-66.7311406
00614,PR,ARECIBO,1,0,0,0,18.47328848,-66.71691497
00623,PR,CABO ROJO,1,0,0,0,18.0857323,-67.14732753
00631,PR,LARES,1,0,0,0,18.18101307,-66.83318175
00641,PR,UTUADO,1,0,0,0,18.26776881,-66.70133505
00646,PR,DORADO,1,0,0,0,18.4558957,-66.2902697
00660,PR,HORMIGUEROS,0,1,0,0,18.142685473,-67.120362857
00674,PR,MANATÍ,3,0,0,0,18.434046480000003,-66.47704843999999
00676,PR,MOCA,1,0,0,0,18.39019435,-67.10996904
00680,PR,MAYAGÜEZ,3,0,0,0,18.204035473333334,-67.13738471333333
00681,PR,MAYAGÜEZ,3,0,0,0,18.261436933333332,-66.80768238666667
00682,PR,MAYAGÜEZ,1,0,0,0,18.18063724,-67.15284971
00683,PR,SAN GERMÁN,2,0,0,0,18.090721085,-67.03910683000001
00693,PR,VEGA BAJA,1,1,0,0,18.445917702499997,-66.388003372
00698,PR,YAUCO,1,0,0,0,18.031208034,-66.857717025
00705,PR,AIBONITO,2,0,0,0,18.22352454,-65.782035865
00714,PR,ARROYO,1,0,0,0,17.97596128,-66.05836758
00717,PR,PONCE,1,1,0,0,17.99711858400005,-66.61787180699994
00725,PR,CAGUAS,2,0,0,0,18.21932776,-66.04091804000001
00731,PR,PONCE,1,0,0,0,18.03439368,-66.59454152
00733,PR,PONCE,3,0,0,0,18.022711746666666,-66.59951247333333
00737,PR,CAYEY,1,0,0,0,18.12431488,-66.14669714
00738,PR,FAJARDO,2,0,0,0,18.334366675,-65.65237282999999
00739,PR,CIDRA,1,0,0,0,18.17603896,-66.16140123
00765,PR,VIEQUES,1,0,0,0,18.14212852,-65.43963461
00780,PR,PONCE,1,0,0,0,18.03967485,-66.54740673
00785,PR,GUAYAMA,2,0,0,0,17.97716113,-66.110310235
00791,PR,HUMACAO,2,0,0,0,18.153351675,-65.83089149
00792,PR,HUMACAO,1,1,0,0,18.154382815000048,-65.83468690999996
00801,VI,ST. THOMAS,1,0,0,0,18.340605,-64.914717
00820,VI,ST. CROIX,1,0,1,0,17.73922575478818,-64.73280607992817
00907,PR,SAN JUAN,1,0,0,0,18.45599329,-66.06546953
00909,PR,SAN JUAN,1,0,0,0,18.44601952,-66.07371565
00910,PR,SAN JUAN,1,0,0,0,18.44465487,-66.06956059
00912,PR,SAN JUAN,1,0,0,0,18.4471351,-66.06293602
00915,PR,SAN JUAN,1,0,0,0,18.38990335,-66.09826151
00918,PR,SAN JUAN,1,0,0,0,18.40986267,-66.05109596
00919,PR,SAN JUAN,2,0,0,0,18.408314429999997,-66.06414186
00921,PR,SAN JUAN,1,0,0,0,18.39039414,-66.07933548
00922,PR,SAN JUAN,1,0,0,0,18.39052467,-66.07587827
00923,PR,SAN JUAN,1,0,0,0,18.39876597,-66.0390983
00926,PR,SAN JUAN,0,1,0,0,18.344266341,-66.0851324399999
00927,PR,SAN JUAN,2,0,0,0,18.312185425000003,-66.23369341
00928,PR,SAN JUAN,3,1,0,0,18.3801790715,-66.04776434600001
00935,PR,SAN JUAN,4,0,1,0,18.394452131674132,-66.07369501665222
00936,PR,SAN JUAN,5,0,0,0,18.408234904,-66.137668902
00956,PR,BAYAMÓN,3,0,0,0,18.367600718000002,-66.15398513866667
00959,PR,BAYAMÓN,1,0,0,0,18.39799578,-66.16635106
00960,PR,BAYAMÓN,3,0,0,0,18.414864899999998,-66.26820549
00961,PR,BAYAMÓN,1,0,0,0,18.39742538,-66.14752306
00969,PR,GUAYNABO,1,0,0,0,18.36243116,-66.09764036
00979,PR,CAROLINA,1,0,0,0,18.380443,-65.95579
00984,PR,CAROLINA,1,0,0,0,18.3884717,-65.97189867
01001,MA,HAMPDEN,0,7,1,0,42.0758691231074,-72.62307323213888
01002,MA,HAMPSHIRE,0,2,1,0,42.372012370808484,-72.52692998602919
01005,MA,WORCESTER,0,0,1,0,42.42322869999026,-72.10890605782775
01007,MA,HAMPSHIRE,0,1,0,0,42.2731002560001,-72.4152903149999
01008,MA,HAMPDEN,0,0,1,0,42.180020160400666,-72.92476200062308
01010,MA,HAMPDEN,0,0,1,0,42.12180249501675,-72.20391605765889
01011,MA,HAMPDEN,0,0,1,0,42.28007205710856,-72.98241398461222
01012,MA,HAMPSHIRE,0,0,1,0,42.39245166283691,-72.8436440963198
01013,MA,HAMPDEN,0,3,0,0,42.17418687700003,-72.60542273033333
01020,MA,HAMPDEN,0,2,1,0,42.16909871381308,-72.56766975194317
01026,MA,HAMPSHIRE,0,0,1,0,42.460438826788426,-72.89391135464899
01027,MA,HAMPSHIRE,0,0,2,0,42.28491687305866,-72.72258733118511
01028,MA,HAMPDEN,0,6,1,0,42.061030772785834,-72.35870495734945
01031,MA,WORCESTER,0,0,1,0,42.30662552276304,-72.21039654723856
01033,MA,HAMPSHIRE,0,0,1,0,42.25536678470512,-72.51951513877698
01034,MA,HAMPDEN,0,0,2,0,42.0742715031536,-72.94163724130982
01035,MA,HAMPSHIRE,0,1,1,0,42.35181775645534,-72.5706328078258
01036,MA,HAMPDEN,0,1,1,0,42.06014635923525,-72.42594018658042
01038,MA,HAMPSHIRE,0,0,1,0,42.372573781665565,-72.59695971779692
01039,MA,HAMPSHIRE,0,0,1,0,42.37478003408647,-72.70237187983624
01040,MA,HAMPDEN,3,9,1,0,42.19047883287236,-72.63098893863693
01050,MA,HAMPSHIRE,0,0,1,0,42.234222003781525,-72.87949728943194
01053,MA,HAMPSHIRE,1,3,0,0,42.35657067775008,-72.69128457849999
01056,MA,HAMPDEN,1,1,1,0,42.17213666310429,-72.47931001979485
01057,MA,HAMPDEN,0,0,1,0,42.09987851320924,-72.31536868390893
01060,MA,HAMPSHIRE,1,5,2,0,42.328043885151544,-72.64202300337679
01062,MA,HAMPSHIRE,1,1,0,0,42.34067811800005,-72.67930953999999
01068,MA,WORCESTER,0,0,1,0,42.35340524580901,-72.04200739212268
01069,MA,HAMPDEN,1,1,1,0,42.174853816893254,-72.34071983474057
01070,MA,HAMPSHIRE,0,0,1,0,42.51622741320346,-72.91605378076665
01071,MA,HAMPDEN,0,0,1,0,42.189979492098594,-72.85661148585703
01072,MA,FRANKLIN,0,0,1,0,42.45180691193438,-72.40957735057391
01073,MA,HAMPSHIRE,0,0,1,0,42.22883712288198,-72.72885607123345
01075,MA,HAMPSHIRE,0,2,1,0,42.22771852257484,-72.58697483464682
01077,MA,HAMPDEN,0,1,1,0,42.069973252453366,-72.76721142223465
01081,MA,HAMPDEN,0,0,1,0,42.073483520965404,-72.22041064353215
01082,MA,HAMPSHIRE,1,1,1,0,42.25629056003523,-72.2423274990818
01083,MA,WORCESTER,0,0,1,0,42.21165896168624,-72.19826102280739
01085,MA,HAMPDEN,1,5,2,0,42.134813720470234,-72.74435545653091
01086,MA,HAMPDEN,1,0,0,0,42.1183,-72.7596
01089,MA,HAMPDEN,0,2,1,0,42.12724613532696,-72.62983564323714
01095,MA,HAMPDEN,0,3,1,0,42.14105785460481,-72.44508262553364
01098,MA,HAMPSHIRE,0,0,1,0,42.39946207518207,-72.93695182012836
01102,MA,HAMPDEN,1,0,0,0,42.11513795,-72.5933057
01103,MA,HAMPDEN,0,0,1,0,42.10019891580397,-72.58756555247427
01104,MA,HAMPDEN,1,1,0,0,42.121341321,-72.58507665849996
01105,MA,HAMPDEN,0,2,0,0,42.1063158865,-72.57967356949996
01106,MA,HAMPDEN,0,3,1,0,42.06038902153426,-72.55701179844334
01108,MA,HAMPDEN,0,1,0,0,42.084346598,-72.575409421
01109,MA,HAMPDEN,2,2,0,0,42.11590863325002,-72.54091062074998
01118,MA,HAMPDEN,0,1,0,0,42.095499918,-72.5052371199999
01119,MA,HAMPDEN,0,1,0,0,42.1229303640001,-72.521094668
01199,MA,HAMPDEN,1,0,0,0,42.1217,-72.6032
01201,MA,BERKSHIRE,2,9,1,0,42.48102663250647,-73.08720527915501
01220,MA,BERKSHIRE,0,0,1,0,42.62142918077573,-73.12108376914092
01223,MA,BERKSHIRE,0,0,2,0,42.3249453548442,-73.08713221291666
01225,MA,BERKSHIRE,0,0,1,0,42.56191673170629,-73.1627845015784
01226,MA,BERKSHIRE,0,2,1,0,42.471710898767945,-73.17713275410696
01230,MA,BERKSHIRE,1,2,3,0,42.202279968000816,-73.38835724625926
01235,MA,BERKSHIRE,0,0,2,0,42.43770046639666,-73.08357639311157
01237,MA,BERKSHIRE,0,1,3,0,42.548641549579635,-73.25200377120338
01238,MA,BERKSHIRE,0,2,1,0,42.31982402086617,-73.25803888834999
01240,MA,BERKSHIRE,0,3,0,0,42.3686816516667,-73.27633537533326
01243,MA,HAMPSHIRE,0,0,1,0,42.34461302461084,-73.00954096820603
01244,MA,BERKSHIRE,0,0,1,0,42.112727482938446,-73.26637870524775
01245,MA,BERKSHIRE,0,0,1,0,42.17969373953144,-73.21376660597313
01247,MA,BERKSHIRE,1,1,2,0,42.706284450888084,-73.10232568228156
01253,MA,BERKSHIRE,0,0,1,0,42.19258368425693,-73.09334206570317
01254,MA,BERKSHIRE,0,0,1,0,42.390092341224886,-73.36697818627084
01255,MA,BERKSHIRE,0,1,1,0,42.0971899530654,-73.08747501018124
01256,MA,BERKSHIRE,0,0,1,0,42.56372687217639,-73.02505149010958
01257,MA,BERKSHIRE,0,0,1,0,42.11095738864273,-73.3541698371665
01258,MA,BERKSHIRE,0,0,1,0,42.09975619759334,-73.45323602066185
01264,MA,BERKSHIRE,0,0,1,0,42.245871567450145,-73.20431363064377
01266,MA,BERKSHIRE,0,0,1,0,42.33643764799162,-73.37432717605047
01267,MA,BERKSHIRE,0,1,1,0,42.707911190013846,-73.1975844107458
01270,MA,BERKSHIRE,0,0,1,0,42.511051010813745,-73.05752763399722
01301,MA,FRANKLIN,1,4,1,0,42.58988630336308,-72.6027370560374
01331,MA,WORCESTER,1,2,2,0,42.576829002518664,-72.20392522552677
01337,MA,FRANKLIN,0,0,2,0,42.68609583818305,-72.59094173527366
01339,MA,FRANKLIN,0,0,2,0,42.61584059666308,-72.892153993484
01340,MA,FRANKLIN,0,0,1,0,42.673830927568055,-72.70700587067105
01341,MA,FRANKLIN,0,0,1,0,42.50781109857093,-72.69636871008284
01343,MA,BERKSHIRE,0,0,1,0,42.666187612600076,-73.0097923662299
01346,MA,FRANKLIN,0,0,1,0,42.67371703587045,-72.82173987287284
01350,MA,FRANKLIN,0,0,1,0,42.72239909801226,-72.94169910289355
01354,MA,FRANKLIN,0,0,1,0,42.6412017556541,-72.4998136562722
01355,MA,FRANKLIN,0,0,1,0,42.50127772453558,-72.33125807567349
01364,MA,FRANKLIN,0,0,1,0,42.590379981482734,-72.30341073754482
01366,MA,WORCESTER,0,0,1,0,42.48805868370945,-72.18604432840375
01367,MA,FRANKLIN,0,0,1,0,42.6947178618095,-72.89840267325373
01368,MA,WORCESTER,0,0,1,0,42.63046310398665,-72.14727524430316
01370,MA,FRANKLIN,0,1,2,0,42.603843087726375,-72.73840166279378
01373,MA,FRANKLIN,0,0,1,0,42.47930421029161,-72.60829357399035
01375,MA,FRANKLIN,0,0,1,0,42.46756158108706,-72.58049011946163
01376,MA,FRANKLIN,0,1,1,0,42.59788179969385,-72.56590114026045
01378,MA,FRANKLIN,0,0,1,0,42.68234350628547,-72.33815703375024
01379,MA,FRANKLIN,0,0,1,0,42.54863046607184,-72.39561775563558
01420,MA,WORCESTER,1,5,1,0,42.58845176002579,-71.80032970533705
01430,MA,WORCESTER,0,0,1,0,42.636344122063036,-71.9089959230929
01431,MA,MIDDLESEX,0,0,1,0,42.678469428498566,-71.82250697014557
01432,MA,MIDDLESEX,1,2,2,0,42.56716438546897,-71.57962844305175
01434,MA,WORCESTER,1,0,0,0,42.53025503,-71.61498098
01436,MA,WORCESTER,0,1,1,0,42.60847048756116,-72.06799880832963
01440,MA,WORCESTER,1,3,1,0,42.575309249310735,-71.98625327503866
01450,MA,MIDDLESEX,0,2,1,0,42.60750650519901,-71.59302237260623
01451,MA,WORCESTER,0,0,1,0,42.5026401245443,-71.58470246695353
01452,MA,WORCESTER,0,0,1,0,42.47500355616194,-72.00778458375927
01453,MA,WORCESTER,1,6,1,0,42.53721363525706,-71.7550831961099
01460,MA,MIDDLESEX,0,1,1,0,42.535151971142724,-71.489842224132
01462,MA,WORCESTER,0,0,1,0,42.594520442426,-71.72478231183109
01463,MA,MIDDLESEX,0,0,1,0,42.667427574862074,-71.597809682858
01464,MA,MIDDLESEX,0,0,1,0,42.54527194797583,-71.64153991074521
01469,MA,MIDDLESEX,0,0,1,0,42.6670436669779,-71.70699419596598
01473,MA,WORCESTER,0,0,1,0,42.54319453402255,-71.91290953603665
01475,MA,WORCESTER,0,1,1,0,42.68812529564358,-72.04598515240477
01501,MA,WORCESTER,0,3,1,0,42.18647844571973,-71.84742134667069
01503,MA,WORCESTER,0,0,1,0,42.38105590134694,-71.6400798061502
01504,MA,WORCESTER,0,2,1,0,42.05865128868897,-71.6786836991101
01505,MA,WORCESTER,0,0,1,0,42.32963918875959,-71.75533691261336
01506,MA,WORCESTER,0,0,1,0,42.215261687116076,-72.10126600940444
01507,MA,WORCESTER,0,2,1,0,42.14521620512955,-71.95949143920318
01510,MA,WORCESTER,1,1,1,0,42.420621542788524,-71.68635681745322
01515,MA,WORCESTER,0,0,1,0,42.22489239682241,-72.0523842972983
01516,MA,WORCESTER,0,0,1,0,42.068729039779264,-71.7115432636671
01519,MA,WORCESTER,0,1,1,0,42.2096032682415,-71.68397862134216
01520,MA,WORCESTER,0,1,1,0,42.349050400103664,-71.85840617318175
01521,MA,HAMPDEN,0,0,1,0,42.06610622364872,-72.16061064576456
01523,MA,WORCESTER,0,2,1,0,42.4641575382698,-71.67741087284762
01524,MA,WORCESTER,0,0,1,0,42.247260369627575,-71.90611158812374
01527,MA,WORCESTER,0,1,1,0,42.20712964531958,-71.75978164684582
01529,MA,WORCESTER,0,0,1,0,42.0273842932067,-71.58162304215914
01531,MA,WORCESTER,0,0,1,0,42.317330730578895,-72.12272245951314
01532,MA,WORCESTER,0,4,1,0,42.31627064656164,-71.65070566540626
01534,MA,WORCESTER,0,2,0,0,42.15567469750005,-71.651299154
01535,MA,WORCESTER,0,0,1,0,42.268799051070474,-72.08541977899434
01540,MA,WORCESTER,0,0,1,0,42.117575816165626,-71.86512799515071
01541,MA,WORCESTER,0,0,1,0,42.44993966952367,-71.87890520783185
01542,MA,WORCESTER,1,1,0,0,42.2019075325,-71.89883479949995
01543,MA,WORCESTER,0,0,1,0,42.376859375948314,-71.95525481328383
01545,MA,WORCESTER,0,4,1,0,42.289695263670396,-71.70760860295853
01550,MA,WORCESTER,1,1,1,0,42.07522462814284,-72.03777244054452
01562,MA,WORCESTER,0,1,1,0,42.24790552406137,-71.99376177142662
01564,MA,WORCESTER,0,1,1,0,42.424520236340584,-71.77862921220907
01566,MA,WORCESTER,0,0,1,0,42.108734793516135,-72.08058014672297
01568,MA,WORCESTER,0,0,1,0,42.17319116655295,-71.60317482597739
01569,MA,WORCESTER,0,1,1,0,42.068184946484315,-71.62614481932079
01570,MA,WORCESTER,0,4,1,0,42.04261359072283,-71.87273824514591
01571,MA,WORCESTER,0,0,1,0,42.04543320139584,-71.8953907252123
01581,MA,WORCESTER,2,5,1,0,42.27752767644915,-71.5944483854001
01583,MA,WORCESTER,0,1,2,0,42.37226862635716,-71.78523727122975
01585,MA,WORCESTER,0,2,1,0,42.23518046115851,-72.1415675390881
01588,MA,WORCESTER,0,1,1,0,42.11591034574184,-71.66851728971835
01590,MA,WORCESTER,0,0,1,0,42.14953889439129,-71.76268888030816
01602,MA,WORCESTER,1,2,0,0,42.264424921333365,-71.84299262166667
01603,MA,WORCESTER,0,2,0,0,42.2451163345,-71.8386348455
01604,MA,WORCESTER,1,4,0,0,42.25742134780008,-71.78355175659998
01605,MA,WORCESTER,2,6,0,0,42.282189002625046,-71.7751592365
01606,MA,WORCESTER,1,8,0,0,42.309131486444485,-71.78451801522222
01608,MA,WORCESTER,1,0,0,0,42.26476086,-71.79673481
01609,MA,WORCESTER,0,6,0,0,42.287990141833426,-71.82394637183329
01610,MA,WORCESTER,0,3,1,0,42.25000990145939,-71.81010898790026
01612,MA,WORCESTER,0,0,1,0,42.31143965779584,-71.9282703788509
01655,MA,WORCESTER,1,0,0,0,42.2778,-71.7617
01701,MA,MIDDLESEX,1,5,0,0,42.312266997166695,-71.43209721016665
01702,MA,MIDDLESEX,0,4,1,0,42.28207151570708,-71.43167598754026
01719,MA,MIDDLESEX,0,0,1,0,42.48292961154409,-71.5137912415711
01720,MA,MIDDLESEX,0,2,1,0,42.49331909269481,-71.41501552301567
01721,MA,MIDDLESEX,0,3,1,0,42.251956667909035,-71.46145639514974
01730,MA,MIDDLESEX,2,1,1,0,42.500435831282154,-71.27233304827516
01731,MA,MIDDLESEX,1,0,0,0,42.4578802,-71.282688
01740,MA,WORCESTER,0,1,1,0,42.5133730659234,-71.6954734281125
01741,MA,MIDDLESEX,0,0,1,0,42.52939178401603,-71.35131026835046
01742,MA,MIDDLESEX,1,5,1,0,42.45424774275023,-71.3752428713361
01746,MA,MIDDLESEX,0,1,1,0,42.202235858191735,-71.4272763831118
01747,MA,WORCESTER,0,1,1,0,42.130760160724016,-71.54122926039207
01748,MA,MIDDLESEX,0,1,1,0,42.22459334586745,-71.52920421928721
01749,MA,MIDDLESEX,0,1,1,0,42.38411213852024,-71.56675520459018
01752,MA,MIDDLESEX,1,8,1,0,42.35496584714259,-71.53870833406413
01754,MA,MIDDLESEX,0,0,1,0,42.430421314756664,-71.4613697171891
01756,MA,WORCESTER,0,0,1,0,42.10550596547115,-71.55128982758542
01757,MA,WORCESTER,1,6,1,0,42.14335966990056,-71.52243015495868
01760,MA,MIDDLESEX,1,5,1,0,42.286469331852196,-71.34517319578876
01770,MA,MIDDLESEX,0,0,1,0,42.23962751960477,-71.37135232373907
01772,MA,WORCESTER,0,0,1,0,42.30359874532899,-71.52906145335633
01773,MA,MIDDLESEX,0,2,1,0,42.439423458982695,-71.31544432839898
01775,MA,MIDDLESEX,0,0,1,0,42.43634399444253,-71.50656611509612
01776,MA,MIDDLESEX,0,4,1,0,42.36439054494763,-71.42890067110808
01778,MA,MIDDLESEX,0,3,1,0,42.34066302708516,-71.35556346503522
01801,MA,MIDDLESEX,1,6,1,0,42.480569990925055,-71.15251232784127
01803,MA,MIDDLESEX,0,3,1,0,42.49555800497579,-71.20706918285109
01806,MA,MIDDLESEX,1,0,0,0,42.484665,-71.205265
01810,MA,ESSEX,0,5,1,0,42.6547757799694,-71.1457637379604
01821,MA,MIDDLESEX,0,2,1,0,42.55423923717158,-71.2747328015888
01824,MA,MIDDLESEX,0,5,1,0,42.60288949183572,-71.33676624871453
01826,MA,MIDDLESEX,0,2,1,0,42.67545171433098,-71.30301628034388
01827,MA,MIDDLESEX,0,0,1,0,42.6749155987791,-71.48176321507647
01830,MA,ESSEX,2,7,1,0,42.78458098213552,-71.06784057448581
01832,MA,ESSEX,0,1,0,0,42.7870295930001,-71.1093234109999
01833,MA,ESSEX,0,0,1,0,42.72263060097935,-70.9929196521048
01834,MA,ESSEX,0,0,1,0,42.7679518333838,-71.02553552983325
01835,MA,ESSEX,1,1,0,0,42.76166868300005,-71.118923975
01840,MA,ESSEX,0,0,1,0,42.70825620241914,-71.15994205914326
01841,MA,ESSEX,0,5,0,0,42.71238984080004,-71.16371926439994
01842,MA,ESSEX,1,0,0,0,42.71,-71.1501
01844,MA,ESSEX,1,5,1,0,42.72691302160842,-71.17446014913548
01845,MA,ESSEX,0,6,1,0,42.68967934174685,-71.10570829728002
01850,MA,MIDDLESEX,0,1,0,0,42.6522646400001,-71.299849807
01851,MA,MIDDLESEX,0,2,1,0,42.63225980772848,-71.33989427636509
01852,MA,MIDDLESEX,1,1,0,0,42.638039125,-71.2918504595
01854,MA,MIDDLESEX,2,5,0,0,42.645141712142895,-71.36051308928569
01860,MA,ESSEX,0,0,1,0,42.83352584833093,-71.00186885042613
01862,MA,MIDDLESEX,0,2,0,0,42.593034535499996,-71.29490822649996
01863,MA,MIDDLESEX,0,2,0,0,42.628034092,-71.36845813
01864,MA,MIDDLESEX,0,1,1,0,42.58807292612009,-71.11272251326663
01867,MA,MIDDLESEX,0,3,1,0,42.538594723894285,-71.1032987889829
01876,MA,MIDDLESEX,1,4,2,0,42.60386404217901,-71.2270323486719
01879,MA,MIDDLESEX,0,0,1,0,42.680525142082814,-71.42712112717703
01880,MA,MIDDLESEX,0,3,1,0,42.490579336216626,-71.07159267517314
01886,MA,MIDDLESEX,0,2,1,0,42.571742233222885,-71.42637795526427
01887,MA,MIDDLESEX,0,3,1,0,42.54494109042342,-71.15176971302563
01890,MA,MIDDLESEX,1,4,1,0,42.45859524028058,-71.13751136532757
01901,MA,ESSEX,0,0,1,0,42.464778197516964,-70.95126417050315
01902,MA,ESSEX,0,4,0,0,42.46963861350005,-70.93182416975
01904,MA,ESSEX,2,0,0,0,42.486710055,-70.96833046500001
01905,MA,ESSEX,0,1,0,0,42.4703721810001,-70.9648330269999
01906,MA,ESSEX,0,3,1,0,42.457164091158496,-70.99494713906087
01907,MA,ESSEX,0,2,1,0,42.47323178927848,-70.90704335173011
01908,MA,ESSEX,0,1,1,0,42.42497381652659,-70.91675895227398
01913,MA,ESSEX,1,5,1,0,42.85210009701892,-70.94309380930945
01915,MA,ESSEX,2,5,1,0,42.56273526200721,-70.87429338094333
01921,MA,ESSEX,0,0,1,0,42.694095287575706,-71.01452715931845
01923,MA,ESSEX,0,9,1,0,42.56654438994525,-70.94382754704792
01929,MA,ESSEX,0,0,1,0,42.63153492889797,-70.78316982539556
01930,MA,ESSEX,1,2,1,0,42.626223538308494,-70.67044137145807
01938,MA,ESSEX,0,1,1,0,42.67178660031486,-70.83696102056685
01940,MA,ESSEX,0,1,1,0,42.524554586496265,-71.0405207205021
01944,MA,ESSEX,0,0,1,0,42.574822821476495,-70.77236981282275
01945,MA,ESSEX,0,2,1,0,42.49412865737421,-70.87380307244284
01949,MA,ESSEX,0,0,1,0,42.60832614394187,-71.03266963810532
01950,MA,ESSEX,1,6,1,0,42.813624163408925,-70.89036080922843
01951,MA,ESSEX,0,0,1,0,42.79782206946987,-70.86109284354264
01952,MA,ESSEX,0,1,1,0,42.841542013781364,-70.85818979306765
01960,MA,ESSEX,2,8,1,0,42.534493934796686,-70.9553759102186
01966,MA,ESSEX,0,1,1,0,42.65518682807567,-70.61220062594151
01969,MA,ESSEX,0,1,1,0,42.72782523717105,-70.88087232897682
01970,MA,ESSEX,1,3,1,0,42.51288457530003,-70.89674219234067
01972,DE,NEW CASTLE,2,1,1,0,39.66988856480246,-75.60311950060924
01981,DE,NEW CASTLE,0,6,0,0,39.81114198466671,-75.51569743466665
01982,MA,ESSEX,0,0,1,0,42.61968020159575,-70.8547488529704
01983,MA,ESSEX,0,1,1,0,42.636983450059496,-70.94600215671059
01984,MA,ESSEX,0,0,1,0,42.6043314379407,-70.88684814281655
01985,MA,ESSEX,0,0,1,0,42.80018487350117,-70.98902353654616
01994,DE,SUSSEX,0,1,0,0,38.459035156,-75.576057163
01995,DE,SUSSEX,0,1,0,0,38.822505176,-75.623779606
02001,DC,DISTRICT OF COLUMBIA,3,1,0,0,38.930352442,-77.02161868875
02002,DC,DISTRICT OF COLUMBIA,0,1,0,0,38.8586681200001,-76.971285054
02006,DC,DISTRICT OF COLUMBIA,1,0,0,0,38.91754841,-77.02009375
02019,MA,NORFOLK,0,0,1,0,42.08724162232281,-71.47323806109517
02021,MA,NORFOLK,1,4,3,0,42.17223124248685,-71.13003658764232
02025,MA,NORFOLK,0,1,1,0,42.24045889373939,-70.81488193756803
02026,MA,NORFOLK,1,5,1,0,42.25295500389916,-71.18577911500986
02030,MA,NORFOLK,0,0,1,0,42.24505871095279,-71.28086893732018
02035,MA,NORFOLK,1,1,1,0,42.05972314513769,-71.247127112075
02038,MA,NORFOLK,0,2,1,0,42.08294413886813,-71.39724292613134
02043,MA,PLYMOUTH,0,6,1,0,42.22002165861969,-70.9075428937974
02045,MA,PLYMOUTH,0,0,1,0,42.26526023662635,-70.84605420306465
02048,MA,BRISTOL,0,1,1,0,42.02063068261744,-71.21299220345045
02050,MA,PLYMOUTH,0,1,1,0,42.096954185800726,-70.72627529600763
02052,MA,NORFOLK,0,1,1,0,42.186695449111824,-71.30629964861708
02053,MA,NORFOLK,0,2,1,0,42.14491432212204,-71.4070641742717
02054,MA,NORFOLK,0,1,1,0,42.16924567007584,-71.35424175477957
02056,MA,NORFOLK,0,0,1,0,42.11800488326344,-71.3265067449
02061,MA,PLYMOUTH,0,2,1,0,42.16199925496041,-70.85425686818918
02062,MA,NORFOLK,1,7,1,0,42.19187782429381,-71.20213275736748
02066,MA,PLYMOUTH,0,2,1,0,42.185021714019456,-70.75349483567162
02067,MA,NORFOLK,0,2,1,0,42.11976051735971,-71.1994122250511
02072,MA,NORFOLK,2,5,1,0,42.16887113555927,-71.09638793648433
02081,MA,NORFOLK,0,2,1,0,42.1614409370008,-71.23727349409641
02090,MA,NORFOLK,1,3,1,0,42.223940832517535,-71.20366816660085
02093,MA,NORFOLK,0,4,1,0,42.06413422598904,-71.31783120210615
02108,MA,SUFFOLK,0,0,1,0,42.3580693882277,-71.0575512853411
02109,MA,SUFFOLK,0,1,0,0,42.362468296,-71.053490751
02111,MA,SUFFOLK,1,0,0,0,42.3499,-71.064
02114,MA,SUFFOLK,3,0,0,0,42.362864183333336,-71.06856729333333
02115,MA,SUFFOLK,2,1,0,0,42.3384105316667,-71.09891395566666
02116,MA,SUFFOLK,0,1,0,0,42.353811357,-71.076556
02118,MA,SUFFOLK,3,0,1,0,42.333966063542896,-71.0703808692663
02119,MA,SUFFOLK,0,1,0,0,42.331946062,-71.083311207
02120,MA,SUFFOLK,1,2,0,0,42.32926728933334,-71.1073182326666
02121,MA,SUFFOLK,0,1,0,0,42.3007555980001,-71.07373534
02122,MA,SUFFOLK,0,2,0,0,42.29074679250005,-71.0534705515
02124,MA,SUFFOLK,1,1,0,0,42.27882381150005,-71.06618166849995
02125,MA,SUFFOLK,0,2,0,0,42.3152431750001,-71.068810663
02126,MA,SUFFOLK,0,1,0,0,42.269985433,-71.090627952
02127,MA,SUFFOLK,0,2,0,0,42.33246794950005,-71.0459796789999
02128,MA,SUFFOLK,0,1,0,0,42.3906322230001,-71.005322384
02129,MA,SUFFOLK,1,1,0,0,42.377659948499996,-71.05719111499995
02130,MA,SUFFOLK,4,6,0,0,42.313069285900056,-71.11578318039999
02131,MA,SUFFOLK,1,1,0,0,42.296760184,-71.13133140299999
02132,MA,SUFFOLK,1,6,0,0,42.279232291428585,-71.15649742628568
02134,MA,SUFFOLK,0,1,0,0,42.3542610370001,-71.143420545
02135,MA,SUFFOLK,3,4,0,0,42.34645482585721,-71.14730424071429
02136,MA,SUFFOLK,0,2,0,0,42.256629761000056,-71.11833039749996
02138,MA,MIDDLESEX,1,5,0,0,42.381495893500066,-71.13426458149998
02139,MA,MIDDLESEX,1,0,1,0,42.36959172354426,-71.10045407507474
02140,MA,MIDDLESEX,0,1,0,0,42.3875987210001,-71.131514054
02143,MA,MIDDLESEX,1,1,0,0,42.389291393,-71.1081611065
02144,MA,MIDDLESEX,0,1,0,0,42.392409425,-71.105939426
02145,MA,MIDDLESEX,0,0,1,0,42.391785297941325,-71.09726127834516
02146,MA,NORFOLK,1,0,0,0,42.35077951,-71.12124228
02148,MA,MIDDLESEX,0,4,1,0,42.42967803878431,-71.05954256102314
02149,MA,MIDDLESEX,1,1,1,0,42.41080021118997,-71.04290140476819
02150,MA,SUFFOLK,0,7,1,0,42.39470851880207,-71.03557203374669
02151,MA,SUFFOLK,0,3,1,0,42.417926814831844,-71.01949286069433
02152,MA,SUFFOLK,0,1,1,0,42.37849886434617,-70.98763642005582
02154,MA,MIDDLESEX,0,1,0,0,42.3764688380001,-71.229415955
02155,MA,MIDDLESEX,1,3,1,0,42.42446200154296,-71.10740107389688
02164,MA,MIDDLESEX,0,1,0,0,42.3135931511168,-71.2206220563621
02167,MA,NORFOLK,1,0,0,0,42.29831857,-71.14928568
02169,MA,NORFOLK,1,7,0,0,42.24586317287505,-70.99942270325
02170,MA,NORFOLK,0,1,0,0,42.270677305,-71.0204601899999
02171,MA,NORFOLK,0,2,1,0,42.29214142786953,-71.02782732796717
02176,MA,MIDDLESEX,1,5,1,0,42.45804652116144,-71.06481190767813
02180,MA,MIDDLESEX,0,5,1,0,42.475364879454276,-71.09867810667896
02184,MA,NORFOLK,1,7,1,0,42.20279753146458,-70.99955678222823
02186,MA,NORFOLK,1,2,1,0,42.2467113483835,-71.09002835884077
02188,MA,NORFOLK,0,4,0,0,42.21097170650005,-70.95937265274992
02189,MA,NORFOLK,0,1,1,0,42.209274701340036,-70.9407652806311
02190,MA,NORFOLK,1,1,0,0,42.167636716500056,-70.95123538600001
02192,MA,NORFOLK,1,0,0,0,42.2771,-71.2369
02215,MA,SUFFOLK,3,0,0,0,42.33833833333333,-71.10749433333332
02238,MA,MIDDLESEX,1,0,0,0,42.3741,-71.1343
02254,MA,MIDDLESEX,1,0,0,0,42.369124,-71.249607
02301,MA,PLYMOUTH,1,5,1,0,42.08913391432604,-71.04073015093785
02302,MA,PLYMOUTH,1,2,0,0,42.08178300100007,-70.99208414099996
02322,MA,NORFOLK,0,0,1,0,42.129066884640466,-71.0393345715758
02324,MA,PLYMOUTH,0,1,1,0,41.98727908378644,-70.97833345392877
02330,MA,PLYMOUTH,0,0,1,0,41.888934630105055,-70.76841519268459
02332,MA,PLYMOUTH,0,3,1,0,42.031304652306915,-70.72826338487565
02333,MA,PLYMOUTH,0,2,1,0,42.02665785846268,-70.96307131086853
02338,MA,PLYMOUTH,0,0,1,0,41.991331106722704,-70.86089737193342
02339,MA,PLYMOUTH,0,0,1,0,42.11603231802156,-70.8444146887377
02341,MA,PLYMOUTH,0,1,1,0,42.06078802724862,-70.8866664532084
02343,MA,NORFOLK,0,0,1,0,42.1556465264083,-71.0090760438331
02346,MA,PLYMOUTH,2,4,1,0,41.882379727650786,-70.90336109766596
02347,MA,PLYMOUTH,0,0,1,0,41.84059149057833,-70.94551231882357
02351,MA,PLYMOUTH,0,1,1,0,42.10920803510078,-70.95295775507225
02356,MA,BRISTOL,0,3,1,0,42.05940846855718,-71.10936054024916
02359,MA,PLYMOUTH,1,1,1,0,42.09254550474608,-70.7830536025034
02360,MA,PLYMOUTH,1,8,1,0,41.9398924524412,-70.65203877476715
02364,MA,PLYMOUTH,0,2,1,0,42.00759960818087,-70.77317531700125
02367,MA,PLYMOUTH,0,0,1,0,41.95725497897923,-70.81673074876933
02368,MA,NORFOLK,0,2,1,0,42.16373629794037,-71.04972524185966
02370,MA,PLYMOUTH,0,2,1,0,42.13209239769089,-70.91735586419286
02379,MA,PLYMOUTH,0,1,1,0,42.01721602703665,-71.03103546273772
02382,MA,PLYMOUTH,0,0,1,0,42.08127690274481,-70.93576554229396
02401,MA,PLYMOUTH,1,1,0,0,42.062823500500045,-71.0389770235
02420,MA,MIDDLESEX,0,1,1,0,42.442765409441506,-71.20852915470107
02421,MA,MIDDLESEX,0,4,0,0,42.42249913775005,-71.22216698324995
02445,MA,NORFOLK,0,1,1,0,42.32916195232572,-71.12094659303247
02446,MA,NORFOLK,0,1,0,0,42.33979026,-71.123932329
02451,MA,MIDDLESEX,0,1,1,0,42.39678958574722,-71.24544575070709
02452,MA,MIDDLESEX,0,1,0,0,42.4078766650001,-71.2186689229999
02453,MA,MIDDLESEX,1,1,0,0,42.372102834000046,-71.238595372
02458,MA,MIDDLESEX,0,2,0,0,42.355841272,-71.188093168
02459,MA,MIDDLESEX,0,1,1,0,42.32735161914794,-71.19281242208018
02460,MA,MIDDLESEX,0,1,0,0,42.3519254300001,-71.187553803
02462,MA,MIDDLESEX,1,2,0,0,42.32897426600007,-71.25028769800001
02464,MA,MIDDLESEX,0,1,0,0,42.3137631640001,-71.220677372
02465,MA,MIDDLESEX,0,3,0,0,42.35066431400003,-71.22596161166666
02466,MA,MIDDLESEX,0,1,0,0,42.3388456860001,-71.2489803719999
02467,MA,NORFOLK,0,3,0,0,42.32066526300003,-71.16907056899997
02472,MA,MIDDLESEX,0,3,1,0,42.36765992988221,-71.17311370679319
02474,MA,MIDDLESEX,0,1,0,0,42.422967629,-71.162900963
02476,MA,MIDDLESEX,0,2,1,0,42.42047688912391,-71.17513989744943
02478,MA,MIDDLESEX,1,1,1,0,42.392881079346516,-71.18732355375286
02481,MA,NORFOLK,0,3,1,0,42.31609679314904,-71.26306719885768
02482,MA,NORFOLK,0,1,0,0,42.3055314970001,-71.2968035059999
02492,MA,NORFOLK,0,3,1,0,42.28146618779851,-71.23240126918462
02493,MA,MIDDLESEX,0,3,1,0,42.37083222362776,-71.29122535307305
02494,MA,NORFOLK,0,2,0,0,42.3006040895,-71.2303104175
02532,MA,BARNSTABLE,0,3,1,0,41.74712720818614,-70.60075027187602
02535,MA,DUKES,0,0,2,0,41.343455874950564,-70.77845944676972
02537,MA,BARNSTABLE,1,0,0,0,41.7329845,-70.46810284
02539,MA,DUKES,0,0,1,0,41.38992983085614,-70.5146729872303
02540,MA,BARNSTABLE,1,5,1,0,41.561054061749545,-70.61599447115624
02542,MA,BARNSTABLE,1,0,0,0,41.6601672,-70.5684476
02554,MA,NANTUCKET,1,2,1,0,41.27175462859561,-70.12418321828704
02556,MA,BARNSTABLE,0,1,0,0,41.6545394500001,-70.622506527
02557,MA,DUKES,1,1,1,0,41.458935245976896,-70.57591815844624
02559,MA,BARNSTABLE,1,1,0,0,41.687441596,-70.60162294450001
02560,MA,PLYMOUTH,0,1,0,0,41.942244402,-70.633022995
02563,MA,BARNSTABLE,0,3,1,0,41.74982886486352,-70.4986601627412
02568,MA,DUKES,0,1,2,0,41.427778805971215,-70.62969802933296
02571,MA,PLYMOUTH,1,3,1,0,41.76231766124196,-70.71974743075745
02601,MA,BARNSTABLE,1,3,1,0,41.654361341929125,-70.29537016268368
02630,MA,BARNSTABLE,0,0,1,0,41.701456596313555,-70.30442464225071
02631,MA,BARNSTABLE,0,3,1,0,41.744906573186555,-70.04033349972933
02632,MA,BARNSTABLE,0,3,0,0,41.6526149230001,-70.34279492066663
02633,MA,BARNSTABLE,0,0,1,0,41.682757064132694,-69.98755032892478
02639,MA,BARNSTABLE,0,0,1,0,41.665637317742096,-70.13038647189404
02642,MA,BARNSTABLE,0,0,1,0,41.83038514347265,-69.9731695220345
02645,MA,BARNSTABLE,0,2,1,0,41.69311986143614,-70.07962856092809
02649,MA,BARNSTABLE,0,3,1,0,41.62820255434408,-70.48525758053424
02650,MA,BARNSTABLE,0,2,0,0,41.700344359000056,-69.9655133775
02653,MA,BARNSTABLE,0,1,1,0,41.78117051062956,-69.9818425483359
02657,MA,BARNSTABLE,0,1,1,0,42.05486498159348,-70.19242802036302
02660,MA,BARNSTABLE,0,1,0,0,41.6989992430001,-70.132857278
02664,MA,BARNSTABLE,0,2,1,0,41.67523138679604,-70.18915205236148
02666,MA,BARNSTABLE,0,0,1,0,41.99847013881482,-70.05614289655736
02667,MA,BARNSTABLE,0,0,1,0,41.941940211881246,-70.0399638079951
02673,MA,BARNSTABLE,0,3,0,0,41.6599117613334,-70.25944095633334
02676,MA,BRISTOL,0,1,0,0,41.9578673020001,-71.071416738
02702,MA,BRISTOL,0,0,1,0,41.79550439705618,-71.06804900134604
02703,MA,BRISTOL,2,6,1,0,41.94035030626307,-71.28342307734458
02715,MA,BRISTOL,0,0,1,0,41.839246182634845,-71.1176293907409
02719,MA,BRISTOL,0,4,1,0,41.649968200936414,-70.90328746206157
02720,MA,BRISTOL,2,5,0,0,41.72225348285716,-71.13569873542853
02721,MA,BRISTOL,1,1,0,0,41.683194834,-71.166558012
02722,MA,BRISTOL,0,0,1,0,41.70079958000125,-71.15450014869464
02723,MA,BRISTOL,0,1,0,0,41.701727136,-71.132809653
02724,MA,BRISTOL,0,2,0,0,41.69591580000005,-71.16279838649994
02725,MA,BRISTOL,0,2,0,0,41.7214360065,-71.16733472
02726,MA,BRISTOL,0,1,1,0,41.74062268179813,-71.15158951349592
02738,MA,PLYMOUTH,0,1,1,0,41.708820522601656,-70.77031243767823
02739,MA,PLYMOUTH,0,0,1,0,41.65933619449372,-70.81645734112269
02740,MA,BRISTOL,1,6,2,0,41.63879732805684,-70.93591076415339
02743,MA,BRISTOL,0,0,1,0,41.682693746921245,-70.90962117997552
02745,MA,BRISTOL,1,2,0,0,41.726985644666705,-70.94097201699994
02746,MA,BRISTOL,0,1,0,0,41.6650339890001,-70.920062807
02747,MA,BRISTOL,1,4,1,0,41.638188027418856,-70.98703295303464
02748,MA,BRISTOL,0,1,0,0,41.6111845950001,-70.93999762
02760,MA,BRISTOL,0,1,1,0,41.982626517720504,-71.33289102723558
02762,MA,NORFOLK,0,0,1,0,42.00579986314925,-71.33697073006434
02763,MA,BRISTOL,0,1,0,0,41.9683707550001,-71.299983821
02766,MA,BRISTOL,0,3,1,0,41.983165693489035,-71.19084720436848
02767,MA,BRISTOL,0,1,1,0,41.90837136888852,-71.0472541689659
02769,MA,BRISTOL,0,0,1,0,41.88666107986937,-71.19976208409155
02770,MA,PLYMOUTH,0,0,1,0,41.732970739109064,-70.81680086497221
02771,MA,BRISTOL,0,0,1,0,41.83014050250635,-71.32528566403582
02777,MA,BRISTOL,0,2,1,0,41.746396530097165,-71.20626772464577
02779,MA,BRISTOL,0,0,1,0,41.845379645898305,-71.08285735870092
02780,MA,BRISTOL,2,4,1,0,41.90263607085432,-71.08487575591026
02790,MA,BRISTOL,0,0,1,0,41.578023740733634,-71.09005925025107
02806,RI,BRISTOL,0,1,0,0,41.7493538460001,-71.348721853
02809,RI,BRISTOL,0,4,0,0,41.68253778525002,-71.26655344199995
02816,RI,KENT,0,5,0,0,41.683056703800055,-71.58120457599998
02818,RI,KENT,0,5,0,0,41.647197543200036,-71.46550308799996
02827,RI,KENT,0,1,0,0,41.70317,-71.776681
02828,RI,PROVIDENCE,0,5,0,0,41.878852930600054,-71.56664435659998
02830,RI,PROVIDENCE,1,0,0,0,41.99725365,-71.76246104
02838,RI,PROVIDENCE,0,1,0,0,41.9656082490001,-71.480680849
02840,RI,NEWPORT,1,4,0,0,41.4819921581159,-71.31245883736065
02842,RI,NEWPORT,0,5,0,0,41.51522758700008,-71.28866644179992
02852,RI,WASHINGTON,0,3,0,0,41.59569568933336,-71.46420614366666
02857,RI,PROVIDENCE,0,1,0,0,41.8367949030001,-71.6765588709999
02859,RI,PROVIDENCE,0,3,0,0,41.9425119406667,-71.6903480393333
02860,RI,PROVIDENCE,1,6,0,0,41.86967590128575,-71.38583587771424
02861,RI,PROVIDENCE,0,1,0,0,41.8631125740001,-71.352201109
02863,RI,PROVIDENCE,0,3,0,0,41.88916734733337,-71.389057173
02864,RI,PROVIDENCE,0,4,0,0,41.963616063750074,-71.40619757024996
02865,RI,PROVIDENCE,0,2,0,0,41.93851340300005,-71.4817650455
02871,RI,NEWPORT,0,1,0,0,41.5983271810001,-71.255455419
02878,RI,NEWPORT,0,2,0,0,41.6422280081228,-71.2052313263824
02879,RI,WASHINGTON,1,5,0,0,41.4558778011667,-71.49090311283331
02885,RI,BRISTOL,0,4,0,0,41.72592319825002,-71.2627389325
02886,RI,KENT,1,9,0,0,41.704392135100036,-71.46197195379996
02888,RI,KENT,0,2,0,0,41.74163982700006,-71.427447925
02889,RI,KENT,0,2,0,0,41.7259630875001,-71.38933648999995
02891,RI,WASHINGTON,1,8,0,0,41.3678519715556,-71.82168875577776
02892,RI,WASHINGTON,0,2,0,0,41.524886594000094,-71.58976507899996
02893,RI,KENT,0,2,0,0,41.7098402245,-71.51884528949995
02895,RI,PROVIDENCE,1,8,0,0,42.0052834346667,-71.49874120199995
02896,RI,PROVIDENCE,1,2,0,0,41.99571645466667,-71.53001447299997
02903,RI,PROVIDENCE,2,4,0,0,41.81478802850002,-71.41257908049997
02904,RI,PROVIDENCE,1,5,0,0,41.85350299233338,-71.43697518799998
02905,RI,PROVIDENCE,1,2,0,0,41.7877258616667,-71.40453960699996
02906,RI,PROVIDENCE,2,6,0,0,41.84444575575006,-71.39004923274997
02907,RI,PROVIDENCE,1,3,0,0,41.806279826500024,-71.42356496025
02908,RI,PROVIDENCE,2,4,1,0,41.83637909659217,-71.43076210692858
02911,RI,PROVIDENCE,0,1,0,0,41.8477157310001,-71.464934425
02914,RI,PROVIDENCE,0,11,0,0,41.81173253436368,-71.36483956581814
02915,RI,PROVIDENCE,1,4,0,0,41.78623926200006,-71.35234982339996
02917,RI,PROVIDENCE,0,3,0,0,41.8934474353334,-71.52201727466664
02919,RI,PROVIDENCE,1,7,0,0,41.821397512750025,-71.49622828312498
02920,RI,PROVIDENCE,2,3,0,0,41.75863475200002,-71.48557309579996
03038,NH,ROCKINGHAM,1,3,0,0,42.893814857000024,-71.30955070275
03044,NH,ROCKINGHAM,0,1,0,0,42.9850978700001,-71.127971498
03045,NH,HILLSBOROUGH,0,3,0,0,43.0174732676667,-71.56288821666664
03047,NH,HILLSBOROUGH,1,4,0,0,42.91834772492856,-71.85718337341784
03051,NH,HILLSBOROUGH,0,1,0,0,42.73523815,-71.426832019
03054,NH,HILLSBOROUGH,0,1,0,0,42.8388102,-71.4895971
03055,NH,HILLSBOROUGH,1,4,0,0,42.83199788800008,-71.64886245539996
03060,NH,HILLSBOROUGH,1,2,1,0,42.75084122971693,-71.46855216806098
03061,NH,HILLSBOROUGH,1,0,0,0,42.75627984,-71.4613747
03062,NH,HILLSBOROUGH,2,2,0,0,42.75041530050005,-71.48614985875
03071,NH,HILLSBOROUGH,0,1,0,0,42.748631926,-71.854352231
03077,NH,ROCKINGHAM,0,1,0,0,43.0438857950001,-71.242260722
03079,NH,ROCKINGHAM,1,1,0,0,42.773765717500055,-71.19599608399994
03084,NH,HILLSBOROUGH,0,6,0,0,42.816113449666716,-71.83859941283332
03086,NH,HILLSBOROUGH,0,1,0,0,42.836459328,-71.818640799
03087,NH,ROCKINGHAM,0,2,0,0,42.81341854600005,-71.282097137
03101,NH,HILLSBOROUGH,0,0,1,0,42.99945547292426,-71.4647485486711
03102,NH,HILLSBOROUGH,1,2,0,0,43.02616531766673,-71.48615059699999
03103,NH,HILLSBOROUGH,2,0,0,0,42.9841396,-71.43781916
03104,NH,HILLSBOROUGH,1,9,0,0,42.99747160360003,-71.44542486109997
03109,NH,HILLSBOROUGH,0,1,0,0,42.9718776390001,-71.417374314
03110,NH,HILLSBOROUGH,0,4,0,0,42.957761216500074,-71.48386244999998
03216,NH,MERRIMACK,0,1,0,0,43.4380390430001,-71.797190128
03222,NH,GRAFTON,0,2,0,0,43.59814520700005,-71.71578022449995
03224,NH,MERRIMACK,0,1,0,0,43.3452932480001,-71.507277202
03234,NH,MERRIMACK,0,1,0,0,43.226628093,-71.362952584
03235,NH,MERRIMACK,1,2,0,0,43.44367413333337,-71.64147806066667
03238,NH,GRAFTON,0,1,0,0,43.9849483690001,-71.88824069
03244,NH,HILLSBOROUGH,0,1,0,0,43.1180470910001,-71.8984377039999
03246,NH,BELKNAP,1,4,0,0,43.53355516320001,-71.47637505519997
03253,NH,BELKNAP,0,2,0,0,43.643083673,-71.50119019549996
03257,NH,MERRIMACK,1,0,0,0,43.42063768,-72.00004766
03263,NH,MERRIMACK,0,1,0,0,43.305402846,-71.3193568199999
03264,NH,GRAFTON,1,0,0,0,43.75773763,-71.69518793
03275,NH,MERRIMACK,0,1,0,0,43.1266872173598,-71.4407617215824
03276,NH,MERRIMACK,0,1,0,0,43.43951802,-71.586162541
03301,NH,MERRIMACK,2,6,1,0,43.20171062165923,-71.54555716696746
03303,NH,MERRIMACK,0,2,0,0,43.33630398200005,-71.699697355
03431,NH,CHESHIRE,1,6,0,0,42.947290386000056,-72.30516744371425
03452,NH,CHESHIRE,0,1,0,0,42.8041384320001,-72.0100673809999
03458,NH,HILLSBOROUGH,1,2,0,0,42.88762138600006,-71.94356154066662
03467,NH,CHESHIRE,0,1,0,0,42.9705770900001,-72.464857141
03470,NH,CHESHIRE,0,1,0,0,42.763126308,-72.3836889689999
03561,NH,GRAFTON,1,0,0,0,44.31793388,-71.82555904
03570,NH,COOS,1,2,0,0,44.49635328333337,-71.16123708733328
03576,NH,COOS,1,0,0,0,44.90444711,-71.48080943
03580,NH,GRAFTON,0,1,0,0,44.232551657,-71.75439986
03584,NH,COOS,1,1,0,0,44.49306147,-71.56595735799999
03590,NH,COOS,0,0,1,0,44.7521873559424,-71.62924328963747
03597,NH,COOS,0,1,0,0,44.9890130000001,-71.532412
03598,NH,COOS,0,2,0,0,44.37534697700005,-71.61515088899995
03603,NH,SULLIVAN,0,1,0,0,43.2456620030001,-72.427579392
03743,NH,SULLIVAN,1,3,0,0,43.36561166000003,-72.33086256899998
03755,NH,GRAFTON,0,3,0,0,43.7172117263334,-72.2783639063333
03756,NH,GRAFTON,1,0,0,0,43.67619155,-72.27333464
03765,NH,GRAFTON,0,1,0,0,44.0357892910001,-72.0621517499999
03766,NH,GRAFTON,1,1,0,0,43.64723924000005,-72.26640446999994
03773,NH,SULLIVAN,0,2,0,0,43.36905347100005,-72.175726884
03774,NH,GRAFTON,0,1,0,0,44.114709528,-72.040774655
03782,NH,SULLIVAN,0,1,0,0,43.430680696,-72.0680255729999
03784,NH,GRAFTON,0,1,0,0,43.643144835,-72.3097224969999
03785,NH,GRAFTON,1,0,0,0,44.13533816,-72.02342639
03801,NH,ROCKINGHAM,2,5,0,0,43.06552358676915,-70.77096026484281
03820,NH,STRAFFORD,2,6,0,0,43.19220293800003,-70.88593787699998
03824,NH,STRAFFORD,0,1,0,0,43.09585342,-70.932542581
03825,NH,STRAFFORD,0,1,0,0,43.2166326110001,-71.0245413659999
03833,NH,ROCKINGHAM,1,5,0,0,42.9820669748334,-70.9782346903333
03835,NH,STRAFFORD,0,1,0,0,43.386806101,-71.074282137
03839,NH,STRAFFORD,0,1,0,0,43.274215887,-70.9787441509999
03841,NH,ROCKINGHAM,1,0,0,0,42.87166334,-71.15420708
03842,NH,ROCKINGHAM,0,1,0,0,42.949247418,-70.831607952
03860,NH,CARROLL,1,2,0,0,44.045268562,-71.12829891866666
03864,NH,CARROLL,0,1,0,0,43.6838643900001,-71.1357906599999
03865,NH,ROCKINGHAM,1,0,0,0,42.819724676,-71.105206271
03867,NH,STRAFFORD,1,6,0,0,43.29718989214292,-70.95923375585711
03868,NH,STRAFFORD,0,1,0,0,43.3109831530001,-70.9300587929999
03870,NH,ROCKINGHAM,0,1,0,0,43.006851097,-70.785881686
03873,NH,ROCKINGHAM,0,1,0,0,42.959417601,-71.1582746249999
03874,NH,ROCKINGHAM,1,0,0,0,42.89247142,-70.87369446
03894,NH,CARROLL,1,2,0,0,43.58299206766667,-71.2063203293333
03906,ME,YORK,0,2,0,0,43.352793184000106,-70.7363458165
03908,ME,YORK,0,1,0,0,43.236017196,-70.807658816
03909,ME,YORK,1,3,0,0,43.14054024750005,-70.64618232725
04002,ME,YORK,0,2,0,0,43.51023625,-70.6771383
04005,ME,YORK,1,38,0,0,43.49040869800003,-70.46812653271795
04008,ME,SAGADAHOC,0,1,0,0,43.99139712,-69.91691671
04009,ME,CUMBERLAND,1,5,0,0,44.042308191317545,-70.71101434289888
04011,ME,CUMBERLAND,2,16,0,0,43.90196934300004,-69.96355480872221
04015,ME,CUMBERLAND,0,3,0,0,43.981781895666735,-70.5284805616666
04017,ME,CUMBERLAND,0,1,0,0,43.7297431380001,-70.117614091
04020,ME,YORK,0,1,0,0,43.8031651000001,-70.817713192
04021,ME,CUMBERLAND,0,4,0,0,43.81160181025005,-70.30087789099997
04029,ME,CUMBERLAND,0,3,0,0,43.901751405000034,-70.62659275699993
04030,ME,YORK,0,4,0,0,43.59311318750002,-70.707803497
04032,ME,CUMBERLAND,0,5,0,0,43.849934823200044,-70.11378759779997
04037,ME,OXFORD,0,2,0,0,44.12586736767305,-70.98120307433891
04038,ME,CUMBERLAND,0,38,0,0,43.69326333800304,-70.44744557642326
04039,ME,CUMBERLAND,0,22,0,0,43.86748053513575,-70.34580534159839
04042,ME,YORK,0,4,0,0,43.598075753000046,-70.61326361499995
04043,ME,YORK,0,9,0,0,43.39643395066672,-70.553095175
04046,ME,YORK,0,2,0,0,43.452962011000054,-70.5356209934999
04048,ME,YORK,0,4,0,0,43.67436421739937,-70.79276478994785
04055,ME,CUMBERLAND,0,1,0,0,43.970945,-70.613218
04061,ME,YORK,0,1,0,0,43.6310764610001,-70.7435758459999
04062,ME,CUMBERLAND,0,51,0,0,43.80376853102282,-70.41423249588878
04063,ME,YORK,0,2,0,0,43.502863383000104,-70.3969922805
04064,ME,YORK,1,9,0,0,43.53010413270007,-70.39387868349996
04071,ME,CUMBERLAND,0,2,0,0,43.91016950000005,-70.45718819999996
04072,ME,YORK,0,44,0,0,43.51915671177277,-70.43610636831819
04073,ME,YORK,1,29,0,0,43.432281838133385,-70.76566574009999
04074,ME,CUMBERLAND,0,24,0,0,43.59297887258338,-70.33498511200001
04079,ME,CUMBERLAND,0,1,0,0,43.765962664,-70.013934333
04083,ME,YORK,0,6,0,0,43.46365059366673,-70.78885534083332
04084,ME,CUMBERLAND,0,4,0,0,43.7855408315166,-70.50150351800946
04085,ME,CUMBERLAND,0,2,0,0,43.78000461050005,-70.629510358
04086,ME,SAGADAHOC,0,10,0,0,43.93394182310003,-69.947720679
04087,ME,YORK,0,4,0,0,43.52883469038272,-70.7137049658526
04088,ME,OXFORD,0,2,0,0,44.1629441000001,-70.6776735999999
04090,ME,YORK,0,2,0,0,43.337105810000054,-70.57312462899995
04092,ME,CUMBERLAND,2,66,0,0,43.683043718027115,-70.35551996206424
04093,ME,YORK,0,5,0,0,43.64948740940006,-70.52360187419997
04096,ME,CUMBERLAND,0,3,0,0,43.8069060613334,-70.19229867833333
04101,ME,CUMBERLAND,1,7,1,0,43.65763500683933,-70.26191940119807
04102,ME,CUMBERLAND,3,26,0,0,43.66318910313795,-70.29370422424135
04103,ME,CUMBERLAND,0,60,0,0,43.69118909376928,-70.29328101258056
04105,ME,CUMBERLAND,0,12,0,0,43.73547384925005,-70.26032058908329
04106,ME,CUMBERLAND,0,25,0,0,43.63250854385602,-70.28231077396234
04107,ME,CUMBERLAND,0,3,0,0,43.58545379000003,-70.2331651673333
04110,ME,CUMBERLAND,0,2,0,0,43.76928864650005,-70.196708205
04210,ME,ANDROSCOGGIN,0,76,0,0,44.08677659838204,-70.2383594472038
04217,ME,OXFORD,0,1,0,0,44.369015953,-70.754288716
04221,ME,OXFORD,0,1,0,0,44.44226616,-70.317934322
04222,ME,ANDROSCOGGIN,0,1,0,0,43.974347107109,-70.1257702227489
04236,ME,ANDROSCOGGIN,0,2,0,0,44.1869729715,-70.1674618685
04238,ME,OXFORD,0,1,0,0,44.178553912,-70.3892959089999
04239,ME,FRANKLIN,0,6,0,0,44.48004573316668,-70.19520596666662
04240,ME,ANDROSCOGGIN,1,105,0,0,44.10074846937737,-70.18985643533964
04243,ME,ANDROSCOGGIN,1,0,0,0,44.10175387,-70.19978121
04250,ME,ANDROSCOGGIN,0,6,0,0,44.02915348550004,-70.10726748933332
04252,ME,ANDROSCOGGIN,0,3,0,0,44.027902337000036,-70.07065400466657
04256,ME,ANDROSCOGGIN,0,2,0,0,44.1161574,-70.39097945
04257,ME,OXFORD,0,4,0,0,44.55750066575005,-70.53751868274999
04258,ME,ANDROSCOGGIN,0,4,0,0,44.135439263500025,-70.340915886
04259,ME,KENNEBEC,0,1,0,0,44.242305071,-70.0253141859999
04260,ME,CUMBERLAND,0,9,0,0,43.95687780133337,-70.30578715311108
04263,ME,ANDROSCOGGIN,0,1,0,0,44.2454242910001,-70.13153856
04268,ME,OXFORD,1,7,0,0,44.211954407125035,-70.54097770762495
04270,ME,OXFORD,0,3,0,0,44.1398617866667,-70.51627492
04276,ME,OXFORD,1,5,0,0,44.54659240000003,-70.55660629033332
04280,ME,ANDROSCOGGIN,0,2,0,0,44.12256167950005,-70.05052418949995
04281,ME,OXFORD,0,9,0,0,44.23543670433339,-70.51937411088885
04282,ME,ANDROSCOGGIN,0,5,0,0,44.251747060800014,-70.2741890172
04287,ME,SAGADAHOC,0,3,0,0,44.026626693666735,-69.94025852966662
04289,ME,OXFORD,0,3,0,0,44.32699083333336,-70.55870269999998
04294,ME,FRANKLIN,0,1,0,0,44.6014956000001,-70.2392612
04330,ME,KENNEBEC,4,39,1,0,44.32921904847161,-69.75289157152545
04341,ME,LINCOLN,0,1,0,0,44.259668478,-69.554320521
04344,ME,KENNEBEC,0,4,0,0,44.24646905225002,-69.78295391074998
04345,ME,KENNEBEC,0,12,0,0,44.23019882116674,-69.77996894716664
04346,ME,KENNEBEC,0,2,0,0,44.22935235000005,-69.760786559
04347,ME,KENNEBEC,0,5,0,0,44.295940392400055,-69.80560503319998
04348,ME,LINCOLN,0,1,0,0,44.203450328,-69.4693770119999
04350,ME,KENNEBEC,0,2,0,0,44.176903943499994,-69.9401187054999
04351,ME,KENNEBEC,0,1,0,0,44.277344,-69.876345
04355,ME,KENNEBEC,0,1,0,0,44.372626773,-69.891502609
04357,ME,SAGADAHOC,0,1,0,0,44.0883361750001,-69.8030478059999
04358,ME,KENNEBEC,0,2,0,0,44.39749617150005,-69.58565982299996
04363,ME,KENNEBEC,0,3,0,0,44.31029370000001,-69.6385328
04364,ME,KENNEBEC,0,5,0,0,44.300903982000065,-69.97945310200001
04401,ME,PENOBSCOT,4,95,1,0,44.825049309536105,-68.79189773908712
04406,ME,PISCATAQUIS,0,2,0,0,45.176618574000045,-69.50336149499995
04412,ME,PENOBSCOT,0,26,0,0,44.78755391708171,-68.75305250552202
04416,ME,HANCOCK,0,7,0,0,44.57222013928577,-68.79301646085712
04419,ME,PENOBSCOT,0,2,0,0,44.81022645,-69.0364147
04422,ME,PENOBSCOT,0,1,0,0,45.0536538640656,-69.0236163149602
04424,ME,WASHINGTON,0,2,0,0,45.66192247600005,-67.864042313
04426,ME,PISCATAQUIS,1,10,0,0,45.181221944454585,-69.23142971854544
04427,ME,PENOBSCOT,0,3,0,0,44.989373753,-69.01502547133327
04428,ME,PENOBSCOT,0,8,0,0,44.81604213325005,-68.63745654674996
04429,ME,PENOBSCOT,0,6,0,0,44.716808059166716,-68.64135769983334
04430,ME,PENOBSCOT,0,1,0,0,45.6297715170001,-68.5717195239999
04438,ME,WALDO,0,2,0,0,44.6090270275,-68.9334931385
04441,ME,PISCATAQUIS,1,0,0,0,45.45887595,-69.61133128
04444,ME,PENOBSCOT,0,28,0,0,44.7346985840713,-68.88363205493668
04448,ME,PENOBSCOT,0,1,0,0,45.250949231,-68.66343016
04455,ME,PENOBSCOT,0,1,0,0,45.385750354,-68.308165574
04457,ME,PENOBSCOT,1,4,0,0,45.36753924300004,-68.49861393859996
04461,ME,PENOBSCOT,0,5,0,0,44.94897964000002,-68.63575852
04462,ME,PENOBSCOT,1,1,0,0,45.65585820850005,-68.7140367495
04463,ME,PISCATAQUIS,0,1,0,0,45.2612848890001,-68.989959761
04468,ME,PENOBSCOT,0,10,0,0,44.93187565757047,-68.64751687812694
04473,ME,PENOBSCOT,0,7,0,0,44.88450962714287,-68.72692941999999
04474,ME,PENOBSCOT,0,1,0,0,44.693188531,-68.818210806
04496,ME,WALDO,0,3,0,0,44.658723469666704,-68.84182481566664
04530,ME,SAGADAHOC,0,9,0,0,43.91028419733338,-69.82715338588883
04537,ME,LINCOLN,0,1,0,0,43.8774700000001,-69.631949
04538,ME,LINCOLN,1,3,0,0,43.86267361800005,-69.6349068605
04543,ME,LINCOLN,1,5,0,0,44.02966065100002,-69.51899129916666
04551,ME,LINCOLN,0,1,0,0,44.0316636000001,-69.4222228
04553,ME,LINCOLN,0,10,0,0,44.04594762207732,-69.54896531947297
04556,ME,LINCOLN,0,1,0,0,43.985120775,-69.645915198
04564,ME,LINCOLN,0,1,0,0,43.9463582500001,-69.463046353
04572,ME,LINCOLN,0,3,0,0,44.1134754942749,-69.39526852971566
04573,ME,LINCOLN,0,1,0,0,43.9590607600001,-69.556714622
04574,ME,KNOX,0,1,0,0,44.275271,-69.3943839999999
04578,ME,LINCOLN,0,5,0,0,43.987111118200055,-69.69720570979997
04579,ME,SAGADAHOC,0,1,0,0,43.9690690140001,-69.7692543909999
04605,ME,HANCOCK,2,15,0,0,44.54992935217651,-68.42847399976469
04606,ME,WASHINGTON,0,2,0,0,44.619812606500105,-67.74448987599999
04609,ME,HANCOCK,1,4,0,0,44.403383595000044,-68.2534217262
04614,ME,HANCOCK,1,1,0,0,44.401338793500045,-68.58203835399995
04619,ME,WASHINGTON,1,8,0,0,45.17870726481155,-67.27723279300525
04627,ME,HANCOCK,0,1,0,0,44.2611237240001,-68.6735333949999
04631,ME,WASHINGTON,0,1,0,0,44.912428371,-66.999447689
04634,ME,HANCOCK,0,4,0,0,44.578169142750056,-68.22043701774997
04640,ME,HANCOCK,0,8,0,0,44.52771125600002,-68.26010522349996
04643,ME,WASHINGTON,0,5,0,0,44.61349432904312,-67.84115015935063
04649,ME,WASHINGTON,0,3,0,0,44.530452184333335,-67.60329828866666
04654,ME,WASHINGTON,1,4,0,0,44.71769552140006,-67.46058575219999
04658,ME,WASHINGTON,0,2,0,0,44.5371066915001,-67.88114458849995
04664,ME,HANCOCK,0,1,0,0,44.49575428,-68.126705622
04671,ME,WASHINGTON,0,2,0,0,45.073180694490546,-67.10784091255685
04684,ME,HANCOCK,0,2,0,0,44.52701216900005,-68.52538912649996
04730,ME,AROOSTOOK,1,9,0,0,46.12040078500003,-67.83859992559996
04732,ME,AROOSTOOK,0,1,0,0,46.6289657900001,-68.391487857
04736,ME,AROOSTOOK,1,1,0,0,46.87962944550005,-68.00801013399999
04739,ME,AROOSTOOK,0,6,0,0,47.03222699950007,-68.59625094999991
04743,ME,AROOSTOOK,1,1,0,0,47.254526267,-68.59879661199994
04745,ME,AROOSTOOK,0,1,0,0,47.2809611340001,-68.422513922
04747,ME,AROOSTOOK,0,2,0,0,46.0099299785001,-68.2700105625
04750,ME,AROOSTOOK,0,1,0,0,46.9148964870001,-67.832737084
04756,ME,AROOSTOOK,0,3,0,0,47.34914012900007,-68.33282809033331
04757,ME,AROOSTOOK,0,1,0,0,46.6868116790001,-68.1522795189999
04765,ME,PENOBSCOT,0,3,0,0,45.99803359133339,-68.45402189166664
04769,ME,AROOSTOOK,1,7,0,0,46.67918011462504,-68.00906088274994
04785,ME,AROOSTOOK,0,8,0,0,47.17068204778738,-67.94764334001539
04787,ME,AROOSTOOK,0,1,0,0,46.537027041,-67.926889863
04840,ME,HANCOCK,0,1,0,0,44.5371216450001,-68.3419023769999
04841,ME,KNOX,0,10,0,0,44.11206756170005,-69.11885455249998
04843,ME,KNOX,0,6,0,0,44.20390804766674,-69.07616956849998
04848,ME,WALDO,0,1,0,0,44.2920950000001,-68.9063379999999
04853,ME,KNOX,0,1,0,0,44.145524896,-68.87212428
04854,ME,KNOX,0,3,0,0,44.07698095066673,-69.08154445133333
04856,ME,KNOX,1,2,0,0,44.17511864066674,-69.10044339966664
04861,ME,KNOX,0,2,0,0,44.0793788075,-69.18269154249995
04862,ME,KNOX,0,1,0,0,44.195639263,-69.2641185419999
04863,ME,KNOX,0,1,0,0,44.0505260210001,-68.823996541
04864,ME,KNOX,0,7,0,0,44.1179525958572,-69.24734879257133
04901,ME,KENNEBEC,3,14,0,0,44.55484330611768,-69.64289108388232
04911,ME,SOMERSET,0,1,0,0,44.800593,-69.89177
04912,ME,SOMERSET,0,3,0,0,44.93446720466667,-69.675030655
04915,ME,WALDO,1,11,0,0,44.419542641241726,-69.01022093224964
04920,ME,SOMERSET,0,1,0,0,45.0543620490001,-69.8784445489999
04924,ME,SOMERSET,0,1,0,0,44.7221911560001,-69.528880031
04927,ME,KENNEBEC,0,1,0,0,44.6993250400001,-69.525028557
04930,ME,PENOBSCOT,0,3,0,0,45.02987669100006,-69.25616482833333
04937,ME,SOMERSET,0,5,0,0,44.604157610593525,-69.67929384304288
04938,ME,FRANKLIN,1,20,0,0,44.65979106314292,-70.14643168242853
04943,ME,SOMERSET,0,2,0,0,44.8638347025001,-69.460708766
04944,ME,SOMERSET,0,2,0,0,44.6753950565001,-69.6336172164999
04950,ME,SOMERSET,0,6,0,0,44.80145168750007,-69.8236450843333
04953,ME,PENOBSCOT,0,1,0,0,44.8199386950001,-69.230428999
04955,ME,FRANKLIN,0,1,0,0,44.691901,-70.0278489999999
04957,ME,SOMERSET,0,1,0,0,44.69611093,-69.759359764
04958,ME,SOMERSET,0,4,0,0,44.941192967250004,-69.90831231649997
04963,ME,KENNEBEC,0,6,0,0,44.56543904157271,-69.77959913202206
04965,ME,SOMERSET,0,1,0,0,44.8488756310001,-69.435326988
04967,ME,SOMERSET,1,4,0,0,44.795667240000014,-69.38185868019998
04971,ME,SOMERSET,0,3,0,0,44.902122182333365,-69.4192666803333
04974,ME,WALDO,0,1,0,0,44.439984011,-68.938695201
04975,ME,SOMERSET,0,1,0,0,44.6249799,-69.586189103
04976,ME,SOMERSET,1,7,0,0,44.777073129500046,-69.708137067375
04978,ME,SOMERSET,0,1,0,0,44.6627449970001,-69.8078434449999
05001,VT,WINDSOR,1,2,2,0,43.656601597393184,-72.32656748352005
05009,VT,WINDSOR,1,0,0,0,43.64848638,-72.3434983
05030,VT,WINDSOR,0,1,0,0,43.406845661,-72.40718222
05031,VT,WINDSOR,0,0,1,0,43.730254109639766,-72.61840619031777
05032,VT,WINDSOR,0,0,1,0,43.82680672828963,-72.62959322226787
05033,VT,ORANGE,0,2,1,0,43.99832792207934,-72.12256397281023
05034,VT,WINDSOR,0,0,1,0,43.58777054709415,-72.62396073333338
05036,VT,ORANGE,0,0,1,0,44.01939231714234,-72.598574788965
05038,VT,ORANGE,0,1,1,0,43.98959495223322,-72.44757076503885
05039,VT,ORANGE,0,0,1,0,44.02377288436131,-72.29006288543358
05045,VT,ORANGE,0,1,1,0,43.89804600955447,-72.15792629587776
05048,VT,WINDSOR,0,0,1,0,43.54145663988597,-72.39962311980753
05051,VT,ORANGE,0,0,1,0,44.07942882084397,-72.05797929773937
05053,VT,WINDSOR,0,0,1,0,43.70549277806756,-72.51478187242517
05055,VT,WINDSOR,0,0,1,0,43.71393320874676,-72.30788816100875
05056,VT,WINDSOR,0,0,1,0,43.534165863542675,-72.74287603745047
05060,VT,ORANGE,1,3,2,0,43.95854473897406,-72.4733007559477
05061,VT,ORANGE,0,1,0,0,43.942869165,-72.6090342909999
05062,VT,WINDSOR,0,0,1,0,43.455567673335075,-72.53747302275607
05065,VT,WINDSOR,0,0,1,0,43.78533390526712,-72.45371862058575
05068,VT,WINDSOR,0,0,1,0,43.818579992865764,-72.51978496933218
05072,VT,ORANGE,0,0,1,0,43.8868609380805,-72.36618298211025
05075,VT,ORANGE,0,0,1,0,43.831540640691806,-72.24673959077688
05076,VT,ORANGE,0,0,1,0,44.1211826263708,-72.23186247008194
05077,VT,ORANGE,0,0,1,0,43.88762841586404,-72.49422097797616
05079,VT,ORANGE,0,0,1,0,43.970479887779675,-72.32321761578865
05081,VT,ORANGE,0,0,1,0,44.15161227063237,-72.04571077683205
05083,VT,ORANGE,0,0,1,0,43.909894743162866,-72.26202415764035
05089,VT,WINDSOR,1,6,3,0,43.46372587385756,-72.40228197120376
05091,VT,WINDSOR,0,2,1,0,43.624961432644334,-72.51838980728957
05101,VT,WINDHAM,0,2,1,0,43.1295847910011,-72.44494444582294
05142,VT,WINDSOR,0,0,1,0,43.38286523136304,-72.60776289333786
05143,VT,WINDSOR,0,0,4,0,43.25943953442037,-72.6068482641989
05146,VT,WINDHAM,0,0,1,0,43.191116163909044,-72.60256824057795
05148,VT,BENNINGTON,0,0,1,0,43.26624300389634,-72.85721915662096
05149,VT,WINDSOR,0,1,1,0,43.39717320914668,-72.69946580138205
05150,VT,WINDSOR,0,1,0,0,43.333104817,-72.526004767
05152,VT,BENNINGTON,0,0,1,0,43.229560525576154,-72.90094904135172
05155,VT,WINDHAM,0,0,1,0,43.19050071266333,-72.81040682965475
05156,VT,WINDSOR,1,1,2,0,43.297492327276714,-72.48964472603413
05158,VT,WINDHAM,0,0,1,0,43.06890694443428,-72.45785578018629
05161,VT,WINDSOR,0,0,1,0,43.291196212506904,-72.7940157620416
05201,VT,BENNINGTON,1,10,3,0,42.880119362731435,-73.1947947772129
05250,VT,BENNINGTON,0,0,2,0,43.11088493010882,-73.17615939208139
05252,VT,BENNINGTON,0,0,1,0,43.05545729324263,-73.13087811236315
05253,VT,BENNINGTON,0,0,1,0,43.23927306011432,-73.00798148568606
05255,VT,BENNINGTON,0,2,1,0,43.17056485078823,-73.04158864534769
05257,VT,BENNINGTON,0,2,0,0,42.927598807500004,-73.23518017999996
05261,VT,BENNINGTON,0,0,1,0,42.79515535814523,-73.22352317773259
05262,VT,BENNINGTON,0,0,1,0,42.94654118181171,-73.20983075792945
05301,VT,WINDHAM,2,4,3,0,42.84730073191872,-72.57003376304812
05302,VT,WINDHAM,0,1,0,0,42.844129766,-72.566043196
05340,VT,BENNINGTON,0,0,1,0,43.144810169603865,-72.87664573308919
05342,VT,WINDHAM,0,0,1,0,42.7984689400761,-72.82304698808674
05343,VT,WINDHAM,0,0,1,0,43.09953515960696,-72.77917723386959
05344,VT,WINDHAM,0,0,1,0,42.859569598323866,-72.72612276013156
05345,VT,WINDHAM,0,0,2,0,43.00279155126799,-72.62992014570011
05346,VT,WINDHAM,0,0,2,0,42.95891516791356,-72.53232688486057
05350,VT,BENNINGTON,0,0,1,0,42.77199463178422,-72.94057978677803
05352,VT,BENNINGTON,0,0,1,0,42.75474908196143,-73.06734862664068
05353,VT,WINDHAM,1,1,1,0,43.049278737380575,-72.66701056579272
05354,VT,WINDHAM,0,2,1,0,42.7684126777811,-72.51264562720426
05355,VT,WINDHAM,0,0,1,0,43.04172605930607,-72.79033328382384
05356,VT,WINDHAM,0,0,1,0,42.93750643772233,-72.84961567771455
05358,VT,WINDHAM,0,0,1,0,42.784251485201075,-72.76865812448615
05359,VT,WINDHAM,0,0,1,0,43.16624481199151,-72.72538982019957
05360,VT,WINDHAM,0,0,1,0,43.04319494594264,-72.9089766023274
05363,VT,BENNINGTON,0,0,2,0,42.88144787621755,-72.92452031069249
05401,VT,CHITTENDEN,1,7,2,0,44.483014097931026,-73.2205109698069
05402,VT,CHITTENDEN,0,1,0,0,44.4812803450001,-73.2066866279999
05403,VT,CHITTENDEN,0,7,0,0,44.4515241044286,-73.18937919742858
05404,VT,CHITTENDEN,0,1,1,0,44.494165270156714,-73.186916497195
05408,VT,CHITTENDEN,0,2,0,0,44.5138181535001,-73.25370966349995
05440,VT,GRAND ISLE,0,0,1,0,44.97701691211208,-73.30022254403713
05441,VT,FRANKLIN,0,0,1,0,44.78176292256643,-72.80091132807983
05442,VT,LAMOILLE,0,0,1,0,44.74974739932679,-72.69221602130598
05443,VT,ADDISON,0,1,1,0,44.12224715221708,-73.04040855018198
05444,VT,FRANKLIN,0,0,1,0,44.683217866726686,-72.91015729403809
05445,VT,CHITTENDEN,0,0,1,0,44.31028554505509,-73.24968998625505
05446,VT,CHITTENDEN,0,2,1,0,44.52851402533554,-73.21273316192321
05450,VT,FRANKLIN,0,1,2,0,44.927381739686325,-72.79303914945024
05451,VT,CHITTENDEN,0,1,0,0,44.503403899,-73.078008144
05452,VT,CHITTENDEN,0,2,0,0,44.506407821000096,-73.0804635745
05454,VT,FRANKLIN,0,0,1,0,44.66309540807745,-73.01185554401121
05455,VT,FRANKLIN,0,0,1,0,44.80183182010892,-72.94463337341273
05456,VT,ADDISON,0,0,1,0,44.20788920044072,-73.24561243706012
05457,VT,FRANKLIN,0,0,1,0,44.98144120625572,-72.91586722224167
05458,VT,GRAND ISLE,0,0,1,0,44.72212651894915,-73.2952170594081
05459,VT,FRANKLIN,0,0,1,0,44.93803502728778,-73.04681198580602
05461,VT,CHITTENDEN,0,0,1,0,44.32923037287874,-73.11073102415487
05463,VT,GRAND ISLE,0,0,1,0,44.87807346763288,-73.33859888020389
05464,VT,LAMOILLE,0,0,1,0,44.643595995545915,-72.83123217644535
05468,VT,CHITTENDEN,0,0,1,0,44.61907198649645,-73.12404121439782
05471,VT,FRANKLIN,0,0,1,0,44.87843053893563,-72.6093409997303
05472,VT,ADDISON,0,0,1,0,44.12576662000418,-73.153335592024
05473,VT,ADDISON,0,0,1,0,44.25392160366834,-73.1241951074841
05474,VT,GRAND ISLE,0,0,1,0,44.85086122532223,-73.26349627830024
05476,VT,FRANKLIN,0,2,1,0,44.98958958308399,-72.67875580247453
05477,VT,CHITTENDEN,0,1,0,0,44.3982386750001,-73.002324454
05478,VT,FRANKLIN,0,6,4,0,44.80197623512872,-73.0892612693952
05482,VT,CHITTENDEN,0,3,0,0,44.3971090883334,-73.22629230366663
05483,VT,FRANKLIN,0,0,1,0,44.88057986918932,-72.94672124767784
05484,VT,LAMOILLE,0,1,0,0,44.6269336660001,-72.826303954
05486,VT,GRAND ISLE,0,0,1,0,44.64512868932563,-73.30613918896066
05487,VT,FRANKLIN,1,0,1,0,44.51660238933375,-73.06491782514797
05488,VT,FRANKLIN,0,1,1,0,44.91861382017906,-73.12303981148466
05489,VT,CHITTENDEN,0,0,1,0,44.50758064642039,-72.8987812583488
05491,VT,ADDISON,0,2,4,0,44.14394372619015,-73.27236864935774
05492,VT,LAMOILLE,0,0,1,0,44.69337472197958,-72.76624655937636
05494,VT,CHITTENDEN,0,1,1,0,44.612386602563326,-72.96885512904039
05495,VT,CHITTENDEN,0,1,1,0,44.44454839537391,-73.08846876391118
05602,VT,WASHINGTON,2,6,3,0,44.24260949668874,-72.57989826704794
05641,VT,WASHINGTON,0,8,3,0,44.195746094876014,-72.50274326162571
05647,VT,WASHINGTON,0,0,1,0,44.40216642421465,-72.31102018575629
05650,VT,WASHINGTON,0,0,2,0,44.39158252309282,-72.44285333328025
05651,VT,WASHINGTON,0,0,1,0,44.27285607352332,-72.48555872850605
05653,VT,LAMOILLE,0,0,1,0,44.710752399591115,-72.5380086657022
05655,VT,LAMOILLE,0,1,1,0,44.59303158878025,-72.60141096215534
05656,VT,LAMOILLE,0,0,1,0,44.6361686044901,-72.68472825708628
05657,VT,LAMOILLE,0,0,1,0,44.54113379570764,-72.52338371468396
05658,VT,WASHINGTON,0,0,1,0,44.34936896400064,-72.35507380085761
05660,VT,WASHINGTON,0,0,2,0,44.24030577711849,-72.78106392054534
05661,VT,LAMOILLE,1,2,2,0,44.55944520254524,-72.59425017382397
05663,VT,WASHINGTON,0,3,1,0,44.14657991732412,-72.66041909559904
05667,VT,WASHINGTON,0,0,1,0,44.2400407049702,-72.42830750632143
05669,VT,WASHINGTON,0,0,1,0,44.090996113645495,-72.7341944751001
05671,VT,WASHINGTON,1,0,0,0,44.33191854,-72.7539322
05672,VT,LAMOILLE,0,0,1,0,44.46561154914987,-72.68602119598668
05673,VT,WASHINGTON,0,0,1,0,44.19415116517707,-72.82086748835759
05674,VT,WASHINGTON,0,0,1,0,44.11294733360576,-72.85532204050476
05675,VT,ORANGE,0,0,1,0,44.10878480127208,-72.43332121502688
05676,VT,WASHINGTON,0,1,3,0,44.34130674148748,-72.78837748237524
05679,VT,ORANGE,0,1,1,0,44.11975173694907,-72.55724855535243
05680,VT,LAMOILLE,0,0,1,0,44.54439443790955,-72.45800488255716
05701,VT,RUTLAND,1,13,2,0,43.60508109354955,-72.96747576898292
05733,VT,RUTLAND,0,2,4,0,43.82102707771565,-73.10285681076458
05734,VT,ADDISON,0,0,1,0,43.98451902246056,-73.31538853058814
05735,VT,RUTLAND,0,2,2,0,43.63771654212577,-73.18048191049553
05736,VT,RUTLAND,0,0,1,0,43.60403863676936,-73.00764517620658
05738,VT,RUTLAND,0,0,1,0,43.52946755841659,-72.82829121796887
05739,VT,RUTLAND,0,0,2,0,43.34844563310691,-72.99120307440381
05743,VT,RUTLAND,0,1,3,0,43.6383125383758,-73.29654929962634
05747,VT,ADDISON,0,0,1,0,43.97739695363878,-72.84222195632533
05748,VT,ADDISON,0,1,1,0,43.92340623429246,-72.84046206199739
05750,VT,RUTLAND,0,1,0,0,43.602464921,-73.2331466969999
05751,VT,RUTLAND,0,1,1,0,43.66684177029367,-72.82585545119213
05753,VT,ADDISON,1,3,4,0,44.0067475111103,-73.17871415901358
05757,VT,RUTLAND,0,0,1,0,43.486175472195356,-73.11790126536262
05759,VT,RUTLAND,0,0,1,0,43.51813203823063,-72.97159968523312
05760,VT,ADDISON,0,0,1,0,43.80387253960974,-73.30151286075522
05761,VT,RUTLAND,0,0,1,0,43.34562638817472,-73.17882895334081
05762,VT,RUTLAND,0,0,1,0,43.77087731964896,-72.81237302801293
05763,VT,RUTLAND,0,0,1,0,43.715292472242794,-73.02798743149519
05765,VT,RUTLAND,0,0,1,0,43.661994995681574,-73.03606962081993
05766,VT,ADDISON,0,0,1,0,43.97514728538579,-73.03669508002312
05767,VT,WINDSOR,0,0,1,0,43.875902601775195,-72.80713931919941
05769,VT,ADDISON,0,1,1,0,43.91891410418059,-73.1289934439128
05770,VT,ADDISON,0,0,1,0,43.891390934457924,-73.31611316110374
05772,VT,WINDSOR,0,0,1,0,43.775198036012526,-72.76553924748112
05773,VT,RUTLAND,0,4,2,0,43.46602245058711,-72.99075618513064
05774,VT,RUTLAND,0,0,1,0,43.41641393620941,-73.21251835107158
05776,VT,BENNINGTON,0,0,1,0,43.23810746775871,-73.2393712784351
05777,VT,RUTLAND,0,0,2,0,43.56467808312355,-73.05617627900136
05778,VT,ADDISON,0,0,1,0,43.86198440864278,-73.20085926791434
05819,VT,CALEDONIA,1,3,2,0,44.43203539461527,-72.01490070505098
05820,VT,ORLEANS,0,0,1,0,44.731049870683734,-72.37932017928732
05822,VT,ORLEANS,0,2,1,0,44.773124080543404,-72.18379195581478
05824,VT,ESSEX,0,0,1,0,44.42896622650029,-71.88798344465218
05825,VT,ORLEANS,0,0,1,0,44.86668275948808,-72.2644638373236
05826,VT,ORLEANS,0,1,1,0,44.63793635454929,-72.35679420733203
05828,VT,CALEDONIA,0,1,0,0,44.4073277100001,-72.139239139
05829,VT,ORLEANS,0,0,1,0,44.95262107994796,-72.13188787783182
05830,VT,ORLEANS,0,1,1,0,44.989288240798686,-72.049811072231
05837,VT,ESSEX,0,0,1,0,44.63899489713584,-71.89083130442755
05839,VT,ORLEANS,0,1,0,0,44.7048966670001,-72.1889766359999
05840,VT,ESSEX,0,0,1,0,44.57037779009138,-71.75747604385028
05841,VT,ORLEANS,0,1,1,0,44.579998446652695,-72.29107967443372
05842,VT,CHITTENDEN,0,1,0,0,44.3825483780001,-73.2410955139999
05845,VT,ORLEANS,0,0,1,0,44.80362341608524,-72.27635297992346
05846,VT,ESSEX,0,0,1,0,44.81494245406419,-71.8798754449327
05847,VT,ORLEANS,0,0,1,0,44.80620965339655,-72.44809013095089
05851,VT,CALEDONIA,0,1,1,0,44.51775378698675,-71.96705949799721
05853,VT,ORLEANS,0,0,1,0,44.914025617748514,-72.01470435939441
05855,VT,ORLEANS,1,4,1,0,44.938500508424205,-72.20591829781996
05857,VT,ORLEANS,0,0,1,0,44.9513067200831,-72.30459831484218
05858,VT,ESSEX,0,1,1,0,44.52544382940872,-71.82623965122366
05859,VT,ORLEANS,0,0,2,0,44.9719203640591,-72.42179666401576
05860,VT,ORLEANS,0,0,2,0,44.7952445427802,-72.09481263592079
05872,VT,ORLEANS,0,0,1,0,44.85070803320721,-72.02559278236089
05874,VT,ORLEANS,0,0,1,0,44.89042895958472,-72.42976071365169
05903,VT,ESSEX,0,0,2,0,44.928752168479875,-71.54274116244734
05905,VT,ESSEX,0,0,3,0,44.62629193944141,-71.58334128962862
05906,VT,ESSEX,0,0,1,0,44.46289442118147,-71.6826779896926
05907,VT,ESSEX,0,0,1,0,45.00893795839689,-71.79510099048574
06001,CT,HARTFORD,0,5,1,0,41.8030817093277,-72.84269657738459
06002,CT,HARTFORD,0,5,1,0,41.828473088764284,-72.73198859787901
06010,CT,HARTFORD,1,7,1,0,41.68768978033998,-72.92430835297084
06018,CT,LITCHFIELD,0,2,0,0,42.0170857465001,-73.33142700849996
06019,CT,HARTFORD,0,1,0,0,41.831940633,-72.921172586
06023,CT,HARTFORD,0,1,0,0,41.6178698040001,-72.716904987
06029,CT,TOLLAND,0,1,0,0,41.884860164,-72.462333266
06032,CT,HARTFORD,1,6,0,0,41.722760793714315,-72.82607098885711
06033,CT,HARTFORD,0,5,1,0,41.71233217802628,-72.57754482920323
06035,CT,HARTFORD,0,1,0,0,41.9649664770001,-72.79066712
06037,CT,HARTFORD,0,1,0,0,41.6299682040001,-72.77011033
06040,CT,HARTFORD,1,8,1,0,41.771770982000234,-72.53361743917159
06042,CT,HARTFORD,0,1,0,0,41.8028547500001,-72.489145489
06051,CT,HARTFORD,0,1,0,0,41.648785306,-72.785295799
06052,CT,HARTFORD,1,3,1,0,41.661888735657556,-72.79132369358025
06053,CT,HARTFORD,1,3,0,0,41.68924547975004,-72.79116795574996
06062,CT,HARTFORD,0,2,1,0,41.677105572806006,-72.86028760589835
06066,CT,TOLLAND,1,6,0,0,41.86542263500003,-72.45259687557139
06067,CT,HARTFORD,1,7,0,0,41.65910206712506,-72.66172855774998
06068,CT,LITCHFIELD,0,1,0,0,41.991675382,-73.4207814
06069,CT,NORTHWEST HILLS,1,1,0,0,41.879224886,-73.48090171199995
06070,CT,HARTFORD,0,2,0,0,41.8783503845,-72.81978111649995
06071,CT,TOLLAND,0,0,1,0,41.98531464403342,-72.44580320169689
06074,CT,HARTFORD,0,4,1,0,41.823585465975285,-72.5531413455127
06076,CT,CAPITOL,1,1,0,0,41.97904748550005,-72.39079507950001
06078,CT,HARTFORD,0,3,0,0,41.98359218700006,-72.61114323533333
06082,CT,HARTFORD,0,4,1,0,41.984460433144086,-72.58676451933188
06084,CT,TOLLAND,0,1,0,0,41.8723482130001,-72.413052796
06088,CT,HARTFORD,0,2,0,0,41.925669362500045,-72.6116152985
06089,CT,HARTFORD,0,1,0,0,41.840184343,-72.812550618
06095,CT,HARTFORD,0,4,1,0,41.853098859211094,-72.65919957230322
06096,CT,HARTFORD,0,2,0,0,41.91757996150005,-72.64163558799996
06102,CT,CAPITOL,1,0,0,0,41.75412542,-72.67917789
06105,CT,HARTFORD,1,4,0,0,41.76795428000004,-72.70769288259997
06106,CT,HARTFORD,3,5,1,0,41.74635547683319,-72.6953734968592
06107,CT,HARTFORD,0,2,0,0,41.75499970400005,-72.758721471
06108,CT,HARTFORD,0,1,1,0,41.7663665454384,-72.64545555249205
06109,CT,HARTFORD,0,0,1,0,41.711819664289294,-72.66403096873272
06110,CT,HARTFORD,0,1,0,0,41.7278993730001,-72.754363422
06111,CT,HARTFORD,1,3,0,0,41.68475883550002,-72.73127167974997
06112,CT,CAPITOL,1,0,1,0,41.80012195205941,-72.69251429152933
06114,CT,HARTFORD,0,1,0,0,41.728408679,-72.669462478
06117,CT,HARTFORD,1,5,0,0,41.79257638900007,-72.72682176916665
06119,CT,HARTFORD,0,5,0,0,41.76469996020004,-72.7201135674
06226,CT,WINDHAM,1,2,0,0,41.714590661333396,-72.22209586899997
06234,CT,WINDHAM,0,3,1,0,41.78824171109991,-71.93512708120892
06239,CT,WINDHAM,0,2,0,0,41.8084039205001,-71.87564681699996
06241,CT,WINDHAM,0,1,0,0,41.881045606,-71.8725792069999
06248,CT,TOLLAND,0,1,0,0,41.6567450000001,-72.352753
06249,CT,NEW LONDON,0,0,1,0,41.63535387349032,-72.21255941016867
06250,CT,CAPITOL,1,0,0,0,41.74110392,-72.19801148
06254,CT,NEW LONDON,0,0,1,0,41.611342658477334,-72.14631950151941
06260,CT,NORTHEASTERN CONNECTICUT,1,1,0,0,41.91757197200005,-71.8854273465
06268,CT,TOLLAND,0,1,1,0,41.79644874340842,-72.24878841638844
06278,CT,WINDHAM,0,1,0,0,41.8745940000001,-72.112741
06279,CT,TOLLAND,0,1,0,0,41.85482405,-72.300306496
06280,CT,WINDHAM,0,2,0,0,41.709812255000045,-72.17819943399991
06320,CT,NEW LONDON,2,5,0,0,41.34975434342859,-72.10479706414284
06334,CT,NEW LONDON,0,2,0,0,41.5356734031416,-72.14664679088264
06339,CT,NEW LONDON,0,0,1,0,41.477425595231786,-71.95924997978067
06340,CT,NEW LONDON,0,2,1,0,41.364867064494206,-72.0510822249177
06351,CT,NEW LONDON,0,0,1,0,41.605226311255656,-71.98406236061983
06355,CT,NEW LONDON,0,6,0,0,41.36175174066672,-71.96403151199998
06357,CT,NEW LONDON,0,2,0,0,41.322049056000054,-72.2211776475
06359,CT,NEW LONDON,0,0,1,0,41.4409611417774,-71.88092982992117
06360,CT,NEW LONDON,1,6,1,0,41.53565799243192,-72.08795969153984
06371,CT,NEW LONDON,0,0,1,0,41.31743536407617,-72.3299869775126
06374,CT,WINDHAM,0,2,0,0,41.6808067380001,-71.91830327799991
06378,CT,NEW LONDON,0,0,1,0,41.34009175600472,-71.9006457806919
06382,CT,NEW LONDON,0,2,1,0,41.476952849707175,-72.10459830200627
06385,CT,NEW LONDON,0,4,0,0,41.35963581825008,-72.14957960149997
06405,CT,NEW HAVEN,1,4,1,0,41.279783360826585,-72.81190921112038
06409,CT,MIDDLESEX,0,1,0,0,41.3466071070001,-72.414032344
06410,CT,NEW HAVEN,0,4,1,0,41.49970705259473,-72.90303904362268
06412,CT,MIDDLESEX,0,3,0,0,41.41033291000003,-72.45715155899997
06413,CT,MIDDLESEX,0,1,0,0,41.2774352000001,-72.51955
06414,CT,MIDDLESEX,0,1,0,0,41.5584136800001,-72.5545880029999
06415,CT,NEW LONDON,0,2,1,0,41.57760546162172,-72.33093435107668
06416,CT,MIDDLESEX,0,4,1,0,41.602036159672636,-72.66670593353804
06417,CT,MIDDLESEX,0,1,0,0,41.38903292,-72.434470875
06418,CT,NAUGATUCK VALLEY,1,0,0,0,41.335613,-73.08920514
06420,CT,NEW LONDON,0,0,1,0,41.49278212517335,-72.27666728606836
06422,CT,MIDDLESEX,0,1,1,0,41.454406777260374,-72.70027215033267
06424,CT,MIDDLESEX,0,1,1,0,41.57256518137095,-72.52322160330141
06426,CT,MIDDLESEX,0,3,1,0,41.343227953420126,-72.40255102662493
06437,CT,NEW HAVEN,0,4,1,0,41.29439843661392,-72.69125859025903
06438,CT,MIDDLESEX,0,2,0,0,41.4606120170001,-72.48486689399999
06443,CT,NEW HAVEN,0,4,1,0,41.28539573081715,-72.60569094199833
06447,CT,HARTFORD,0,2,0,0,41.6662316425001,-72.47019427949995
06450,CT,NEW HAVEN,0,9,1,0,41.526888321499754,-72.78239294013602
06451,CT,NEW HAVEN,1,2,0,0,41.5500156383334,-72.80248160000001
06455,CT,MIDDLESEX,0,0,1,0,41.517954937584435,-72.71121821566763
06457,CT,MIDDLESEX,3,8,1,0,41.554289371519985,-72.64734972710562
06460,CT,NEW HAVEN,1,3,1,0,41.213011848741075,-73.0596167705645
06461,CT,NEW HAVEN,0,2,0,0,41.23033189950005,-73.0624432959999
06469,CT,MIDDLESEX,0,1,0,0,41.4854000010001,-72.445605772
06470,CT,FAIRFIELD,0,4,1,0,41.40031618835104,-73.29281448605786
06471,CT,NEW HAVEN,0,2,0,0,41.31300458,-72.75313182949995
06473,CT,NEW HAVEN,0,2,1,0,41.37053757556777,-72.86411380480429
06475,CT,MIDDLESEX,0,2,1,0,41.29649934654311,-72.3863295238239
06477,CT,NEW HAVEN,0,3,1,0,41.26856714060162,-73.00589836277189
06479,CT,HARTFORD,0,2,0,0,41.58255328000005,-72.89345672249995
06480,CT,MIDDLESEX,0,2,0,0,41.577302137000004,-72.63257485049995
06483,CT,NEW HAVEN,0,1,1,0,41.39969615268246,-73.0664088525339
06484,CT,FAIRFIELD,0,7,0,0,41.289901653714345,-73.1047978335714
06488,CT,NEW HAVEN,0,6,1,0,41.4807082781914,-73.22813444969026
06489,CT,HARTFORD,0,2,1,0,41.60128445888185,-72.87660243703557
06492,CT,NEW HAVEN,2,7,1,0,41.458045525158994,-72.83512051948706
06498,CT,MIDDLESEX,0,1,1,0,41.28071630813529,-72.4572583853716
06510,CT,SOUTH CENTRAL CONNECTICUT,1,0,0,0,41.30469134,-72.93541366
06511,CT,NEW HAVEN,1,5,0,0,41.31573054833335,-72.92934859016664
06512,CT,NEW HAVEN,0,6,0,0,41.27070513633338,-72.86783805749995
06513,CT,NEW HAVEN,0,4,0,0,41.311380776250076,-72.87496440724999
06514,CT,NEW HAVEN,0,4,0,0,41.37482075175008,-72.92604977449996
06516,CT,NEW HAVEN,1,4,1,0,41.27422154511996,-72.96226476817566
06517,CT,NEW HAVEN,0,5,0,0,41.35023793200004,-72.91414212879997
06518,CT,NEW HAVEN,0,2,0,0,41.39361683700005,-72.9036850159999
06519,CT,NEW HAVEN,0,1,1,0,41.301279745124724,-72.93279215980101
06525,CT,NEW HAVEN,0,3,0,0,41.34515209666673,-72.98527467333327
06604,CT,FAIRFIELD,0,4,0,0,41.19566085025008,-73.2156923785
06606,CT,GREATER BRIDGEPORT,1,1,0,0,41.20113908650005,-73.20294391799996
06608,CT,FAIRFIELD,0,0,1,0,41.18479775827764,-73.18029667564944
06610,CT,GREATER BRIDGEPORT,1,0,0,0,41.18937738,-73.16659472
06611,CT,FAIRFIELD,0,5,1,0,41.25494150010197,-73.21177525631485
06612,CT,FAIRFIELD,0,0,1,0,41.252683738090994,-73.29695347500476
06614,CT,FAIRFIELD,0,3,0,0,41.248811217333404,-73.10216941899994
06615,CT,FAIRFIELD,0,0,1,0,41.179815686432285,-73.13457302326442
06702,CT,NEW HAVEN,0,2,0,0,41.55690749800005,-73.03951521299994
06704,CT,NEW HAVEN,0,1,0,0,41.5931131090001,-73.0276992089999
06705,CT,NEW HAVEN,0,4,0,0,41.54568516375008,-72.98713176549998
06706,CT,NAUGATUCK VALLEY,1,0,1,0,41.55363710266609,-73.0374576892014
06708,CT,NAUGATUCK VALLEY,1,1,0,0,41.56850249250005,-73.07047927649995
06710,CT,NEW HAVEN,0,4,0,0,41.56367668200007,-73.04475676374992
06716,CT,NEW HAVEN,0,1,0,0,41.606848664,-72.989596746
06757,CT,LITCHFIELD,0,1,0,0,41.725679057,-73.479755597
06759,CT,LITCHFIELD,0,2,0,0,41.7553100135001,-73.18970760099995
06762,CT,NEW HAVEN,0,1,1,0,41.53316565005268,-73.11855281738451
06770,CT,NEW HAVEN,0,3,0,0,41.4791502980001,-73.04545715633327
06776,CT,LITCHFIELD,1,2,1,0,41.58512677226543,-73.40776936161745
06782,CT,LITCHFIELD,0,1,0,0,41.6669028090001,-73.057798412
06784,CT,FAIRFIELD,0,0,1,0,41.58053456994925,-73.49818961562563
06790,CT,LITCHFIELD,1,6,1,0,41.80837900723509,-73.12599973024035
06794,CT,LITCHFIELD,0,0,1,0,41.64092113653155,-73.32035485855224
06795,CT,LITCHFIELD,0,4,0,0,41.58400397500007,-73.1075459327499
06798,CT,LITCHFIELD,0,1,0,0,41.559310274,-73.180743799
06801,CT,FAIRFIELD,0,3,1,0,41.409214937562325,-73.39860965361338
06804,CT,FAIRFIELD,0,2,1,0,41.45334578684908,-73.40242397466604
06810,CT,FAIRFIELD,2,4,1,0,41.39761453635397,-73.45574264418842
06811,CT,FAIRFIELD,0,3,0,0,41.41011694300003,-73.45714445099993
06812,CT,FAIRFIELD,0,0,1,0,41.465490198025556,-73.48699004319417
06820,CT,FAIRFIELD,0,3,1,0,41.0759301039004,-73.47327943180905
06824,CT,FAIRFIELD,0,3,1,0,41.14532516838026,-73.26134406255983
06825,CT,FAIRFIELD,0,2,0,0,41.218228996500045,-73.24462313699995
06830,CT,FAIRFIELD,1,3,1,0,41.04053986305267,-73.62761786719378
06831,CT,FAIRFIELD,0,3,0,0,41.06090769166676,-73.6934848126666
06840,CT,FAIRFIELD,1,2,1,0,41.1422007785016,-73.49107705611888
06850,CT,FAIRFIELD,0,2,0,0,41.12189774,-73.430261377
06851,CT,FAIRFIELD,0,3,1,0,41.128053649189994,-73.40965412495545
06854,CT,FAIRFIELD,0,1,0,0,41.0973422590001,-73.4524819769999
06855,CT,FAIRFIELD,0,1,0,0,41.1095351160001,-73.399684377
06856,CT,WESTERN CONNECTICUT,1,0,0,0,41.11153017,-73.42194562
06877,CT,FAIRFIELD,0,3,1,0,41.30436551675838,-73.48339833873192
06880,CT,FAIRFIELD,0,3,1,0,41.14807998706912,-73.34625623450145
06890,CT,FAIRFIELD,0,2,0,0,41.14448410600005,-73.28739399199995
06896,CT,FAIRFIELD,0,2,1,0,41.27556185509129,-73.40677212632579
06897,CT,FAIRFIELD,0,3,1,0,41.19994147287799,-73.42560984081584
06901,CT,FAIRFIELD,0,0,1,0,41.05138075783298,-73.54270119455381
06902,CT,FAIRFIELD,0,7,0,0,41.07502089200007,-73.55416260357138
06903,CT,FAIRFIELD,0,2,0,0,41.13826965200005,-73.560832976
06904,CT,WESTERN CONNECTICUT,1,0,0,0,41.05501669,-73.55312508
06905,CT,FAIRFIELD,0,3,0,0,41.07989513700003,-73.541450127
07001,NJ,MIDDLESEX,1,0,0,0,40.58446641,-74.26846961
07002,NJ,HUDSON,1,1,1,0,40.668331944013694,-74.11416949885567
07003,NJ,ESSEX,0,2,1,0,40.78598106444658,-74.19384500495391
07004,NJ,ESSEX,0,1,0,0,40.8724028,-74.273301599
07005,NJ,MORRIS,1,3,0,0,40.91053176100005,-74.41811321924993
07006,NJ,ESSEX,0,4,1,0,40.84559115796594,-74.29188181423027
07009,NJ,ESSEX,1,6,0,0,40.8575232114286,-74.22885618614283
07011,NJ,PASSAIC,0,1,0,0,40.8836504820001,-74.160459023
07013,NJ,PASSAIC,0,2,1,0,40.87246770007466,-74.17756720839812
07016,NJ,UNION,0,2,1,0,40.658852743301374,-74.29780344707716
07017,NJ,ESSEX,0,3,1,0,40.76565343057023,-74.20285830624348
07018,NJ,ESSEX,3,1,0,0,40.754327792000005,-74.2234611065
07020,NJ,BERGEN,0,1,0,0,40.809112263,-73.9878633019999
07023,NJ,UNION,0,1,0,0,40.641725713,-74.382520374
07024,NJ,BERGEN,0,0,1,0,40.85312329509941,-73.9722491179759
07029,NJ,HUDSON,0,0,1,0,40.74664906838978,-74.15687212025884
07030,NJ,HUDSON,1,1,1,0,40.73981126538476,-74.03319957006217
07032,NJ,HUDSON,1,2,1,0,40.76211721754474,-74.14997706966821
07034,NJ,MORRIS,0,0,1,0,40.89244193074003,-74.37865318777455
07035,NJ,MORRIS,0,2,1,0,40.917609597667386,-74.30565792047184
07036,NJ,UNION,0,1,1,0,40.62823689293406,-74.25250505377375
07039,NJ,ESSEX,1,8,1,0,40.77349068810376,-74.32625038274982
07040,NJ,ESSEX,0,2,1,0,40.72488833438195,-74.22673019472067
07042,NJ,ESSEX,2,5,1,0,40.64366120685414,-74.33992949144167
07045,NJ,MORRIS,0,1,1,0,40.89454444431462,-74.37073985724972
07046,NJ,MORRIS,0,1,0,0,40.876214,-74.4354455
07047,NJ,HUDSON,1,3,0,0,40.79216063150005,-74.00536139899998
07050,NJ,ESSEX,0,2,1,0,40.766832340195435,-74.23394247532444
07052,NJ,ESSEX,1,9,2,0,40.79077454796493,-74.26388681147888
07054,NJ,MORRIS,0,4,0,0,40.85535922650003,-74.39974414549995
07055,NJ,PASSAIC,3,3,1,0,40.860534965521886,-74.13206298331923
07059,NJ,SOMERSET,0,2,0,0,40.6311645230001,-74.50678455849994
07060,NJ,UNION,0,3,1,0,40.612312762456874,-74.40905950508068
07065,NJ,UNION,2,2,1,0,40.61048080531252,-74.2832832257437
07066,NJ,UNION,0,1,1,0,40.62558750895167,-74.31725013258207
07068,NJ,ESSEX,0,1,0,0,40.819307,-74.3104172709999
07069,NJ,SOMERSET,0,2,0,0,40.63534626400005,-74.445191397
07076,NJ,UNION,0,2,0,0,40.6194277390001,-74.35816427049991
07079,NJ,ESSEX,0,0,1,0,40.74584292500111,-74.25747468968989
07080,NJ,MIDDLESEX,0,1,0,0,40.546219041,-74.40830006
07083,NJ,UNION,1,1,1,0,40.68124508006528,-74.26714957833705
07087,NJ,HUDSON,0,3,0,0,40.7682462626667,-74.03191943733331
07088,NJ,UNION,0,1,0,0,40.715897021,-74.287526457
07090,NJ,UNION,0,2,2,0,40.65142630416078,-74.3355344039212
07092,NJ,UNION,1,4,0,0,40.67466344260002,-74.34775116779994
07093,NJ,HUDSON,0,1,1,0,40.789545315436,-74.0082055477025
07094,NJ,HUDSON,2,1,1,0,40.78587846319788,-74.0622178013476
07095,NJ,MIDDLESEX,0,1,1,0,40.557259194814655,-74.28164365214573
07102,NJ,ESSEX,2,0,1,0,40.73840500079826,-74.17458219646839
07103,NJ,ESSEX,1,2,0,0,40.742213049333365,-74.18992229266668
07104,NJ,ESSEX,0,3,1,0,40.76113722553998,-74.17107336771247
07107,NJ,ESSEX,1,1,0,0,40.76661365500005,-74.18747379499999
07109,NJ,ESSEX,1,1,0,0,40.785757114,-74.1764437885
07111,NJ,ESSEX,0,1,1,0,40.723506773244964,-74.24221783066133
07112,NJ,ESSEX,2,0,0,0,40.70934618,-74.211735
07201,NJ,UNION,0,1,1,0,40.66443174825344,-74.21286151689871
07202,NJ,UNION,0,3,0,0,40.659356309333425,-74.22608626699999
07203,NJ,UNION,0,0,1,0,40.658347981461,-74.2636379958208
07206,NJ,UNION,1,1,0,0,40.6591690365,-74.19748729249994
07207,NJ,UNION,2,0,0,0,40.65858977,-74.214855875
07302,NJ,HUDSON,1,2,0,0,40.7248554296667,-74.04949910233331
07304,NJ,HUDSON,0,0,1,0,40.72234605351212,-74.06308166696938
07305,NJ,HUDSON,0,3,0,0,40.701486410666696,-74.09221968899999
07306,NJ,HUDSON,1,1,0,0,40.732705819000046,-74.05401155000001
07307,NJ,HUDSON,0,1,0,0,40.7404917980001,-74.045272295
07401,NJ,BERGEN,0,2,0,0,41.044872064836056,-74.12022350808616
07403,NJ,PASSAIC,0,1,0,0,41.01561014,-74.315339454
07407,NJ,BERGEN,0,0,1,0,40.90072980685312,-74.12389868250456
07410,NJ,BERGEN,0,2,1,0,40.937854818876474,-74.12185566590178
07416,NJ,SUSSEX,0,1,0,0,41.118616091,-74.590115576
07417,NJ,BERGEN,0,1,0,0,41.0185963000001,-74.2022334
07420,NJ,PASSAIC,0,2,0,0,41.02284847450005,-74.29638144499995
07430,NJ,BERGEN,0,2,0,0,41.029757666500004,-74.16694485999989
07432,NJ,BERGEN,0,1,0,0,40.987468843,-74.147232088
07436,NJ,BERGEN,0,1,0,0,41.0006559770001,-74.247260868
07444,NJ,MORRIS,1,2,1,0,40.97254838293806,-74.31316032282854
07446,NJ,BERGEN,0,2,0,0,41.05869403250005,-74.13623150449999
07450,NJ,BERGEN,1,2,0,0,40.982204361000065,-74.1037235153333
07456,NJ,PASSAIC,0,0,1,0,41.129474216279746,-74.26513147552357
07458,NJ,BERGEN,0,1,0,0,41.035728304,-74.114173068
07461,NJ,SUSSEX,1,0,0,0,41.20702419,-74.6034979
07463,NJ,BERGEN,0,1,1,0,41.01189864198926,-74.13137148617577
07470,NJ,PASSAIC,2,15,1,0,40.94798372349376,-74.24511394696191
07480,NJ,PASSAIC,0,2,1,0,41.10489383972281,-74.37241851904102
07481,NJ,BERGEN,1,2,0,0,40.98130309400003,-74.17244439499997
07503,NJ,PASSAIC,1,0,1,0,40.898359213675924,-74.15854031559007
07505,NJ,PASSAIC,0,0,1,0,40.91856869852816,-74.16785998403233
07506,NJ,PASSAIC,0,1,0,0,40.9555985370001,-74.1633540569999
07508,NJ,PASSAIC,0,1,0,0,40.9726074640001,-74.1849790159999
07512,NJ,PASSAIC,0,1,0,0,40.9155654400001,-74.2064425899999
07514,NJ,PASSAIC,1,2,0,0,40.918510012333336,-74.13719426833332
07522,NJ,PASSAIC,0,1,0,0,40.9145718660001,-74.185029824
07601,NJ,BERGEN,1,3,1,0,40.8861396061034,-74.05038417061614
07607,NJ,BERGEN,0,1,0,0,40.9003178020001,-74.0692700449999
07621,NJ,BERGEN,0,2,1,0,40.92716748398212,-73.99469356404863
07626,NJ,BERGEN,0,3,0,0,40.94075984666674,-73.9650828413333
07630,NJ,BERGEN,0,3,0,0,40.9756992056667,-74.01588085133329
07631,NJ,BERGEN,1,4,1,0,40.89749574857854,-73.97703157910023
07640,NJ,BERGEN,0,1,0,0,40.9783399,-73.9913672
07642,NJ,BERGEN,0,2,0,0,41.002463076000055,-74.05761745199996
07645,NJ,BERGEN,0,1,0,0,41.0570755,-74.0558687
07646,NJ,BERGEN,0,1,1,0,40.92649370102602,-74.02699047342725
07647,NJ,BERGEN,0,2,0,0,41.000824075500105,-73.9324603445
07648,NJ,BERGEN,0,2,0,0,41.008632643000055,-73.9577214285
07649,NJ,BERGEN,0,1,0,0,40.961138992,-74.0300130529999
07650,NJ,BERGEN,0,0,1,0,40.848062776528586,-73.99828507519912
07652,NJ,BERGEN,2,10,2,0,40.95216068782903,-74.07233759481637
07656,NJ,BERGEN,0,3,0,0,41.0360666256667,-74.03473537466668
07662,NJ,BERGEN,1,1,0,0,40.89855679950005,-74.07414649649995
07663,NJ,BERGEN,1,0,0,0,40.89606942,-74.09280899
07666,NJ,BERGEN,1,4,1,0,40.88316412013141,-74.01319755475119
07670,NJ,BERGEN,0,3,0,0,40.9309559376667,-73.96170044966667
07675,NJ,BERGEN,2,5,0,0,40.998442396571484,-74.01590071857142
07676,NJ,BERGEN,0,1,1,0,40.99176358035353,-74.06295007111348
07677,NJ,BERGEN,0,3,0,0,41.03841891833337,-74.07072296633329
07701,NJ,MONMOUTH,1,3,0,0,40.34355581200003,-74.07461847849997
07702,NJ,MONMOUTH,0,4,0,0,40.32315110575002,-74.06586148699999
07712,NJ,MONMOUTH,0,1,1,0,40.2441549363446,-74.0765504041943
07716,NJ,MONMOUTH,0,1,0,0,40.4058611683655,-74.014706893188
07719,NJ,MONMOUTH,0,7,0,0,40.16035212600004,-74.07111351071428
07721,NJ,MONMOUTH,0,1,0,0,40.4343369270001,-74.2289121599999
07722,NJ,MONMOUTH,0,1,1,0,40.2882283735295,-74.18276922013582
07724,NJ,MONMOUTH,1,5,0,0,40.292032151941235,-74.06348300884976
07726,NJ,MONMOUTH,0,5,1,0,40.299101606160924,-74.34197683402157
07728,NJ,MONMOUTH,1,9,2,0,40.24427329354922,-74.29097071493595
07730,NJ,MONMOUTH,0,2,0,0,40.42326069150005,-74.1665610965
07731,NJ,MONMOUTH,0,1,0,0,40.177619658,-74.244108634
07733,NJ,MONMOUTH,1,5,0,0,40.389662675833385,-74.17895440299998
07734,NJ,MONMOUTH,0,2,0,0,40.44968300050005,-74.14270075149994
07738,NJ,MONMOUTH,0,2,0,0,40.33353643150005,-74.1313743595
07740,NJ,MONMOUTH,2,1,1,0,40.29726237221615,-73.98834133879816
07746,NJ,MONMOUTH,0,1,0,0,40.313173347,-74.2476156439999
07747,NJ,MONMOUTH,0,4,0,0,40.40123373900003,-74.23635079924999
07748,NJ,MONMOUTH,0,2,1,0,40.39485595484535,-74.11049657145935
07751,NJ,MONMOUTH,0,1,0,0,40.353083794,-74.3036282369999
07753,NJ,MONMOUTH,1,10,0,0,40.221950169181845,-74.0665118171818
07754,NJ,MONMOUTH,1,0,0,0,40.20926821,-74.04119883
07756,NJ,MONMOUTH,0,1,0,0,40.2088294,-74.0152433
07762,NJ,MONMOUTH,0,1,0,0,40.1503641140001,-74.055044545
07801,NJ,MORRIS,2,3,1,0,40.88564312022077,-74.56758781310764
07821,NJ,SUSSEX,0,2,0,0,41.0457603050001,-74.69970355449999
07823,NJ,WARREN,0,2,0,0,40.82007458700005,-75.069188044
07825,NJ,WARREN,1,0,0,0,40.98150956,-74.93182335
07826,NJ,SUSSEX,0,1,0,0,41.1562323970001,-74.7485797529999
07828,NJ,MORRIS,0,0,1,0,40.846888161888316,-74.74508182587735
07830,NJ,HUNTERDON,0,1,0,0,40.7448130000001,-74.8626149999999
07832,NJ,WARREN,0,1,0,0,40.9254284680001,-75.093995014
07834,NJ,MORRIS,1,2,1,0,40.89517908237131,-74.47115480422539
07840,NJ,WARREN,1,4,0,0,40.85473363860005,-74.80834589719998
07844,NJ,WARREN,0,1,0,0,40.922785,-74.925923
07849,NJ,MORRIS,0,0,1,0,41.02083469035986,-74.54851318504804
07853,NJ,MORRIS,0,0,1,0,40.78867018745654,-74.78276393231435
07856,NJ,MORRIS,0,1,0,0,40.903962662,-74.639266111
07860,NJ,SUSSEX,1,5,1,0,41.06469273101356,-74.75992243667348
07863,NJ,WARREN,0,1,1,0,40.82814120763154,-74.94842492358245
07866,NJ,MORRIS,0,0,1,0,40.91261301534562,-74.53005854619148
07869,NJ,MORRIS,0,2,1,0,40.85786325197811,-74.56828986589737
07871,NJ,SUSSEX,0,2,0,0,41.0577569390001,-74.65235245299996
07876,NJ,MORRIS,0,2,1,0,40.8650608419025,-74.63936492178105
07901,NJ,UNION,1,2,0,0,40.720371176333366,-74.35819946299993
07902,NJ,UNION,1,0,0,0,40.71178746,-74.35378384
07920,NJ,SOMERSET,0,5,1,0,40.67014218274958,-74.55983207404454
07922,NJ,UNION,1,2,0,0,40.6702930353334,-74.42712411733334
07928,NJ,MORRIS,0,3,0,0,40.741299653333364,-74.41516555700001
07930,NJ,MORRIS,1,1,0,0,40.812298077500046,-74.699714555
07932,NJ,MORRIS,0,7,0,0,40.779756313751356,-74.41602523866183
07936,NJ,MORRIS,0,2,1,0,40.82488061258508,-74.39919232681649
07939,NJ,SOMERSET,1,0,0,0,40.66859853,-74.5575506
07940,NJ,MORRIS,1,2,1,0,40.76592294518168,-74.42612897325576
07945,NJ,MORRIS,0,1,0,0,40.7896096490001,-74.587529027
07950,NJ,MORRIS,1,4,0,0,40.839865015400036,-74.4898666732
07960,NJ,MORRIS,2,3,2,0,40.796622911301036,-74.47739394377503
07962,NJ,MORRIS,1,0,0,0,40.78962092,-74.48918054
07974,NJ,UNION,0,3,0,0,40.693224399000094,-74.40074739033334
07977,NJ,SOMERSET,1,0,0,0,40.71218522,-74.64089839
07981,NJ,MORRIS,0,4,1,0,40.8216009233812,-74.42487780969014
08002,NJ,CAMDEN,1,5,0,0,39.93364726850007,-75.01649112816665
08003,NJ,CAMDEN,0,2,0,0,39.8920236250001,-74.961120682
08004,NJ,CAMDEN,0,2,0,0,39.763386186,-74.90615005999999
08005,NJ,OCEAN,0,1,0,0,39.7564349740001,-74.240203853
08008,NJ,OCEAN,0,0,1,0,39.5930927520154,-74.21812772835008
08009,NJ,CAMDEN,1,2,0,0,39.78098033900003,-74.91945388566667
08012,NJ,CAMDEN,2,2,1,0,39.77531804404647,-75.06656961448809
08015,NJ,BURLINGTON,1,0,0,0,39.97725682,-74.58514441
08016,NJ,BURLINGTON,0,4,0,0,40.05074180650002,-74.8417731195
08020,NJ,GLOUCESTER,0,1,0,0,39.7999428050001,-75.213568789
08028,NJ,GLOUCESTER,0,2,0,0,39.710218667500044,-75.1079227444999
08033,NJ,CAMDEN,0,1,0,0,39.892116263,-75.03856847
08034,NJ,CAMDEN,0,4,0,0,39.90366932575003,-75.00368222749995
08037,NJ,ATLANTIC,2,3,0,0,39.65051689340002,-74.79846283739997
08043,NJ,CAMDEN,1,12,0,0,39.85107605200007,-74.95427170823072
08046,NJ,BURLINGTON,2,0,0,0,40.046829125,-74.88086535
08048,NJ,BURLINGTON,0,1,0,0,39.986392993,-74.800299648
08050,NJ,OCEAN,1,4,0,0,39.722360831600035,-74.28818630279997
08052,NJ,BURLINGTON,0,2,0,0,39.955970861000054,-75.00756417400001
08053,NJ,BURLINGTON,3,6,0,0,39.8892883681675,-74.90889901982317
08054,NJ,BURLINGTON,0,3,0,0,39.95977456066674,-74.91992740033332
08055,NJ,BURLINGTON,0,2,0,0,39.8905826765001,-74.8311162755
08057,NJ,BURLINGTON,0,9,0,0,39.978017761000075,-74.94006199288886
08060,NJ,BURLINGTON,2,1,1,0,40.008500085199486,-74.829511373492
08062,NJ,GLOUCESTER,1,1,0,0,39.72558700900005,-75.18316405349995
08066,NJ,GLOUCESTER,0,1,0,0,39.8294105370001,-75.182411899
08068,NJ,BURLINGTON,1,1,0,0,39.967563400500055,-74.6373149575
08069,NJ,SALEM,0,3,0,0,39.7117737166667,-75.4690968423333
08070,NJ,SALEM,0,1,0,0,39.606186823,-75.496040993
08071,NJ,GLOUCESTER,0,1,0,0,39.737483517,-75.1370475539999
08077,NJ,BURLINGTON,0,3,0,0,40.00320103766667,-75.00134931433332
08079,NJ,SALEM,1,1,1,0,39.58743100626393,-75.44700113547452
08080,NJ,GLOUCESTER,0,8,1,0,39.74065139011023,-75.08202887414625
08084,NJ,CAMDEN,1,1,0,0,39.8263415185,-75.0094671465
08085,NJ,GLOUCESTER,0,1,0,0,39.7363964297294,-75.327010644485
08087,NJ,OCEAN,0,3,0,0,39.5931985736667,-74.36655673399997
08094,NJ,GLOUCESTER,1,3,0,0,39.65926769775005,-74.98532722174997
08096,NJ,GLOUCESTER,1,6,0,0,39.83148346200003,-75.13869234942854
08098,NJ,SALEM,0,2,0,0,39.6484384535001,-75.31700264599999
08102,NJ,CAMDEN,0,1,0,0,39.947478281,-75.1101614579999
08103,NJ,CAMDEN,3,1,0,0,39.938267980250004,-75.10997057324998
08104,NJ,CAMDEN,1,0,0,0,39.92864825,-75.10836805
08105,NJ,CAMDEN,0,1,0,0,39.9440119000001,-75.0948319
08108,NJ,CAMDEN,0,1,0,0,39.918147483,-75.0766031599999
08109,NJ,CAMDEN,0,1,0,0,39.9281023930001,-75.070495276
08110,NJ,CAMDEN,0,1,0,0,39.9753419,-75.0378415
08201,NJ,ATLANTIC,0,1,0,0,39.442703168,-74.496423658
08204,NJ,CAPE MAY,1,2,0,0,38.96591867133336,-74.9151959583333
08205,NJ,ATLANTIC,0,6,0,0,39.474977124000034,-74.54043753783328
08210,NJ,CAPE MAY,1,4,1,0,39.09174258917283,-74.81392001564355
08221,NJ,ATLANTIC,0,2,0,0,39.35959567800005,-74.567973789
08225,NJ,ATLANTIC,0,1,1,0,39.378235734232504,-74.54016931661201
08226,NJ,CAPE MAY,0,2,0,0,39.2662887960001,-74.597822845
08230,NJ,CAPE MAY,0,1,0,0,39.1895594980001,-74.721693092
08232,NJ,ATLANTIC,0,2,0,0,39.38175087250005,-74.5299144575
08234,NJ,ATLANTIC,0,3,0,0,39.385168660333335,-74.560777879
08240,NJ,ATLANTIC,2,1,0,0,39.478698746666666,-74.53972265666667
08244,NJ,ATLANTIC,1,0,0,0,39.31396749,-74.59251302
08302,NJ,CUMBERLAND,1,2,0,0,39.45652737733334,-75.23307719266667
08318,NJ,SALEM,1,2,0,0,39.52016902333337,-75.14170586
08330,NJ,ATLANTIC,1,1,0,0,39.440115574000046,-74.68820987149995
08332,NJ,CUMBERLAND,0,3,1,0,39.40705875151418,-75.04583528631122
08360,NJ,CUMBERLAND,2,5,1,0,39.468305215602435,-75.01720124171642
08401,NJ,ATLANTIC,4,2,1,0,39.3635077159817,-74.42753299616754
08502,NJ,SOMERSET,2,0,1,0,40.46328530696012,-74.67576175596132
08512,NJ,MIDDLESEX,0,1,0,0,40.3151672230001,-74.511637061
08518,NJ,BURLINGTON,0,1,0,0,40.113084687,-74.809350598
08520,NJ,MERCER,0,2,0,0,40.25770548300005,-74.52231097749996
08527,NJ,OCEAN,0,5,0,0,40.133080291800056,-74.27983361359998
08534,NJ,MERCER,1,1,0,0,40.31256718550005,-74.801002779
08536,NJ,MIDDLESEX,1,2,0,0,40.33888833400004,-74.62176775233333
08540,NJ,MERCER,1,7,1,0,40.36001044821032,-74.63370824921736
08550,NJ,MERCER,0,1,1,0,40.286547687814924,-74.61383038440428
08558,NJ,SOMERSET,0,2,0,0,40.414474043121444,-74.63887021836794
08560,NJ,MERCER,0,0,1,0,40.30944472037879,-74.81443883915559
08608,NJ,MERCER,0,0,1,0,40.2234088431091,-74.76418851317119
08609,NJ,MERCER,0,0,1,0,40.23070258794685,-74.723690524288
08611,NJ,MERCER,1,2,1,0,40.20611000910298,-74.75589697488073
08618,NJ,MERCER,1,1,0,0,40.23644778400005,-74.79155676549999
08619,NJ,MERCER,0,4,0,0,40.223465076750024,-74.69023343599997
08628,NJ,MERCER,1,3,1,0,40.261448376289636,-74.80143015877815
08629,NJ,MERCER,1,1,0,0,40.21657819,-74.741428305
08638,NJ,MERCER,1,3,0,0,40.244192293,-74.75122750924999
08641,NJ,BURLINGTON,1,0,0,0,40.03179885,-74.61578326
08648,NJ,MERCER,1,3,1,0,40.28574347121544,-74.73126038921934
08690,NJ,MERCER,1,5,0,0,40.2236845626667,-74.66307942216663
08691,NJ,MERCER,0,2,0,0,40.215199780000106,-74.6439303959999
08701,NJ,OCEAN,2,9,0,0,40.06936841181823,-74.20562017454542
08720,NJ,MONMOUTH,0,1,0,0,40.137601725,-74.1281706899999
08721,NJ,OCEAN,0,2,0,0,39.8913293285001,-74.1767219675
08723,NJ,OCEAN,0,3,0,0,40.04368345000003,-74.151023018
08724,NJ,OCEAN,2,7,0,0,40.08203831533335,-74.12857931799998
08734,NJ,OCEAN,0,1,0,0,39.8577267700001,-74.176528062
08742,NJ,OCEAN,0,1,0,0,40.075388532,-74.0613348529999
08753,NJ,OCEAN,0,2,0,0,39.99817944850005,-74.1979484574999
08755,NJ,OCEAN,4,9,1,0,40.00233291871757,-74.21636118584578
08757,NJ,OCEAN,0,4,0,0,39.997714484250054,-74.256619558
08759,NJ,OCEAN,0,6,0,0,39.95916015500004,-74.3483989048333
08805,NJ,SOMERSET,0,2,0,0,40.57633213600005,-74.54962773099999
08807,NJ,SOMERSET,0,10,1,0,40.58757081111866,-74.60871674603732
08812,NJ,SOMERSET,0,2,0,0,40.6071763765,-74.46235633
08816,NJ,MIDDLESEX,0,4,0,0,40.4125706072501,-74.41350219499998
08817,NJ,MIDDLESEX,0,1,1,0,40.5270385799269,-74.40296381376616
08818,NJ,MIDDLESEX,2,1,0,0,40.556107731,-74.34383780166662
08820,NJ,MIDDLESEX,1,5,0,0,40.57243859150003,-74.36070837599995
08822,NJ,HUNTERDON,1,2,1,0,40.52545000613141,-74.86673403683386
08831,NJ,MIDDLESEX,0,8,0,0,40.329343931500034,-74.45106533599996
08833,NJ,HUNTERDON,0,1,0,0,40.5918060710001,-74.864304439
08837,NJ,MIDDLESEX,1,2,0,0,40.528764060000036,-74.3399479833333
08844,NJ,SOMERSET,0,5,1,0,40.50447830740156,-74.65463023629422
08846,NJ,MIDDLESEX,0,0,1,0,40.57837672212658,-74.49939648983323
08852,NJ,MIDDLESEX,0,2,1,0,40.376121292434824,-74.57115869122761
08854,NJ,MIDDLESEX,1,2,0,0,40.52426834000007,-74.46337910833333
08857,NJ,MIDDLESEX,1,5,0,0,40.384683609666716,-74.32998908699996
08861,NJ,MIDDLESEX,3,2,0,0,40.520511064400026,-74.2794973602
08865,NJ,WARREN,1,3,0,0,40.69936707150005,-75.17234224849997
08867,NJ,HUNTERDON,0,1,0,0,40.615141587,-74.937919151
08869,NJ,SOMERSET,0,1,0,0,40.5841550647021,-74.6471019339254
08873,NJ,SOMERSET,0,7,0,0,40.5148381744286,-74.5132409335714
08876,NJ,SOMERSET,1,0,3,0,40.56680554448687,-74.63016135365034
08879,NJ,MIDDLESEX,0,1,0,0,40.4776343300001,-74.2776185559999
08882,NJ,MIDDLESEX,0,1,0,0,40.4570269170001,-74.392020384
08901,NJ,MIDDLESEX,6,2,1,0,40.49664048635703,-74.4498832694779
08902,NJ,MIDDLESEX,0,2,0,0,40.455398680000044,-74.50807670499995
08904,NJ,MIDDLESEX,0,1,0,0,40.5101352990001,-74.443306212
10002,NY,NEW YORK,1,3,0,0,40.71697182225,-73.98629937674997
10003,NY,NEW YORK,3,0,0,0,40.73312985333333,-73.98308468333333
10010,NY,NEW YORK,1,0,0,0,40.73688147,-73.97707927
10011,NY,NEW YORK,1,1,0,0,40.7421857105,-74.002005469
10013,NY,NEW YORK,0,0,1,0,40.71566961816132,-74.00233504252155
10014,NY,NEW YORK,0,1,0,0,40.7288350330001,-74.004478698
10016,NY,NEW YORK,2,0,0,0,40.7406835,-73.97465554
10019,NY,NEW YORK,2,1,0,0,40.76845658000003,-73.98737876666667
10021,NY,NEW YORK,6,2,0,0,40.770655853125014,-73.95211086987497
10022,NY,NEW YORK,0,1,0,0,40.76033241,-73.9692314289999
10023,NY,NEW YORK,0,2,0,0,40.78084250050005,-73.9821940315
10024,NY,NEW YORK,0,2,0,0,40.7901825835001,-73.97917473249996
10025,NY,NEW YORK,1,2,0,0,40.8030225106667,-73.9630835813333
10027,NY,NEW YORK,0,2,0,0,40.8126838025001,-73.950317782
10029,NY,NEW YORK,2,3,0,0,40.79146564400002,-73.9498381708
10032,NY,NEW YORK,3,0,0,0,40.84107272666666,-73.94217249666666
10034,NY,NEW YORK,1,0,0,0,40.87327524,-73.91305033
10035,NY,NEW YORK,2,2,0,0,40.800145884,-73.9375162455
10036,NY,NEW YORK,0,1,0,0,40.762202797,-73.994094667
10037,NY,NEW YORK,1,2,0,0,40.81497906533337,-73.93850141566661
10038,NY,NEW YORK,1,0,0,0,40.71051679,-74.00529783
10040,NY,NEW YORK,0,2,0,0,40.855810361000096,-73.9309428749999
10044,NY,NEW YORK,1,1,0,0,40.77030844200005,-73.9422092405
10065,NY,NEW YORK,2,0,0,0,40.76458026,-73.95616455999999
10075,NY,NEW YORK,0,1,0,0,40.7721436940001,-73.950692127
10128,NY,NEW YORK,0,4,0,0,40.78358188875003,-73.94760957724999
10301,NY,RICHMOND,0,5,0,0,40.63606358340006,-74.09339459879997
10303,NY,RICHMOND,0,1,0,0,40.6271063520001,-74.159015116
10304,NY,RICHMOND,2,4,0,0,40.61267771800005,-74.0846285265
10305,NY,RICHMOND,2,1,0,0,40.58704175366667,-74.07639691366666
10306,NY,RICHMOND,0,2,0,0,40.580191795999994,-74.1302267585
10309,NY,RICHMOND,1,0,0,0,40.5167578,-74.1963791
10310,NY,RICHMOND,1,0,0,0,40.63590241,-74.1059378
10314,NY,RICHMOND,0,4,0,0,40.60038100875008,-74.12924432549997
10451,NY,BRONX,1,0,0,0,40.8160855,-73.9247762
10452,NY,BRONX,0,2,0,0,40.836741867,-73.9274654505
10456,NY,BRONX,1,4,0,0,40.83159658760003,-73.91003958659995
10457,NY,BRONX,2,2,0,0,40.848972205500026,-73.89935894024998
10459,NY,BRONX,0,2,0,0,40.8193998190001,-73.896034055
10461,NY,BRONX,7,3,0,0,40.849204871000026,-73.8467279846
10462,NY,BRONX,0,2,0,0,40.8305403845,-73.84726213249999
10463,NY,BRONX,0,9,0,0,40.88156852500003,-73.90839506822219
10465,NY,BRONX,0,3,0,0,40.82698068466674,-73.81640455266664
10466,NY,BRONX,1,2,0,0,40.88773945966673,-73.849635376
10467,NY,BRONX,2,8,0,0,40.87688897720004,-73.87196081479998
10468,NY,BRONX,1,3,0,0,40.86679876050005,-73.90322587099998
10469,NY,BRONX,0,8,0,0,40.862601302250056,-73.84111740962494
10471,NY,BRONX,0,5,0,0,40.90386155120006,-73.90306700419998
10472,NY,BRONX,0,1,0,0,40.8267678120001,-73.8607602399999
10473,NY,BRONX,0,1,0,0,40.8203585210001,-73.857392978
10475,NY,BRONX,0,2,0,0,40.878135398,-73.83208925649996
10502,NY,WESTCHESTER,0,3,0,0,41.0179931606667,-73.84331991866658
10504,NY,WESTCHESTER,0,1,0,0,41.1224740700001,-73.706411977
10509,NY,PUTNAM,0,1,1,0,41.435051275852494,-73.59839666880166
10510,NY,WESTCHESTER,0,4,0,0,41.14705214625005,-73.83106127674998
10512,NY,PUTNAM,1,1,0,0,41.4258763695,-73.649275332
10520,NY,WESTCHESTER,0,3,0,0,41.228210378666695,-73.91419132266662
10522,NY,WESTCHESTER,1,1,0,0,41.0112561375,-73.871013146
10528,NY,WESTCHESTER,1,0,0,0,40.9891184,-73.70935222
10530,NY,WESTCHESTER,0,1,0,0,41.0180250000001,-73.807339
10532,NY,WESTCHESTER,0,2,0,0,41.10514758800005,-73.79636153249996
10536,NY,WESTCHESTER,1,0,0,0,41.26639132,-73.62071751
10541,NY,PUTNAM,0,1,0,0,41.3923099670001,-73.7333277989999
10543,NY,WESTCHESTER,0,2,0,0,40.94843504500005,-73.73499503499994
10547,NY,WESTCHESTER,0,2,0,0,41.32054137050005,-73.85946173499995
10548,NY,WESTCHESTER,1,1,0,0,41.23900524350005,-73.9282363325
10549,NY,WESTCHESTER,1,1,0,0,41.19679454,-73.725577425
10550,NY,WESTCHESTER,1,2,0,0,40.914152781666736,-73.8335248136666
10552,NY,WESTCHESTER,0,3,0,0,40.9221968583334,-73.8161420026666
10562,NY,WESTCHESTER,0,5,0,0,41.17666723140003,-73.85873847699997
10566,NY,WESTCHESTER,0,2,0,0,41.30497040600005,-73.8978489955
10567,NY,WESTCHESTER,1,2,0,0,41.2855462676667,-73.8632293733333
10573,NY,WESTCHESTER,0,2,0,0,41.0103868405,-73.6730215725
10578,NY,WESTCHESTER,0,2,0,0,41.331374846000045,-73.65638956149999
10580,NY,WESTCHESTER,0,2,0,0,40.969798066000095,-73.7006491005
10583,NY,WESTCHESTER,0,1,0,0,40.9864149210001,-73.83698531
10589,NY,WESTCHESTER,0,1,0,0,41.297159164,-73.707570134
10591,NY,WESTCHESTER,1,4,0,0,41.09433040000002,-73.85854198319996
10595,NY,WESTCHESTER,2,4,0,0,41.07276800300005,-73.7923025398333
10598,NY,WESTCHESTER,0,1,0,0,41.2767342080001,-73.793380718
10601,NY,WESTCHESTER,1,2,0,0,41.029214501333364,-73.76813540233326
10605,NY,WESTCHESTER,2,2,0,0,41.01497249625003,-73.75040612224997
10606,NY,WESTCHESTER,0,3,0,0,41.021355825000036,-73.77739861799999
10607,NY,WESTCHESTER,0,1,0,0,41.0346204890001,-73.822598066
10701,NY,WESTCHESTER,2,5,0,0,40.9495246397143,-73.88833981171429
10703,NY,WESTCHESTER,1,2,0,0,40.941445599333406,-73.8923461833333
10705,NY,WESTCHESTER,0,2,0,0,40.9139023690001,-73.90239945249995
10706,NY,WESTCHESTER,0,1,0,0,40.984365536,-73.8806957159999
10707,NY,WESTCHESTER,0,1,0,0,40.9528152730001,-73.828171888
10708,NY,WESTCHESTER,1,0,0,0,40.94209087,-73.8365642
10710,NY,WESTCHESTER,0,1,0,0,40.9763118130001,-73.828375151
10801,NY,WESTCHESTER,0,2,1,0,40.91423818871771,-73.78415726646308
10802,NY,WESTCHESTER,1,1,0,0,40.91278271000005,-73.78756889149994
10805,NY,WESTCHESTER,0,6,0,0,40.8950655846667,-73.78174279916664
10901,NY,ROCKLAND,1,2,0,0,41.11038340633337,-74.12301713733332
10916,NY,ORANGE,0,1,0,0,41.454022331,-74.280485765
10923,NY,ROCKLAND,0,1,0,0,41.1999000000001,-73.986081
10924,NY,ORANGE,0,5,1,0,41.383434902812986,-74.32776020336372
10927,NY,ROCKLAND,0,3,0,0,41.19031960666674,-73.96419704999997
10940,NY,ORANGE,1,4,0,0,41.44713943060004,-74.40220403239996
10941,NY,ORANGE,0,1,0,0,41.450431,-74.349027
10952,NY,ROCKLAND,0,4,0,0,41.113610949250024,-74.07262797325001
10954,NY,ROCKLAND,0,2,0,0,41.110907410000095,-74.018369267
10956,NY,ROCKLAND,0,4,0,0,41.14551076675002,-74.00825262099997
10958,NY,ORANGE,1,0,0,0,41.40567172,-74.3925228
10960,NY,ROCKLAND,1,2,0,0,41.09612933566667,-73.92852058399994
10962,NY,ROCKLAND,0,1,0,0,41.0425333430001,-73.988114805
10965,NY,ROCKLAND,0,1,0,0,41.051871765,-74.006102089
10970,NY,ROCKLAND,1,0,1,0,41.15882037657297,-74.03808446720366
10974,NY,ROCKLAND,0,1,0,0,41.144805074,-74.226651492
10977,NY,ROCKLAND,0,7,0,0,41.10739291871433,-74.04788717399992
10987,NY,ORANGE,0,1,0,0,41.1900611880001,-74.186501714
10989,NY,ROCKLAND,0,2,0,0,41.12077633150005,-73.9365506484999
10990,NY,ORANGE,1,2,0,0,41.262681326333336,-74.35928533266667
10993,NY,ROCKLAND,1,1,0,0,41.2143134885,-73.98826093599996
10996,NY,ORANGE,1,0,0,0,41.40187124,-73.97713704
11004,NY,QUEENS,0,1,0,0,40.7469518660001,-73.711458646
11010,NY,NASSAU,0,2,0,0,40.706658818500046,-73.67983796499999
11020,NY,NASSAU,0,1,0,0,40.770647941,-73.706246902
11021,NY,NASSAU,0,4,0,0,40.78522868100005,-73.72187546599994
11030,NY,NASSAU,1,1,0,0,40.77514311,-73.701167742
11040,NY,QUEENS,2,2,0,0,40.75795373225,-73.70256805874999
11050,NY,NASSAU,0,4,0,0,40.83884457900005,-73.68011427299996
11096,NY,NASSAU,0,1,0,0,40.6135460360001,-73.745556849
11101,NY,QUEENS,0,1,0,0,40.744069714,-73.9580478839999
11102,NY,QUEENS,1,1,0,0,40.77048733450005,-73.92498948549999
11201,NY,KINGS,3,4,0,0,40.69050464128573,-73.98792988571427
11203,NY,KINGS,4,2,0,0,40.65774352866668,-73.93927949749995
11204,NY,KINGS,0,1,0,0,40.6258267920001,-73.980269946
11206,NY,KINGS,1,0,0,0,40.69952267,-73.94237898
11207,NY,KINGS,0,3,0,0,40.6744918233334,-73.89640400399999
11208,NY,KINGS,0,3,0,0,40.6723616053334,-73.86400544466666
11209,NY,KINGS,1,1,0,0,40.62074064150005,-74.02347567699995
11211,NY,KINGS,0,1,0,0,40.7124633120001,-73.940627459
11212,NY,KINGS,1,2,0,0,40.65516334933337,-73.9130295056666
11213,NY,KINGS,1,1,0,0,40.67648055600005,-73.94180187449996
11214,NY,KINGS,0,4,0,0,40.59898985750007,-73.99839763675
11215,NY,KINGS,1,0,0,0,40.6677617,-73.97899052
11216,NY,KINGS,0,1,0,0,40.684852882,-73.946538362
11217,NY,KINGS,0,2,0,0,40.6858199455,-73.98035869099995
11218,NY,KINGS,0,1,0,0,40.641299674,-73.972478935
11219,NY,KINGS,1,4,0,0,40.63123653460002,-73.99945633339999
11220,NY,KINGS,2,0,0,0,40.6465970335,-74.021070062
11221,NY,KINGS,0,1,0,0,40.6968829470001,-73.927454327
11223,NY,KINGS,0,1,0,0,40.6070398460001,-73.987482444
11224,NY,KINGS,0,6,0,0,40.57295221766672,-73.99484772566665
11226,NY,KINGS,0,3,0,0,40.64761890000007,-73.95983794633331
11228,NY,KINGS,0,1,0,0,40.6152792450001,-74.0230442829999
11229,NY,KINGS,1,1,0,0,40.606716053,-73.94492595799994
11230,NY,KINGS,0,2,0,0,40.62616213600005,-73.9674364165
11233,NY,KINGS,0,1,0,0,40.678852363,-73.925740935
11234,NY,KINGS,1,1,0,0,40.6134416485,-73.92960692649996
11235,NY,KINGS,1,6,0,0,40.58305080542863,-73.94443274657144
11236,NY,KINGS,0,4,0,0,40.643987265250075,-73.90103358574994
11237,NY,KINGS,1,0,0,0,40.70396404,-73.9177637
11238,NY,KINGS,0,2,0,0,40.68044032350005,-73.96542957349996
11239,NY,KINGS,0,2,0,0,40.64637976100005,-73.885392527
11249,NY,KINGS,0,1,0,0,40.700219874,-73.958119305
11354,NY,QUEENS,0,9,0,0,40.76857143055555,-73.83154032188884
11355,NY,QUEENS,2,4,0,0,40.75322200316671,-73.82211619899998
11357,NY,QUEENS,0,2,0,0,40.78144223900005,-73.8146970645
11360,NY,QUEENS,0,1,0,0,40.7764883,-73.7689299
11361,NY,QUEENS,0,1,0,0,40.7586502130001,-73.782530655
11362,NY,QUEENS,0,2,0,0,40.76565904650005,-73.72408346649999
11365,NY,QUEENS,0,1,0,0,40.728579455,-73.809938205
11366,NY,QUEENS,0,1,0,0,40.7225786330001,-73.8049836759999
11368,NY,QUEENS,0,4,0,0,40.73927326325005,-73.84962770074999
11369,NY,QUEENS,0,2,0,0,40.7692371805001,-73.87004414049994
11372,NY,QUEENS,0,1,0,0,40.750365856,-73.895238279
11373,NY,QUEENS,1,1,0,0,40.743015206500004,-73.8852441785
11374,NY,QUEENS,0,1,0,0,40.7269332430001,-73.8710323349999
11375,NY,QUEENS,1,4,0,0,40.72384456200006,-73.84471132379998
11377,NY,QUEENS,0,1,0,0,40.7416768210001,-73.903103731
11378,NY,QUEENS,0,1,0,0,40.7261830200001,-73.8919172989999
11379,NY,QUEENS,0,1,0,0,40.726828407,-73.871298729
11415,NY,QUEENS,0,1,0,0,40.709191133,-73.8309666339999
11418,NY,QUEENS,1,3,0,0,40.70112113325005,-73.82106956749996
11423,NY,QUEENS,0,2,0,0,40.713981226499996,-73.767334788
11425,NY,QUEENS,1,0,0,0,40.69064667,-73.76867577
11426,NY,QUEENS,1,0,0,0,40.74553675,-73.72574321
11427,NY,QUEENS,1,1,0,0,40.733158352,-73.742144376
11429,NY,QUEENS,0,1,0,0,40.7065338370001,-73.7364372449999
11432,NY,QUEENS,1,4,0,0,40.713752995600075,-73.79461071259995
11434,NY,QUEENS,0,1,0,0,40.691211265,-73.7694767519999
11435,NY,QUEENS,0,1,0,0,40.7075424450001,-73.811203268
11501,NY,NASSAU,1,0,0,0,40.74069748,-73.6430084
11520,NY,NASSAU,0,2,0,0,40.652143377000044,-73.59317912899999
11530,NY,NASSAU,0,1,0,0,40.7401374930001,-73.6089768639999
11542,NY,NASSAU,1,6,0,0,40.872208024571485,-73.6267330882857
11550,NY,NASSAU,0,4,0,0,40.70507253075007,-73.61067231349995
11553,NY,NASSAU,0,2,1,0,40.712860737762036,-73.59834021619952
11554,NY,NASSAU,1,3,0,0,40.721396155250076,-73.57165703424998
11558,NY,NASSAU,0,1,0,0,40.5981615600001,-73.6568625479999
11561,NY,NASSAU,1,5,0,0,40.58868162916672,-73.66847285283332
11563,NY,NASSAU,0,5,0,0,40.65890561220008,-73.67279381139997
11570,NY,NASSAU,1,3,0,0,40.66864348250002,-73.64136175574998
11572,NY,NASSAU,1,2,0,0,40.647746231000035,-73.6347198156666
11576,NY,NASSAU,1,0,0,0,40.80475473,-73.67058968
11577,NY,NASSAU,0,1,0,0,40.7925153520001,-73.645748439
11580,NY,NASSAU,1,1,0,0,40.681228306500046,-73.68656095649999
11581,NY,NASSAU,0,1,0,0,40.6438451340001,-73.7235021
11590,NY,NASSAU,0,2,0,0,40.763750991500046,-73.574189959
11598,NY,NASSAU,0,2,0,0,40.6323882400001,-73.7088997135
11691,NY,QUEENS,1,17,0,0,40.59870026911117,-73.75605691011111
11692,NY,QUEENS,0,3,0,0,40.5934751850001,-73.79144250466663
11693,NY,QUEENS,0,1,0,0,40.5858484330001,-73.8176261789999
11694,NY,QUEENS,0,7,0,0,40.577823332142884,-73.83793158599998
11701,NY,SUFFOLK,2,2,0,0,40.69055951475005,-73.41748243849997
11702,NY,SUFFOLK,0,2,0,0,40.69111320500005,-73.318355112
11704,NY,SUFFOLK,0,4,0,0,40.69289888350005,-73.34298506474994
11705,NY,SUFFOLK,0,1,0,0,40.73587408,-73.063727687
11706,NY,SUFFOLK,1,2,0,0,40.727798465000035,-73.24201503399992
11709,NY,NASSAU,0,1,0,0,40.9109193030001,-73.5738356699999
11710,NY,NASSAU,0,1,0,0,40.6906099600001,-73.540076031
11714,NY,NASSAU,2,0,0,0,40.733002505,-73.48664239499999
11716,NY,SUFFOLK,0,1,0,0,40.7680680030001,-73.107033197
11717,NY,SUFFOLK,0,3,0,0,40.77820401200003,-73.23842443566667
11719,NY,SUFFOLK,0,2,0,0,40.772381245999995,-72.93423243449995
11720,NY,SUFFOLK,0,3,0,0,40.9006844253334,-73.07574360333331
11722,NY,SUFFOLK,0,1,0,0,40.7842382640001,-73.199592802
11725,NY,SUFFOLK,0,3,0,0,40.83530166700003,-73.28727329733333
11727,NY,SUFFOLK,0,1,0,0,40.8674676000001,-73.0318829
11730,NY,SUFFOLK,0,1,0,0,40.7341562760001,-73.1745230939999
11731,NY,SUFFOLK,0,4,0,0,40.86492178925005,-73.31616997475001
11733,NY,SUFFOLK,0,1,0,0,40.935088051,-73.109082455
11735,NY,NASSAU,0,1,0,0,40.7279843600001,-73.448185598
11741,NY,SUFFOLK,0,2,0,0,40.7907985715,-73.0618274415
11742,NY,SUFFOLK,0,2,0,0,40.82441015150005,-73.023917469
11743,NY,SUFFOLK,1,4,0,0,40.864549635400046,-73.3891427522
11746,NY,SUFFOLK,0,5,0,0,40.829674456200024,-73.39195816179998
11747,NY,SUFFOLK,0,2,0,0,40.78087539150005,-73.4043869185
11749,NY,SUFFOLK,0,2,0,0,40.81091760950005,-73.184790942
11751,NY,SUFFOLK,0,1,0,0,40.73039958,-73.213235571
11753,NY,NASSAU,0,2,0,0,40.78481916850005,-73.55280156499995
11754,NY,SUFFOLK,0,1,0,0,40.903078119,-73.239451276
11755,NY,SUFFOLK,0,1,0,0,40.8612925210001,-73.117630568
11756,NY,NASSAU,0,1,0,0,40.728884378,-73.5322413069999
11758,NY,NASSAU,0,2,0,0,40.6766024050001,-73.4328046745
11763,NY,SUFFOLK,0,2,0,0,40.81846194250005,-73.00151408499995
11766,NY,SUFFOLK,0,1,0,0,40.938742355,-73.004787311
11767,NY,SUFFOLK,0,3,0,0,40.848531918000035,-73.15059277033333
11768,NY,SUFFOLK,1,1,0,0,40.8929231915,-73.3289697165
11769,NY,SUFFOLK,0,1,0,0,40.7429406260001,-73.108577111
11771,NY,NASSAU,0,2,0,0,40.870946723500055,-73.531511749
11772,NY,SUFFOLK,1,5,0,0,40.77207901683339,-72.99651396666665
11776,NY,SUFFOLK,0,3,0,0,40.920595819000035,-73.0413356376666
11777,NY,SUFFOLK,2,2,0,0,40.93992935575003,-73.05992274024997
11779,NY,SUFFOLK,0,3,0,0,40.8221803416667,-73.11155297566667
11780,NY,SUFFOLK,0,2,0,0,40.87892675800005,-73.140761955
11782,NY,SUFFOLK,0,4,0,0,40.75092512300002,-73.07428800000001
11787,NY,SUFFOLK,1,5,0,0,40.864976279666735,-73.20734387966662
11788,NY,SUFFOLK,0,1,1,0,40.8096376516119,-73.22415144201173
11790,NY,SUFFOLK,0,1,0,0,40.905476777,-73.1029695079999
11791,NY,NASSAU,1,1,0,0,40.8233728125,-73.5141698545
11794,NY,SUFFOLK,1,0,0,0,40.90919446,-73.11567822
11795,NY,SUFFOLK,1,1,0,0,40.691814670499994,-73.29372093250001
11796,NY,SUFFOLK,0,1,0,0,40.7317948570001,-73.0981988079999
11797,NY,NASSAU,0,4,0,0,40.815390769000075,-73.46833652724995
11803,NY,NASSAU,2,4,0,0,40.778856630333365,-73.4721904833333
11901,NY,SUFFOLK,1,2,0,0,40.93318472400003,-72.67714453666666
11934,NY,SUFFOLK,0,2,0,0,40.79867764750005,-72.79586053099996
11944,NY,SUFFOLK,1,3,0,0,41.113256295000056,-72.36950682524997
11953,NY,SUFFOLK,0,2,0,0,40.8904977125,-72.96693734599995
11968,NY,SUFFOLK,1,1,0,0,40.8901601405,-72.39009507999995
11977,NY,SUFFOLK,0,2,0,0,40.82740717750005,-72.67784144699995
12009,NY,ALBANY,0,1,0,0,42.7012498560001,-73.960860355
12010,NY,MONTGOMERY,2,6,0,0,42.94382554937505,-74.184326584875
12015,NY,GREENE,0,1,0,0,42.262483821,-73.8140438029999
12020,NY,SARATOGA,0,2,0,0,42.990024284500095,-73.82002071999995
12033,NY,RENSSELAER,0,1,0,0,42.537228268,-73.7506252319999
12037,NY,COLUMBIA,0,1,0,0,42.3437253550001,-73.60945857
12043,NY,SCHOHARIE,1,0,0,0,42.6869295,-74.48179866
12047,NY,ALBANY,0,3,0,0,42.77825279266676,-73.73114259466666
12054,NY,ALBANY,0,3,0,0,42.623956377333435,-73.816203933
12061,NY,RENSSELAER,0,2,0,0,42.619211840999995,-73.697468727
12065,NY,SARATOGA,0,2,0,0,42.86756711700005,-73.7877087855
12068,NY,MONTGOMERY,0,0,1,0,42.952545282312634,-74.37292066155167
12075,NY,COLUMBIA,0,2,0,0,42.2812724025001,-73.70383219
12078,NY,FULTON,1,2,0,0,43.071376877333364,-74.34388333833327
12084,NY,ALBANY,1,1,0,0,42.699775541500046,-73.9059300445
12090,NY,RENSSELAER,0,2,0,0,42.90984561750005,-73.34715175649995
12095,NY,FULTON,0,3,1,0,43.00486153819824,-74.37052855814966
12110,NY,ALBANY,0,1,0,0,42.7353479130001,-73.7695961059999
12118,NY,SARATOGA,0,1,0,0,42.9009881600001,-73.69609184
12144,NY,RENSSELAER,0,1,0,0,42.6417187870001,-73.697486069
12157,NY,SCHOHARIE,0,0,1,0,42.66351638561246,-74.31163246617518
12159,NY,ALBANY,0,3,0,0,42.6669064353334,-73.860060937
12167,NY,DELAWARE,0,2,0,0,42.406589924,-74.62434957599996
12180,NY,RENSSELAER,4,7,1,0,42.728253961766995,-73.67487430922635
12182,NY,RENSSELAER,0,1,0,0,42.7928659520001,-73.661280077
12184,NY,COLUMBIA,0,1,0,0,42.419381211,-73.673368701
12188,NY,SARATOGA,0,1,0,0,42.793264214,-73.680757053
12202,NY,ALBANY,0,0,1,0,42.642237086058415,-73.75454765500051
12203,NY,ALBANY,0,5,0,0,42.694498374800055,-73.84859796199999
12204,NY,ALBANY,1,2,0,0,42.67312144966673,-73.75182375433333
12205,NY,ALBANY,0,1,0,0,42.7328491980001,-73.824122753
12208,NY,ALBANY,5,2,0,0,42.651799889285726,-73.78557412385715
12210,NY,ALBANY,0,0,1,0,42.64911373142458,-73.75958720194848
12211,NY,ALBANY,0,2,0,0,42.712793134500046,-73.78779907949996
12302,NY,SCHENECTADY,0,4,0,0,42.84763235425005,-73.94412070024995
12303,NY,SCHENECTADY,0,1,0,0,42.7907271620001,-73.931188451
12304,NY,SCHENECTADY,1,4,0,0,42.788396092800056,-73.90955311879995
12308,NY,SCHENECTADY,2,0,1,0,42.818062694887224,-73.9217484817093
12309,NY,SCHENECTADY,1,5,0,0,42.79795934533334,-73.88434478149999
12401,NY,ULSTER,2,3,1,0,41.925599246708764,-74.00521955989937
12414,NY,GREENE,0,4,1,0,42.22630532893184,-73.87040239285398
12428,NY,ULSTER,1,0,0,0,41.73262979,-74.37903498
12449,NY,ULSTER,0,2,0,0,41.985919995000046,-73.99512715999995
12455,NY,DELAWARE,1,1,0,0,42.1462763845,-74.641705505
12477,NY,ULSTER,0,1,0,0,42.078632697,-73.9485061409999
12508,NY,DUTCHESS,0,4,0,0,41.51966878700011,-73.96199660349998
12511,NY,DUTCHESS,1,0,0,0,41.54362128,-73.96337745
12518,NY,ORANGE,1,0,0,0,41.43525136,-74.04232114
12522,NY,DUTCHESS,0,1,0,0,41.742258324,-73.5719066459999
12524,NY,DUTCHESS,0,1,0,0,41.5410889010001,-73.8858359819999
12528,NY,ULSTER,0,4,0,0,41.71427100650003,-73.96957840174997
12531,NY,PUTNAM,0,1,0,0,41.4967941400001,-73.6622466969999
12534,NY,COLUMBIA,1,1,1,0,42.251879692199275,-73.78140752620953
12538,NY,DUTCHESS,0,1,0,0,41.795235952,-73.8663354019999
12541,NY,COLUMBIA,0,1,0,0,42.139531832,-73.784436247
12545,NY,DUTCHESS,0,2,0,0,41.7498867005001,-73.68277993449999
12549,NY,ORANGE,0,1,0,0,41.545675293,-74.2399281359999
12550,NY,ORANGE,1,1,0,0,41.51468807050005,-74.05075202149999
12553,NY,ORANGE,0,1,0,0,41.479582142,-74.0619038679999
12561,NY,ULSTER,0,4,0,0,41.76185679775005,-74.07223621949997
12564,NY,DUTCHESS,0,1,0,0,41.5761023810001,-73.591387867
12565,NY,COLUMBIA,0,1,0,0,42.2521404190001,-73.640343446
12572,NY,DUTCHESS,1,4,0,0,41.933657132400064,-73.909545805
12580,NY,DUTCHESS,0,1,0,0,41.832737471,-73.934453424
12590,NY,DUTCHESS,0,2,0,0,41.6111865985,-73.89682684249999
12601,NY,DUTCHESS,2,5,1,0,41.70844679057884,-73.92676263843664
12603,NY,DUTCHESS,0,2,0,0,41.68551267,-73.8801238035
12723,NY,SULLIVAN,1,0,0,0,41.74029193,-75.04741551
12742,NY,SULLIVAN,1,1,0,0,41.70919820650005,-74.7375444955
12754,NY,SULLIVAN,0,3,1,0,41.795359039599,-74.72937238386933
12771,NY,ORANGE,1,3,0,0,41.372214715,-74.65260548524995
12776,NY,DELAWARE,0,1,0,0,41.9597243420001,-74.9076946069999
12783,NY,SULLIVAN,0,1,0,0,41.685953,-74.83136
12801,NY,WARREN,1,2,0,0,43.308592212000036,-73.64840976466662
12803,NY,SARATOGA,0,1,0,0,43.2866903560001,-73.615387868
12804,NY,WARREN,0,4,0,0,43.35061934600007,-73.66715734624998
12809,NY,WASHINGTON,0,2,0,0,43.20294273300005,-73.4898698545
12816,NY,WASHINGTON,0,2,0,0,43.027357634000055,-73.383836018
12828,NY,WASHINGTON,0,1,0,0,43.2807542310001,-73.588291447
12831,NY,SARATOGA,0,1,0,0,43.130841106,-73.7683988219999
12832,NY,WASHINGTON,0,3,0,0,43.423401353,-73.300464954
12839,NY,WASHINGTON,0,0,1,0,43.28916886931477,-73.58745888761537
12842,NY,HAMILTON,0,0,1,0,43.77789231294608,-74.26142328482743
12845,NY,WARREN,0,0,1,0,43.35930251083137,-73.69937327307433
12853,NY,WARREN,0,1,0,0,43.699174752,-73.990856322
12866,NY,SARATOGA,2,4,1,0,43.082425744049836,-73.79868099897544
12883,NY,ESSEX,1,3,0,0,43.84929673325003,-73.43542852049991
12885,NY,WARREN,0,1,0,0,43.5112271950001,-73.7529075859999
12901,NY,CLINTON,1,5,1,0,44.69506157690093,-73.46422699188989
12903,NY,CLINTON,0,1,0,0,44.675656814,-73.444205374
12932,NY,ESSEX,1,1,1,0,44.21678769822535,-73.5963919913314
12943,NY,ESSEX,0,1,0,0,44.1895381960001,-73.78563443
12946,NY,ESSEX,1,1,0,0,44.266053987500044,-73.98242196999999
12953,NY,FRANKLIN,1,3,1,0,44.85625767823839,-74.28964390925216
12972,NY,CLINTON,0,1,0,0,44.5797288040001,-73.527397053
12983,NY,FRANKLIN,1,0,1,0,44.33520708918759,-74.1366701597655
12986,NY,FRANKLIN,0,1,0,0,44.2161554830001,-74.4631277729999
12996,NY,ESSEX,0,1,0,0,44.3646815700001,-73.390107072
13021,NY,CAYUGA,1,6,1,0,42.932262555339925,-76.56699231526352
13027,NY,ONONDAGA,0,3,0,0,43.15529104766667,-76.3292002586666
13031,NY,ONONDAGA,0,1,0,0,43.0371892490001,-76.338541161
13037,NY,MADISON,0,1,0,0,43.048444718,-75.8690729159999
13039,NY,ONONDAGA,0,1,0,0,43.192045508,-76.135865849
13045,NY,CORTLAND,1,4,1,0,42.59827492943592,-76.18250918050882
13057,NY,ONONDAGA,0,2,0,0,43.10841895400005,-76.03832342299995
13066,NY,ONONDAGA,0,2,0,0,43.02241813650005,-76.0195561689999
13073,NY,TOMPKINS,0,1,0,0,42.585286636,-76.3692809
13077,NY,CORTLAND,0,2,0,0,42.63361948200005,-76.18068987499996
13078,NY,ONONDAGA,0,4,0,0,43.00729699950002,-76.09373451900001
13088,NY,ONONDAGA,0,3,0,0,43.096629292333404,-76.18015942099994
13090,NY,ONONDAGA,0,1,0,0,43.1258690170001,-76.233672589
13104,NY,ONONDAGA,0,2,0,0,43.0018566930001,-75.9778260275
13116,NY,ONONDAGA,0,1,0,0,43.0787441630001,-75.9993017359999
13118,NY,CAYUGA,0,1,0,0,42.714323117,-76.422846012
13126,NY,OSWEGO,3,7,1,0,43.44393007092124,-76.49794365392991
13152,NY,ONONDAGA,0,1,0,0,42.944227358,-76.418889107
13163,NY,MADISON,0,0,1,0,43.07998839946718,-75.70519940684402
13165,NY,SENECA,0,2,1,0,42.90539256611692,-76.84584791061566
13166,NY,CAYUGA,0,1,0,0,43.05057793,-76.5727585189999
13202,NY,ONONDAGA,0,1,1,0,43.0449086035557,-76.15165561877785
13203,NY,ONONDAGA,1,3,0,0,43.05742618725005,-76.139139067
13204,NY,ONONDAGA,0,1,0,0,43.0377660170001,-76.1694201609999
13205,NY,ONONDAGA,0,4,0,0,43.013951936000055,-76.13980024825
13207,NY,ONONDAGA,0,1,0,0,43.0016777870001,-76.190362304
13210,NY,ONONDAGA,4,1,0,0,43.04123269600002,-76.1397057234
13211,NY,ONONDAGA,1,0,0,0,43.09843904,-76.10738979
13212,NY,ONONDAGA,0,1,0,0,43.131817762,-76.1631444229999
13214,NY,ONONDAGA,0,2,0,0,43.0385354025,-76.07587643299995
13215,NY,ONONDAGA,1,2,0,0,43.008243920666736,-76.1667856123333
13219,NY,ONONDAGA,0,2,0,0,43.0297241455001,-76.2088953185
13309,NY,ONEIDA,0,1,0,0,43.47806898,-75.332591833
13316,NY,ONEIDA,0,1,0,0,43.3389233400001,-75.749304356
13317,NY,MONTGOMERY,0,1,0,0,42.9045426070001,-74.568343823
13323,NY,ONEIDA,0,4,0,0,43.05156469900005,-75.36207945299998
13326,NY,OTSEGO,1,3,1,0,42.68236138861734,-74.93461777356744
13346,NY,MADISON,1,0,0,0,42.81343509,-75.54340496
13350,NY,HERKIMER,0,4,1,0,43.03026071675456,-74.98249286297997
13355,NY,MADISON,0,1,0,0,42.815018804,-75.4570874999999
13357,NY,HERKIMER,0,1,0,0,43.0187439250001,-75.0477238029999
13365,NY,HERKIMER,1,1,0,0,43.04939250450005,-74.84961836299999
13367,NY,LEWIS,1,2,1,0,43.80766734382031,-75.5027985075081
13403,NY,ONEIDA,1,0,0,0,43.16743673,-75.30232149
13407,NY,HERKIMER,0,1,0,0,43.012366876,-74.999570679
13408,NY,MADISON,0,1,0,0,42.892426974,-75.6372056869999
13411,NY,CHENANGO,0,1,0,0,42.624377872,-75.3386595709999
13413,NY,ONEIDA,0,4,0,0,43.06414960325003,-75.28789825149997
13421,NY,MADISON,1,1,0,0,43.0777011995,-75.6544258835
13424,NY,ONEIDA,0,3,0,0,43.163016711666764,-75.34043462799998
13428,NY,MONTGOMERY,0,1,0,0,42.9210615690001,-74.56884661
13440,NY,ONEIDA,1,6,0,0,43.23307706942861,-75.4503154635714
13452,NY,MONTGOMERY,0,1,0,0,42.9998382000001,-74.688377744
13459,NY,SCHOHARIE,0,1,0,0,42.7910139270001,-74.6205265899999
13480,NY,ONEIDA,0,1,0,0,42.9325415420001,-75.384685496
13501,NY,ONEIDA,2,6,1,0,43.088360390267944,-75.23985564980487
13502,NY,ONEIDA,4,3,0,0,43.098069809285725,-75.24797380985714
13601,NY,JEFFERSON,1,4,1,0,43.96253422118662,-75.916584397204
13602,NY,JEFFERSON,1,0,0,0,44.055364,-75.7920599
13607,NY,JEFFERSON,1,0,0,0,44.33770877,-75.92050805
13613,NY,ST. LAWRENCE,0,1,0,0,44.8027059030001,-74.773229047
13617,NY,ST. LAWRENCE,0,2,1,0,44.60990320845678,-75.15747893876765
13619,NY,JEFFERSON,1,2,0,0,43.987494154666734,-75.61153237533325
13642,NY,ST. LAWRENCE,1,0,0,0,44.33752535,-75.47484873
13662,NY,ST. LAWRENCE,1,2,0,0,44.93566983900006,-74.88269288366666
13669,NY,ST. LAWRENCE,1,2,0,0,44.69109864933336,-75.49357580799996
13676,NY,ST. LAWRENCE,1,0,0,0,44.67651062,-74.98211632
13690,NY,ST. LAWRENCE,1,0,0,0,44.16240704,-75.05630402
13753,NY,DELAWARE,1,1,1,0,42.26769138783971,-74.92639736026577
13760,NY,BROOME,0,5,0,0,42.11892502300005,-76.04674088139997
13790,NY,BROOME,1,3,0,0,42.125982283250075,-75.95868750399994
13815,NY,CHENANGO,1,4,1,0,42.53824863273695,-75.5247696785294
13820,NY,OTSEGO,1,5,0,0,42.45132931000004,-75.07434489866661
13827,NY,TIOGA,0,1,1,0,42.12343957902378,-76.25581961100802
13830,NY,CHENANGO,0,3,0,0,42.470328744666695,-75.59440196733327
13838,NY,DELAWARE,1,0,0,0,42.3041547,-75.39546902
13850,NY,BROOME,0,7,0,0,42.0772308588572,-76.01773820671427
13856,NY,DELAWARE,1,0,0,0,42.16427479,-75.12871763
13901,NY,BROOME,0,1,0,0,42.1016560370001,-75.908607327
13903,NY,BROOME,1,1,0,0,42.08827645000005,-75.912328762
13904,NY,BROOME,1,2,0,0,42.109045411666706,-75.87353141866667
13905,NY,BROOME,1,4,1,0,42.110277699885735,-75.91807627817882
14020,NY,GENESEE,3,5,1,0,43.00656612538148,-78.1879067602021
14031,NY,ERIE,0,2,0,0,42.96866691500005,-78.59539162899995
14032,NY,ERIE,0,1,0,0,43.012193546,-78.679197017
14048,NY,CHAUTAUQUA,1,2,0,0,42.47751985933337,-79.35179631166666
14051,NY,ERIE,0,1,0,0,43.0083202500001,-78.698035069
14052,NY,ERIE,0,1,0,0,42.769027921,-78.623915945
14057,NY,ERIE,0,2,0,0,42.662108474,-78.86424258949995
14063,NY,CHAUTAUQUA,0,3,0,0,42.43130092333343,-79.34733957066659
14067,NY,NIAGARA,0,1,0,0,43.193410708,-78.574076632
14068,NY,ERIE,0,5,0,0,43.01443988100004,-78.78483487719996
14070,NY,CATTARAUGUS,0,1,0,0,42.4559320700001,-78.9259497849999
14072,NY,ERIE,0,1,0,0,43.0392614780001,-78.98054942
14075,NY,ERIE,0,5,0,0,42.74375155340006,-78.82922554939998
14081,NY,CHAUTAUQUA,1,0,0,0,42.55848862,-79.12583875
14086,NY,ERIE,0,5,0,0,42.89422310020006,-78.64813468039993
14092,NY,NIAGARA,1,1,0,0,43.15404398050005,-79.0342847105
14094,NY,NIAGARA,2,6,1,0,43.166731350842625,-78.69061213982701
14101,NY,CATTARAUGUS,0,1,0,0,42.4246773510001,-78.487008453
14103,NY,ORLEANS,1,4,0,0,43.21973664020004,-78.38744010279997
14108,NY,NIAGARA,1,1,0,0,43.285711796499996,-78.701807895
14120,NY,NIAGARA,1,5,0,0,43.06362924566671,-78.85843913683333
14127,NY,ERIE,1,6,0,0,42.761024442142876,-78.76454143142853
14131,NY,NIAGARA,0,1,0,0,43.2444590360001,-78.908291752
14136,NY,CHAUTAUQUA,0,1,0,0,42.5355869250001,-79.231292877
14141,NY,ERIE,1,2,0,0,42.50906279233337,-78.66360295866667
14150,NY,ERIE,0,2,0,0,42.9845899395001,-78.85896097699995
14201,NY,ERIE,0,2,0,0,42.896634337500046,-78.887918816
14202,NY,ERIE,0,0,2,0,42.89209069485209,-78.87527986610934
14203,NY,ERIE,2,1,0,0,42.90101669333337,-78.865310894
14208,NY,ERIE,0,1,0,0,42.921064577,-78.848455181
14209,NY,ERIE,1,4,0,0,42.91619793240004,-78.86792667219997
14213,NY,ERIE,1,0,0,0,42.92909489,-78.88025762
14214,NY,ERIE,1,1,0,0,42.928938094,-78.8490647255
14215,NY,ERIE,2,1,0,0,42.934588958333336,-78.82493123099998
14217,NY,ERIE,1,4,0,0,42.97882260320006,-78.87672565419999
14218,NY,ERIE,0,1,0,0,42.8264642140001,-78.82120428
14220,NY,ERIE,1,1,0,0,42.8400667365,-78.81112826099995
14221,NY,ERIE,1,16,0,0,42.97871684829417,-78.729133183
14222,NY,ERIE,1,0,0,0,42.90920851,-78.87520901
14224,NY,ERIE,1,3,0,0,42.83962303450005,-78.76434439075001
14225,NY,ERIE,1,0,0,0,42.91430436,-78.78240154
14226,NY,ERIE,0,1,0,0,42.976687284,-78.81330445
14227,NY,ERIE,0,5,0,0,42.880581327800044,-78.75291901519995
14263,NY,ERIE,1,0,0,0,42.8992051,-78.86488695
14301,NY,NIAGARA,0,1,0,0,43.0975204910001,-79.051924879
14302,NY,NIAGARA,1,1,0,0,43.093898258500005,-79.0496863625
14304,NY,NIAGARA,0,2,0,0,43.0918602845001,-78.907177858
14411,NY,ORLEANS,0,2,1,0,43.23802305432665,-78.20837716773686
14414,NY,LIVINGSTON,0,1,0,0,42.907035212,-77.737539806
14420,NY,MONROE,1,2,0,0,43.221723247666695,-77.9440098703333
14424,NY,ONTARIO,2,7,1,0,42.88300687173579,-77.27236367861872
14432,NY,ONTARIO,1,2,0,0,42.962134893333335,-77.13832165266662
14437,NY,LIVINGSTON,1,0,0,0,42.55302525,-77.69777078
14450,NY,MONROE,0,8,0,0,43.09825460387504,-77.43403648887497
14454,NY,LIVINGSTON,0,1,0,0,42.7958661070001,-77.779096034
14456,NY,ONTARIO,1,3,0,0,42.870456274750055,-76.99393852599997
14467,NY,MONROE,0,2,0,0,43.05508527650005,-77.63725018699995
14468,NY,MONROE,0,1,0,0,43.2894328140001,-77.7854920629999
14482,NY,GENESEE,0,2,0,0,42.98235402350005,-77.99167508
14485,NY,LIVINGSTON,0,1,0,0,42.8691185530001,-77.656797587
14487,NY,LIVINGSTON,0,1,0,0,42.8272381310001,-77.6865048
14489,NY,WAYNE,0,1,1,0,43.062953548111516,-77.02998543860977
14502,NY,WAYNE,0,2,0,0,43.06508172450005,-77.30806969049999
14510,NY,LIVINGSTON,0,1,1,0,42.73228521944277,-77.88413900707988
14513,NY,WAYNE,1,3,0,0,43.050506758750075,-77.0996088325
14514,NY,MONROE,0,2,0,0,43.112552964000045,-77.80515041149995
14526,NY,MONROE,0,5,0,0,43.13725060360009,-77.46250771779998
14527,NY,YATES,1,4,1,0,42.668289291141015,-77.05671460635732
14534,NY,MONROE,0,5,0,0,43.08066074560004,-77.50841198519998
14550,NY,WYOMING,0,0,1,0,42.70469239364233,-78.12861111502849
14551,NY,WAYNE,0,1,0,0,43.2485658750001,-77.060931618
14559,NY,MONROE,0,1,0,0,43.192506645,-77.8026631179999
14564,NY,ONTARIO,0,1,0,0,42.9647418000001,-77.4124158
14569,NY,WYOMING,1,3,0,0,42.748337058,-78.13248287924999
14580,NY,MONROE,0,5,0,0,43.20091016340006,-77.47861481899997
14607,NY,MONROE,0,2,0,0,43.152855569500105,-77.59102525749995
14609,NY,MONROE,0,2,0,0,43.19099078550005,-77.5559196955
14610,NY,MONROE,0,3,0,0,43.1486113313334,-77.55078798000001
14611,NY,MONROE,1,3,0,0,43.15161693900004,-77.63955644924995
14612,NY,MONROE,0,5,0,0,43.25645026460004,-77.66983071419997
14615,NY,MONROE,0,1,0,0,43.2223118410001,-77.664438982
14616,NY,MONROE,0,1,0,0,43.2229790540001,-77.6570999639999
14618,NY,MONROE,0,6,0,0,43.11336918850005,-77.57733967349999
14619,NY,MONROE,0,1,0,0,43.1395622690001,-77.65006877
14620,NY,MONROE,3,6,1,0,43.12564646906357,-77.60617917953753
14621,NY,MONROE,1,4,0,0,43.19314725580004,-77.59486840599996
14623,NY,MONROE,0,1,0,0,43.097268618,-77.614448699
14624,NY,MONROE,0,2,0,0,43.134108633500105,-77.71540239199996
14626,NY,MONROE,1,7,0,0,43.20587002450006,-77.70029397374998
14642,NY,MONROE,1,0,0,0,43.12280887,-77.62425943
14701,NY,CHAUTAUQUA,2,6,0,0,42.09793964775001,-79.24691979962498
14706,NY,CATTARAUGUS,0,2,0,0,42.093229139500096,-78.484160473
14727,NY,ALLEGANY,1,1,0,0,42.21290838800005,-78.28792042500001
14738,NY,CHAUTAUQUA,0,1,0,0,42.0530029340001,-79.165577118
14740,NY,CHAUTAUQUA,0,2,0,0,42.19621460800005,-79.25085561499995
14742,NY,CHAUTAUQUA,0,1,0,0,42.1224235660001,-79.3079592
14743,NY,CATTARAUGUS,0,1,0,0,42.1883768930001,-78.3532474629999
14744,NY,ALLEGANY,0,1,0,0,42.42675982,-78.166145478
14750,NY,CHAUTAUQUA,0,1,0,0,42.094227,-79.298299
14755,NY,CATTARAUGUS,0,0,1,0,42.248992445656526,-78.80809296920798
14757,NY,CHAUTAUQUA,0,0,1,0,42.25492191674213,-79.50506755432248
14760,NY,CATTARAUGUS,1,2,1,0,42.08105805157065,-78.4483595975423
14772,NY,CATTARAUGUS,0,1,0,0,42.1641002320001,-78.9693162139999
14779,NY,CATTARAUGUS,0,1,0,0,42.155814681,-78.732394053
14787,NY,CHAUTAUQUA,1,1,0,0,42.32828453800005,-79.57146731949999
14809,NY,STEUBEN,0,3,0,0,42.39645347000007,-77.44866541133332
14810,NY,STEUBEN,2,3,1,0,42.344136023711734,-77.30124829479286
14813,NY,ALLEGANY,0,0,1,0,42.22482651267574,-78.03388610841621
14830,NY,STEUBEN,1,1,0,0,42.13772420550005,-77.00748077099995
14843,NY,STEUBEN,2,3,0,0,42.33138481020004,-77.6625964248
14845,NY,CHEMUNG,0,3,0,0,42.17509826466674,-76.8410629476666
14847,NY,SENECA,0,1,0,0,42.6200709290001,-76.725465446
14850,NY,TOMPKINS,1,10,1,0,42.45589275107022,-76.50872707086678
14865,NY,SCHUYLER,1,2,0,0,42.3503382866667,-76.85658291133335
14870,NY,STEUBEN,0,2,0,0,42.144098960500045,-77.122443698
14891,NY,SCHUYLER,0,0,1,0,42.37644150312752,-76.86450014203712
14892,NY,TIOGA,0,2,0,0,42.0126710870001,-76.528850265
14895,NY,ALLEGANY,1,3,0,0,42.126087112500024,-77.96125870524997
14901,NY,CHEMUNG,2,1,1,0,42.09077753586548,-76.7963388131446
14902,NY,CHEMUNG,0,1,0,0,42.0919950000001,-76.7979999999999
14904,NY,CHEMUNG,0,1,0,0,42.0680210560001,-76.789002715
14905,NY,CHEMUNG,1,0,0,0,42.10014942,-76.82775987
15001,PA,BEAVER,0,3,0,0,40.60691686500004,-80.29515630066665
15005,PA,BEAVER,0,1,0,0,40.650207514,-80.233007538
15009,PA,BEAVER,2,1,1,0,40.70514448441733,-80.32338645844526
15010,PA,BEAVER,0,2,0,0,40.758410692,-80.3721675635
15014,PA,ALLEGHENY,0,1,0,0,40.6138159490001,-79.741546719
15017,PA,ALLEGHENY,0,1,0,0,40.326133257,-80.140415897
15024,PA,ALLEGHENY,0,3,0,0,40.56059903900003,-79.83625828499994
15025,PA,ALLEGHENY,0,2,0,0,40.3150213210001,-79.938111409
15044,PA,ALLEGHENY,0,1,0,0,40.650319719,-79.960343435
15063,PA,WASHINGTON,1,2,0,0,40.172351256,-79.91627669166664
15065,PA,ALLEGHENY,2,0,0,0,40.61841528,-79.736473265
15068,PA,WESTMORELAND,0,1,0,0,40.583239948,-79.735994389
15071,PA,ALLEGHENY,2,0,0,0,40.4385841,-80.20876039999999
15074,PA,BEAVER,0,1,0,0,40.7017795900001,-80.2776192869999
15086,PA,ALLEGHENY,0,1,0,0,40.6480396250001,-80.074018815
15090,PA,ALLEGHENY,1,2,0,0,40.620824351,-80.05611461766664
15101,PA,ALLEGHENY,0,1,0,0,40.602484335,-79.897563487
15102,PA,ALLEGHENY,0,2,0,0,40.31963075700005,-80.04432725549995
15108,PA,ALLEGHENY,0,3,0,0,40.50523596400007,-80.18137858699997
15120,PA,ALLEGHENY,0,1,0,0,40.3912599490001,-79.903900616
15122,PA,ALLEGHENY,0,1,0,0,40.3291483080001,-79.940968095
15132,PA,ALLEGHENY,2,4,0,0,40.34913252950003,-79.85844809399997
15136,PA,ALLEGHENY,1,0,0,0,40.47260393,-80.09114063
15139,PA,ALLEGHENY,0,2,0,0,40.523007013500106,-79.83694789699996
15143,PA,ALLEGHENY,2,1,0,0,40.54973153866666,-80.17445294066663
15145,PA,ALLEGHENY,0,1,0,0,40.4119373840001,-79.8219526669999
15146,PA,ALLEGHENY,3,5,0,0,40.43027158475003,-79.75171127125
15147,PA,ALLEGHENY,0,3,0,0,40.495454131000066,-79.82659036933327
15201,PA,ALLEGHENY,0,1,0,0,40.4658543840001,-79.9580633319999
15202,PA,ALLEGHENY,1,1,0,0,40.49497744650005,-80.06053922250001
15206,PA,ALLEGHENY,0,4,0,0,40.47079621200005,-79.91520643575001
15207,PA,ALLEGHENY,0,1,0,0,40.4078312300001,-79.93046787
15212,PA,ALLEGHENY,3,2,0,0,40.46476861380004,-80.00881138100002
15213,PA,ALLEGHENY,4,1,1,0,40.43982891564944,-79.96085998357646
15214,PA,ALLEGHENY,0,1,0,0,40.4672043320001,-80.0096707169999
15215,PA,ALLEGHENY,2,0,0,0,40.49229492,-79.891710145
15217,PA,ALLEGHENY,1,4,0,0,40.42706880780004,-79.92220659959995
15219,PA,ALLEGHENY,1,0,0,0,40.436099,-79.985114
15220,PA,ALLEGHENY,0,2,0,0,40.4030872540001,-80.05524266499995
15221,PA,ALLEGHENY,1,1,0,0,40.445966615000046,-79.891179576
15224,PA,ALLEGHENY,4,0,0,0,40.4650509875,-79.94742285749999
15227,PA,ALLEGHENY,0,1,0,0,40.3663853080001,-79.959581773
15228,PA,ALLEGHENY,0,1,0,0,40.3609175890001,-80.060571333
15232,PA,ALLEGHENY,1,2,0,0,40.45323832200007,-79.93465868566663
15234,PA,ALLEGHENY,0,1,0,0,40.3727633080001,-80.03286959
15236,PA,ALLEGHENY,1,2,0,0,40.340142397666675,-79.97223343333333
15237,PA,ALLEGHENY,1,5,0,0,40.555106000833405,-80.0195294068333
15238,PA,ALLEGHENY,1,0,0,0,40.556896,-79.866065
15240,PA,ALLEGHENY,1,0,0,0,40.44677924,-79.96172439
15241,PA,ALLEGHENY,1,2,0,0,40.31696406600003,-80.11112405533333
15243,PA,ALLEGHENY,1,4,0,0,40.37813602500006,-80.07499114959998
15301,PA,WASHINGTON,2,7,1,0,40.18015574714146,-80.2482711177565
15317,PA,WASHINGTON,1,8,0,0,40.26159419311115,-80.14913758644443
15370,PA,GREENE,1,2,1,0,39.8954828430296,-80.15049084359424
15401,PA,FAYETTE,1,5,1,0,39.90180500802911,-79.74180141689172
15425,PA,FAYETTE,1,0,0,0,40.02306,-79.586416
15459,PA,FAYETTE,0,2,0,0,39.7480386150001,-79.45053394899995
15501,PA,SOMERSET,1,2,1,0,40.013317147589404,-79.07752671509616
15522,PA,BEDFORD,0,1,1,0,40.01587633144885,-78.49868043756504
15530,PA,SOMERSET,0,1,0,0,39.9157262570001,-78.9436460269999
15537,PA,BEDFORD,1,1,0,0,40.02364039150005,-78.43524001099999
15552,PA,SOMERSET,1,1,0,0,39.8090318595,-79.02551195699999
15601,PA,WESTMORELAND,2,9,1,0,40.29817330826179,-79.53408692343153
15613,PA,WESTMORELAND,0,1,0,0,40.5571900510001,-79.583617692
15642,PA,WESTMORELAND,0,2,0,0,40.321535179500046,-79.71601850149995
15644,PA,WESTMORELAND,0,1,0,0,40.3985776160001,-79.601875794
15650,PA,WESTMORELAND,2,2,0,0,40.313525822000045,-79.38557840824998
15666,PA,WESTMORELAND,1,2,0,0,40.14520271533333,-79.54777078666665
15668,PA,WESTMORELAND,0,2,0,0,40.3430426795001,-79.46861636
15683,PA,WESTMORELAND,0,1,0,0,40.1133201540001,-79.5667745379999
15701,PA,INDIANA,1,4,1,0,40.61072320815018,-79.17013793428971
15746,PA,INDIANA,0,1,0,0,40.7450725890001,-78.8877779219999
15767,PA,JEFFERSON,1,1,1,0,40.94916297542851,-78.98970928107308
15779,PA,WESTMORELAND,1,0,0,0,40.41484,-79.238243
15801,PA,CLEARFIELD,1,2,0,0,41.118619682000066,-78.76869774533328
15824,PA,JEFFERSON,0,1,0,0,41.248878,-78.804975
15825,PA,JEFFERSON,1,2,0,0,41.1573970966667,-79.08095334733326
15834,PA,CAMERON,0,1,0,0,41.5119770000001,-78.234882181
15857,PA,ELK,1,2,1,0,41.43109987688694,-78.5730167728636
15901,PA,CAMBRIA,2,1,0,0,40.31924666000004,-78.92075393833329
15902,PA,CAMBRIA,0,1,0,0,40.3275596,-78.8714823
15904,PA,CAMBRIA,0,3,1,0,40.280628513117264,-78.84835163629123
15905,PA,CAMBRIA,1,5,0,0,40.3080569986667,-78.9579628248333
15928,PA,SOMERSET,0,1,0,0,40.2518950780001,-78.907514616
15931,PA,CAMBRIA,0,2,0,0,40.488687963000004,-78.70046477699995
15946,PA,CAMBRIA,0,1,0,0,40.363245743,-78.665677949
15963,PA,SOMERSET,1,2,0,0,40.241999177666735,-78.84557949899995
16001,PA,BUTLER,2,4,1,0,40.862308641867166,-79.9182528512091
16023,PA,BUTLER,0,1,0,0,40.7739310000001,-79.783419178
16025,PA,BUTLER,0,3,0,0,40.9393428,-79.74914172266664
16037,PA,BUTLER,0,1,0,0,40.8044577430001,-80.109109898
16038,PA,BUTLER,0,1,0,0,41.129127897,-80.007555897
16046,PA,BUTLER,0,2,0,0,40.69281628400005,-80.01511459249991
16055,PA,BUTLER,0,1,0,0,40.745135229,-79.693231257
16056,PA,BUTLER,0,2,0,0,40.74598602300005,-79.813702881
16059,PA,BUTLER,0,1,0,0,40.6782298460001,-79.9948825399999
16063,PA,BUTLER,0,1,0,0,40.7894745450001,-80.1387469059999
16066,PA,BUTLER,1,2,0,0,40.6899480016667,-80.10379008466667
16101,PA,LAWRENCE,0,6,1,0,40.99526091744968,-80.34618795111653
16105,PA,LAWRENCE,1,1,0,0,41.03618350000005,-80.3562115
16117,PA,LAWRENCE,1,0,0,0,40.86997,-80.275656
16121,PA,MERCER,1,0,0,0,41.21068474,-80.46952182
16125,PA,MERCER,1,2,0,0,41.40993960000004,-80.373103539
16127,PA,MERCER,1,4,0,0,41.16557180040009,-80.08247391299996
16133,PA,MERCER,0,0,1,0,41.26505512058525,-80.16176675936944
16137,PA,MERCER,0,3,0,0,41.2393529676667,-80.26005973366664
16142,PA,LAWRENCE,0,2,0,0,41.117411768500006,-80.3352933585
16146,PA,MERCER,1,2,0,0,41.232843511666665,-80.49451340966665
16148,PA,MERCER,0,4,0,0,41.2307085462501,-80.46165791624993
16154,PA,MERCER,1,0,0,0,41.330732,-80.418329
16201,PA,ARMSTRONG,1,3,1,0,40.80590033971527,-79.5284995271152
16214,PA,CLARION,2,1,1,0,41.19998084170102,-79.39200683531237
16239,PA,FOREST,0,1,0,0,41.4652370000001,-79.1323801029999
16254,PA,CLARION,0,1,0,0,41.2407363830001,-79.426655462
16255,PA,CLARION,0,1,0,0,41.112617486,-79.463769794
16262,PA,ARMSTRONG,0,1,0,0,40.896368873,-79.673255076
16301,PA,VENANGO,0,2,0,0,41.444218666000054,-79.6783429879999
16323,PA,VENANGO,0,2,0,0,41.41236805250005,-79.8601933095
16335,PA,CRAWFORD,1,3,1,0,41.6502087504492,-80.14476481148122
16346,PA,VENANGO,1,1,1,0,41.36820517860844,-79.70136612572982
16353,PA,FOREST,0,0,1,0,41.493573868875906,-79.45674046656441
16354,PA,CRAWFORD,1,2,0,0,41.63185297833337,-79.67750414666666
16365,PA,WARREN,2,2,1,0,41.85727475333789,-79.15291425405522
16371,PA,WARREN,0,1,0,0,41.844807798,-79.2979280489999
16406,PA,CRAWFORD,0,1,0,0,41.7528850520001,-80.354596435
16407,PA,ERIE,2,1,0,0,41.93069577333336,-79.63905254000001
16412,PA,ERIE,0,1,0,0,41.880666897,-80.111857846
16415,PA,ERIE,0,1,0,0,42.068413922,-80.228968256
16417,PA,ERIE,0,1,0,0,42.022057438,-80.273643181
16433,PA,CRAWFORD,0,1,0,0,41.704071335,-80.125152719
16501,PA,ERIE,1,0,0,0,42.13401357,-80.08787878
16502,PA,ERIE,0,2,0,0,42.113509666000056,-80.07955732049996
16504,PA,ERIE,1,1,0,0,42.109372488999995,-80.061180154
16505,PA,ERIE,1,2,0,0,42.094504813666695,-80.16733937766664
16506,PA,ERIE,0,2,0,0,42.069384011,-80.1529985775
16507,PA,ERIE,1,0,1,0,42.13133347208837,-80.0930213218954
16508,PA,ERIE,0,2,0,0,42.091502575999996,-80.10635097549995
16509,PA,ERIE,1,5,0,0,42.070237229333365,-80.08996453866665
16511,PA,ERIE,0,3,0,0,42.156167889000066,-80.00724717266662
16512,PA,ERIE,0,1,0,0,42.138302411,-80.073623743
16544,PA,ERIE,1,0,0,0,42.111371,-80.079539
16550,PA,ERIE,1,0,0,0,42.135112,-80.08536294
16601,PA,BLAIR,1,2,1,0,40.519374560351565,-78.39896127224281
16602,PA,BLAIR,2,2,0,0,40.49739897400002,-78.3912208195
16635,PA,BLAIR,0,1,0,0,40.422734602,-78.403481669
16646,PA,CAMBRIA,1,1,0,0,40.65920813500005,-78.70534956699996
16648,PA,BLAIR,0,4,0,0,40.438655588500026,-78.39864453849998
16652,PA,HUNTINGDON,1,2,1,0,40.4947294534678,-78.02323537447883
16662,PA,BLAIR,0,2,0,0,40.30534533250005,-78.33035007449996
16673,PA,BLAIR,1,0,0,0,40.338928,-78.388433
16686,PA,BLAIR,1,1,0,0,40.672722310000054,-78.247380125
16701,PA,MCKEAN,1,3,1,0,41.9569367764374,-78.65341008081141
16735,PA,MCKEAN,1,1,0,0,41.665745974500055,-78.80594644850001
16749,PA,MCKEAN,0,2,0,0,41.8022165510001,-78.453036345
16801,PA,CENTRE,0,3,1,0,40.78429074245837,-77.84431073663822
16803,PA,CENTRE,1,1,0,0,40.821275221500045,-77.8580732575
16823,PA,CENTRE,1,3,0,0,40.865309910707026,-77.77710638542806
16828,PA,CENTRE,1,0,0,0,40.81088642,-77.71256777
16830,PA,CLEARFIELD,1,2,1,0,41.021800514827376,-78.42926141733864
16833,PA,CLEARFIELD,0,1,0,0,40.985223794,-78.532239795
16866,PA,CENTRE,0,1,0,0,40.9058963590001,-78.20375
16901,PA,TIOGA,1,3,1,0,41.744595479701715,-77.2920892526032
16915,PA,POTTER,1,2,1,0,41.76965182502382,-77.9928029526
16947,PA,BRADFORD,1,1,0,0,41.784893321000055,-76.70857308799995
17003,PA,LEBANON,0,2,0,0,40.340634939,-76.5181887625
17004,PA,MIFFLIN,0,1,0,0,40.614065205,-77.702056897
17011,PA,CUMBERLAND,2,3,0,0,40.25233400520001,-76.91893372139995
17013,PA,CUMBERLAND,0,6,1,0,40.19952004472021,-77.18964624489055
17015,PA,CUMBERLAND,1,2,0,0,40.18176099400004,-77.21162384666667
17016,PA,LEBANON,0,1,0,0,40.2729190370001,-76.40643943
17020,PA,PERRY,0,2,0,0,40.38300746200005,-77.048705051
17022,PA,LANCASTER,0,4,0,0,40.14121465875007,-76.60071538524996
17023,PA,DAUPHIN,0,1,0,0,40.5476798980001,-76.811623283
17025,PA,CUMBERLAND,2,0,0,0,40.14078316,-76.39079437999999
17033,PA,DAUPHIN,2,0,0,0,40.2636474515,-76.6748192005
17036,PA,DAUPHIN,1,1,0,0,40.273053414500055,-76.6867713655
17042,PA,LEBANON,2,4,0,0,40.32510014000002,-76.4129084898333
17044,PA,MIFFLIN,1,2,1,0,40.60880966857854,-77.56678339565596
17046,PA,LEBANON,0,1,1,0,40.34013840323655,-76.42204893382217
17055,PA,CUMBERLAND,2,4,0,0,40.20612874533338,-76.9824883798333
17057,PA,DAUPHIN,0,5,0,0,40.20505555040004,-76.7401513276
17059,PA,JUNIATA,0,2,0,0,40.58510184600005,-77.38541767699995
17061,PA,DAUPHIN,0,1,0,0,40.5517888970001,-76.951682435
17064,PA,LEBANON,1,0,0,0,40.26737,-76.462069
17067,PA,LEBANON,0,2,0,0,40.375860038,-76.30204033249996
17068,PA,PERRY,0,1,0,0,40.4211071030001,-77.179424205
17074,PA,PERRY,0,0,1,0,40.49636817745657,-77.10601451846982
17078,PA,LEBANON,0,4,0,0,40.29239158550005,-76.59005635699998
17082,PA,JUNIATA,0,0,1,0,40.531151086415434,-77.3905596118644
17086,PA,JUNIATA,0,1,0,0,40.6890766650001,-77.111817563
17101,PA,DAUPHIN,1,0,0,0,40.25804782,-76.88031398
17102,PA,DAUPHIN,0,1,1,0,40.273040602601085,-76.88630516198252
17104,PA,DAUPHIN,1,0,1,0,40.26396550978491,-76.85993173068233
17105,PA,DAUPHIN,2,0,0,0,40.270967,-76.848568
17109,PA,DAUPHIN,1,1,0,0,40.284744291500004,-76.81479801500001
17110,PA,DAUPHIN,1,2,0,0,40.31288506022556,-76.86681645805609
17111,PA,DAUPHIN,0,1,0,0,40.254472949,-76.8410379749999
17112,PA,DAUPHIN,0,1,0,0,40.3364788210001,-76.8393976409999
17201,PA,FRANKLIN,1,7,1,0,39.94215615146604,-77.64339556102397
17202,PA,FRANKLIN,0,2,0,0,39.92660006000005,-77.60543334249995
17222,PA,ADAMS,0,1,0,0,39.9011571020001,-77.4421279489999
17233,PA,FULTON,1,1,1,0,39.934071493196434,-78.00083513857338
17241,PA,CUMBERLAND,0,1,0,0,40.162742103,-77.401549668
17243,PA,HUNTINGDON,0,1,0,0,40.24951823,-77.8945780509999
17247,PA,FRANKLIN,0,1,0,0,39.803842167,-77.578355206
17257,PA,FRANKLIN,1,1,0,0,40.058275320500044,-77.515210232
17261,PA,FRANKLIN,0,1,0,0,39.846191,-77.492888898
17268,PA,FRANKLIN,1,1,0,0,39.7777545155,-77.57339891249995
17313,PA,YORK,0,3,0,0,39.89894580733334,-76.64059772899996
17315,PA,YORK,0,1,0,0,39.987728605,-76.821768326
17325,PA,ADAMS,1,4,1,0,39.83768355796043,-77.22816539028854
17331,PA,YORK,1,4,0,0,39.78788679040002,-76.97469864259993
17350,PA,ADAMS,0,1,0,0,39.8692108700001,-77.028291178
17361,PA,YORK,0,1,0,0,39.751171771,-76.678822719
17401,PA,YORK,0,0,1,0,39.96136563124706,-76.73313426084394
17402,PA,YORK,1,4,0,0,39.95397396920002,-76.67865270460001
17403,PA,YORK,2,2,0,0,39.939566869750024,-76.72469925249997
17404,PA,YORK,1,4,1,0,39.98554529063305,-76.76281000569345
17405,PA,YORK,2,0,0,0,39.956945045,-76.705509645
17408,PA,YORK,1,1,0,0,39.979358962000006,-76.775044039
17501,PA,LANCASTER,0,1,0,0,40.1548403840001,-76.207332692
17509,PA,LANCASTER,0,2,0,0,39.95961840000005,-75.99168614599995
17512,PA,LANCASTER,0,3,0,0,40.041985849999996,-76.486553648
17522,PA,LANCASTER,1,2,0,0,40.161745589,-76.16883011933331
17543,PA,LANCASTER,1,8,0,0,40.13929884177784,-76.30226647233333
17545,PA,LANCASTER,0,4,0,0,40.18985569500005,-76.40034797974995
17555,PA,LANCASTER,0,1,0,0,40.1677359760001,-75.945374027
17557,PA,LANCASTER,0,1,0,0,40.1024256920001,-76.069003332
17566,PA,LANCASTER,0,1,0,0,39.8874860510001,-76.1605089239999
17578,PA,LANCASTER,0,1,0,0,40.2233223050001,-76.148168873
17584,PA,LANCASTER,0,1,0,0,39.9853978140001,-76.272314305
17601,PA,LANCASTER,1,4,0,0,40.07727141980004,-76.32495329879997
17602,PA,LANCASTER,1,3,1,0,40.033790965129114,-76.28865758148183
17603,PA,LANCASTER,1,3,0,0,40.038830566500046,-76.32947292124997
17604,PA,LANCASTER,2,1,0,0,40.04999174866667,-76.34146436033333
17606,PA,LANCASTER,0,1,0,0,40.1109477580001,-76.304694636
17607,PA,BERKS,0,1,0,0,40.297837332,-75.959403025
17701,PA,LYCOMING,2,6,1,0,41.257304748902115,-76.9950000806138
17740,PA,LYCOMING,1,1,0,0,41.20184275700005,-77.26794937150001
17745,PA,CLINTON,1,2,1,0,41.1327946521166,-77.46297435174071
17754,PA,LYCOMING,0,2,0,0,41.2664626520001,-76.93985210299995
17756,PA,LYCOMING,2,2,0,0,41.217315523,-76.783343444
17764,PA,CLINTON,1,1,0,0,41.327876,-77.736478
17777,PA,NORTHUMBERLAND,0,2,0,0,41.091288032500046,-76.8609122595
17801,PA,NORTHUMBERLAND,1,3,1,0,40.86121472593049,-76.78373628861104
17815,PA,COLUMBIA,1,3,1,0,41.01692798687627,-76.43389995617183
17821,PA,MONTOUR,2,3,1,0,40.95972588006399,-76.58935454755841
17822,PA,MONTOUR,3,0,0,0,40.96795319666666,-76.60463888
17837,PA,UNION,1,2,1,0,40.97122942230913,-76.89714750389466
17842,PA,SNYDER,0,0,1,0,40.790703620307255,-77.05205623894452
17845,PA,UNION,0,1,0,0,40.89788,-77.1861689999999
17846,PA,COLUMBIA,0,1,0,0,41.1148017950001,-76.524106795
17847,PA,NORTHUMBERLAND,0,1,0,0,41.012530154,-76.8408812059999
17851,PA,NORTHUMBERLAND,0,1,0,0,40.7940709480001,-76.4231829999999
17857,PA,NORTHUMBERLAND,0,1,0,0,40.9093370000001,-76.791431744
17859,PA,COLUMBIA,0,1,0,0,41.0755999510001,-76.412666073
17866,PA,NORTHUMBERLAND,1,2,0,0,40.803340124666704,-76.57567457999993
17870,PA,SNYDER,0,1,0,0,40.810301672,-76.867451665
17878,PA,LUZERNE,0,1,0,0,41.205762,-76.272975
17901,PA,SCHUYLKILL,2,5,1,0,40.68358156772149,-76.19791628251434
17931,PA,SCHUYLKILL,0,1,0,0,40.7770617940001,-76.2355506919999
17961,PA,SCHUYLKILL,1,2,0,0,40.65222416833337,-76.10465204833334
17964,PA,SCHUYLKILL,0,1,0,0,40.7111536680001,-76.474540383
17972,PA,SCHUYLKILL,0,1,0,0,40.642585422,-76.167741576
17976,PA,SCHUYLKILL,0,4,0,0,40.82468838900005,-76.20119883649994
17981,PA,SCHUYLKILL,0,1,0,0,40.632373284,-76.395326005
18013,PA,NORTHAMPTON,0,1,0,0,40.873503795,-75.22801587
18015,PA,LEHIGH,1,0,0,0,40.609357,-75.393363
18017,PA,LEHIGH,3,5,0,0,40.65084857775001,-75.4005263135
18018,PA,NORTHAMPTON,0,3,1,0,40.61990176997094,-75.37758015909098
18020,PA,NORTHAMPTON,0,1,0,0,40.676529154,-75.322442178
18036,PA,BUCKS,0,1,0,0,40.501678127,-75.387321229
18040,PA,NORTHAMPTON,0,1,0,0,40.734568068,-75.221012846
18042,PA,NORTHAMPTON,1,3,1,0,40.68767255312294,-75.2292712635565
18045,PA,NORTHAMPTON,1,2,0,0,40.663593511000066,-75.27391338899997
18052,PA,LEHIGH,0,2,1,0,40.64499483440118,-75.49398522152568
18055,PA,NORTHAMPTON,0,2,0,0,40.5726437405,-75.34137434600001
18062,PA,LEHIGH,1,1,0,0,40.53253287550005,-75.56808552449999
18064,PA,NORTHAMPTON,0,2,0,0,40.7423176920001,-75.3261904095
18069,PA,LEHIGH,1,0,0,0,40.64877507,-75.61346589
18071,PA,CARBON,1,0,0,0,40.802971,-75.615028
18073,PA,MONTGOMERY,0,1,0,0,40.3968667950001,-75.4932160509999
18087,PA,LEHIGH,0,1,0,0,40.545811794,-75.610520154
18102,PA,LEHIGH,2,1,1,0,40.60639152273376,-75.47564449012982
18103,PA,LEHIGH,3,5,0,0,40.593491303537895,-75.46968657800248
18104,PA,LEHIGH,2,5,0,0,40.598857228857185,-75.53212979857143
18105,PA,LEHIGH,0,1,0,0,40.601255511,-75.4940502809999
18201,PA,LUZERNE,1,2,0,0,40.94476410266673,-75.95556796499993
18202,PA,LUZERNE,0,1,0,0,40.979011746,-75.985862904
18218,PA,SCHUYLKILL,1,1,0,0,40.821376767000004,-75.914017323
18222,PA,LUZERNE,0,2,0,0,41.03065927,-75.96257100349995
18229,PA,CARBON,0,0,1,0,40.8758493612159,-75.73142040443938
18235,PA,CARBON,2,2,0,0,40.83336350700005,-75.72135040525
18252,PA,SCHUYLKILL,0,1,0,0,40.823839051,-75.967289411
18255,PA,CARBON,0,1,0,0,40.9378461790001,-75.813314178
18301,PA,MONROE,1,1,0,0,40.99240064050005,-75.17394849999995
18330,PA,MONROE,0,2,0,0,40.9237719985,-75.42676579999994
18336,PA,PIKE,0,1,0,0,41.3545545000001,-74.7098975
18337,PA,PIKE,0,2,1,0,41.33397779630973,-74.7916848480137
18360,PA,MONROE,1,2,1,0,40.98028447928091,-75.2544954880637
18407,PA,LACKAWANNA,0,3,0,0,41.57791490033333,-75.50629358733333
18411,PA,LACKAWANNA,1,1,0,0,41.481223114500054,-75.7118720515
18421,PA,SUSQUEHANNA,0,1,0,0,41.6552512060001,-75.467652846
18431,PA,WAYNE,1,1,1,0,41.570917839744425,-75.26417723225023
18436,PA,WAYNE,0,1,0,0,41.455144051,-75.3723569489999
18444,PA,LACKAWANNA,0,2,0,0,41.3758522,-75.55994685
18447,PA,LACKAWANNA,0,1,0,0,41.490595308,-75.588697821
18452,PA,LACKAWANNA,1,2,0,0,41.48684477366674,-75.591376337
18472,PA,WAYNE,1,1,0,0,41.57885042950005,-75.41331677
18501,PA,LACKAWANNA,1,1,0,0,41.429212616499996,-75.666201204
18503,PA,LACKAWANNA,0,1,1,0,41.41109302373199,-75.66665739080076
18505,PA,LACKAWANNA,0,5,0,0,41.38344369740006,-75.6803662934
18507,PA,LACKAWANNA,1,0,0,0,41.356104972,-75.679953631
18508,PA,LACKAWANNA,1,1,0,0,41.45136835150005,-75.6763480265
18509,PA,LACKAWANNA,0,3,0,0,41.4404107090001,-75.63717321999992
18510,PA,LACKAWANNA,2,3,0,0,41.40909563320002,-75.65118550999998
18512,PA,LACKAWANNA,0,1,0,0,41.409251281,-75.627656181
18517,PA,LACKAWANNA,0,1,0,0,41.380648846,-75.7255966399999
18519,PA,LACKAWANNA,1,0,0,0,41.453247581,-75.632507057
18555,PA,BUCKS,0,1,0,0,40.4692711060001,-75.322217152
18603,PA,COLUMBIA,1,3,0,0,41.07151361550005,-76.22921637900001
18612,PA,LUZERNE,0,4,0,0,41.34293825975005,-75.9828454755
18616,PA,SULLIVAN,0,1,0,0,41.511120256,-76.624825797
18626,PA,SULLIVAN,0,1,0,0,41.42422164,-76.500837976
18634,PA,LUZERNE,1,3,0,0,41.19201204475005,-75.99869443299997
18640,PA,LUZERNE,0,1,0,0,41.295255078,-75.8152896679999
18643,PA,LUZERNE,0,1,0,0,41.3313749490001,-75.831649205
18657,PA,WYOMING,1,1,1,0,41.561832696627384,-75.96556375922366
18701,PA,LUZERNE,0,3,0,0,41.243163649666734,-75.88123471266667
18702,PA,LUZERNE,1,4,0,0,41.248125299200055,-75.85483124159998
18704,PA,LUZERNE,1,3,0,0,41.264480602250075,-75.88417470674997
18706,PA,LUZERNE,0,1,1,0,41.227043980744064,-75.93166633327088
18707,PA,LUZERNE,0,2,0,0,41.139126666500104,-75.91063257449994
18711,PA,LUZERNE,2,2,0,0,41.25026479775005,-75.82608530225
18764,PA,LUZERNE,2,0,0,0,41.258588215,-75.86716283499999
18801,PA,SUSQUEHANNA,2,1,1,0,41.832594056740135,-75.86879615233534
18810,PA,BRADFORD,0,1,0,0,41.9596035660001,-76.519409819
18840,PA,BRADFORD,1,2,0,0,41.986736672009066,-76.54149796565629
18847,PA,SUSQUEHANNA,1,1,0,0,41.94663867300005,-75.59255873500001
18848,PA,BRADFORD,1,1,1,0,41.78353790544885,-76.4497412589372
18901,PA,BUCKS,2,7,1,0,40.30662105578663,-75.13664412060689
18912,PA,BUCKS,0,1,0,0,40.296865897,-75.0102879999999
18936,PA,MONTGOMERY,0,1,0,0,40.256492,-75.249012898
18940,PA,BUCKS,0,3,0,0,40.22048579466673,-74.93704624699996
18951,PA,BUCKS,2,4,0,0,40.4396008921667,-75.3658557518333
18954,PA,BUCKS,0,1,0,0,40.2275310220001,-75.0002928
18960,PA,BUCKS,1,1,0,0,40.354261581,-75.31604428149996
18964,PA,MONTGOMERY,0,1,0,0,40.3114233050001,-75.332731387
18966,PA,BUCKS,0,3,0,0,40.2176977076667,-75.06824555499996
18969,PA,BUCKS,0,1,0,0,40.3300425580001,-75.328519625
18974,PA,BUCKS,0,6,0,0,40.20604998116668,-75.088979378
18976,PA,BUCKS,0,2,0,0,40.261418653999996,-75.137584885
19001,PA,MONTGOMERY,1,1,0,0,40.12468712900005,-75.1297866
19002,PA,MONTGOMERY,1,6,0,0,40.17268788900004,-75.21205617114285
19004,PA,MONTGOMERY,0,2,0,0,40.0041918285,-75.231726994
19006,PA,MONTGOMERY,0,1,0,0,40.148255641,-75.06034346
19007,PA,BUCKS,1,1,0,0,40.10598865150005,-74.8686499105
19008,PA,DELAWARE,0,3,0,0,39.98513861466673,-75.360653846
19010,PA,MONTGOMERY,1,4,0,0,40.02263436720008,-75.3190137398
19013,PA,DELAWARE,1,1,1,0,39.85796532424299,-75.36481480605609
19020,PA,BUCKS,1,1,0,0,40.127167917500046,-74.93902166
19023,PA,DELAWARE,2,2,0,0,39.924777906500026,-75.26942926274995
19026,PA,DELAWARE,1,0,0,0,39.954758,-75.283604
19027,PA,MONTGOMERY,0,1,0,0,40.0721518460001,-75.100279743
19031,PA,MONTGOMERY,0,3,0,0,40.1186910340001,-75.20440704266663
19034,PA,MONTGOMERY,1,2,0,0,40.14599334566667,-75.19665413833333
19035,PA,MONTGOMERY,0,1,0,0,40.0504103330001,-75.275371795
19037,PA,DELAWARE,0,1,0,0,39.9173847480001,-75.4461426679999
19038,PA,MONTGOMERY,0,6,0,0,40.08865262183337,-75.19736505149994
19040,PA,MONTGOMERY,0,2,0,0,40.17863351100005,-75.106527778
19041,PA,DELAWARE,0,1,0,0,39.99940422,-75.333658284
19046,PA,MONTGOMERY,1,3,0,0,40.10842440925002,-75.09062115924999
19047,PA,BUCKS,3,5,0,0,40.187130231000005,-74.91490569087499
19050,PA,DELAWARE,0,3,0,0,39.93000384333333,-75.26594888999999
19053,PA,BUCKS,0,1,0,0,40.1630332870001,-74.994524838
19056,PA,BUCKS,0,1,0,0,40.1658361020001,-74.8779882809999
19060,PA,DELAWARE,0,1,0,0,39.842704408,-75.509823924
19063,PA,DELAWARE,1,9,0,0,39.918819251300064,-75.42842762479998
19064,PA,DELAWARE,1,1,0,0,39.925185854,-75.34965623549999
19067,PA,BUCKS,0,2,0,0,40.208247185500056,-74.86370406899995
19073,PA,DELAWARE,0,2,0,0,39.9673896915,-75.43103243649995
19076,PA,DELAWARE,0,1,0,0,39.8824902060001,-75.3073334859999
19078,PA,DELAWARE,1,1,0,0,39.87868024200005,-75.320439221
19083,PA,DELAWARE,1,1,0,0,39.97555640750005,-75.33404457149996
19086,PA,DELAWARE,0,1,0,0,39.8974241270001,-75.3733087429999
19087,PA,DELAWARE,0,1,0,0,40.0450173080001,-75.3892455129999
19090,PA,MONTGOMERY,0,1,0,0,40.157349692,-75.121527741
19095,PA,MONTGOMERY,0,3,0,0,40.086963880333435,-75.14386274333333
19096,PA,MONTGOMERY,2,2,0,0,39.988444060750055,-75.26068083124997
19102,PA,PHILADELPHIA,2,0,0,0,39.957175555,-75.164150215
19103,PA,PHILADELPHIA,0,1,0,0,39.9599446920001,-75.16769944
19104,PA,PHILADELPHIA,7,5,0,0,39.95958041783337,-75.19485554366666
19107,PA,PHILADELPHIA,4,0,1,0,39.94898688283369,-75.15700730557369
19111,PA,PHILADELPHIA,3,3,0,0,40.065220995666685,-75.08358116733332
19114,PA,PHILADELPHIA,3,1,0,0,40.08110365525,-74.979265122
19115,PA,PHILADELPHIA,0,3,0,0,40.094234759,-75.0321993933333
19116,PA,PHILADELPHIA,0,2,0,0,40.113641318500044,-75.01212565249995
19118,PA,PHILADELPHIA,1,1,0,0,40.08182548800005,-75.210488462
19119,PA,PHILADELPHIA,0,3,0,0,40.04815724766677,-75.1864626666666
19122,PA,PHILADELPHIA,1,0,0,0,39.98169934,-75.13462803
19123,PA,PHILADELPHIA,0,1,0,0,39.9644752300001,-75.1543138979999
19124,PA,PHILADELPHIA,2,0,0,0,40.022652905,-75.10079594999999
19125,PA,PHILADELPHIA,1,0,0,0,39.98985686,-75.12912404
19126,PA,PHILADELPHIA,0,3,0,0,40.05730694000004,-75.1336628453333
19128,PA,PHILADELPHIA,2,2,0,0,40.05277974575005,-75.22924997724998
19129,PA,PHILADELPHIA,1,2,0,0,40.01175766409863,-75.1839763827937
19130,PA,PHILADELPHIA,2,1,0,0,39.97171197266667,-75.16183690266664
19131,PA,PHILADELPHIA,1,5,0,0,39.99820914416669,-75.21584048049998
19134,PA,PHILADELPHIA,2,0,0,0,40.00668967,-75.12485746499999
19136,PA,PHILADELPHIA,0,1,0,0,40.05540646,-75.029367103
19139,PA,PHILADELPHIA,1,1,0,0,39.960075903000046,-75.2317998165
19140,PA,PHILADELPHIA,2,1,0,0,40.009003119999996,-75.14956493933333
19141,PA,PHILADELPHIA,2,1,0,0,40.036626004000034,-75.14319729433333
19143,PA,PHILADELPHIA,1,2,0,0,39.945366205666666,-75.221567388
19144,PA,PHILADELPHIA,0,3,0,0,40.037166694999996,-75.1738456456666
19145,PA,PHILADELPHIA,1,1,0,0,39.92623025200005,-75.17028906599995
19146,PA,PHILADELPHIA,1,3,0,0,39.944845262499996,-75.17024314249998
19148,PA,PHILADELPHIA,1,1,0,0,39.918886601000054,-75.16166358199999
19150,PA,PHILADELPHIA,0,2,0,0,40.07670992300005,-75.18164578399995
19152,PA,PHILADELPHIA,1,7,0,0,40.06009409237507,-75.04532703937497
19154,PA,PHILADELPHIA,0,1,0,0,40.1137883100001,-74.982537156
19301,PA,CHESTER,1,0,0,0,40.044189,-75.501087
19320,PA,CHESTER,1,1,0,0,40.01240686950005,-75.786337988
19335,PA,CHESTER,1,2,0,0,40.0122818126667,-75.69759168199995
19341,PA,CHESTER,0,2,0,0,40.02267260000005,-75.65481149999994
19342,PA,DELAWARE,0,3,0,0,39.88406101733337,-75.52616672533331
19344,PA,CHESTER,0,2,0,0,40.070210409500106,-75.87539094849996
19348,PA,CHESTER,0,4,0,0,39.86251145400005,-75.68381042324997
19355,PA,CHESTER,2,2,0,0,40.03306587975002,-75.51638703849997
19363,PA,CHESTER,0,1,0,0,39.784337076,-75.983015743
19380,PA,CHESTER,2,3,0,0,39.98068790320002,-75.58455677319998
19382,PA,CHESTER,0,3,1,0,39.94420594913808,-75.60694377115065
19390,PA,CHESTER,1,3,0,0,39.83071933725005,-75.86563893474994
19401,PA,MONTGOMERY,2,5,1,0,40.13028105139595,-75.32740106554056
19403,PA,MONTGOMERY,3,1,0,0,40.14593842800002,-75.36987207099997
19406,PA,MONTGOMERY,1,1,0,0,40.095604862000044,-75.400707294
19408,PA,MONTGOMERY,1,0,0,0,40.15571194,-75.4125307
19422,PA,MONTGOMERY,0,3,0,0,40.18494074766674,-75.28479707199996
19426,PA,MONTGOMERY,0,2,0,0,40.188613262500056,-75.4543440634999
19435,PA,MONTGOMERY,0,1,0,0,40.302060178,-75.5263004619999
19436,PA,MONTGOMERY,0,1,0,0,40.2018178220001,-75.251232924
19438,PA,MONTGOMERY,0,1,0,0,40.2884926680001,-75.377101228
19444,PA,MONTGOMERY,0,3,0,0,40.090018013,-75.24748146866666
19446,PA,MONTGOMERY,1,7,0,0,40.24180445812505,-75.29281642512497
19454,PA,MONTGOMERY,0,1,0,0,40.2230382810001,-75.209827257
19460,PA,CHESTER,1,4,0,0,40.083565393400065,-75.52611932359999
19462,PA,MONTGOMERY,0,1,0,0,40.117045719,-75.2465286409999
19464,PA,MONTGOMERY,1,3,0,0,40.2409388135,-75.61376649524998
19465,PA,CHESTER,0,2,0,0,40.20663977550005,-75.661172423
19468,PA,MONTGOMERY,1,1,0,0,40.190361012000054,-75.53066728350001
19475,PA,CHESTER,0,1,0,0,40.1906496920001,-75.5635345379999
19477,PA,MONTGOMERY,0,1,0,0,40.1827836670001,-75.231014333
19490,PA,MONTGOMERY,0,1,0,0,40.2068109240001,-75.347930592
19526,PA,BERKS,0,1,0,0,40.558708052,-76.011897743
19530,PA,BERKS,0,2,0,0,40.5117523070001,-75.7712851605
19533,PA,BERKS,0,1,0,0,40.3794528120001,-76.01589024
19562,PA,BERKS,0,1,0,0,40.49463,-75.6968727939999
19565,PA,BERKS,1,1,0,0,40.32998218749999,-76.08817707299994
19601,PA,BERKS,1,0,0,0,40.33800428,-75.92538936
19602,PA,BERKS,0,0,1,0,40.33455590807923,-75.92455653046531
19605,PA,BERKS,2,1,0,0,40.38001754566667,-75.95163712966668
19606,PA,BERKS,0,2,0,0,40.301458731000054,-75.84746554049995
19607,PA,BERKS,1,0,0,0,40.288547,-75.924715
19608,PA,BERKS,0,1,0,0,40.319517794,-76.010017948
19610,PA,BERKS,1,2,0,0,40.33812223233337,-75.98963730499996
19611,PA,BERKS,1,4,0,0,40.33109941740004,-75.9478076688
19612,PA,BERKS,0,1,0,0,40.360611787,-75.990096943
19633,PA,CHESTER,0,1,0,0,39.7840254870001,-75.982981421
19642,PA,MONTGOMERY,0,1,0,0,40.124530613,-75.2950870779999
19706,DE,NEW CASTLE,0,1,0,0,39.5715295570001,-75.584997317
19707,DE,NEW CASTLE,0,6,0,0,39.76798697683335,-75.67555754833329
19709,DE,NEW CASTLE,1,3,0,0,39.45849504548242,-75.68352491871906
19711,DE,NEW CASTLE,0,5,0,0,39.69171759320004,-75.74642397179998
19713,DE,NEW CASTLE,1,5,0,0,39.67902230333341,-75.69131103233332
19718,DE,NEW CASTLE,2,0,0,0,39.687472288500004,-75.66917329649999
19803,DE,NEW CASTLE,1,10,0,0,39.788879649545514,-75.53643701272723
19805,DE,NEW CASTLE,3,3,0,0,39.747068271,-75.57777706266664
19806,DE,NEW CASTLE,0,6,0,0,39.75484867100004,-75.55922502633327
19807,DE,NEW CASTLE,0,4,0,0,39.78294935425002,-75.60944229774998
19808,DE,NEW CASTLE,0,3,1,0,39.737263141653415,-75.67221980601686
19809,DE,NEW CASTLE,0,2,0,0,39.762307497500046,-75.493894672
19899,DE,NEW CASTLE,2,0,0,0,39.7513854665,-75.549685075
19901,DE,KENT,2,3,1,0,39.14995200754548,-75.51031809982548
19902,DE,KENT,1,0,0,0,39.122095,-75.4754583
19904,DE,KENT,1,7,0,0,39.17050893900002,-75.54845063874996
19947,DE,SUSSEX,2,2,1,0,38.67176204860021,-75.37875839881283
19951,DE,SUSSEX,0,1,0,0,38.7267086620001,-75.2693131199999
19958,DE,SUSSEX,1,3,0,0,38.763874282500055,-75.14467252449998
19963,DE,SUSSEX,3,4,0,0,38.90568401914287,-75.42690157914286
19966,DE,SUSSEX,0,2,0,0,38.6089096920001,-75.24599880599999
19971,DE,SUSSEX,1,1,0,0,38.72339234250005,-75.129798936
19973,DE,SUSSEX,1,4,0,0,38.64459307740002,-75.60232784119997
19975,DE,SUSSEX,0,1,0,0,38.4703795290001,-75.117319723
19977,DE,KENT,0,2,0,0,39.27658145950005,-75.59428643
20001,DC,DISTRICT OF COLUMBIA,0,1,0,0,38.9017281,-77.011766
20002,DC,DISTRICT OF COLUMBIA,2,1,1,0,38.89505755091828,-76.99900774217471
20005,DC,DISTRICT OF COLUMBIA,0,1,0,0,38.9049232840001,-77.031078333
20007,DC,DISTRICT OF COLUMBIA,1,0,0,0,38.91195851,-77.07525457
20008,DC,DISTRICT OF COLUMBIA,0,1,0,0,38.953932777,-77.068188806
20015,DC,DISTRICT OF COLUMBIA,0,3,0,0,38.96455979433336,-77.0667567793333
20016,DC,DISTRICT OF COLUMBIA,2,1,0,0,38.93879352000004,-77.09883797866662
20017,DC,DISTRICT OF COLUMBIA,2,2,0,0,38.942280590500026,-76.99366537074997
20018,DC,DISTRICT OF COLUMBIA,0,1,0,0,38.9234608840001,-76.977962652
20019,DC,DISTRICT OF COLUMBIA,0,1,0,0,38.8992632860001,-76.9282727419999
20032,DC,DISTRICT OF COLUMBIA,4,3,0,0,38.83475982528574,-76.99749717699999
20037,DC,DISTRICT OF COLUMBIA,1,1,0,0,38.905088181500005,-77.0493684955
20105,VA,LOUDOUN,1,0,0,0,38.93912604,-77.55282187
20109,VA,PRINCE WILLIAM,0,3,0,0,38.779274058333364,-77.50172809266662
20110,VA,PRINCE WILLIAM,1,7,1,0,38.75645836408642,-77.46684067191991
20112,VA,PRINCE WILLIAM,0,1,0,0,38.668537519,-77.440613678
20147,VA,LOUDOUN,0,6,0,0,39.03927175316673,-77.45828086833333
20151,VA,FAIRFAX,0,2,0,0,38.88532963450005,-77.42086889249995
20155,VA,PRINCE WILLIAM,0,6,0,0,38.79303178795655,-77.63244582562557
20164,VA,LOUDOUN,0,2,0,0,39.02306909400005,-77.3893759405
20165,VA,LOUDOUN,0,5,0,0,39.046018400200026,-77.38484851819999
20166,VA,LOUDOUN,1,0,0,0,38.94013168,-77.54272258
20169,VA,PRINCE WILLIAM,1,0,0,0,38.82079041,-77.64280762
20170,VA,FAIRFAX,0,1,0,0,38.997157858,-77.3430158469999
20171,VA,FAIRFAX,0,3,0,0,38.937393946333366,-77.41778798799997
20175,VA,LOUDOUN,0,3,1,0,39.10732281655559,-77.56517010335185
20176,VA,LOUDOUN,2,6,0,0,39.10704486887502,-77.533013670625
20180,VA,LOUDOUN,0,1,0,0,39.249377888,-77.645476276
20186,VA,FAUQUIER,1,5,1,0,38.718898368206666,-77.80074492576215
20187,VA,FAUQUIER,0,1,0,0,38.7542010350001,-77.7472059249999
20190,VA,FAIRFAX,1,2,0,0,38.961906311999996,-77.35128571333333
20191,VA,FAIRFAX,0,2,0,0,38.94179044650005,-77.3540118265
20422,DC,DISTRICT OF COLUMBIA,1,0,0,0,38.928923,-77.010732
20601,MD,CHARLES,0,21,0,0,38.64160342121064,-76.8747730705439
20602,MD,CHARLES,0,19,0,0,38.60485296900004,-76.91467089331577
20603,MD,CHARLES,0,9,0,0,38.6289788235556,-76.96634084155555
20607,MD,PRINCE GEORGE'S,0,8,0,0,38.66277068262505,-77.00971493937497
20613,MD,PRINCE GEORGE'S,0,3,0,0,38.67566501533337,-76.85487562966664
20616,MD,CHARLES,0,6,0,0,38.6411066351667,-77.08157785049997
20618,MD,ST. MARY'S,0,3,0,0,38.266543645999995,-76.7785173933333
20619,MD,ST. MARY'S,0,1,0,0,38.3039856780001,-76.55312779
20622,MD,ST. MARY'S,0,2,0,0,38.47773425100005,-76.78036373449996
20623,MD,PRINCE GEORGE'S,0,1,0,0,38.7427305790001,-76.828287195
20639,MD,CALVERT,0,2,0,0,38.60212912,-76.599971181
20646,MD,CHARLES,1,6,0,0,38.536198670000026,-76.96437685557139
20650,MD,ST. MARY'S,1,1,1,0,38.30011508196022,-76.63752831185285
20653,MD,ST. MARY'S,0,1,0,0,38.254690596,-76.477603093
20657,MD,CALVERT,0,2,0,0,38.426030772500056,-76.46946903999995
20675,MD,CHARLES,0,1,0,0,38.5921651960001,-77.0068689189999
20678,MD,CALVERT,1,1,1,0,38.55944732013622,-76.59660491026808
20685,MD,CALVERT,0,1,0,0,38.448224,-76.5226521
20688,MD,CALVERT,0,5,0,0,38.34627203700986,-76.46024974813933
20695,MD,CHARLES,0,6,1,0,38.594449699010376,-76.97382286417198
20705,MD,PRINCE GEORGE'S,0,12,0,0,39.05163664450003,-76.92500118358332
20706,MD,PRINCE GEORGE'S,1,19,0,0,38.96963214665005,-76.86164840609997
20707,MD,PRINCE GEORGE'S,1,13,0,0,39.10165090742861,-76.88873082535713
20708,MD,PRINCE GEORGE'S,0,9,0,0,39.06410644144447,-76.84923572333328
20715,MD,PRINCE GEORGE'S,1,60,0,0,38.978395259147575,-76.73830250637705
20716,MD,PRINCE GEORGE'S,0,28,0,0,38.927917561163085,-76.73299831411467
20720,MD,PRINCE GEORGE'S,0,12,0,0,38.97155206466672,-76.7872453868333
20721,MD,PRINCE GEORGE'S,0,18,0,0,38.92700722259338,-76.81155549605586
20723,MD,HOWARD,0,8,0,0,39.13172166625001,-76.87752688299997
20724,MD,ANNE ARUNDEL,0,1,0,0,39.0965588,-76.8160039
20735,MD,PRINCE GEORGE'S,1,22,0,0,38.755642317109434,-76.89080314607942
20736,MD,CALVERT,0,2,0,0,38.6900326845,-76.6375634705
20737,MD,PRINCE GEORGE'S,0,4,0,0,38.96036021375005,-76.91484000399997
20740,MD,PRINCE GEORGE'S,0,3,0,0,39.00939917966674,-76.9394011743333
20743,MD,PRINCE GEORGE'S,0,9,0,0,38.88424597655561,-76.9076532254444
20744,MD,PRINCE GEORGE'S,1,28,0,0,38.75259028575868,-76.98685848893102
20745,MD,PRINCE GEORGE'S,0,7,0,0,38.79289573171434,-76.99476212657139
20746,MD,PRINCE GEORGE'S,0,4,0,0,38.83791994125002,-76.9225826165
20747,MD,PRINCE GEORGE'S,0,9,0,0,38.85012893822226,-76.88577766288884
20748,MD,PRINCE GEORGE'S,0,16,0,0,38.809505479215844,-76.93512495410823
20754,MD,CALVERT,0,1,0,0,38.730800469,-76.674603103
20755,MD,ANNE ARUNDEL,1,0,0,0,39.0981144,-76.7285714
20759,MD,HOWARD,0,4,0,0,39.154161822750055,-76.92751925874998
20762,MD,PRINCE GEORGE'S,1,0,0,0,38.80924892,-76.89570326
20763,MD,HOWARD,0,1,0,0,39.139335949,-76.821458261
20764,MD,ANNE ARUNDEL,0,1,0,0,38.8398378,-76.5225111
20769,MD,PRINCE GEORGE'S,0,2,0,0,38.9919684293969,-76.80537752063785
20770,MD,PRINCE GEORGE'S,0,2,0,0,38.9325134320001,-76.8428942394999
20772,MD,PRINCE GEORGE'S,0,21,0,0,38.78663938985718,-76.80333346419046
20774,MD,PRINCE GEORGE'S,1,28,1,0,38.888165876313415,-76.81501073622634
20776,MD,ANNE ARUNDEL,0,4,0,0,38.88360657175005,-76.63113932750001
20777,MD,HOWARD,0,1,0,0,39.178314846,-76.956354601
20779,MD,ANNE ARUNDEL,0,1,0,0,38.7593082610001,-76.597411221
20781,MD,PRINCE GEORGE'S,0,1,0,0,38.9541326500001,-76.949458701
20782,MD,PRINCE GEORGE'S,0,9,0,0,38.96193725133336,-76.96563877488887
20783,MD,PRINCE GEORGE'S,0,18,0,0,39.00056075200005,-76.96770423072219
20784,MD,PRINCE GEORGE'S,0,6,0,0,38.959214239833386,-76.88835798116664
20785,MD,PRINCE GEORGE'S,1,7,0,0,38.91390439650005,-76.87798164862495
20794,MD,HOWARD,1,3,0,0,39.148959289250044,-76.81380447274998
20814,MD,MONTGOMERY,1,7,0,0,39.00827846825007,-77.108966712375
20815,MD,MONTGOMERY,0,3,0,0,38.98522174233337,-77.07781338166666
20816,MD,MONTGOMERY,0,1,0,0,38.9719542,-77.1211443
20817,MD,MONTGOMERY,0,12,0,0,39.008346139000054,-77.14215933358331
20832,MD,MONTGOMERY,1,10,0,0,39.153260792545474,-77.06426576627271
20833,MD,MONTGOMERY,0,6,0,0,39.1949314698334,-77.04404256199992
20850,MD,MONTGOMERY,3,19,1,0,39.094144029797356,-77.17522901901762
20851,MD,MONTGOMERY,0,1,0,0,39.0692673680001,-77.125240059
20852,MD,MONTGOMERY,0,5,0,0,39.04048575480006,-77.12037797519996
20853,MD,MONTGOMERY,0,23,0,0,39.10605317900006,-77.09174880830435
20854,MD,MONTGOMERY,0,24,0,0,39.038961424791715,-77.19710639033333
20855,MD,MONTGOMERY,0,8,0,0,39.14554867350003,-77.13541007949995
20860,MD,MONTGOMERY,0,10,0,0,39.15214156730006,-77.03665479269995
20861,MD,MONTGOMERY,0,1,0,0,39.1463758,-77.003777
20866,MD,MONTGOMERY,0,3,0,0,39.1049450863334,-76.93851118366662
20871,MD,MONTGOMERY,0,2,0,0,39.2332108685001,-77.25591285299996
20872,MD,MONTGOMERY,0,3,0,0,39.26936719033343,-77.21346798733327
20874,MD,MONTGOMERY,0,8,0,0,39.16529167625006,-77.27907001237494
20876,MD,MONTGOMERY,1,0,0,0,39.18176124,-77.2426099
20877,MD,MONTGOMERY,0,6,0,0,39.140693923333345,-77.18666038799996
20878,MD,MONTGOMERY,0,5,0,0,39.11776370840006,-77.26345631539999
20879,MD,MONTGOMERY,0,7,0,0,39.17336100385718,-77.21115263157142
20882,MD,MONTGOMERY,0,6,0,0,39.22264620066674,-77.17993540166661
20886,MD,MONTGOMERY,0,6,0,0,39.17203467190664,-77.20430256363521
20889,MD,MONTGOMERY,1,0,0,0,39.00128695,-77.09358972
20895,MD,MONTGOMERY,0,5,0,0,39.03023392020006,-77.0722427386
20901,MD,MONTGOMERY,0,10,0,0,39.020652035700074,-77.00483567689999
20902,MD,MONTGOMERY,0,12,0,0,39.04692110241672,-77.04084821033331
20903,MD,MONTGOMERY,1,5,0,0,39.0183171243334,-76.9862846155
20904,MD,MONTGOMERY,2,44,0,0,39.0655048978469,-76.97478150210277
20905,MD,MONTGOMERY,0,14,0,0,39.10675550135719,-76.97785161449998
20906,MD,MONTGOMERY,0,41,0,0,39.08498683390249,-77.05565107668292
20910,MD,MONTGOMERY,1,8,0,0,39.0078417855556,-77.04208993244444
20912,MD,MONTGOMERY,1,4,0,0,38.983747589000025,-76.9992157244
21001,MD,HARFORD,1,11,0,0,39.50420732316809,-76.19202119998981
21009,MD,HARFORD,0,3,0,0,39.476006067333365,-76.31400130433333
21012,MD,ANNE ARUNDEL,0,4,0,0,39.04892115300005,-76.50492301349998
21013,MD,BALTIMORE,0,1,0,0,39.5064405800001,-76.503952328
21014,MD,HARFORD,1,9,1,0,39.535136743054395,-76.3552794156926
21015,MD,HARFORD,0,6,0,0,39.532954851500016,-76.31789604816665
21017,MD,HARFORD,0,2,0,0,39.474610259,-76.2396651535
21028,MD,HARFORD,0,1,0,0,39.5722514490001,-76.195808332
21029,MD,HOWARD,0,4,0,0,39.21431709275002,-76.95956291249996
21030,MD,BALTIMORE,0,7,0,0,39.494205161285784,-76.64712852842855
21032,MD,ANNE ARUNDEL,0,2,0,0,39.0368861445,-76.61346293999995
21035,MD,ANNE ARUNDEL,0,3,0,0,38.9313148150001,-76.62110037566657
21036,MD,HOWARD,0,3,0,0,39.24769963566673,-76.99949169066663
21037,MD,ANNE ARUNDEL,0,4,0,0,38.93585266800005,-76.54830755724997
21040,MD,HARFORD,0,14,0,0,39.42888737728576,-76.29006698028569
21041,MD,HOWARD,1,0,0,0,39.25569234,-76.79311804
21042,MD,HOWARD,0,16,0,0,39.28148857960021,-76.85425366923228
21043,MD,HOWARD,0,15,0,0,39.28153547000001,-76.81222318986663
21044,MD,HOWARD,1,21,0,0,39.206169708538,-76.87818516123245
21045,MD,HOWARD,0,8,0,0,39.19903455275003,-76.82788456162496
21046,MD,HOWARD,0,5,1,0,39.18616114320699,-76.84808710709608
21047,MD,HARFORD,0,2,0,0,39.5177339075001,-76.42942224599994
21048,MD,CARROLL,0,2,0,0,39.51588136200005,-76.91323897549995
21050,MD,HARFORD,0,4,0,0,39.56895270525003,-76.37833873849995
21054,MD,ANNE ARUNDEL,0,8,0,0,39.03436411287504,-76.675749673875
21057,MD,BALTIMORE,0,2,0,0,39.447459216000055,-76.517494577
21060,MD,ANNE ARUNDEL,0,16,0,0,39.15976507162469,-76.59665945416484
21061,MD,ANNE ARUNDEL,1,28,0,0,39.14555532962073,-76.62798915179309
21074,MD,CARROLL,0,3,0,0,39.60061800733343,-76.86737607799996
21075,MD,HOWARD,1,6,0,0,39.18928257628574,-76.75970082128569
21076,MD,ANNE ARUNDEL,0,3,0,0,39.149283902333394,-76.70184387833326
21078,MD,HARFORD,1,5,0,0,39.539642421833385,-76.10481374499999
21084,MD,HARFORD,0,1,0,0,39.6116074830001,-76.5050240099999
21085,MD,HARFORD,0,5,0,0,39.426887770400064,-76.34007248179998
21090,MD,ANNE ARUNDEL,0,6,0,0,39.20087226933337,-76.65919751833331
21093,MD,BALTIMORE,0,9,0,0,39.43525190900004,-76.63413722766661
21102,MD,CARROLL,0,2,0,0,39.6660688180001,-76.88387146349996
21104,MD,HOWARD,0,1,0,0,39.3170617970001,-76.932218539
21108,MD,ANNE ARUNDEL,0,5,0,0,39.11115114180008,-76.60129899799996
21113,MD,ANNE ARUNDEL,0,5,0,0,39.07797768520004,-76.70335423819998
21114,MD,ANNE ARUNDEL,0,3,0,0,39.01398328033337,-76.68486474999993
21117,MD,BALTIMORE,0,4,0,0,39.4038377842921,-76.7311086680664
21122,MD,ANNE ARUNDEL,0,29,0,0,39.12928792605153,-76.53795198620126
21128,MD,BALTIMORE,0,2,0,0,39.40916360000005,-76.44225044999996
21133,MD,BALTIMORE,1,38,0,0,39.37383976158979,-76.7988710252051
21136,MD,BALTIMORE,0,8,0,0,39.455340335000045,-76.81782100949998
21140,MD,ANNE ARUNDEL,0,1,0,0,38.9509828000001,-76.574403855
21144,MD,ANNE ARUNDEL,0,7,0,0,39.12550734085717,-76.68832408542855
21146,MD,ANNE ARUNDEL,0,11,0,0,39.0825203393637,-76.56240438936362
21154,MD,HARFORD,0,2,0,0,39.65795934500005,-76.34495679949995
21157,MD,CARROLL,1,15,1,0,39.52113662336764,-77.00275172867771
21158,MD,CARROLL,0,5,0,0,39.59076073200006,-77.0364904066
21160,MD,HARFORD,0,1,0,0,39.7014631550001,-76.244573944
21161,MD,HARFORD,0,1,0,0,39.6837266160001,-76.547570159
21162,MD,BALTIMORE,0,2,0,0,39.3906980198597,-76.42107213225114
21201,MD,BALTIMORE,3,2,1,0,39.294033743209326,-76.62557279445969
21202,MD,BALTIMORE (CITY),1,19,1,0,39.302533787855296,-76.61129266254639
21204,MD,BALTIMORE,3,12,0,0,39.40152599093338,-76.62353703999999
21205,MD,BALTIMORE (CITY),1,5,0,0,39.29971897316667,-76.58047131166666
21206,MD,BALTIMORE (CITY),0,86,0,0,39.338310644633836,-76.54609138454732
21207,MD,BALTIMORE,1,75,0,0,39.33148099636848,-76.70679541797365
21208,MD,BALTIMORE,0,23,0,0,39.37459823356526,-76.74069586308693
21209,MD,BALTIMORE,2,5,0,0,39.3592753497143,-76.66028554371427
21210,MD,BALTIMORE (CITY),0,1,0,0,39.342599948,-76.634426866
21211,MD,BALTIMORE (CITY),0,7,0,0,39.33726542242861,-76.64221358814282
21212,MD,BALTIMORE (CITY),0,29,1,0,39.35844625904291,-76.6081113447026
21213,MD,BALTIMORE (CITY),0,49,0,0,39.314941851624184,-76.5758687328082
21214,MD,BALTIMORE (CITY),0,45,0,0,39.35129627853337,-76.56294949271108
21215,MD,BALTIMORE (CITY),1,134,0,0,39.34285861522967,-76.67967778519993
21216,MD,BALTIMORE (CITY),0,88,0,0,39.30968750342044,-76.66858618846224
21217,MD,BALTIMORE (CITY),0,27,0,0,39.307357649296335,-76.64261794029626
21218,MD,BALTIMORE (CITY),2,42,0,0,39.32814256507594,-76.59968489224273
21220,MD,BALTIMORE,0,4,0,0,39.33652550775,-76.45213753224998
21221,MD,BALTIMORE,0,7,0,0,39.31650618714293,-76.4399371602857
21222,MD,BALTIMORE,0,2,0,0,39.27253172550005,-76.51425356749999
21223,MD,BALTIMORE (CITY),1,10,0,0,39.28989012363642,-76.64573150999996
21224,MD,BALTIMORE (CITY),1,4,0,0,39.28306827600006,-76.54087357339992
21225,MD,ANNE ARUNDEL,1,13,0,0,39.237101888772074,-76.6187801638736
21226,MD,BALTIMORE (CITY),0,2,0,0,39.22694319750005,-76.59071724999995
21227,MD,BALTIMORE (CITY),0,2,0,0,39.27012390200005,-76.671257628
21228,MD,BALTIMORE,1,28,0,0,39.2756681676706,-76.72625448808736
21229,MD,BALTIMORE (CITY),1,48,0,0,39.288404588023596,-76.68458226400725
21230,MD,BALTIMORE (CITY),0,2,0,0,39.268574974000046,-76.64140439900001
21231,MD,BALTIMORE (CITY),0,1,0,0,39.2802636540001,-76.6293635119999
21234,MD,BALTIMORE,0,37,0,0,39.37819241750062,-76.54185248878699
21236,MD,BALTIMORE,0,7,0,0,39.39252624385717,-76.49030525742855
21237,MD,BALTIMORE,1,7,0,0,39.34840330787508,-76.485950346
21239,MD,BALTIMORE (CITY),1,36,0,0,39.35924327382035,-76.58963418817999
21244,MD,BALTIMORE,0,11,0,0,39.33599050581823,-76.76796772836362
21286,MD,BALTIMORE,0,7,0,0,39.40538924928577,-76.59385931685713
21287,MD,BALTIMORE,1,0,0,0,39.2961087,-76.59197222
21401,MD,ANNE ARUNDEL,2,15,1,0,38.986405623455205,-76.54962095983429
21403,MD,ANNE ARUNDEL,0,7,0,0,38.95441634742867,-76.48647289214284
21409,MD,ANNE ARUNDEL,0,2,0,0,39.019020413999996,-76.47961955950001
21444,MD,ANNE ARUNDEL,0,1,0,0,39.1335478533927,-76.6646394042479
21502,MD,ALLEGANY,2,11,1,0,39.653003016274894,-78.74040113999213
21520,MD,GARRETT,0,1,0,0,39.597324461,-79.305486043
21532,MD,ALLEGANY,0,3,0,0,39.65027395633343,-78.91427173866663
21536,MD,GARRETT,0,2,0,0,39.7071527470001,-79.15123573999995
21539,MD,ALLEGANY,0,2,0,0,39.56288025750005,-78.978677813
21550,MD,GARRETT,1,3,1,0,39.41174554111898,-79.39620970322373
21562,MD,ALLEGANY,0,1,0,0,39.5000624050001,-79.0498243819999
21601,MD,TALBOT,1,6,1,0,38.767332610112504,-76.07274098805146
21613,MD,DORCHESTER,3,8,1,0,38.56007776151102,-76.07565517312747
21617,MD,QUEEN ANNE'S,0,1,1,0,39.04770927860065,-76.06310167087001
21619,MD,QUEEN ANNE'S,0,1,0,0,38.9837185540001,-76.2886578489999
21620,MD,KENT,1,6,1,0,39.21843551769817,-76.04484081874517
21623,MD,QUEEN ANNE'S,0,1,0,0,39.1397552230001,-75.9823573899999
21629,MD,CAROLINE,0,10,1,0,38.87715194827326,-75.82478161123866
21632,MD,CAROLINE,0,1,0,0,38.691388239,-75.760510192
21638,MD,QUEEN ANNE'S,0,2,0,0,38.9580179080001,-76.20437979249999
21658,MD,QUEEN ANNE'S,0,1,0,0,38.9663616780001,-76.1815316839999
21661,MD,KENT,0,3,0,0,39.1322952113334,-76.23629346766664
21664,MD,DORCHESTER,0,1,0,0,38.6104989720001,-75.950834664
21673,MD,TALBOT,0,1,0,0,38.7002630630001,-76.0652907369999
21678,MD,KENT,0,4,0,0,39.32430362075007,-76.08628321525
21701,MD,FREDERICK,1,8,0,0,39.43115517370048,-77.3980419288322
21702,MD,FREDERICK,0,11,1,0,39.44190167301951,-77.4407823474104
21703,MD,FREDERICK,0,10,0,0,39.39124873650001,-77.4463933136
21704,MD,FREDERICK,0,1,0,0,39.393100652,-77.379093827
21710,MD,FREDERICK,0,2,0,0,39.32037407750005,-77.42567478149999
21713,MD,WASHINGTON,0,4,0,0,39.5303532715,-77.64835050874997
21714,MD,FREDERICK,0,1,0,0,39.399707316,-77.509635786
21722,MD,WASHINGTON,0,2,0,0,39.662440272000055,-77.877854267
21723,MD,HOWARD,0,1,0,0,39.315960841,-77.030080716
21727,MD,FREDERICK,0,1,0,0,39.6977416300001,-77.330850034
21737,MD,HOWARD,0,1,0,0,39.2805695700001,-76.996107082
21738,MD,HOWARD,0,1,0,0,39.277072004,-77.004465238
21740,MD,WASHINGTON,0,16,0,0,39.63819166456255,-77.7304221844375
21742,MD,WASHINGTON,3,5,1,0,39.6561643443467,-77.68937041590478
21755,MD,FREDERICK,0,1,0,0,39.3622504,-77.5323023
21758,MD,FREDERICK,0,1,0,0,39.322927169,-77.605560987
21767,MD,WASHINGTON,0,1,0,0,39.6910981030001,-77.746352064
21771,MD,CARROLL,0,5,0,0,39.35629878520006,-77.14415593199995
21784,MD,CARROLL,1,10,0,0,39.3886952792754,-76.97357152551662
21787,MD,CARROLL,0,5,0,0,39.6439738792001,-77.15182883359998
21793,MD,FREDERICK,0,1,0,0,39.4774927010001,-77.3552533559999
21794,MD,HOWARD,0,4,0,0,39.29295803425008,-76.96853420824998
21795,MD,WASHINGTON,0,4,0,0,39.60496888750003,-77.80820615624995
21797,MD,HOWARD,0,1,0,0,39.301417407,-77.127308613
21801,MD,WICOMICO,2,8,1,0,38.37794203507053,-75.60675401625862
21802,MD,WICOMICO,0,1,0,0,38.376606634,-75.614141162
21804,MD,WICOMICO,1,3,0,0,38.36344410950005,-75.56565432874993
21811,MD,WORCESTER,1,6,0,0,38.352717430714335,-75.18644645471424
21817,MD,SOMERSET,1,2,0,0,37.9973303833334,-75.85252175999996
21826,MD,WICOMICO,0,2,0,0,38.3421653035214,-75.58887239323656
21842,MD,WORCESTER,0,1,0,0,38.3447558120001,-75.117060736
21849,MD,WICOMICO,0,1,0,0,38.407834689,-75.46919135
21851,MD,WORCESTER,0,2,0,0,38.07070270350005,-75.562578228
21853,MD,SOMERSET,0,2,0,0,38.2155056575001,-75.67457214449996
21863,MD,WORCESTER,0,3,1,0,38.17342580732007,-75.43804804661552
21871,MD,SOMERSET,0,0,1,0,38.10286435602793,-75.72019023628764
21874,MD,WICOMICO,0,1,0,0,38.383348703,-75.344100636
21875,MD,WICOMICO,0,3,0,0,38.454169888925065,-75.53349876550627
21901,MD,CECIL,0,2,0,0,39.609585544,-75.93536112199996
21902,MD,CECIL,1,0,0,0,39.5500272,-76.0629831
21903,MD,CECIL,0,3,0,0,39.56617000833344,-76.07302778166667
21904,MD,CECIL,0,3,0,0,39.60930372500007,-76.064950398
21911,MD,CECIL,0,2,0,0,39.6826822475001,-75.99668258599999
21917,MD,CECIL,0,2,0,0,39.6666415025001,-76.09004016149996
21918,MD,CECIL,0,2,0,0,39.68041813050005,-76.13091564149991
21921,MD,CECIL,1,10,1,0,39.60858324640452,-75.84021409011767
22003,VA,FAIRFAX,0,9,0,0,38.82788747533334,-77.19986916777776
22015,VA,FAIRFAX,0,3,0,0,38.78616305700003,-77.27891652699998
22025,VA,HAMPTON,1,0,0,0,37.05362786,-76.39571114
22027,VA,FAIRFAX,0,1,0,0,38.889508988,-77.221870762
22030,VA,FAIRFAX,0,8,1,0,38.85541886108248,-77.32842739319307
22031,VA,FAIRFAX,0,5,0,0,38.86210894120002,-77.26967758679997
22032,VA,FAIRFAX,0,1,0,0,38.838349941,-77.264753981
22033,VA,FAIRFAX,2,3,0,0,38.87476054800004,-77.37944253639998
22041,VA,FAIRFAX,0,2,0,0,38.8513116125001,-77.12006541299995
22042,VA,FAIRFAX,2,2,0,0,38.85912452225003,-77.20576448224998
22043,VA,FAIRFAX,0,3,0,0,38.90881397400007,-77.16766634166666
22044,VA,FAIRFAX,1,0,0,0,38.87008685,-77.1580785
22046,VA,FALLS CHURCH (CITY),0,4,0,0,38.89120987350003,-77.17540482099997
22060,VA,FAIRFAX,1,2,0,0,38.7090202773334,-77.17443556866667
22066,VA,FAIRFAX,0,2,0,0,38.974666115,-77.29666752449995
22079,VA,FAIRFAX,0,1,0,0,38.715005553,-77.2338911959999
22101,VA,FAIRFAX,0,13,0,0,38.92567049838467,-77.15313364523074
22102,VA,FAIRFAX,0,6,0,0,38.938847477166696,-77.22698699866659
22124,VA,FAIRFAX,0,2,0,0,38.8831571435001,-77.29830574099995
22150,VA,FAIRFAX,0,5,0,0,38.77698177460006,-77.18746354419997
22151,VA,FAIRFAX,0,3,0,0,38.809494589666706,-77.1877673373333
22180,VA,FAIRFAX,0,1,0,0,38.8959164,-77.2715658
22182,VA,FAIRFAX,0,7,0,0,38.91211858465185,-77.24057241168346
22191,VA,PRINCE WILLIAM,1,2,0,0,38.634060492666734,-77.28006032666663
22192,VA,PRINCE WILLIAM,0,8,0,0,38.676933270554315,-77.30607255669857
22193,VA,PRINCE WILLIAM,0,3,0,0,38.64081198933337,-77.3360332903333
22201,VA,ARLINGTON,0,3,0,0,38.875160040485206,-77.09659316660453
22202,VA,ARLINGTON,0,1,0,0,38.8583995340001,-77.057229679
22203,VA,ARLINGTON,0,4,0,0,38.87851116275002,-77.11057635624995
22204,VA,ARLINGTON,0,3,1,0,38.865041446742424,-77.09474955195721
22205,VA,ARLINGTON,1,1,0,0,38.881489598,-77.13096328750001
22207,VA,ARLINGTON,0,2,0,0,38.89496983,-77.11385907649995
22301,VA,ALEXANDRIA,0,1,0,0,38.8298493958695,-77.0500722331705
22302,VA,ALEXANDRIA (CITY),0,3,1,0,38.82470058485867,-77.08126891801919
22304,VA,ALEXANDRIA (CITY),1,3,0,0,38.81654922775003,-77.10779022799997
22306,VA,FAIRFAX,1,3,0,0,38.740316119250025,-77.07818878424997
22307,VA,FAIRFAX,0,1,0,0,38.7618197530001,-77.060609886
22308,VA,FAIRFAX,0,1,0,0,38.734943839,-77.0589216069999
22309,VA,FAIRFAX,0,2,0,0,38.717810388000046,-77.097314795
22310,VA,FAIRFAX,0,1,0,0,38.790124018,-77.1300889459999
22311,VA,ALEXANDRIA (CITY),0,5,0,0,38.83697618420008,-77.1142259722
22312,VA,FAIRFAX,0,2,0,0,38.82047758950005,-77.15103599
22314,VA,ALEXANDRIA (CITY),0,1,0,0,38.808765512,-77.046475028
22401,VA,FREDERICKSBURG,3,2,1,0,38.27706138290582,-77.7395945251698
22402,VA,STAUNTON,1,0,0,0,38.14244393,-79.02740691
22404,VA,STAFFORD,0,1,0,0,38.3014521900001,-77.451283899
22405,VA,STAFFORD,0,2,0,0,38.320018162000096,-77.4574569305
22406,VA,STAFFORD,0,3,0,0,38.36725787904803,-77.50846203752631
22407,VA,SPOTSYLVANIA,0,10,0,0,38.27795206590005,-77.53445313469996
22408,VA,SPOTSYLVANIA,1,1,0,0,38.219543843000054,-77.49650287950001
22427,VA,CAROLINE,0,1,0,0,38.047447151,-77.355962556
22443,VA,WESTMORELAND,0,1,0,0,38.2650197510001,-76.9824719809999
22460,VA,RICHMOND,0,1,0,0,37.884228625,-76.618958085
22473,VA,NORTHUMBERLAND,0,0,1,0,37.921714811520225,-76.48145864856568
22480,VA,LANCASTER,0,2,0,0,37.675825769000056,-76.40097511549995
22482,VA,LANCASTER,1,3,0,0,37.70770200250003,-76.38201527075
22485,VA,KING GEORGE,0,1,1,0,38.27070046635713,-77.18388874680728
22503,VA,LANCASTER,0,0,1,0,37.768454401288736,-76.45246096201998
22508,VA,ORANGE,0,1,0,0,38.364122165,-77.763715656
22514,VA,CAROLINE,0,0,1,0,38.024371984633454,-77.34176494561099
22520,VA,WESTMORELAND,0,0,1,0,38.07802716482243,-76.78218706338414
22553,VA,SPOTSYLVANIA,0,0,1,0,38.20205896277628,-77.58945610919206
22554,VA,STAFFORD,1,2,1,0,38.43426858817906,-77.40086521189403
22560,VA,ESSEX,1,2,1,0,37.92762097726819,-76.87740237784314
22572,VA,RICHMOND,0,2,1,0,37.961039014925454,-76.77039169328485
22601,VA,WINCHESTER,2,4,1,0,39.18261379161935,-78.17405196045647
22602,VA,FREDERICK,0,1,0,0,39.180189474,-78.118329619
22603,VA,FREDERICK,0,7,0,0,39.19822598885721,-78.18100299585709
22610,VA,WARREN,0,1,0,0,38.849896544,-78.263848954
22611,VA,CLARKE,0,3,1,0,39.15527764270123,-77.98225242417665
22630,VA,WARREN,1,7,1,0,38.92208822172392,-78.20319303025192
22644,VA,SHENANDOAH,0,1,0,0,38.9358926460001,-78.4566216759999
22655,VA,FREDERICK,0,1,0,0,39.095341794,-78.183303753
22657,VA,SHENANDOAH,0,2,0,0,38.99331376200006,-78.35321723999999
22664,VA,SHENANDOAH,1,6,1,0,38.87265756975725,-78.51384071498535
22701,VA,CULPEPER,1,5,1,0,38.45805241112651,-78.00292794322
22709,VA,MADISON,0,1,0,0,38.3390206070001,-78.206459357
22712,VA,FAUQUIER,0,1,0,0,38.56962452,-77.794120989
22713,VA,RAPPAHANNOCK,0,1,0,0,38.5790620000001,-78.1594164059999
22727,VA,MADISON,0,1,1,0,38.38019504050625,-78.25478811435978
22731,VA,MADISON,0,1,0,0,38.3419983740001,-78.261785404
22747,VA,RAPPAHANNOCK,0,0,1,0,38.71468610512605,-78.15972498624548
22801,VA,ROCKINGHAM,2,8,0,0,38.41420352674815,-78.86355855523603
22802,VA,HARRISONBURG (CITY),0,2,1,0,38.46633119224341,-78.87087717432739
22812,VA,ROCKINGHAM,0,2,0,0,38.38251715150005,-78.96992956599995
22824,VA,SHENANDOAH,0,1,0,0,38.828315,-78.5717529999999
22827,VA,ROCKINGHAM,0,2,0,0,38.409408865,-78.62308639150001
22835,VA,PAGE,1,3,1,0,38.66286589298292,-78.4712066685577
22842,VA,SHENANDOAH,0,1,0,0,38.7509307,-78.6379676
22844,VA,SHENANDOAH,0,3,0,0,38.648518961348366,-78.6782579248992
22846,VA,ROCKINGHAM,0,1,0,0,38.404535869,-78.828544202
22853,VA,ROCKINGHAM,0,2,0,0,38.6386492505001,-78.76804888999999
22901,VA,ALBEMARLE,1,10,0,0,38.06957229172731,-78.49064940854542
22902,VA,ALBEMARLE,0,2,0,0,38.01267380000005,-78.49135799999999
22903,VA,ALBEMARLE,3,4,1,0,38.041944995023044,-78.50885599896705
22911,VA,ALBEMARLE,1,7,0,0,38.050118266375065,-78.44282384049998
22920,VA,ALBEMARLE,0,1,0,0,38.019388,-78.8206119
22932,VA,ALBEMARLE,0,2,0,0,38.06484934000005,-78.706147765
22939,VA,AUGUSTA,1,7,0,0,38.09786867462504,-78.982838192875
22942,VA,ORANGE,0,1,0,0,38.1405260500001,-78.189277257
22949,VA,NELSON,0,1,1,0,37.75896358024383,-78.8708557930158
22960,VA,ORANGE,0,3,1,0,38.25507499701861,-78.11708364348988
22963,VA,FLUVANNA,0,0,1,0,37.85958922523031,-78.26425666994881
22973,VA,GREENE,0,3,1,0,38.29400939116846,-78.43811008079182
22980,VA,WAYNESBORO (CITY),0,6,1,0,38.08846755788705,-78.89405294804621
23002,VA,AMELIA,0,1,1,0,37.3390672847543,-77.98120056662356
23005,VA,HANOVER,0,3,1,0,37.762138996776905,-77.49032529296757
23030,VA,CHARLES CITY,0,0,1,0,37.38661067853772,-77.10432249671616
23040,VA,CUMBERLAND,0,1,1,0,37.49570676316254,-78.24455460683765
23055,VA,FLUVANNA,0,1,0,0,37.756216561,-78.265347435
23059,VA,HENRICO,0,2,0,0,37.670370255500046,-77.54047941299996
23060,VA,HENRICO,0,3,0,0,37.668150550333365,-77.50596832666666
23061,VA,GLOUCESTER,1,4,1,0,37.417463277364035,-76.53314981538888
23063,VA,GOOCHLAND,0,1,1,0,37.71947419174464,-77.90793447638345
23075,VA,HENRICO,0,6,0,0,37.549826712333356,-77.32821333499997
23085,VA,KING AND QUEEN,0,0,1,0,37.6687286837184,-76.87804842355963
23086,VA,KING WILLIAM,0,0,1,0,37.6870714543118,-77.01470665828305
23092,VA,MIDDLESEX,0,1,0,0,37.6092001420001,-76.5078180369999
23093,VA,LOUISA,0,2,1,0,38.023679400253066,-78.00785503204129
23109,VA,MATHEWS,0,1,1,0,37.433281756562664,-76.32530002102669
23111,VA,HANOVER,0,13,0,0,37.6117208835385,-77.33401784823076
23112,VA,CHESTERFIELD,0,3,0,0,37.44639064433337,-77.65928078766665
23113,VA,CHESTERFIELD,0,7,0,0,37.523674746000026,-77.64689638685708
23114,VA,CHESTERFIELD,2,1,0,0,37.46661411466667,-77.65871863899997
23116,VA,HANOVER,2,10,0,0,37.64799719752141,-77.38502051111462
23120,VA,CHESTERFIELD,0,1,0,0,37.4269526812253,-77.6950788864765
23124,VA,NEW KENT,1,0,1,0,37.53134290680923,-76.9776625299842
23139,VA,POWHATAN,0,0,1,0,37.54420305207538,-77.91891632809671
23149,VA,MIDDLESEX,0,1,1,0,37.60210461329828,-76.58014557856507
23150,VA,HENRICO,0,2,0,0,37.515454617000046,-77.25591167049996
23181,VA,KING WILLIAM,0,2,0,0,37.56380013650005,-76.79755840049995
23185,VA,JAMES CITY,2,11,0,0,37.26075866376929,-76.71303667499996
23188,VA,JAMES CITY,4,8,0,0,37.30303769050005,-76.76882771774999
23219,VA,RICHMOND CITY,1,0,2,0,37.53906210103406,-77.43436394920751
23220,VA,RICHMOND (CITY),2,9,0,0,37.556315575271974,-77.46217230276264
23221,VA,RICHMOND (CITY),0,1,0,0,37.5602023070001,-77.487066166
23222,VA,RICHMOND (CITY),0,4,0,0,37.572512190750004,-77.41397974424996
23223,VA,HENRICO,1,7,0,0,37.54573327337501,-77.38535564162497
23224,VA,RICHMOND (CITY),0,2,0,0,37.50124010250005,-77.45542583049999
23225,VA,RICHMOND (CITY),2,5,0,0,37.516678787857174,-77.51046776228567
23226,VA,HENRICO,3,2,0,0,37.57484809899999,-77.55059288959998
23227,VA,RICHMOND (CITY),0,11,0,0,37.58654650263639,-77.45518419072725
23228,VA,HENRICO,0,4,1,0,37.6280113434848,-77.48846690128767
23229,VA,HENRICO,1,5,0,0,37.601636756666714,-77.56022899516661
23230,VA,HENRICO,1,1,0,0,37.601263985,-77.56223350799999
23231,VA,HENRICO,0,2,0,0,37.470160500000006,-77.35846775
23233,VA,HENRICO,1,13,0,0,37.631955231928636,-77.6134163970714
23234,VA,CHESTERFIELD,0,1,0,0,37.448220253,-77.4896898109999
23235,VA,CHESTERFIELD,2,7,0,0,37.509090940222265,-77.57726375677777
23237,VA,CHESTERFIELD,0,1,0,0,37.3980834,-77.4614355
23238,VA,HENRICO,0,5,0,0,37.61899812980006,-77.61562273739995
23249,VA,RICHMOND,1,0,0,0,37.49807429,-77.46768488
23294,VA,HENRICO,1,2,0,0,37.35876958200007,-77.84530256733332
23298,VA,RICHMOND,1,0,0,0,37.54061191,-77.43045934
23301,VA,ACCOMACK,0,0,1,0,37.71751405699855,-75.6765176937164
23320,VA,CHESAPEAKE (CITY),1,9,1,0,36.741756564616864,-76.2421471935214
23322,VA,CHESAPEAKE (CITY),0,2,0,0,36.7009808146223,-76.2495246104284
23323,VA,CHESAPEAKE (CITY),0,4,0,0,36.77850583675,-76.341641279
23324,VA,CHESAPEAKE (CITY),0,1,0,0,36.8119370530001,-76.268418692
23325,VA,CHESAPEAKE (CITY),0,2,0,0,36.8193104725,-76.23917568099995
23413,VA,NORTHAMPTON,0,1,1,0,37.47802895300521,-75.85944376739236
23417,VA,NORTHAMPTON,1,1,0,0,37.59715911700005,-75.806710906
23421,VA,ACCOMACK,0,1,0,0,37.758983384,-75.622949245
23430,VA,ISLE OF WIGHT,0,2,1,0,36.98096780747639,-76.61813823519226
23434,VA,SUFFOLK (CITY),2,5,1,0,36.75984862660905,-76.59131227537476
23435,VA,SUFFOLK (CITY),1,3,0,0,36.87291831250005,-76.43654831025
23451,VA,VIRGINIA BEACH (CITY),0,3,0,0,36.891960509000064,-76.06170980699996
23452,VA,VIRGINIA BEACH (CITY),0,6,0,0,36.838967020333385,-76.09852887716663
23453,VA,VIRGINIA BEACH (CITY),0,1,0,0,36.790326732,-76.112667302
23454,VA,VIRGINIA BEACH (CITY),2,8,0,0,36.852252682500065,-76.02168852849998
23455,VA,VIRGINIA BEACH (CITY),1,5,0,0,36.87648110883335,-76.14946842766665
23456,VA,VIRGINIA BEACH,1,3,0,0,36.76283741015368,-76.07958767765747
23461,VA,VIRGINIA BEACH,1,0,0,0,36.7746353,-75.9605789
23462,VA,VIRGINIA BEACH (CITY),0,5,1,0,36.838929848120635,-76.15145963797144
23464,VA,VIRGINIA BEACH (CITY),0,4,0,0,36.80538056975005,-76.19340336274996
23487,VA,ISLE OF WIGHT,0,1,0,0,36.8198812810001,-76.748408739
23502,VA,NORFOLK (CITY),3,4,0,0,36.85669924071431,-76.20101167514285
23504,VA,NORFOLK (CITY),0,2,0,0,36.86893763450005,-76.27926730349995
23505,VA,NORFOLK (CITY),1,3,0,0,36.901974853,-76.27976991625
23507,VA,NORFOLK,3,2,0,0,36.86291823320005,-76.30277608599997
23508,VA,NORFOLK (CITY),0,1,0,0,36.8794824770001,-76.295570095
23509,VA,NORFOLK (CITY),0,1,0,0,36.890075021,-76.255251691
23510,VA,NORFOLK (CITY),0,2,1,0,36.85706712482635,-76.30528978462172
23601,VA,NEWPORT NEWS (CITY),2,7,1,0,37.062824614492335,-76.46853382776605
23602,VA,NEWPORT NEWS (CITY),1,5,0,0,37.13307839466672,-76.50965430733326
23603,VA,NEWPORT NEWS,1,0,0,0,37.2046345,-76.5832501
23604,VA,NEWPORT NEWS,1,0,0,0,37.16195431,-76.57322626
23606,VA,NEWPORT NEWS (CITY),0,1,0,0,37.076275283,-76.4982383139999
23607,VA,NEWPORT NEWS,1,3,0,0,36.98470869450003,-76.40741164974995
23608,VA,NEWPORT NEWS (CITY),0,1,0,0,37.143443189,-76.516850758
23661,VA,HAMPTON (CITY),0,1,1,0,37.012601393197656,-76.36512444457355
23662,VA,POQUOSON (CITY),0,2,0,0,37.129912444000055,-76.39769995399996
23665,VA,HAMPTON,1,0,0,0,37.07354268,-76.35761381
23666,VA,HAMPTON (CITY),1,7,0,0,37.04516174875006,-76.40862899674994
23667,VA,HAMPTON,1,0,0,0,37.01535819,-76.33225686
23669,VA,HAMPTON (CITY),0,1,0,0,37.023885465,-76.3474714829999
23690,VA,YORK,1,0,0,0,37.21858532,-76.47824298
23692,VA,YORK,0,3,0,0,37.1842906283334,-76.47908086733327
23693,VA,YORK,1,1,0,0,37.1211349,-76.45151225000001
23701,VA,PORTSMOUTH (CITY),0,2,0,0,36.8095160445,-76.3564475299999
23702,VA,PORTSMOUTH (CITY),0,1,0,0,36.810285703,-76.328657595
23703,VA,PORTSMOUTH (CITY),0,2,0,0,36.86439482900005,-76.383810868
23704,VA,PORTSMOUTH (CITY),0,3,1,0,36.83108704698904,-76.31401253218257
23707,VA,PORTSMOUTH (CITY),1,2,0,0,36.8316438193334,-76.3524641
23708,VA,PORTSMOUTH,1,0,0,0,36.84541393,-76.30576791
23803,VA,PETERSBURG (CITY),1,9,1,0,37.21746503464753,-77.42591596239312
23805,VA,PETERSBURG,3,6,0,0,37.193737971222234,-77.37792099688889
23824,VA,NOTTOWAY,0,2,0,0,37.07689976750005,-77.99925298
23831,VA,CHESTERFIELD,0,4,0,0,37.34903279575005,-77.4831281955
23832,VA,CHESTERFIELD,0,4,1,0,37.34301238492874,-77.52662686435511
23834,VA,COLONIAL HEIGHTS (CITY),0,3,1,0,37.272264032002916,-77.40574606665717
23837,VA,SOUTHAMPTON,0,1,1,0,36.711962823182816,-77.06088491022074
23839,VA,SURRY,0,0,1,0,37.125164827894054,-76.85068183053343
23840,VA,DINWIDDIE,0,2,0,0,37.04883968400005,-77.6371970975
23841,VA,DINWIDDIE,0,0,1,0,37.079633375431484,-77.58544268443708
23847,VA,EMPORIA (CITY),1,3,1,0,36.708131881604835,-77.53438774149757
23851,VA,FRANKLIN (CITY),1,2,1,0,36.69232885617409,-76.93833483942754
23860,VA,HOPEWELL (CITY),1,4,1,0,37.28845384818064,-77.30407315462453
23868,VA,BRUNSWICK,0,4,1,0,36.76083259021493,-77.81945798906013
23875,VA,PRINCE GEORGE,0,0,1,0,37.22165974917774,-77.2881584337746
23882,VA,SUSSEX,0,0,1,0,36.91409124017049,-77.28175657822332
23890,VA,SUSSEX,0,1,0,0,37.0394878560001,-77.079038698
23901,VA,PRINCE EDWARD,1,3,1,0,37.29970567669443,-78.40494351468033
23917,VA,MECKLENBURG,0,1,1,0,36.62729093498485,-78.3025512577328
23921,VA,BUCKINGHAM,0,0,1,0,37.55170472255978,-78.55122988709883
23922,VA,NOTTOWAY,1,1,0,0,37.14874685750005,-78.19249517749995
23923,VA,CHARLOTTE,0,0,1,0,37.0564389567141,-78.6407275503597
23927,VA,MECKLENBURG,0,1,0,0,36.6221954800001,-78.5778581229999
23930,VA,NOTTOWAY,0,0,1,0,37.129286719318884,-78.07905516789418
23936,VA,BUCKINGHAM,0,1,0,0,37.5434093640001,-78.465651663
23944,VA,LUNENBURG,0,2,0,0,36.9308927715,-78.15578888449994
23947,VA,CHARLOTTE,0,1,0,0,37.036122732,-78.474881044
23950,VA,MECKLENBURG,0,1,0,0,36.70251397,-78.101210173
23952,VA,LUNENBURG,0,0,1,0,36.96168388873731,-78.26698165187139
23966,VA,PRINCE EDWARD,0,2,0,0,37.2684135530001,-78.2850229885
23970,VA,MECKLENBURG,1,4,0,0,36.72960146740004,-78.16708846279997
23974,VA,LUNENBURG,0,1,0,0,37.003893846,-78.233303991
24012,VA,ROANOKE (CITY),0,5,0,0,37.31092683740006,-79.92704719199995
24013,VA,ROANOKE,1,0,0,0,37.26607749,-79.93920592
24014,VA,ROANOKE (CITY),2,7,0,0,37.225448969075636,-79.95559919568456
24015,VA,ROANOKE (CITY),0,3,0,0,37.26106288733337,-79.97438545033333
24016,VA,ROANOKE (CITY),0,3,1,0,37.271421628562265,-79.94652368195862
24017,VA,ROANOKE (CITY),0,7,0,0,37.287243153714336,-79.98919513328572
24018,VA,ROANOKE (CITY),0,7,0,0,37.24532031000005,-80.00688013914281
24019,VA,ROANOKE,0,2,0,0,37.328709531500095,-79.935850227
24055,VA,HENRY,0,2,0,0,36.74930478750005,-79.97772837400001
24060,VA,MONTGOMERY,1,5,0,0,37.19283966933339,-80.41588898466664
24070,VA,ROANOKE,1,0,0,0,37.39143134,-80.10989745
24073,VA,MONTGOMERY,1,2,1,0,37.124153951134595,-80.43658371743275
24083,VA,BOTETOURT,0,4,0,0,37.40858121975,-79.91348778025
24084,VA,PULASKI,0,2,0,0,37.10189107000005,-80.7013348144999
24090,VA,BOTETOURT,0,1,1,0,37.50914268415805,-79.87806356251146
24091,VA,FLOYD,0,1,1,0,36.917893212986584,-80.30441654849076
24101,VA,FRANKLIN,0,1,0,0,37.114842379,-79.7212677859999
24102,VA,FRANKLIN,0,1,0,0,36.825478816,-80.008656692
24112,VA,MARTINSVILLE (CITY),1,7,1,0,36.69852198552979,-79.86743963542722
24122,VA,BEDFORD,0,1,0,0,37.3980767560001,-79.75388685
24127,VA,CRAIG,0,0,1,0,37.50368630324348,-80.10872871042807
24134,VA,GILES,1,0,1,0,37.330144586504076,-80.72397994424175
24141,VA,RADFORD (CITY),0,2,1,0,37.13604609617671,-80.56923726333766
24147,VA,GILES,0,1,0,0,37.387575957,-80.8273553129999
24151,VA,FRANKLIN,1,4,1,0,36.97919560200945,-79.8907013748579
24153,VA,SALEM (CITY),2,8,1,0,37.279527102635456,-80.07494292590077
24171,VA,PATRICK,1,2,1,0,36.64138846586867,-80.26154969684546
24175,VA,BOTETOURT,0,1,0,0,37.446365783,-79.845059656
24179,VA,ROANOKE,0,1,1,0,37.27462803326942,-79.89167177235299
24201,VA,BRISTOL (CITY),2,6,1,0,36.60657960393071,-82.18286107744555
24202,VA,WASHINGTON,0,0,1,0,36.645675680625835,-82.09473654657003
24210,VA,WASHINGTON,0,5,0,0,36.72079640431412,-81.99088983059677
24211,VA,WASHINGTON,1,3,0,0,36.704748823500026,-81.90309163774998
24219,VA,WISE,1,1,0,0,36.87653135950005,-82.75372616199999
24224,VA,RUSSELL,0,3,0,0,36.861229274666734,-82.27981386933332
24228,VA,DICKENSON,1,1,1,0,37.158239034678665,-82.4536573585526
24230,VA,WISE,0,1,0,0,36.944674202,-82.471488542
24243,VA,LEE,0,1,0,0,36.7748998210001,-82.943037782
24244,VA,SCOTT,0,2,0,0,36.7149458385,-82.81431538249996
24251,VA,SCOTT,0,0,1,0,36.6399644599438,-82.57217095027296
24263,VA,LEE,0,0,1,0,36.68764158778207,-83.11086487333185
24266,VA,RUSSELL,1,4,1,0,36.89049367599411,-82.08806448310843
24273,VA,NORTON,2,2,0,0,36.947042756500025,-82.62374850349994
24277,VA,LEE,1,1,0,0,36.749661291500004,-83.05047260449999
24290,VA,SCOTT,0,1,0,0,36.61605358,-82.5648208659999
24293,VA,WISE,0,1,1,0,36.97517970079672,-82.57439348130245
24301,VA,PULASKI,1,1,1,0,37.06261434216315,-80.76679912731696
24314,VA,BLAND,0,1,0,0,37.178129303,-81.1460778209999
24315,VA,BLAND,0,0,1,0,37.10040904234244,-81.11636031758228
24317,VA,PATRICK,0,1,0,0,36.5847168660001,-80.614619439
24319,VA,SMYTH,0,2,0,0,36.802654692000004,-81.67528014199995
24333,VA,GALAX (CITY),1,2,1,0,36.665557896631526,-80.92088409347322
24343,VA,CARROLL,0,3,1,0,36.780155319129605,-80.92616181417633
24348,VA,GRAYSON,0,2,1,0,36.619560277881824,-81.15301051891625
24352,VA,CARROLL,0,1,0,0,36.720324179,-80.474734675
24354,VA,SMYTH,3,3,1,0,36.840576163781364,-81.52226477140867
24361,VA,WASHINGTON,0,2,0,0,36.750815477000046,-81.8676935265
24368,VA,WYTHE,0,1,0,0,36.899820291,-81.272488337
24382,VA,WYTHE,1,3,1,0,36.95891485978036,-81.09320902915577
24401,VA,STAUNTON (CITY),0,9,1,0,38.14300324263765,-79.06191729709717
24402,VA,STAUNTON (CITY),0,1,0,0,38.15773276,-79.0604862769999
24416,VA,BUENA VISTA (CITY),0,1,1,0,37.743715785241534,-79.35199311656001
24422,VA,ALLEGHANY,0,3,1,0,37.81989393984969,-79.80133861984062
24426,VA,COVINGTON CITY,0,0,1,0,37.784617070422904,-79.98596391870548
24445,VA,BATH,1,1,0,0,37.983776390000045,-79.8424034225
24450,VA,ROCKBRIDGE,1,5,1,0,37.78682752334151,-79.44842404754809
24457,VA,ALLEGHANY,1,2,0,0,37.791490877,-79.881775104
24465,VA,HIGHLAND,0,0,1,0,38.41207536283914,-79.57651034429962
24472,VA,ROCKBRIDGE,0,1,0,0,37.9042654880001,-79.2388115749999
24477,VA,AUGUSTA,0,2,0,0,38.015910145500044,-79.00951191749999
24484,VA,BATH,0,0,1,0,38.04630333069124,-79.78969116137122
24501,VA,LYNCHBURG (CITY),1,4,1,0,37.41267243622405,-79.17516534248884
24502,VA,LYNCHBURG (CITY),1,10,0,0,37.360546533272775,-79.20442995372727
24503,VA,LYNCHBURG (CITY),2,4,0,0,37.44186852216668,-79.18841916449999
24504,VA,LYNCHBURG (CITY),0,1,0,0,37.402626577,-79.141897679
24517,VA,CAMPBELL,0,2,0,0,37.12385571800005,-79.2879784174999
24521,VA,AMHERST,0,1,1,0,37.58066031078987,-79.04287339793363
24522,VA,APPOMATTOX,0,2,1,0,37.35252555708976,-78.83413939931485
24523,VA,BEDFORD,1,5,1,0,37.337918512210926,-79.52195227802859
24528,VA,CAMPBELL,0,1,0,0,37.042213281,-78.931964425
24531,VA,PITTSYLVANIA,0,1,1,0,36.80027071851629,-79.3933312332662
24540,VA,DANVILLE (CITY),0,3,0,0,36.60725954800011,-79.40104411433333
24541,VA,DANVILLE (CITY),2,5,1,0,36.578166223074895,-79.42978173517803
24551,VA,BEDFORD,0,1,0,0,37.375803004,-79.2466556109999
24557,VA,PITTSYLVANIA,0,1,0,0,36.9514503130001,-79.3731989509999
24558,VA,HALIFAX,0,2,1,0,36.76989926601073,-78.92578769674805
24588,VA,CAMPBELL,0,0,1,0,37.275511587931746,-79.09957000771485
24592,VA,HALIFAX,1,4,0,0,36.7125352312,-78.91457788860001
24605,VA,TAZEWELL,0,2,0,0,37.24087821650005,-81.24413729999995
24609,VA,TAZEWELL,0,1,0,0,37.0691740010001,-81.758600956
24614,VA,BUCHANAN,1,1,1,0,37.289380553760886,-82.06478238737456
24641,VA,TAZEWELL,1,1,0,0,37.0946713035,-81.82008795099995
24651,VA,TAZEWELL,1,2,1,0,37.12137727261007,-81.50332216231043
24701,WV,MERCER,1,4,1,0,37.2713284050601,-81.20152331296681
24739,WV,SUMMERS,0,1,0,0,37.44458,-80.86546
24740,WV,MERCER,2,4,0,0,37.35624348983337,-81.1090354293333
24801,WV,MCDOWELL,1,1,0,0,37.43923572200005,-81.5879649435
24836,WV,MCDOWELL,0,1,0,0,37.36272626,-81.535492153
24867,WV,WYOMING,0,1,0,0,37.5706367980001,-81.4727048249999
24874,WV,WYOMING,0,2,1,0,37.582822598057675,-81.53703176732019
24895,WV,MCDOWELL,0,0,1,0,37.37864258253308,-81.56244746506242
24901,WV,GREENBRIER,0,2,1,0,37.78112295197226,-80.45746550153457
24924,WV,POCAHONTAS,1,0,0,0,38.20082912,-80.1089784
24951,WV,MONROE,0,1,0,0,37.4793821490001,-80.6568566569999
24954,WV,POCAHONTAS,0,1,1,0,38.21824998779174,-80.09052389978416
24963,WV,MONROE,0,1,0,0,37.408826103,-80.756636607
24970,WV,GREENBRIER,1,1,0,0,37.768734835000004,-80.4717569435
24983,WV,MONROE,0,0,1,0,37.58806594363265,-80.54772776044668
24986,WV,GREENBRIER,0,1,0,0,37.805062408,-80.287222631
25033,WV,PUTNAM,0,1,0,0,38.617665077,-81.980379565
25043,WV,CLAY,0,0,1,0,38.45934754729966,-81.07934195385093
25053,WV,BOONE,0,1,1,0,38.08340249058439,-81.84190774644537
25064,WV,KANAWHA,0,2,0,0,38.36998732150005,-81.71676801799995
25067,WV,KANAWHA,0,1,0,0,38.2187730630001,-81.443307773
25085,WV,FAYETTE,0,1,0,0,38.221032461,-81.192881685
25086,WV,KANAWHA,0,2,0,0,38.21458298300005,-81.42032068249995
25113,WV,CLAY,0,1,0,0,38.6025701200001,-81.053633659
25130,WV,BOONE,1,0,0,0,38.0482,-81.80619
25136,WV,FAYETTE,1,2,0,0,38.18254938766673,-81.32487612
25177,WV,KANAWHA,0,2,0,0,38.3774812750001,-81.78611901949995
25271,WV,JACKSON,1,1,1,0,38.81679975803558,-81.71733934214895
25276,WV,ROANE,1,2,0,0,38.8108429263334,-81.36815157866666
25287,WV,MASON,0,1,0,0,38.9543735460001,-82.084326945
25301,WV,KANAWHA,4,1,2,0,38.34893812392121,-81.62866309600267
25302,WV,KANAWHA,1,3,0,0,38.36758415125003,-81.64165634025
25304,WV,KANAWHA,2,3,0,0,38.32130743480003,-81.58811967119998
25309,WV,KANAWHA,1,2,0,0,38.335302740666734,-81.73249548099996
25311,WV,KANAWHA,0,3,0,0,38.36365574200004,-81.59514052133329
25315,WV,KANAWHA,0,2,0,0,38.235243957500046,-81.570129693
25320,WV,KANAWHA,0,1,0,0,38.5127880470001,-81.6445107179999
25322,WV,KANAWHA,0,1,0,0,38.354234757,-81.63319154
25325,WV,KANAWHA,1,0,0,0,38.348059,-81.626454
25401,WV,BERKELEY,2,1,1,0,39.43887535071217,-77.94397426367556
25402,WV,BERKELEY,0,1,0,0,39.4789200000001,-77.97034
25403,WV,BERKELEY,0,1,0,0,39.4407459990001,-77.999178866
25404,WV,BERKELEY,0,2,0,0,39.49101959400005,-77.93987629449995
25405,WV,BERKELEY,1,0,0,0,39.41771145,-77.91111267
25411,WV,MORGAN,1,2,1,0,39.620037780507964,-78.21248954494143
25413,WV,BERKELEY,0,1,0,0,39.32858,-78.05404
25414,WV,JEFFERSON,0,2,0,0,39.28325071350005,-77.84708758099995
25430,WV,JEFFERSON,0,0,1,0,39.35001841830797,-77.87567976757732
25438,WV,JEFFERSON,1,0,0,0,39.29598914,-77.85875906
25443,WV,JEFFERSON,0,1,0,0,39.4359071430001,-77.8171947869999
25504,WV,CABELL,0,3,0,0,38.411982031,-82.29313517266662
25508,WV,LOGAN,0,1,0,0,37.973150667,-82.017667785
25510,WV,CABELL,0,1,0,0,38.4244903000001,-82.096173485
25523,WV,LINCOLN,0,1,1,0,38.28418225918232,-82.10437900532392
25526,WV,PUTNAM,1,6,1,0,38.4473878562837,-81.95519195061257
25529,WV,BOONE,0,1,0,0,38.118138043,-81.792024377
25545,WV,CABELL,0,1,0,0,38.42438,-82.20187
25550,WV,MASON,1,1,1,0,38.86134306344255,-82.12680699406651
25560,WV,PUTNAM,0,2,0,0,38.447887674500095,-81.90213497349995
25570,WV,WAYNE,0,1,1,0,38.24189788291301,-82.44555143014219
25571,WV,LINCOLN,0,1,0,0,38.282614107,-82.193812419
25601,WV,LOGAN,1,3,1,0,37.84892867234015,-81.97436565035852
25652,WV,LOGAN,0,2,0,0,37.793528210000105,-82.0505398055
25661,WV,MINGO,1,1,1,0,37.6711689806524,-82.26831437752891
25701,WV,CABELL,3,6,1,0,38.41053604962171,-82.4439287453114
25702,WV,CABELL,2,2,0,0,38.431180901000026,-82.40018450174998
25704,WV,CABELL,1,4,0,0,38.39003317420004,-82.48205105619998
25705,WV,CABELL,1,0,0,0,38.41888909,-82.33866826
25709,WV,CABELL,1,0,0,0,38.41276559,-82.41330097
25801,WV,RALEIGH,3,3,1,0,37.78889841813757,-81.18951444386448
25812,WV,FAYETTE,0,2,0,0,38.13631321250005,-81.094814454
25813,WV,RALEIGH,0,1,0,0,37.7468000000001,-81.12357
25832,WV,RALEIGH,0,1,0,0,37.7380038760001,-81.111654575
25840,WV,FAYETTE,0,1,1,0,38.056973381905365,-81.09960257196842
25848,WV,WYOMING,0,1,0,0,37.708914,-81.423389
25855,WV,FAYETTE,0,1,0,0,37.936144396,-81.1562493179999
25882,WV,WYOMING,0,1,0,0,37.5726752590001,-81.398743178
25901,WV,FAYETTE,1,5,0,0,37.98394571483335,-81.13584631183333
25951,WV,SUMMERS,1,2,1,0,37.652066619753164,-80.84895514091681
25962,WV,GREENBRIER,0,1,0,0,37.9649131800001,-80.7694550259999
25971,WV,MERCER,0,1,0,0,37.506089595,-81.0050396509999
25984,WV,GREENBRIER,0,1,0,0,37.963648687,-80.690714542
26003,WV,OHIO,4,5,1,0,40.06875030962293,-80.6930999781442
26033,WV,MARSHALL,0,1,0,0,39.8268748950001,-80.577777699
26034,WV,HANCOCK,0,2,0,0,40.61463834050005,-80.55036116549995
26037,WV,BROOKE,0,2,0,0,40.3225095935,-80.58819685099999
26038,WV,MARSHALL,1,0,0,0,39.94614193,-80.75243755
26041,WV,MARSHALL,0,3,1,0,39.92486879774032,-80.73736001089442
26047,WV,HANCOCK,0,0,1,0,40.49913616535629,-80.60779286273275
26062,WV,BROOKE,2,6,0,0,40.407002332375036,-80.54527198412498
26070,WV,BROOKE,0,2,1,0,40.256906527346764,-80.59897480984372
26101,WV,WOOD,1,7,1,0,39.267933007766665,-81.54650754394765
26102,WV,WOOD,0,1,0,0,39.25665215,-81.616287241
26104,WV,WOOD,0,3,0,0,39.2418112333334,-81.51036714233334
26105,WV,WOOD,1,1,0,0,39.304735480000005,-81.53739561
26134,WV,PLEASANTS,0,1,0,0,39.378985857,-81.261402005
26143,WV,WIRT,0,1,0,0,39.0580000320001,-81.39548266
26147,WV,CALHOUN,1,1,0,0,38.92283920850005,-81.09245356999995
26155,WV,WETZEL,1,1,0,0,39.6679374875,-80.8548220645
26159,WV,TYLER,0,0,1,0,39.600853698375886,-80.94031867507135
26164,WV,JACKSON,0,3,0,0,38.959699115333365,-81.76878489133331
26170,WV,PLEASANTS,0,1,0,0,39.41941,-81.1858799999999
26175,WV,TYLER,1,1,0,0,39.56304147150005,-80.99564307899999
26201,WV,UPSHUR,1,3,1,0,38.98810381255562,-80.22538996650704
26206,WV,WEBSTER,0,1,0,0,38.4208569,-80.557421469
26241,WV,RANDOLPH,1,6,1,0,38.91989211504571,-79.85774607715271
26250,WV,BARBOUR,0,3,0,0,39.023474013999994,-79.9393193646666
26253,WV,RANDOLPH,0,1,0,0,38.8412290140001,-79.8761322459999
26287,WV,TUCKER,0,0,1,0,39.09738527274656,-79.68337994203924
26288,WV,WEBSTER,1,0,1,0,38.4804513384945,-80.41113555466981
26292,WV,TUCKER,0,1,0,0,39.150039255,-79.504969358
26301,WV,HARRISON,3,4,1,0,39.271822112220754,-80.36027444818838
26330,WV,HARRISON,1,6,0,0,39.31144843957146,-80.23467757671426
26351,WV,GILMER,0,1,1,0,38.93987540863318,-80.82300742030006
26354,WV,TAYLOR,1,3,1,0,39.33534729334291,-80.01827552224464
26362,WV,RITCHIE,0,1,0,0,39.2113552760001,-81.048717037
26378,WV,LEWIS,0,1,0,0,39.107127044,-80.394914204
26385,WV,HARRISON,0,1,0,0,39.1849060530001,-80.440983778
26416,WV,BARBOUR,1,1,1,0,39.14472079987048,-80.05403057272135
26426,WV,HARRISON,0,2,0,0,39.28966148600005,-80.55806654449995
26431,WV,HARRISON,0,1,0,0,39.4123668307384,-80.2804052475663
26452,WV,LEWIS,2,0,1,0,39.04170485747608,-80.48485308101188
26456,WV,DODDRIDGE,0,0,1,0,39.2844607215128,-80.73211920759205
26501,WV,MONONGALIA,0,1,0,0,39.6722457990001,-79.978675355
26504,WV,MONONGALIA,1,0,0,0,39.65648602,-79.96198365
26505,WV,MONONGALIA,2,5,1,0,39.66050547018082,-79.94736162243939
26506,WV,MONONGALIA,2,0,0,0,39.654249203999996,-79.958257866
26508,WV,MONONGALIA,0,1,0,0,39.6868040370001,-79.9233918209999
26537,WV,PRESTON,1,2,1,0,39.4766626777947,-79.69486389128502
26554,WV,MARION,1,10,1,0,39.475729865730905,-80.16892520567514
26555,WV,MARION,0,1,0,0,39.4591981070001,-80.2287826479999
26571,WV,MARION,0,1,0,0,39.5115727620001,-80.25387571
26591,WV,MARION,0,2,0,0,39.439001934000004,-80.2746901955
26601,WV,BRAXTON,0,1,1,0,38.67669344000532,-80.68108266266229
26624,WV,BRAXTON,1,0,0,0,38.66115929,-80.74860807
26651,WV,NICHOLAS,1,2,1,0,38.29406623271683,-80.82850489892076
26704,WV,HAMPSHIRE,0,0,1,0,39.300050363740645,-78.62606092919036
26719,WV,MINERAL,0,2,0,0,39.51101410950005,-78.7778469895
26726,WV,MINERAL,1,1,1,0,39.42002773075036,-78.99693472588481
26757,WV,HAMPSHIRE,1,2,0,0,39.332606212333395,-78.69914468499996
26764,WV,PRESTON,0,1,0,0,39.437803376,-79.5192669469999
26801,WV,HARDY,0,1,0,0,39.049262567,-78.735502825
26807,WV,PENDLETON,0,1,1,0,38.64667525833801,-79.32786240529799
26836,WV,HARDY,0,0,1,0,39.06991981588062,-78.9605206409611
26847,WV,GRANT,1,2,1,0,39.00137390837399,-79.13466225562448
27006,NC,DAVIE,1,2,0,0,36.0009000646667,-80.43887975766663
27012,NC,FORSYTH,0,9,0,0,36.02997947155562,-80.38164363477775
27016,NC,STOKES,1,0,1,0,36.41539811817716,-80.22436297119592
27017,NC,SURRY,0,2,1,0,36.393194077051895,-80.72250315499633
27021,NC,STOKES,0,6,0,0,36.29803250150004,-80.35704085883332
27025,NC,ROCKINGHAM,0,1,0,0,36.3626031060001,-79.9051850719999
27027,NC,ROCKINGHAM,0,1,0,0,36.4139949070001,-79.942858389
27028,NC,DAVIE,1,4,1,0,35.89954126712522,-80.56894443937895
27030,NC,SURRY,1,6,0,0,36.498157482000074,-80.62122093714284
27040,NC,FORSYTH,0,1,0,0,36.134486613,-80.4132830409999
27048,NC,ROCKINGHAM,0,1,0,0,36.425764026,-79.907186151
27052,NC,STOKES,0,2,0,0,36.298303948500106,-80.1437604665
27053,NC,STOKES,0,1,0,0,36.3858631430001,-80.3295410979999
27055,NC,YADKIN,1,5,1,0,36.13524171880544,-80.66058551324136
27101,NC,FORSYTH,0,2,1,0,36.10515028554281,-80.21975026418981
27102,NC,FORSYTH,0,1,0,0,36.0168977750001,-80.3920006549999
27103,NC,FORSYTH,4,8,0,0,36.06605329475003,-80.30564536699998
27104,NC,FORSYTH,1,3,0,0,36.09189796100005,-80.30256197574997
27105,NC,FORSYTH,0,3,0,0,36.153266613333365,-80.23200111300001
27106,NC,FORSYTH,0,9,0,0,36.14353731134159,-80.29875315949748
27107,NC,FORSYTH,0,1,0,0,36.0565394930001,-80.192455939
27127,NC,FORSYTH,0,1,0,0,36.029082154,-80.2745152689999
27203,NC,RANDOLPH,1,4,0,0,35.72107460680004,-79.80914096159998
27205,NC,RANDOLPH,0,2,1,0,35.66708850895239,-79.8025356955876
27209,NC,MONTGOMERY,0,1,0,0,35.366158225,-79.791165603
27215,NC,ALAMANCE,1,12,0,0,36.07983680015388,-79.48872438815383
27217,NC,ALAMANCE,0,8,1,0,36.1128515824797,-79.41296239710117
27229,NC,MONTGOMERY,0,1,0,0,35.3064161830001,-79.734553654
27235,NC,GUILFORD,0,1,0,0,36.0649975150001,-80.015318298
27239,NC,DAVIDSON,0,1,0,0,35.6233070000001,-80.1194149999999
27244,NC,ALAMANCE,0,2,0,0,36.10730373200005,-79.5044480095
27253,NC,ALAMANCE,0,2,0,0,36.0788790415001,-79.41131360699995
27260,NC,GUILFORD,0,2,0,0,35.99243475100005,-79.9595334655
27261,NC,GUILFORD,1,0,0,0,35.9628238,-80.01339432
27262,NC,GUILFORD,0,3,0,0,35.95100348666673,-80.025769119
27263,NC,RANDOLPH,0,2,0,0,35.9115380215,-79.95480824999996
27265,NC,GUILFORD,0,6,0,0,36.016048647500085,-79.9968477318333
27278,NC,ORANGE,0,3,1,0,36.069028075541155,-79.1015062840684
27282,NC,GUILFORD,0,2,0,0,36.00443750000005,-79.9242415
27284,NC,FORSYTH,1,10,0,0,36.12695181509096,-80.06463165081814
27285,NC,FORSYTH,0,2,0,0,36.131774383500044,-80.0682266815
27288,NC,ROCKINGHAM,1,2,0,0,36.49812699233337,-79.75567821999994
27292,NC,DAVIDSON,1,3,1,0,35.81393577716517,-80.25938435955759
27295,NC,DAVIDSON,0,4,0,0,35.83890424300003,-80.27503589975001
27299,NC,DAVIDSON,0,1,0,0,35.727031149,-80.383805082
27301,NC,GUILFORD,0,1,0,0,36.087546929,-79.66532998
27302,NC,ALAMANCE,0,2,0,0,36.05741928900005,-79.30835885599996
27312,NC,CHATHAM,0,4,1,0,35.735485385941104,-79.15330386950971
27313,NC,GUILFORD,0,1,0,0,35.9592659150001,-79.756911105
27316,NC,RANDOLPH,0,1,0,0,35.7410255240001,-79.642330794
27317,NC,RANDOLPH,0,2,0,0,35.789113553500044,-79.822470186
27320,NC,ROCKINGHAM,1,7,1,0,36.34889121860712,-79.68247511445412
27330,NC,LEE,1,7,1,0,35.476150327556326,-79.1888084615199
27332,NC,LEE,0,1,0,0,35.422101399,-79.125367489
27344,NC,CHATHAM,1,2,0,0,35.727755994333364,-79.455101301
27356,NC,MONTGOMERY,0,2,0,0,35.4082767430001,-79.77328408649996
27357,NC,GUILFORD,0,1,0,0,36.2370760000001,-79.95919
27360,NC,DAVIDSON,1,5,0,0,35.88338868383335,-80.0895466913333
27370,NC,RANDOLPH,0,1,0,0,35.882396283,-79.944188706
27371,NC,MONTGOMERY,1,0,1,0,35.36101329400995,-79.89184835256123
27376,NC,MOORE,0,1,0,0,35.269876504,-79.585739326
27379,NC,CASWELL,0,4,1,0,36.39047992496234,-79.36728964267925
27401,NC,GUILFORD,2,3,0,0,36.09069919300004,-79.78765274679999
27403,NC,GUILFORD,2,0,0,0,36.08311078,-79.823937365
27405,NC,GUILFORD,0,4,1,0,36.114732565140784,-79.77562471077985
27406,NC,GUILFORD,1,6,0,0,36.02046124600004,-79.79696256414282
27407,NC,GUILFORD,0,5,0,0,36.055054163000065,-79.85340075419998
27408,NC,GUILFORD,1,1,0,0,36.10855232,-79.80687454299995
27409,NC,GUILFORD,0,2,0,0,36.064781772000046,-79.88885036799999
27410,NC,GUILFORD,0,7,0,0,36.11289094285723,-79.88115407528569
27415,NC,GUILFORD,1,0,0,0,36.1478777,-79.7287046
27455,NC,GUILFORD,0,5,0,0,36.13678053340006,-79.82092525939997
27501,NC,HARNETT,0,4,0,0,35.51465339475007,-78.72271919974997
27502,NC,WAKE,0,3,0,0,35.7266730583334,-78.8572345183333
27504,NC,JOHNSTON,0,3,0,0,35.367028110000064,-78.4936649436666
27509,NC,GRANVILLE,1,0,0,0,36.1372192,-78.7751698
27510,NC,ORANGE,0,1,0,0,35.904729624,-79.090703966
27511,NC,WAKE,0,6,0,0,35.76038326550003,-78.78205446049991
27513,NC,WAKE,0,5,0,0,35.77904106160007,-78.81663240479999
27514,NC,ORANGE,1,4,0,0,35.947088915400045,-79.0393964236
27516,NC,ORANGE,0,1,0,0,35.8942684890001,-79.0764906539999
27517,NC,CHATHAM,0,8,0,0,35.89141210500007,-79.01918863562497
27518,NC,WAKE,1,2,0,0,35.73914097500003,-78.77565503499996
27520,NC,JOHNSTON,0,4,0,0,35.6324629102501,-78.489230735
27523,NC,ALAMANCE,0,2,0,0,35.91384373000005,-79.117162267
27524,NC,JOHNSTON,0,1,0,0,35.444503839,-78.420844481
27526,NC,WAKE,0,5,0,0,35.58267762120003,-78.78883920719997
27529,NC,WAKE,1,5,0,0,35.687406532500034,-78.60625662666668
27530,NC,WAYNE,0,4,1,0,35.39947925512064,-77.98037649246585
27532,NC,WAYNE,0,1,0,0,35.399841919,-77.960428806
27533,NC,WAYNE,1,0,0,0,35.39848375,-77.9524687
27534,NC,WAYNE,0,6,0,0,35.40081690316313,-77.93410238939583
27536,NC,VANCE,1,3,1,0,36.32584607192677,-78.43813323839613
27545,NC,WAKE,0,2,0,0,35.7760482225001,-78.51387982949996
27546,NC,HARNETT,0,4,1,0,35.41669233875978,-78.80883956398372
27549,NC,FRANKLIN,1,4,1,0,36.12025803306081,-78.27231669540267
27551,NC,WARREN,0,1,0,0,36.4013473900001,-78.067513259
27565,NC,GRANVILLE,1,5,1,0,36.32645412292063,-78.61482050911457
27569,NC,JOHNSTON,0,1,0,0,35.4187127660001,-78.193312099
27573,NC,PERSON,1,2,1,0,36.40817537278349,-78.9897040102963
27574,NC,PERSON,0,2,0,0,36.35262990600005,-78.99018164699996
27576,NC,JOHNSTON,0,3,0,0,35.57117965766673,-78.25862508033329
27577,NC,JOHNSTON,1,9,1,0,35.520043855573,-78.35367333724193
27587,NC,WAKE,0,2,0,0,35.96074860500005,-78.51295766799996
27588,NC,WAKE,0,1,0,0,35.971415,-78.4950479999999
27589,NC,WARREN,0,2,1,0,36.412512841543794,-78.15147559863455
27591,NC,WAKE,0,1,0,0,35.78632264,-78.356590086
27596,NC,FRANKLIN,0,1,0,0,36.023466883,-78.511872695
27597,NC,WAKE,0,3,0,0,35.8194478006667,-78.33261072699999
27603,NC,WAKE,0,1,0,0,35.7480168860001,-78.675655638
27604,NC,WAKE,0,2,0,0,35.804410446999995,-78.57273126499996
27605,NC,WAKE,0,1,0,0,35.7966350340001,-78.651071539
27607,NC,WAKE,1,2,0,0,35.81078358800007,-78.68967775466666
27608,NC,WAKE,0,1,0,0,35.807718261,-78.632673299
27609,NC,WAKE,0,4,0,0,35.84740813375002,-78.62487950324999
27610,NC,WAKE,3,3,2,0,35.78397623550761,-78.58563911701702
27611,NC,WAKE,1,0,0,0,35.82853257,-78.61812596
27612,NC,WAKE,0,5,0,0,35.8375614656001,-78.69395117459997
27614,NC,WAKE,1,2,0,0,35.90723327000007,-78.5908880913333
27615,NC,WAKE,0,4,0,0,35.88830163800003,-78.64382963449995
27616,NC,WAKE,0,1,0,0,35.890622342,-78.555299699
27617,NC,DURHAM,1,0,0,0,35.9027533,-78.8157883
27701,NC,DURHAM,0,0,1,0,35.99240888212911,-78.89651249243099
27703,NC,DURHAM,1,1,0,0,35.95038215150005,-78.8352453235
27704,NC,DURHAM,3,3,0,0,36.04265206816672,-78.89750737516665
27705,NC,DURHAM,2,8,0,0,36.01070137330005,-78.94436876629997
27707,NC,DURHAM,0,2,0,0,35.9402233630001,-78.96226650999995
27710,NC,DURHAM,1,0,0,0,36.0070498,-78.93775811
27712,NC,DURHAM,0,3,0,0,36.0872595916667,-78.9013055223333
27713,NC,DURHAM,0,5,0,0,35.91730816040004,-78.91454470099998
27801,NC,EDGECOMBE,0,1,0,0,35.922036937,-77.779253392
27802,NC,NASH,0,2,0,0,35.94514893823715,-77.81233541323435
27803,NC,NASH,0,1,0,0,35.947058322,-77.8468792159999
27804,NC,NASH,2,6,0,0,35.97744703637504,-77.83785899524997
27814,NC,YANCEY,0,1,0,0,35.9162567180001,-82.31715602
27817,NC,BEAUFORT,0,1,0,0,35.50327358,-77.103570287
27818,NC,HERTFORD,0,1,0,0,36.4812531540001,-77.034167579
27822,NC,WILSON,0,1,0,0,35.810893767,-77.8607166209999
27823,NC,HALIFAX,0,1,0,0,36.181774719,-77.660830722
27828,NC,PITT,0,1,0,0,35.5780136000001,-77.5930294079999
27830,NC,WAYNE,0,3,0,0,35.540123130666736,-77.9737786039999
27832,NC,NORTHAMPTON,0,1,0,0,36.507011375,-77.650058534
27834,NC,PITT,1,9,1,0,35.609333951947804,-77.40666220513245
27839,NC,HALIFAX,0,0,1,0,36.329701470531454,-77.58991957879329
27845,NC,NORTHAMPTON,0,2,1,0,36.115868337929584,-78.00013759723863
27850,NC,HALIFAX,0,1,0,0,36.438011692,-77.914298479
27856,NC,NASH,0,4,1,0,35.97396325178644,-77.95276858844383
27858,NC,PITT,0,2,0,0,35.61112383100005,-77.3477244375
27860,NC,BEAUFORT,0,1,0,0,35.586302,-76.671219
27863,NC,WAYNE,0,1,0,0,35.5065030000001,-77.98231
27865,NC,BEAUFORT,0,1,0,0,35.5386880890001,-76.685489413
27866,NC,NORTHAMPTON,0,1,0,0,36.536622176,-77.5337160989999
27869,NC,NORTHAMPTON,0,3,0,0,36.27824293766677,-77.27967959366664
27870,NC,HALIFAX,1,2,0,0,36.430311413333335,-77.66419542300001
27874,NC,HALIFAX,0,3,0,0,36.1246632723334,-77.42501016799997
27885,NC,HYDE,0,1,1,0,35.412012157802025,-76.3130802991727
27886,NC,EDGECOMBE,1,4,1,0,35.909241397552485,-77.554967392977
27889,NC,BEAUFORT,1,4,1,0,35.55067288145927,-77.03767487925002
27890,NC,HALIFAX,0,1,0,0,36.4175842940001,-77.610734239
27892,NC,MARTIN,1,3,1,0,35.84841507191307,-77.06162971586704
27893,NC,WILSON,1,6,1,0,35.7186322035343,-77.936619438442
27895,NC,WILSON,0,2,0,0,35.71770255100005,-77.94043910100001
27896,NC,WILSON,0,1,0,0,35.7560298670001,-77.953417911
27897,NC,NORTHAMPTON,0,1,0,0,36.364819706,-77.2403978569999
27909,NC,PASQUOTANK,1,5,2,0,36.30493411585164,-76.2371277448627
27910,NC,HERTFORD,1,3,0,0,36.281816722500075,-76.99814885549998
27917,NC,CURRITUCK,0,1,0,0,36.3897833440001,-75.977364334
27921,NC,CAMDEN,0,0,1,0,36.334774176426336,-76.16538796180484
27925,NC,TYRRELL,0,1,1,0,35.91856797460862,-76.24345697869045
27929,NC,CURRITUCK,0,0,1,0,36.45384295381784,-76.02247337704665
27932,NC,CHOWAN,1,3,1,0,36.070979249966705,-76.61101791684011
27937,NC,GATES,0,0,1,0,36.45252918799309,-76.6998639298882
27938,NC,GATES,0,2,0,0,36.418032245000006,-76.72465746099995
27944,NC,PERQUIMANS,0,3,1,0,36.20213780136247,-76.46952293909717
27948,NC,DARE,0,1,0,0,36.008395648,-75.671061701
27954,NC,DARE,0,0,1,0,35.90331240164866,-75.67444746146516
27958,NC,CURRITUCK,0,1,0,0,36.534867886,-76.180892065
27959,NC,DARE,1,1,0,0,35.959147568,-75.63333807000001
27962,NC,WASHINGTON,1,1,2,0,35.86896962562379,-76.71054261801106
27970,NC,WASHINGTON,0,1,0,0,35.874851,-76.6198909999999
27974,NC,CAMDEN,0,1,0,0,36.2651220000001,-76.03515
27983,NC,BERTIE,1,4,1,0,35.98985620023122,-76.93331418634496
27986,NC,HERTFORD,0,0,1,0,36.39756048559352,-76.9331936353919
28001,NC,STANLY,1,6,1,0,35.36049426058832,-80.18788069057467
28002,NC,STANLY,0,1,0,0,35.3907880630001,-80.221167984
28012,NC,GASTON,1,0,0,0,35.26315796,-81.03012871
28017,NC,CLEVELAND,1,0,0,0,35.24985309,-81.67641059
28018,NC,RUTHERFORD,0,2,0,0,35.4275620015001,-81.779491643
28021,NC,GASTON,0,4,0,0,35.38681509950005,-81.37999020325
28023,NC,ROWAN,0,1,0,0,35.5605741200001,-80.5873475669999
28025,NC,CABARRUS,2,8,0,0,35.4100958152548,-80.58416474931911
28027,NC,CABARRUS,0,4,0,0,35.406672967250074,-80.62997610424996
28031,NC,MECKLENBURG,0,1,0,0,35.4731320000001,-80.850365
28032,NC,GASTON,0,1,0,0,35.2222541080001,-81.082326498
28036,NC,MECKLENBURG,0,1,0,0,35.488147832,-80.8437479259999
28037,NC,LINCOLN,0,2,0,0,35.505983377000106,-81.0228448455
28043,NC,RUTHERFORD,0,6,0,0,35.322046810833385,-81.90122762183329
28052,NC,GASTON,0,3,1,0,35.252761943558234,-81.19666589984669
28054,NC,GASTON,1,12,0,0,35.254925753538494,-81.15300138307687
28056,NC,GASTON,0,1,0,0,35.2553821120001,-81.102785813
28070,NC,MECKLENBURG,0,1,0,0,35.409711401,-80.838771493
28075,NC,CABARRUS,0,2,0,0,35.3297588720001,-80.648313833
28078,NC,MECKLENBURG,1,6,0,0,35.41192551371434,-80.86014912685711
28079,NC,UNION,0,1,0,0,35.0776259560001,-80.636781134
28081,NC,ROWAN,0,4,0,0,35.498420796250045,-80.66115742675
28083,NC,CABARRUS,0,1,1,0,35.47030118911675,-80.60483728668578
28086,NC,CLEVELAND,1,4,0,0,35.226358654400045,-81.34400851259997
28090,NC,CLEVELAND,0,3,0,0,35.43061243600004,-81.47205130566662
28092,NC,LINCOLN,0,5,1,0,35.4853022964412,-81.23310442508567
28093,NC,LINCOLN,1,1,0,0,35.47315407000005,-81.22248629
28103,NC,UNION,0,1,0,0,34.988804595,-80.371716324
28105,NC,MECKLENBURG,1,8,0,0,35.115957973555595,-80.71948962711109
28110,NC,UNION,0,7,1,0,35.032358179383706,-80.55864121100319
28112,NC,UNION,1,6,0,0,34.97272809185715,-80.52008437242853
28115,NC,IREDELL,0,5,0,0,35.56654460540008,-80.78554053859993
28117,NC,IREDELL,1,3,0,0,35.57107216050007,-80.85226693299998
28120,NC,GASTON,0,1,0,0,35.3130077000001,-81.0308858069999
28124,NC,CABARRUS,0,1,0,0,35.4054827410001,-80.440476715
28134,NC,MECKLENBURG,0,3,0,0,35.070130568333404,-80.89062178199997
28138,NC,ROWAN,0,1,0,0,35.551954069,-80.4161213359999
28139,NC,RUTHERFORD,1,7,0,0,35.35808944937506,-81.94559215574996
28144,NC,ROWAN,2,4,0,0,35.66821085883338,-80.47717150849998
28145,NC,ROWAN,0,2,0,0,35.67796583,-80.4822042875
28146,NC,ROWAN,0,1,1,0,35.635428709481275,-80.47091834840333
28147,NC,ROWAN,0,5,0,0,35.66376236360002,-80.51687746859997
28150,NC,CLEVELAND,1,6,1,0,35.303071606190265,-81.52782762445786
28152,NC,CLEVELAND,0,1,0,0,35.269164344,-81.570537802
28159,NC,ROWAN,0,3,0,0,35.68822712400007,-80.43669908166663
28160,NC,RUTHERFORD,0,0,2,0,35.348737529482904,-81.90992027310119
28164,NC,GASTON,0,1,0,0,35.352943,-81.0840049999999
28167,NC,MCDOWELL,0,1,0,0,35.5749136260001,-81.843306731
28168,NC,LINCOLN,0,1,0,0,35.5453731100001,-81.4803277359999
28170,NC,ANSON,1,3,1,0,34.96451666150228,-80.0835499866497
28173,NC,UNION,0,1,0,0,34.926027994,-80.731243961
28203,NC,MECKLENBURG,2,0,0,0,35.202650575,-80.83863761
28204,NC,MECKLENBURG,1,1,0,0,35.20819042750005,-80.81778033299994
28205,NC,MECKLENBURG,0,4,0,0,35.22404789025005,-80.76853393149997
28207,NC,MECKLENBURG,2,1,0,0,35.208895118333366,-80.82317529266663
28209,NC,MECKLENBURG,0,3,0,0,35.168353606333405,-80.8465995743333
28210,NC,MECKLENBURG,3,6,0,0,35.1209561936667,-80.85691815744443
28211,NC,MECKLENBURG,1,4,1,0,35.1829734143192,-80.79912384689645
28212,NC,MECKLENBURG,0,3,0,0,35.206886307000026,-80.747335483
28213,NC,MECKLENBURG,0,1,0,0,35.280650377,-80.774370588
28214,NC,MECKLENBURG,0,1,0,0,35.2609126460001,-80.922961733
28215,NC,MECKLENBURG,1,5,0,0,35.23312135116878,-80.74390479036735
28216,NC,MECKLENBURG,0,2,0,0,35.3040346945001,-80.8559622585
28217,NC,MECKLENBURG,1,0,0,0,35.30675743,-80.74772609
28226,NC,MECKLENBURG,0,8,0,0,35.119062053875055,-80.80747916374996
28227,NC,MECKLENBURG,0,3,0,0,35.193299648333365,-80.665908102
28256,NC,MECKLENBURG,0,1,0,0,35.3162150000001,-80.750241
28262,NC,MECKLENBURG,1,1,0,0,35.29850053600005,-80.771072785
28269,NC,MECKLENBURG,0,3,0,0,35.371865228666735,-80.77491176066663
28270,NC,MECKLENBURG,0,1,0,0,35.1589944670001,-80.79202758
28273,NC,MECKLENBURG,0,1,0,0,35.135895507,-80.941303792
28277,NC,MECKLENBURG,1,4,0,0,35.04314607080006,-80.81940299659998
28278,NC,MECKLENBURG,0,1,0,0,35.0984445760001,-80.998514673
28301,NC,CUMBERLAND,2,4,1,0,35.07582638351466,-78.88646577235532
28303,NC,CUMBERLAND,0,3,0,0,35.067806292000036,-78.92074591266663
28304,NC,CUMBERLAND,1,1,0,0,35.03642740350005,-78.92802139799994
28306,NC,CUMBERLAND,0,5,0,0,35.003842174000084,-78.93928022979998
28310,NC,CUMBERLAND,1,0,0,0,35.14562624,-79.00217023
28311,NC,CUMBERLAND,0,1,0,0,35.128196663,-78.871908913
28312,NC,CUMBERLAND,0,3,0,0,35.06686360966676,-78.80801938133327
28314,NC,CUMBERLAND,0,2,0,0,35.049262955000046,-79.00931051200001
28315,NC,MOORE,0,1,0,0,35.1209159430001,-79.413794479
28320,NC,BLADEN,0,1,0,0,34.5333758740001,-78.7835009789999
28326,NC,HARNETT,1,0,0,0,35.2543434,-79.0303824
28327,NC,MOORE,0,2,1,0,35.33443867618072,-79.41655979844076
28328,NC,SAMPSON,1,2,1,0,35.00142181169355,-78.32756908612757
28329,NC,SAMPSON,0,2,0,0,34.9818705945,-78.30864541150001
28334,NC,HARNETT,1,3,0,0,35.31347541675002,-78.61334955499999
28335,NC,HARNETT,0,2,0,0,35.328321000000045,-78.6162055
28337,NC,BLADEN,1,2,1,0,34.62138507413306,-78.60804088928778
28339,NC,HARNETT,1,0,0,0,35.32736325,-78.66980289
28340,NC,ROBESON,0,1,0,0,34.4891786790001,-79.1115129469999
28342,NC,CUMBERLAND,0,2,0,0,35.19511665,-78.64779435
28345,NC,RICHMOND,1,2,0,0,34.884707697,-79.71082174999997
28348,NC,CUMBERLAND,0,2,0,0,34.9726204145001,-78.9220727135
28349,NC,DUPLIN,1,2,1,0,34.964199531698306,-77.96417875654475
28352,NC,SCOTLAND,1,3,1,0,34.751297329525414,-79.47447978644941
28358,NC,ROBESON,1,4,0,0,34.64433638250424,-78.99581390708326
28359,NC,ROBESON,0,1,0,0,34.6552966190001,-79.002341363
28360,NC,ROBESON,0,2,1,0,34.670189482754985,-79.0274358278124
28365,NC,WAYNE,0,1,0,0,35.1982123820001,-78.076769693
28366,NC,SAMPSON,0,1,0,0,35.2450280800001,-78.3450219649999
28372,NC,ROBESON,0,5,0,0,34.72950146040006,-79.19675045219999
28374,NC,MOORE,2,6,0,0,35.19606110862506,-79.44725863287496
28376,NC,HOKE,2,3,1,0,35.004276664583976,-79.1782607421369
28377,NC,ROBESON,0,2,0,0,34.8035628385,-79.17118031599995
28379,NC,RICHMOND,1,1,1,0,34.933757475308276,-79.75866779896428
28380,NC,RICHMOND,0,1,0,0,34.931360382,-79.752081663
28382,NC,SAMPSON,0,1,0,0,34.944757903,-78.516889696
28384,NC,ROBESON,0,1,0,0,34.808209,-78.9628979999999
28387,NC,MOORE,0,4,0,0,35.18229569250005,-79.40150846875
28398,NC,DUPLIN,0,1,0,0,34.993762395,-78.076238744
28401,NC,NEW HANOVER,2,3,1,0,34.20151824242251,-77.92743746991404
28403,NC,NEW HANOVER,1,5,0,0,34.21558543383338,-77.87987981433332
28405,NC,NEW HANOVER,0,2,0,0,34.2690359470001,-77.855104086
28408,NC,NEW HANOVER,0,1,0,0,34.129329053,-77.896449784
28411,NC,NEW HANOVER,0,2,0,0,34.2937576575001,-77.77191934199999
28412,NC,NEW HANOVER,0,6,0,0,34.1687123096667,-77.91082702599996
28420,NC,BRUNSWICK,0,1,0,0,33.9540170000001,-78.598153
28422,NC,BRUNSWICK,1,1,1,0,34.04140153256537,-78.22144503527382
28425,NC,PENDER,1,2,1,0,34.54932793607415,-77.92223233982155
28429,NC,NEW HANOVER,0,1,0,0,34.336856723,-77.908664094
28433,NC,BLADEN,0,1,0,0,34.488395563,-78.660925004
28443,NC,PENDER,0,2,0,0,34.37806601300005,-77.68222420299995
28450,NC,COLUMBUS,0,2,0,0,34.32286434000005,-78.510664132
28451,NC,BRUNSWICK,1,1,0,0,34.264926439999996,-78.05574748949999
28458,NC,DUPLIN,0,1,0,0,34.8177877860001,-78.018524934
28459,NC,BRUNSWICK,0,1,0,0,33.9774691540001,-78.38783196
28461,NC,BRUNSWICK,1,3,0,0,33.943798822750054,-78.043266124
28462,NC,BRUNSWICK,1,0,0,0,34.00895807,-78.29090656
28463,NC,COLUMBUS,0,1,0,0,34.143308179,-78.8665406809999
28466,NC,DUPLIN,0,4,0,0,34.75383650575003,-77.96206343824997
28470,NC,BRUNSWICK,0,3,0,0,33.952399445666735,-78.41588248966663
28472,NC,COLUMBUS,1,2,1,0,34.34258318864329,-78.69955461271914
28479,NC,BRUNSWICK,0,1,0,0,34.1859470690001,-77.9875711299999
28501,NC,LENOIR,1,2,1,0,35.27528381263516,-77.57244788287699
28502,NC,LENOIR,0,1,0,0,35.2719930000001,-77.585504
28504,NC,LENOIR,0,4,0,0,35.27018673150005,-77.59316088799994
28513,NC,PITT,0,1,0,0,35.4646164330001,-77.4347557089999
28515,NC,PAMLICO,0,0,1,0,35.143841068497395,-76.7705636909544
28518,NC,DUPLIN,0,1,0,0,34.9307493410001,-77.7664916209999
28529,NC,PAMLICO,0,2,0,0,35.13686369200005,-76.8272154295
28530,NC,PITT,0,1,0,0,35.373814307,-77.424317061
28532,NC,CRAVEN,0,1,0,0,34.879455996,-76.8850550349999
28540,NC,ONSLOW,0,2,1,0,34.74126493859428,-77.43968481553695
28546,NC,ONSLOW,2,4,0,0,34.76517498766672,-77.38871625016664
28547,NC,ONSLOW,1,0,0,0,34.72306625,-77.35805206
28551,NC,WAYNE,0,1,0,0,35.309733916,-77.829556619
28557,NC,CARTERET,1,4,1,0,34.72731254322644,-76.7603461549892
28560,NC,CRAVEN,1,6,0,0,35.10701301700003,-77.05928473028571
28562,NC,CRAVEN,0,9,1,0,35.10174225914692,-77.08930495092613
28564,NC,CRAVEN,0,1,0,0,35.065634,-77.0146589999999
28570,NC,CARTERET,0,2,0,0,34.7943152235,-76.86350052899999
28572,NC,LENOIR,0,1,0,0,35.0682354670001,-77.735422833
28573,NC,JONES,0,1,0,0,35.0001891000001,-77.224744675
28574,NC,ONSLOW,0,1,0,0,34.923218294,-77.550736303
28577,NC,CARTERET,0,2,0,0,34.885237195,-76.39438716149995
28580,NC,GREENE,0,2,1,0,35.4393799402053,-77.66802678820282
28584,NC,ONSLOW,0,1,0,0,34.7069681,-77.126359
28585,NC,JONES,0,0,1,0,35.068207670531145,-77.36298725073918
28590,NC,PITT,0,1,0,0,35.5314246,-77.3983511869999
28601,NC,CATAWBA,1,5,0,0,35.754593121000056,-81.31513342183331
28602,NC,CATAWBA,1,3,1,0,35.71266975153551,-81.29969768186889
28604,NC,AVERY,0,1,0,0,36.1352922020001,-81.849007953
28605,NC,WATAUGA,0,1,0,0,36.1471240000001,-81.658341
28607,NC,WATAUGA,1,3,2,0,36.20750988289545,-81.66835630922549
28610,NC,CATAWBA,0,1,0,0,35.7541027720001,-81.169410319
28612,NC,BURKE,0,2,0,0,35.72978117750005,-81.49525027749995
28613,NC,CATAWBA,0,4,0,0,35.70879808950005,-81.2398853905
28619,NC,BURKE,0,1,0,0,35.7603401040001,-81.600154855
28621,NC,SURRY,1,3,0,0,36.26445173325003,-80.83385124624999
28625,NC,IREDELL,2,8,1,0,35.80557269217901,-80.84382130607413
28630,NC,CALDWELL,0,3,0,0,35.797337479037466,-81.42393244341802
28634,NC,IREDELL,0,1,0,0,35.944583374,-80.773815747
28637,NC,BURKE,0,1,0,0,35.721037224,-81.405683599
28638,NC,CALDWELL,0,2,0,0,35.85594044400005,-81.53460563649995
28640,NC,ASHE,1,1,1,0,36.421551951428775,-81.46402555718805
28641,NC,BURKE,0,1,0,0,35.9763310000001,-81.8937349999999
28645,NC,CALDWELL,1,5,1,0,35.911124026208014,-81.54797606982545
28646,NC,AVERY,1,0,0,0,36.0615109,-81.887887
28655,NC,BURKE,1,7,1,0,35.73421586530507,-81.69029779307719
28657,NC,AVERY,1,2,1,0,36.09173474995622,-81.92037741458967
28658,NC,CATAWBA,0,3,0,0,35.66096559133334,-81.21022526899996
28659,NC,WILKES,1,3,0,0,36.15747663425,-81.16370536225
28660,NC,IREDELL,0,1,0,0,35.9668629240001,-80.811351587
28675,NC,ALLEGHANY,1,2,1,0,36.49749145511933,-81.11796512845129
28677,NC,IREDELL,1,2,0,0,35.77174349400004,-80.90268878666664
28681,NC,ALEXANDER,1,4,1,0,35.91236113581744,-81.18709244389717
28690,NC,BURKE,1,0,0,0,35.74812386,-81.52341992
28694,NC,ASHE,0,2,0,0,36.38800895900005,-81.482692625
28697,NC,WILKES,0,3,1,0,36.14071103024244,-81.1637790747701
28704,NC,BUNCOMBE,0,3,0,0,35.45825550133343,-82.5325820293333
28705,NC,MITCHELL,0,0,1,0,35.96687766628714,-82.1154953461644
28711,NC,BUNCOMBE,0,4,0,0,35.6166099192501,-82.34368649599998
28712,NC,TRANSYLVANIA,1,4,1,0,35.22289716260873,-82.71777936490768
28713,NC,SWAIN,1,2,1,0,35.426796963587435,-83.45206398048484
28714,NC,YANCEY,0,2,1,0,35.91481931777029,-82.31249444603294
28715,NC,BUNCOMBE,0,4,0,0,35.56602920825006,-82.70314025524996
28716,NC,HAYWOOD,0,4,0,0,35.51142421750002,-82.85502739675
28719,NC,SWAIN,2,0,0,0,35.483564064999996,-83.32100011
28721,NC,HAYWOOD,1,4,0,0,35.52515682600006,-82.9470393204
28722,NC,POLK,1,3,1,0,35.24350927146813,-82.19882608119606
28730,NC,BUNCOMBE,0,2,0,0,35.50761255450005,-82.4156710675
28731,NC,HENDERSON,0,1,0,0,35.3030908480001,-82.417290996
28732,NC,BUNCOMBE,0,3,0,0,35.4614721933334,-82.4593240003333
28734,NC,MACON,1,3,1,0,35.18576863507134,-83.38582244986334
28739,NC,HENDERSON,0,4,0,0,35.311174161750074,-82.47413085174999
28741,NC,MACON,1,2,0,0,35.08755988700006,-83.18729961666664
28751,NC,HAYWOOD,0,1,0,0,35.5168679130001,-83.099593752
28752,NC,MCDOWELL,1,4,1,0,35.683249396448296,-82.00228440763992
28753,NC,MADISON,0,1,1,0,35.80953401391542,-82.64721732134029
28754,NC,MADISON,0,2,0,0,35.83035825200005,-82.53798123300001
28759,NC,HENDERSON,0,2,0,0,35.4056095000001,-82.56861799999996
28761,NC,MCDOWELL,0,3,0,0,35.634118121333366,-81.87452376833333
28771,NC,GRAHAM,0,1,1,0,35.31682802935934,-83.811691829464
28773,NC,POLK,0,1,0,0,35.2440007490001,-82.347723908
28777,NC,MITCHELL,1,2,0,0,35.897341976000035,-82.06683028033335
28778,NC,BUNCOMBE,0,1,0,0,35.5940188010001,-82.432785284
28779,NC,JACKSON,1,4,1,0,35.373892952093634,-83.2110905592376
28782,NC,POLK,0,1,0,0,35.208936185,-82.236865625
28785,NC,HAYWOOD,0,1,0,0,35.5417701530001,-82.957004958
28786,NC,HAYWOOD,0,8,1,0,35.48787237536065,-82.9903983461225
28787,NC,BUNCOMBE,0,1,0,0,35.706836991,-82.56646846
28791,NC,HENDERSON,1,5,0,0,35.337213244666664,-82.48735612450001
28792,NC,HENDERSON,1,9,1,0,35.34993892012784,-82.45381118423921
28801,NC,BUNCOMBE,2,4,1,0,35.58337717270786,-82.55202736210302
28803,NC,BUNCOMBE,1,7,0,0,35.514545124750065,-82.52536715812498
28804,NC,BUNCOMBE,0,3,0,0,35.6439633656667,-82.56009544066667
28805,NC,BUNCOMBE,1,3,0,0,35.59408017450002,-82.49214809574995
28806,NC,BUNCOMBE,0,8,0,0,35.608017355000065,-82.58661416424997
28813,NC,BUNCOMBE,1,0,0,0,35.56227109,-82.53131981
28901,NC,CHEROKEE,0,3,0,0,35.1817213433334,-83.82743671966664
28904,NC,CLAY,0,2,1,0,35.040163488121884,-83.82198738193613
28906,NC,CHEROKEE,1,1,1,0,35.078781988397644,-83.98880100599824
29003,SC,BAMBERG,0,2,1,0,33.29816705135053,-81.03770469366073
29006,SC,LEXINGTON,0,2,0,0,33.90553696850005,-81.532209257
29010,SC,LEE,1,5,1,0,34.21855524354445,-80.26550257222448
29016,SC,RICHLAND,0,8,0,0,34.18300960687506,-80.93670805599996
29018,SC,ORANGEBURG,0,1,0,0,33.3781846000001,-80.6130261
29020,SC,KERSHAW,1,7,1,0,34.25161161947262,-80.60462312940211
29033,SC,LEXINGTON,1,1,0,0,33.954543676499995,-81.06163500399995
29036,SC,RICHLAND,0,3,0,0,34.14848877533343,-81.29513872833333
29042,SC,BAMBERG,0,3,0,0,33.315772685333435,-81.13997798766663
29044,SC,RICHLAND,0,1,0,0,33.9404407,-80.7857212
29045,SC,KERSHAW,1,3,0,0,34.140190414500026,-80.79664231999996
29048,SC,ORANGEBURG,0,1,0,0,33.4014515,-80.3197973
29052,SC,RICHLAND,0,1,0,0,33.8196980000001,-80.6986133999999
29053,SC,LEXINGTON,0,2,0,0,33.84167214450005,-81.14934159250001
29055,SC,CHESTER,0,1,1,0,34.59094944573461,-80.92085383016226
29058,SC,LANCASTER,0,1,0,0,34.5937945220001,-80.670213799
29059,SC,ORANGEBURG,0,1,0,0,33.3175559000001,-80.4138953
29061,SC,RICHLAND,0,5,0,0,33.958443558800035,-80.82982490319996
29063,SC,LEXINGTON,0,2,0,0,34.0838318715,-81.1749620965
29072,SC,LEXINGTON,0,9,0,0,33.99276386744448,-81.24239831477774
29073,SC,LEXINGTON,0,2,0,0,34.022755256000096,-81.12926185199996
29078,SC,KERSHAW,0,2,0,0,34.20445435000005,-80.72759024999995
29081,SC,BAMBERG,0,1,0,0,33.0995268,-81.0151183
29102,SC,CLARENDON,1,5,1,0,33.68999866132563,-80.22214235559095
29105,SC,AIKEN,0,1,0,0,33.850738048,-81.5975991619999
29108,SC,NEWBERRY,1,3,1,0,34.289391901196794,-81.60609615622812
29112,SC,ORANGEBURG,0,1,0,0,33.6094371,-81.0087531
29115,SC,ORANGEBURG,0,12,1,0,33.47405993361142,-80.85832885392298
29118,SC,ORANGEBURG,2,4,0,0,33.52320868600005,-80.85153898
29127,SC,NEWBERRY,0,1,0,0,34.213571933,-81.519762875
29130,SC,FAIRFIELD,0,4,0,0,34.30508431700005,-80.90339106675
29135,SC,CALHOUN,0,1,1,0,33.666455817869206,-80.77485935480834
29138,SC,SALUDA,0,4,1,0,34.050491852979164,-81.74736353823474
29142,SC,ORANGEBURG,0,2,0,0,33.46532775600005,-80.49421300399995
29148,SC,CLARENDON,0,1,0,0,33.6174510000001,-80.365854
29150,SC,SUMTER,2,20,1,0,33.92325892535133,-80.35990969423699
29152,SC,SUMTER,1,0,0,0,33.9708044,-80.4889839
29153,SC,SUMTER,0,2,0,0,33.94292425281285,-80.32233281867684
29154,SC,SUMTER,0,2,0,0,33.88666346250005,-80.39526644450001
29160,SC,CALHOUN,0,2,0,0,33.70541888250005,-81.038345389
29161,SC,FLORENCE,0,1,0,0,34.1355321,-79.9426602999999
29162,SC,CLARENDON,1,0,0,0,33.88780194,-80.08122476
29169,SC,LEXINGTON,2,12,1,0,33.99795635841625,-81.0984239967484
29170,SC,LEXINGTON,1,1,0,0,33.96166706060295,-81.12902542976991
29180,SC,FAIRFIELD,1,0,1,0,34.3723617791372,-81.10120255081247
29201,SC,RICHLAND,0,1,1,0,34.02149619879753,-81.03291765048422
29203,SC,RICHLAND,7,23,0,0,34.07802553846671,-81.00467058796666
29204,SC,RICHLAND,1,4,1,0,34.02226416251731,-81.00730324170209
29205,SC,RICHLAND,0,1,0,0,33.999284,-80.9991719
29206,SC,RICHLAND,0,2,0,0,34.0149496120001,-80.97260549949995
29209,SC,RICHLAND,1,1,0,0,33.962471715,-80.955052455
29210,SC,RICHLAND,4,3,0,0,34.06671181600003,-81.11063169114286
29212,SC,RICHLAND,1,2,0,0,34.08071108166673,-81.150950561
29220,SC,RICHLAND,2,0,0,0,34.007220845,-81.03334964000001
29223,SC,RICHLAND,0,11,0,0,34.09086319890916,-80.92850538072723
29229,SC,RICHLAND,0,5,0,0,34.13058675580006,-80.91126877119996
29301,SC,SPARTANBURG,0,2,0,0,34.93441367200005,-81.98860946899995
29302,SC,SPARTANBURG,1,2,0,0,34.91890984666673,-81.87574051333333
29303,SC,SPARTANBURG,3,6,1,0,34.97602363902048,-81.94552774740671
29306,SC,SPARTANBURG,0,3,0,0,34.9305062143334,-81.94349863166667
29307,SC,SPARTANBURG,1,9,0,0,34.9796919196125,-81.88277434206381
29316,SC,SPARTANBURG,0,2,0,0,35.05165886450005,-81.98734641749995
29325,SC,LAURENS,1,6,1,0,34.472168437998405,-81.89027350489631
29340,SC,CHEROKEE,1,3,0,0,35.080389597250026,-81.64077490449998
29341,SC,CHEROKEE,0,2,1,0,35.08716501576193,-81.65356093033185
29342,SC,CHEROKEE,0,1,0,0,35.0944830593003,-81.6517097234933
29349,SC,SPARTANBURG,0,8,0,0,35.04844363212507,-82.07574820299996
29360,SC,LAURENS,0,7,0,0,34.49408032288074,-82.01128643769903
29365,SC,SPARTANBURG,0,2,0,0,34.95842760200005,-82.1368177105
29369,SC,SPARTANBURG,0,6,0,0,34.884940404166734,-82.0639905648333
29374,SC,SPARTANBURG,0,1,0,0,34.82568731,-81.8628366729999
29379,SC,UNION,1,4,1,0,34.72311766389834,-81.63529876615283
29385,SC,SPARTANBURG,0,3,0,0,34.947221532333366,-82.10496041899997
29388,SC,SPARTANBURG,0,2,0,0,34.748305637,-82.01990889399995
29401,SC,CHARLESTON,2,1,1,0,32.7827967705002,-79.95204247701096
29403,SC,CHARLESTON,0,3,0,0,32.790634488082404,-79.95146430720693
29404,SC,CHARLESTON,1,0,0,0,32.8970776,-80.0582946
29405,SC,CHARLESTON,2,22,0,0,32.85608088766672,-79.97894103466662
29406,SC,CHARLESTON,2,6,0,0,32.94908357900007,-80.04824883537499
29407,SC,CHARLESTON,0,3,0,0,32.81571909866673,-79.99371714366664
29409,SC,CHARLESTON,1,0,0,0,32.79572127,-79.95967343
29410,SC,BERKELEY,0,1,0,0,32.9449928700001,-80.035332231
29412,SC,CHARLESTON,0,9,0,0,32.7306325448889,-79.96382973299998
29414,SC,CHARLESTON,1,7,0,0,32.81292613612504,-80.04878777637498
29418,SC,CHARLESTON,0,2,0,0,32.86960128849999,-80.05678594
29425,SC,CHARLESTON,1,0,0,0,32.78588204,-79.94792136
29432,SC,ORANGEBURG,0,1,0,0,33.257470491,-80.8164111849999
29440,SC,GEORGETOWN,1,8,1,0,33.37039320774715,-79.29513377373425
29445,SC,BERKELEY,0,6,0,0,33.00505349166672,-80.04835812349994
29449,SC,CHARLESTON,0,1,0,0,32.7410042560001,-80.20732592
29455,SC,CHARLESTON,0,2,0,0,32.6884473585001,-80.1059220555
29456,SC,CHARLESTON,1,0,0,0,32.9690611,-80.0873104
29458,SC,CHARLESTON,0,1,0,0,33.0719109390001,-79.520770437
29461,SC,BERKELEY,0,2,1,0,33.17597390598479,-80.03276435118782
29464,SC,CHARLESTON,2,14,0,0,32.82131309531257,-79.84808670499997
29466,SC,CHARLESTON,1,3,1,0,32.875474777017686,-79.7858796850758
29468,SC,BERKELEY,0,1,0,0,33.4208795000001,-80.0427735
29472,SC,DORCHESTER,1,0,0,0,33.08533946,-80.29073136
29477,SC,DORCHESTER,0,1,0,0,33.1801257650001,-80.586192663
29479,SC,BERKELEY,0,1,0,0,33.397261196,-79.932667806
29483,SC,DORCHESTER,0,4,1,0,33.031958391291475,-80.16869838181188
29485,SC,DORCHESTER,1,6,0,0,32.962299082571484,-80.15933143142854
29486,SC,BERKELEY,1,2,0,0,33.091436459342695,-80.10187805175501
29488,SC,COLLETON,1,6,1,0,32.90832028450497,-80.65217704650937
29492,SC,BERKELEY,0,3,0,0,32.866232462000035,-79.90971287100001
29501,SC,FLORENCE,0,15,0,0,34.198919472866706,-79.80991506939996
29505,SC,FLORENCE,3,4,0,0,34.14950051242859,-79.74069823342855
29506,SC,FLORENCE,3,3,1,0,34.190042805833336,-79.75973465171339
29510,SC,WILLIAMSBURG,0,1,0,0,33.467280665,-79.571690826
29512,SC,MARLBORO,1,2,1,0,34.61380077159259,-79.6943132392452
29518,SC,WILLIAMSBURG,1,0,0,0,33.805974743,-79.784173999
29520,SC,CHESTERFIELD,1,4,0,0,34.69272950360006,-79.91930509059996
29526,SC,HORRY,2,3,1,0,33.81124103664458,-79.01117548437827
29527,SC,HORRY,0,5,0,0,33.83563435140004,-79.07125402839999
29532,SC,DARLINGTON,1,4,1,0,34.291714481064425,-79.8544092894695
29536,SC,DILLON,1,3,1,0,34.41433155709199,-79.35775330793
29543,SC,DILLON,0,1,0,0,34.2698636850001,-79.245036751
29550,SC,DARLINGTON,1,4,1,0,34.36921157141314,-80.07962258575459
29554,SC,GEORGETOWN,0,1,0,0,33.7031171470001,-79.3378076509999
29555,SC,FLORENCE,0,1,0,0,33.8078372730001,-79.472583798
29556,SC,WILLIAMSBURG,1,4,1,0,33.659454562600956,-79.8092788322168
29560,SC,FLORENCE,1,3,1,0,33.8673987476135,-79.76421011457104
29563,SC,DILLON,0,1,0,0,34.34403601,-79.173423048
29566,SC,HORRY,2,3,1,0,33.87419863338619,-78.65431560706163
29569,SC,HORRY,1,2,1,0,34.047587376611546,-78.89199192538496
29571,SC,MARION,0,2,0,0,34.13990237450005,-79.3604772345
29572,SC,HORRY,1,4,0,0,33.76260324280002,-78.81440307319997
29574,SC,MARION,1,1,1,0,34.19035261155195,-79.30524434613103
29576,SC,HORRY,2,7,0,0,33.577361885000045,-79.03898814977774
29577,SC,HORRY,0,0,1,0,33.70647503156863,-78.87612122955204
29579,SC,HORRY,0,4,0,0,33.76053519025005,-78.87682611224997
29583,SC,FLORENCE,0,1,0,0,33.8816169560001,-79.568035548
29585,SC,GEORGETOWN,0,3,0,0,33.4565919363334,-79.12903936566663
29588,SC,HORRY,0,2,0,0,33.678039357000046,-78.97863289099995
29591,SC,FLORENCE,0,1,0,0,33.914212718,-79.739255083
29601,SC,GREENVILLE,2,3,1,0,34.84365127146817,-82.40880784675517
29605,SC,GREENVILLE,2,2,0,0,34.820409129750026,-82.41090023749997
29607,SC,GREENVILLE,1,9,0,0,34.81610288880004,-82.30650584109998
29609,SC,GREENVILLE,0,5,0,0,34.87981875860008,-82.39410632100001
29611,SC,GREENVILLE,0,2,0,0,34.81464134850005,-82.4626674315
29614,SC,GREENVILLE,1,0,0,0,34.87301434,-82.36184636
29615,SC,GREENVILLE,2,11,0,0,34.853854983923156,-82.30307036923074
29617,SC,GREENVILLE,0,5,0,0,34.91253723399642,-82.45096424545594
29620,SC,ABBEVILLE,1,1,1,0,34.15944438822961,-82.38258388901424
29621,SC,ANDERSON,5,10,0,0,34.53183738026669,-82.62110473506665
29624,SC,ANDERSON,0,5,0,0,34.48366635580006,-82.64673722179998
29625,SC,ANDERSON,0,5,1,0,34.54355072717377,-82.68711862767502
29627,SC,ANDERSON,0,1,0,0,34.5127298250001,-82.51764313
29628,SC,ABBEVILLE,0,1,0,0,34.0990299050001,-82.5913706119999
29630,SC,PICKENS,0,1,0,0,34.706565584,-82.790997304
29631,SC,PICKENS,0,4,0,0,34.683897124000076,-82.79226019675001
29639,SC,ABBEVILLE,0,2,0,0,34.32963772000005,-82.39578597199996
29640,SC,PICKENS,1,2,0,0,34.8423364416667,-82.60669408733334
29641,SC,PICKENS,0,2,0,0,34.831254553,-82.59373224499996
29642,SC,PICKENS,0,7,0,0,34.799375349857186,-82.56776656571424
29644,SC,GREENVILLE,0,2,0,0,34.7021032165,-82.19568472750001
29646,SC,GREENWOOD,2,7,1,0,34.17539613639049,-82.15003111163898
29649,SC,GREENWOOD,0,3,0,0,34.21584958700007,-82.17549054233326
29650,SC,GREENVILLE,2,5,0,0,34.895200929571494,-82.25511539899996
29651,SC,GREENVILLE,1,8,0,0,34.94311145232473,-82.23350733919933
29653,SC,ABBEVILLE,0,1,0,0,34.2677707,-82.3214067
29654,SC,ANDERSON,0,1,0,0,34.450153162,-82.4105972529999
29655,SC,ANDERSON,0,1,0,0,34.3095992460001,-82.66779395
29657,SC,PICKENS,0,1,0,0,34.826974051,-82.7018212849999
29661,SC,GREENVILLE,0,1,0,0,35.0224705700001,-82.502131089
29662,SC,GREENVILLE,0,1,0,0,34.789363773,-82.306375698
29671,SC,PICKENS,1,1,1,0,34.87599005430426,-82.7028657631662
29672,SC,OCONEE,1,3,0,0,34.705610979,-82.97258825849998
29673,SC,ANDERSON,0,1,0,0,34.702050694,-82.474652409
29678,SC,OCONEE,0,4,0,0,34.66938586525008,-82.97599780549997
29680,SC,GREENVILLE,0,1,0,0,34.7389245428215,-82.2753843423067
29681,SC,GREENVILLE,1,5,0,0,34.7602769108334,-82.24115297183327
29682,SC,PICKENS,0,2,0,0,34.81990724900005,-82.82920893949995
29687,SC,GREENVILLE,0,1,0,0,34.919875291,-82.3112246859999
29690,SC,GREENVILLE,2,1,0,0,34.971732636333364,-82.45557549366667
29691,SC,OCONEE,0,1,1,0,34.743538615230165,-83.09067331276722
29692,SC,GREENWOOD,0,1,0,0,34.399603052,-82.248011714
29696,SC,OCONEE,0,1,0,0,34.737132504,-83.029512902
29706,SC,CHESTER,1,2,1,0,34.6987702330673,-81.20153071098072
29707,SC,LANCASTER,0,4,0,0,34.97050432641505,-80.85145398824115
29708,SC,YORK,1,4,0,0,35.047254698200064,-80.97809180139996
29709,SC,CHESTERFIELD,0,1,1,0,34.73464158810398,-80.08117551918895
29710,SC,YORK,0,1,0,0,35.1147387,-81.07067904
29714,SC,CHESTER,0,1,0,0,34.68905325,-80.911541197
29715,SC,YORK,1,1,0,0,35.044559403,-80.9476731375
29720,SC,LANCASTER,2,3,1,0,34.75308648008365,-80.76592287319757
29728,SC,CHESTERFIELD,0,2,0,0,34.77007193900005,-80.3840925055
29730,SC,YORK,0,6,0,0,34.94310703866671,-81.0067906786666
29732,SC,YORK,2,13,1,0,34.955469553379324,-81.0493981435457
29745,SC,YORK,0,2,1,0,34.99844116656326,-81.2357621700305
29801,SC,AIKEN,1,8,1,0,33.56862491293019,-81.73697236659986
29803,SC,AIKEN,0,7,0,0,33.48842867084183,-81.7218855011814
29810,SC,ALLENDALE,0,1,1,0,33.008820085384976,-81.31351633812072
29812,SC,BARNWELL,0,1,1,0,33.25730549443347,-81.3707594493075
29817,SC,BARNWELL,0,1,0,0,33.3821089890001,-81.261674532
29824,SC,EDGEFIELD,1,1,1,0,33.783846200225696,-81.91646239921954
29827,SC,ALLENDALE,1,2,0,0,32.966393216000064,-81.24357342766668
29829,SC,AIKEN,0,1,0,0,33.5654622000001,-81.8142167
29835,SC,MCCORMICK,0,2,1,0,33.90554386308232,-82.26528776839244
29841,SC,AIKEN,0,3,0,0,33.516402043666666,-81.9534377929999
29853,SC,BARNWELL,0,2,0,0,33.410999984,-81.42520158699995
29860,SC,AIKEN,0,3,0,0,33.94526081400007,-82.05162566733331
29902,SC,BEAUFORT,2,4,1,0,32.42079014796552,-80.68989529660847
29907,SC,BEAUFORT,0,1,0,0,32.4184547180001,-80.656963677
29909,SC,BEAUFORT,0,4,0,0,32.284439024500074,-80.94456374949998
29910,SC,BEAUFORT,1,4,0,0,32.27582593660004,-80.9007946138
29918,SC,HAMPTON,0,1,0,0,32.7500914120001,-81.226343908
29924,SC,HAMPTON,0,2,0,0,32.88149856950005,-81.07622164449995
29926,SC,BEAUFORT,1,7,0,0,32.22454494937502,-80.72219889612497
29927,SC,JASPER,1,0,0,0,32.3150338,-81.05396235
29928,SC,BEAUFORT,0,3,0,0,32.16572007100007,-80.7707830183333
29935,SC,BEAUFORT,0,4,1,0,32.387438449247824,-80.68688309329437
29936,SC,JASPER,0,2,1,0,32.42875305900808,-80.96714221703446
29944,SC,HAMPTON,1,1,1,0,32.856324729097054,-81.08457659318522
29945,SC,BEAUFORT,0,1,0,0,32.618799505,-80.73540502
30004,GA,FULTON,0,3,0,0,34.09886885133337,-84.30100770199995
30005,GA,FULTON,0,5,0,0,34.069528330800054,-84.25287212159999
30008,GA,COBB,0,3,1,0,33.907300603995395,-84.57198847160775
30009,GA,FULTON,0,3,0,0,34.07018690000007,-84.30119971366668
30012,GA,ROCKDALE,2,4,1,0,33.678137022769945,-84.001014574373
30014,GA,NEWTON,1,3,1,0,33.59068419102791,-83.84689585307197
30015,GA,NEWTON,0,1,0,0,33.59545108,-83.870452375
30017,GA,GWINNETT,0,2,0,0,33.89734847050005,-83.95625883949995
30019,GA,GWINNETT,0,2,0,0,34.022579274,-83.92669378299996
30022,GA,FULTON,0,8,0,0,34.02141593252199,-84.24974133992356
30024,GA,GWINNETT,0,10,0,0,34.05086430810006,-84.09472198589997
30025,GA,WALTON,0,1,0,0,33.666032821,-83.714343261
30030,GA,DEKALB,1,4,1,0,33.77979014249543,-84.28960376391659
30032,GA,DEKALB,0,1,0,0,33.7372675990001,-84.2496333829999
30033,GA,DEKALB,2,5,0,0,33.80209189886555,-84.29026421516683
30034,GA,DEKALB,1,2,0,0,33.69594341000007,-84.27301787333329
30040,GA,FORSYTH,0,2,1,0,34.21984081213836,-84.17449053978937
30041,GA,FORSYTH,2,8,0,0,34.183329704500025,-84.13038589839996
30043,GA,GWINNETT,0,2,0,0,34.003809461500055,-84.01123386449996
30044,GA,GWINNETT,0,3,0,0,33.92343555100003,-84.10031309733333
30045,GA,GWINNETT,0,2,2,0,33.94337425589593,-84.00453833112371
30046,GA,GWINNETT,2,3,0,0,33.94861593360002,-84.01214546879996
30047,GA,GWINNETT,0,2,0,0,33.88665742800005,-84.12063390199995
30054,GA,NEWTON,0,1,0,0,33.6492862430001,-83.8371080539999
30058,GA,DEKALB,1,1,0,0,33.703715352500055,-84.1311613365
30060,GA,COBB,1,2,0,0,33.970240878000034,-84.55653661499997
30062,GA,COBB,0,1,0,0,33.9873289490001,-84.428283289
30064,GA,COBB,0,8,0,0,33.947438380317415,-84.5980725407808
30066,GA,COBB,0,1,0,0,34.025821583,-84.482573141
30067,GA,COBB,1,4,0,0,33.93795437060004,-84.44799247739999
30068,GA,COBB,0,4,0,0,33.97437715100008,-84.43364311724997
30071,GA,GWINNETT,0,1,0,0,33.9454933740001,-84.223459179
30075,GA,FULTON,0,6,0,0,34.040071879666684,-84.37691617883331
30076,GA,FULTON,1,2,0,0,34.05713526400003,-84.33146082999994
30078,GA,GWINNETT,1,3,0,0,33.863814965750045,-84.02127070124997
30080,GA,COBB,1,3,0,0,33.84886955500003,-84.49948011424998
30082,GA,COBB,1,2,0,0,33.85675357366674,-84.51531273399996
30083,GA,DEKALB,0,1,0,0,33.8164788990001,-84.177450342
30084,GA,DEKALB,1,5,0,0,33.8412506211667,-84.23103474633332
30087,GA,DEKALB,0,3,0,0,33.81107313800007,-84.115846057
30092,GA,GWINNETT,1,2,0,0,33.96499913266667,-84.23709682066664
30096,GA,GWINNETT,1,0,0,0,33.99972206,-84.16342505
30097,GA,FULTON,1,3,0,0,34.05690710608708,-84.17687100627106
30101,GA,COBB,0,5,0,0,34.03387692440006,-84.69665915659996
30102,GA,CHEROKEE,0,1,0,0,34.0909861490001,-84.5773108829999
30106,GA,COBB,1,3,0,0,33.85650207500002,-84.60975827675
30110,GA,HARALSON,1,1,0,0,33.7162953145,-85.1427275435
30113,GA,HARALSON,0,3,1,0,33.80279932900806,-85.18555343584151
30114,GA,CHEROKEE,0,7,0,0,34.21754078800007,-84.50968253128572
30115,GA,CHEROKEE,1,2,1,0,34.21014398111838,-84.44802234265404
30116,GA,CARROLL,0,1,1,0,33.56830294338116,-85.04329869602742
30117,GA,CARROLL,1,6,0,0,33.5750418634286,-85.07095229
30120,GA,BARTOW,1,4,0,0,34.17639737860006,-84.79579275939997
30121,GA,BARTOW,0,2,1,0,34.20559838327407,-84.79066598174464
30125,GA,POLK,1,2,1,0,34.00727156854394,-85.23881780649558
30127,GA,COBB,0,2,0,0,33.8649151205001,-84.67743000249996
30132,GA,PAULDING,0,2,1,0,33.911878100855795,-84.82206227388626
30134,GA,DOUGLAS,1,1,1,0,33.74100206945048,-84.73884885306337
30135,GA,DOUGLAS,1,4,0,0,33.716665807674715,-84.74122493946518
30136,GA,GWINNETT,1,0,0,0,34.0068349,-84.15290664
30141,GA,PAULDING,1,1,0,0,33.899907057,-84.77906736349999
30143,GA,PICKENS,1,4,1,0,34.45561519277847,-84.42728578335753
30144,GA,COBB,0,1,0,0,34.0594058550001,-84.5589133559999
30152,GA,COBB,1,2,0,0,33.9928088793334,-84.63596832500001
30153,GA,POLK,0,2,0,0,34.00507203400005,-85.0417955735
30161,GA,FLOYD,0,5,1,0,34.22163157349167,-85.16087856097487
30162,GA,FLOYD,1,0,0,0,34.259646231,-85.179157364
30165,GA,FLOYD,1,8,1,0,34.28170241172357,-85.19424258017241
30175,GA,PICKENS,0,1,0,0,34.468856304,-84.6166679579999
30180,GA,CARROLL,1,2,0,0,33.742739125333365,-84.90687673533326
30188,GA,CHEROKEE,0,7,1,0,34.09446618078053,-84.49526971411532
30189,GA,CHEROKEE,0,3,0,0,34.118462709666694,-84.57346084299999
30204,GA,LAMAR,0,1,1,0,33.035445669232715,-84.14861031586106
30213,GA,FULTON,0,2,0,0,33.606934817500004,-84.61078195600001
30214,GA,FAYETTE,1,3,1,0,33.449527607808776,-84.4810187730068
30215,GA,FAYETTE,0,1,0,0,33.4499058010001,-84.4391567019999
30217,GA,HEARD,0,1,1,0,33.271913884670866,-85.0967851722867
30222,GA,MERIWETHER,0,1,1,0,33.035836645778204,-84.72297789955591
30223,GA,SPALDING,1,2,1,0,33.247836135853916,-84.28215757883518
30224,GA,SPALDING,0,1,0,0,33.2240339125125,-84.2803331181511
30228,GA,HENRY,0,1,0,0,33.4250194300001,-84.276861573
30233,GA,BUTTS,1,1,1,0,33.30154866796281,-83.967193292946
30236,GA,CLAYTON,0,4,1,0,33.55064430766418,-84.33655749807588
30240,GA,TROUP,1,5,2,0,33.032001991138756,-85.06455241956073
30253,GA,HENRY,1,1,1,0,33.45122261766446,-84.17911489693812
30260,GA,CLAYTON,0,2,0,0,33.59116782900005,-84.32127831649996
30263,GA,COWETA,0,10,1,0,33.39149380333092,-84.77944828465327
30265,GA,COWETA,3,1,0,0,33.371074821632774,-84.7531554182719
30269,GA,FAYETTE,0,3,0,0,33.392645714666735,-84.56328205933328
30274,GA,CLAYTON,3,1,0,0,33.57877072900003,-84.39266326500001
30277,GA,COWETA,0,1,0,0,33.403632626,-84.663102876
30281,GA,HENRY,2,7,0,0,33.513204281249806,-84.23032798709269
30286,GA,UPSON,1,3,1,0,32.88350189632056,-84.32771641740396
30291,GA,FULTON,0,2,0,0,33.55516059150005,-84.5235361774999
30295,GA,PIKE,0,0,1,0,33.10398761680761,-84.34206672075676
30297,GA,CLAYTON,0,1,0,0,33.617187631,-84.376293006
30303,GA,FULTON,2,0,2,0,33.75306744819936,-84.3843664880161
30305,GA,FULTON,0,3,0,0,33.82323479900007,-84.38219409299994
30306,GA,DEKALB,2,1,0,0,33.78444888700003,-84.35156820533334
30308,GA,FULTON,2,1,0,0,33.77288623700003,-84.37934361366666
30309,GA,FULTON,3,2,0,0,33.81028443888542,-84.3931128694024
30310,GA,FULTON,0,1,0,0,33.6994687430001,-84.425068295
30312,GA,FULTON,1,2,0,0,33.75452281733333,-84.3710786063333
30314,GA,FULTON,0,1,0,0,33.7557285730001,-84.44687779
30315,GA,FULTON,0,3,0,0,33.696340925000065,-84.40643921099996
30318,GA,FULTON,0,1,0,0,33.7795497010001,-84.473998401
30319,GA,FULTON,0,8,0,0,33.86576643300004,-84.34580397574996
30322,GA,DEKALB,3,0,0,0,33.79349195,-84.32081479
30324,GA,FULTON,0,1,0,0,33.840041684,-84.3587380879999
30326,GA,FULTON,0,1,0,0,33.854023499,-84.3649782379999
30327,GA,FULTON,2,2,0,0,33.841983871,-84.42810083624998
30328,GA,FULTON,0,2,0,0,33.94688191550005,-84.35701396199991
30329,GA,DEKALB,3,5,0,0,33.81952312912502,-84.32602232437499
30331,GA,FULTON,0,2,0,0,33.733293204000105,-84.50644505249996
30337,GA,FULTON,0,1,0,0,33.6561399780001,-84.446957928
30338,GA,DEKALB,2,3,0,0,33.932195935400046,-84.31178928039998
30339,GA,COBB,0,1,0,0,33.8611146,-84.4797773
30342,GA,FULTON,3,3,0,0,33.90290946750003,-84.36053089116666
30344,GA,FULTON,1,1,0,0,33.6797499535,-84.42585348149996
30346,GA,DEKALB,1,0,0,0,33.9242473,-84.33106507
30349,GA,CLAYTON,1,0,0,0,33.60699354,-84.45218911
30350,GA,FULTON,0,3,0,0,33.987745395133935,-84.34792245973654
30401,GA,EMANUEL,1,2,1,0,32.60168782734014,-82.34178256122395
30411,GA,WHEELER,0,0,1,0,32.14896591841459,-82.78385692759244
30417,GA,EVANS,1,1,1,0,32.16454714609704,-81.90016693525453
30427,GA,TATTNALL,0,1,0,0,31.945316,-81.925174
30428,GA,WHEELER,1,1,0,0,32.180595625,-82.67395113500001
30434,GA,JEFFERSON,1,1,1,0,33.01514346322017,-82.40412484009138
30436,GA,TOOMBS,0,1,1,0,32.20464675584546,-82.34130638570801
30439,GA,CANDLER,1,2,1,0,32.40378298991335,-82.06119360382515
30442,GA,JENKINS,1,1,1,0,32.79888843263168,-81.93980319410048
30445,GA,MONTGOMERY,0,0,1,0,32.17530924882531,-82.59701181489315
30451,GA,CANDLER,0,1,0,0,32.3867703350001,-81.96358822
30453,GA,TATTNALL,1,1,1,0,32.08150837690538,-82.11005495946465
30457,GA,TREUTLEN,0,1,1,0,32.381803722666504,-82.58478674560261
30458,GA,BULLOCH,2,5,1,0,32.44146907806861,-81.78251421628562
30467,GA,SCREVEN,1,1,1,0,32.74717147752614,-81.64981244734153
30471,GA,EMANUEL,0,1,0,0,32.584130939,-82.159710349
30474,GA,TOOMBS,1,1,0,0,32.20940534750005,-82.377839616
30475,GA,TOOMBS,0,1,0,0,32.215538354,-82.394368159
30477,GA,JEFFERSON,0,1,0,0,32.8729760000001,-82.396563
30501,GA,HALL,1,6,0,0,34.32275070442862,-83.81562787957138
30503,GA,HALL,0,1,0,0,34.3571312810001,-83.862457826
30504,GA,HALL,0,1,0,0,34.277660369,-83.8811685159999
30506,GA,HALL,0,2,0,0,34.37840126850005,-83.8704315265
30507,GA,HALL,0,1,2,0,34.298236566765446,-83.79671024361687
30511,GA,HABERSHAM,0,3,0,0,34.494391713,-83.53919301766666
30512,GA,UNION,1,1,1,0,34.882707126117985,-83.95672023980676
30513,GA,FANNIN,1,2,1,0,34.86977639269409,-84.33964676183052
30517,GA,HALL,1,0,0,0,34.120536,-83.8377
30518,GA,GWINNETT,0,3,0,0,34.12322319470937,-84.03775346831499
30519,GA,GWINNETT,0,2,0,0,34.0787011,-83.9499513
30521,GA,FRANKLIN,0,0,1,0,34.36303685107421,-83.21664079287414
30525,GA,RABUN,2,1,1,0,34.88308336267921,-83.39907553911112
30528,GA,WHITE,0,3,1,0,34.56876049634862,-83.75983529266281
30529,GA,JACKSON,1,2,0,0,34.2191557893334,-83.471039219
30533,GA,LUMPKIN,1,3,1,0,34.530420801272854,-83.97817301473324
30534,GA,DAWSON,0,3,1,0,34.39317153731836,-84.07397841660693
30535,GA,HABERSHAM,1,2,1,0,34.57682186482241,-83.54235673523644
30540,GA,GILMER,1,2,1,0,34.67293934268778,-84.49169515788991
30542,GA,HALL,0,1,0,0,34.189220129,-83.9092434729999
30546,GA,TOWNS,1,2,0,0,34.94714914733337,-83.75256043699996
30547,GA,BANKS,0,0,1,0,34.315883397713534,-83.47994940482705
30548,GA,HALL,0,3,0,0,34.10807518966673,-83.81465815766664
30549,GA,JACKSON,0,1,1,0,34.134650553094176,-83.56017208505085
30553,GA,FRANKLIN,1,0,0,0,34.43972191,-83.13239384
30566,GA,HALL,0,1,0,0,34.2471742330001,-83.8876261789999
30577,GA,STEPHENS,1,1,1,0,34.58720972029973,-83.33417936509771
30582,GA,TOWNS,0,0,1,0,34.967388194125625,-83.81746666921164
30601,GA,CLARKE,0,1,1,0,33.97938479491129,-83.36201175522544
30606,GA,CLARKE,3,6,0,0,33.9404764721111,-83.42115089944443
30607,GA,CLARKE,0,2,0,0,33.98094872450005,-83.399472624
30620,GA,BARROW,0,1,0,0,33.942330112,-83.736420165
30622,GA,OCONEE,0,2,0,0,33.9201982825001,-83.49376494749995
30629,GA,MADISON,0,1,0,0,34.0694708870001,-83.124997212
30630,GA,OGLETHORPE,0,1,0,0,33.8866209650001,-83.1516046799999
30631,GA,TALIAFERRO,0,0,1,0,33.55524221661518,-82.89642667537375
30633,GA,MADISON,0,0,1,0,34.144034849925134,-83.23648461433403
30635,GA,ELBERT,1,3,1,0,34.079751918208835,-82.83101881988719
30642,GA,GREENE,1,2,1,0,33.519639250367845,-83.2126730703461
30643,GA,HART,1,2,1,0,34.351032936903394,-82.93163003832511
30645,GA,OCONEE,0,1,0,0,33.8312940530001,-83.484933341
30648,GA,OGLETHORPE,0,0,1,0,33.86963606673762,-83.11998272944949
30650,GA,MORGAN,2,2,1,0,33.583031288473606,-83.47626838948408
30655,GA,WALTON,2,2,1,0,33.79596353015246,-83.72967520498779
30662,GA,FRANKLIN,1,2,0,0,34.282706192333336,-83.1195085743333
30669,GA,GREENE,0,1,0,0,33.6261950000001,-83.076511
30673,GA,WILKES,1,1,1,0,33.728458527506895,-82.74347691976992
30677,GA,OCONEE,0,1,1,0,33.889103399592415,-83.43605913484677
30680,GA,BARROW,1,3,1,0,33.98970918828265,-83.72241799816084
30683,GA,CLARKE,0,1,0,0,33.9662722460001,-83.280956147
30701,GA,GORDON,1,3,1,0,34.51927110904283,-84.935328762985
30703,GA,GORDON,0,1,0,0,34.5346640000001,-84.942307
30705,GA,MURRAY,1,1,1,0,34.779530342542756,-84.78440428987153
30720,GA,WHITFIELD,1,6,2,0,34.7788710199285,-84.98626512836184
30728,GA,WALKER,0,2,1,0,34.70904429926438,-85.27173890210976
30736,GA,CATOOSA,0,1,1,0,34.93728027214945,-85.19144392649932
30741,GA,WALKER,0,3,0,0,34.95057545048843,-85.29225934833194
30742,GA,CATOOSA,1,3,0,0,34.94799147400005,-85.23972601124997
30747,GA,CHATTOOGA,0,1,1,0,34.49195275856105,-85.3371440875083
30750,GA,DADE,0,1,0,0,34.9499280000001,-85.390451
30752,GA,DADE,0,1,1,0,34.85491454545722,-85.53683388925394
30757,GA,DADE,1,0,0,0,34.98075749,-85.40189129
30802,GA,COLUMBIA,0,1,1,0,33.61110815973454,-82.32645216846993
30809,GA,COLUMBIA,0,7,0,0,33.53969594086755,-82.13223223586317
30810,GA,GLASCOCK,0,1,1,0,33.23513060480536,-82.60314386341575
30812,GA,RICHMOND,1,1,0,0,33.40474609500005,-82.03581551650001
30816,GA,BURKE,0,1,0,0,33.2515470000001,-82.2357249999999
30817,GA,LINCOLN,0,0,1,0,33.79436979241162,-82.477200475416
30824,GA,MCDUFFIE,1,2,1,0,33.4814892906562,-82.50630840222492
30828,GA,WARREN,0,1,1,0,33.40688930987886,-82.66745959087771
30830,GA,BURKE,1,1,1,0,33.083243421518,-82.0119185996602
30901,GA,RICHMOND,2,1,0,0,33.47241031300003,-81.98493803466665
30904,GA,RICHMOND,4,2,0,0,33.46591385233335,-82.01472468116667
30905,GA,RICHMOND,1,0,0,0,33.43033285,-82.12589716
30906,GA,RICHMOND,1,2,0,0,33.41666119066674,-82.02995679766663
30907,GA,RICHMOND,0,7,0,0,33.514813445000044,-82.06437459342852
30909,GA,RICHMOND,2,3,2,0,33.47648005828529,-82.08758576614322
30912,GA,RICHMOND,1,0,0,0,33.47087633,-81.98970572
31001,GA,WILCOX,0,1,0,0,31.9931667120001,-83.3028971269999
31002,GA,JOHNSON,0,1,0,0,32.549679,-82.665401
31006,GA,TAYLOR,0,1,1,0,32.55002594625648,-84.25065663537869
31007,GA,DOOLY,0,1,0,0,32.2041977980001,-83.910528687
31008,GA,PEACH,1,0,0,0,32.60465684,-83.75895685
31014,GA,BLECKLEY,1,2,1,0,32.389232890952925,-83.34821046325007
31015,GA,CRISP,1,3,1,0,31.974785693068362,-83.77561259305017
31021,GA,LAURENS,2,2,2,0,32.53005857005524,-82.94211404106295
31023,GA,DODGE,1,2,1,0,32.1934167600055,-83.1772465152344
31024,GA,PUTNAM,1,2,1,0,33.35527953548332,-83.35131339938499
31029,GA,MONROE,1,2,1,0,33.06554361521969,-83.94531951152615
31030,GA,PEACH,0,2,1,0,32.54953095624762,-83.82556838976593
31032,GA,JONES,0,2,1,0,33.01750584275478,-83.54059151016024
31036,GA,PULASKI,1,1,1,0,32.28930149606553,-83.47919149387361
31040,GA,LAURENS,0,2,0,0,32.52331638900005,-82.929216529
31041,GA,MACON,0,1,0,0,32.3716786260001,-84.192346769
31042,GA,WILKINSON,0,0,1,0,32.81500941687757,-83.16835091872505
31044,GA,TWIGGS,0,1,1,0,32.682577629922314,-83.33349976468173
31055,GA,TELFAIR,0,1,1,0,32.058845755608765,-82.90020990807807
31057,GA,MACON,0,1,0,0,32.445101132,-84.001234702
31061,GA,BALDWIN,1,8,1,0,33.08439783364606,-83.24192379036597
31062,GA,BALDWIN,1,0,0,0,33.029681,-83.203857
31063,GA,MACON,1,1,0,0,32.29488896000005,-84.0302805835
31064,GA,JASPER,1,1,1,0,33.31051136984858,-83.68448001817195
31067,GA,WASHINGTON,0,1,0,0,32.855790288,-82.952535347
31068,GA,MACON,0,0,1,0,32.29414866867225,-84.05975576352523
31069,GA,HOUSTON,1,1,0,0,32.45620557350005,-83.728394819
31071,GA,WILCOX,0,1,0,0,32.110675611,-83.495561938
31078,GA,CRAWFORD,0,1,1,0,32.71669956756237,-84.0150918259192
31079,GA,WILCOX,0,0,1,0,31.95002358833726,-83.45043971270532
31082,GA,WASHINGTON,1,3,1,0,32.99139674612655,-82.8044540990521
31087,GA,HANCOCK,0,2,1,0,33.27451881439283,-82.97748665330359
31088,GA,HOUSTON,0,5,1,0,32.58086821753851,-83.65911198764765
31090,GA,WILKINSON,0,1,0,0,32.818817231,-83.079270801
31092,GA,DOOLY,0,0,1,0,32.09208386402941,-83.79785679779783
31093,GA,HOUSTON,1,1,0,0,32.6284264925,-83.6317008435
31096,GA,JOHNSON,0,2,1,0,32.7236911555436,-82.72894763250936
31098,GA,HOUSTON,1,0,0,0,32.60402708,-83.58557011
31201,GA,BIBB,2,0,1,0,32.83382922058548,-83.63627682770712
31204,GA,BIBB,0,4,0,0,32.84156719050003,-83.67321838249995
31206,GA,BIBB,0,3,0,0,32.79806462466673,-83.69344292799997
31210,GA,BIBB,3,5,0,0,32.89361490200002,-83.716852647
31216,GA,BIBB,0,1,0,0,32.7410569420001,-83.67671375
31217,GA,BIBB,3,3,1,0,32.84828147534936,-83.60644260522895
31220,GA,BIBB,0,3,0,0,32.85713576166677,-83.75245177333329
31310,GA,LIBERTY,1,0,0,0,31.83960572,-81.6009201
31313,GA,LIBERTY,0,0,1,0,31.853612204400086,-81.57581399853832
31314,GA,LIBERTY,1,0,0,0,31.87225696,-81.60038895
31316,GA,LONG,0,1,1,0,31.720351779450727,-81.74086038033255
31320,GA,LIBERTY,0,1,0,0,31.809268,-81.432425
31321,GA,BRYAN,0,0,1,0,32.12974982094387,-81.6252424073601
31322,GA,CHATHAM,0,3,0,0,32.104240241333365,-81.25533454233327
31324,GA,BRYAN,0,2,1,0,31.945016537328595,-81.31239261088899
31326,GA,EFFINGHAM,1,0,0,0,32.25822576,-81.21737345
31328,GA,CHATHAM,0,2,0,0,32.01640785400005,-80.8438487055
31329,GA,EFFINGHAM,1,1,1,0,32.36340237372436,-81.3241939171411
31331,GA,MCINTOSH,0,0,1,0,31.527012874458947,-81.43644213839414
31401,GA,CHATHAM,0,0,1,0,32.060262585732794,-81.09733376899496
31404,GA,CHATHAM,2,1,0,0,32.02086419333333,-81.07844259
31405,GA,CHATHAM,3,4,0,0,32.02600967357149,-81.10097499942853
31406,GA,CHATHAM,1,8,2,0,31.99856785242621,-81.10218528716933
31407,GA,CHATHAM,0,1,0,0,32.150740919,-81.166126259
31410,GA,CHATHAM,0,1,0,0,32.005009091,-80.989339733
31411,GA,CHATHAM,0,3,0,0,31.942619875333396,-81.05700862033332
31412,GA,CHATHAM,1,0,0,0,32.02816667,-81.10010925
31416,GA,CHATHAM,1,0,0,0,32.00050407,-81.08090851
31419,GA,CHATHAM,1,4,0,0,31.98146715220006,-81.14686391599999
31501,GA,WARE,1,2,2,0,31.226789751638584,-82.35278630562547
31502,GA,WARE,0,1,0,0,31.2152674910001,-82.410092278
31510,GA,BACON,1,1,1,0,31.53996917188417,-82.45845644136291
31513,GA,APPLING,1,1,1,0,31.769341888638834,-82.34892995914161
31516,GA,PIERCE,0,1,1,0,31.30685979239489,-82.24603874203268
31520,GA,GLYNN,1,2,1,0,31.175255980631988,-81.48456083224384
31521,GA,GLYNN,0,1,0,0,31.1757509010001,-81.495564058
31522,GA,GLYNN,1,5,0,0,31.18995124568687,-81.38549041428686
31525,GA,GLYNN,0,1,1,0,31.222647969115485,-81.48739251843182
31533,GA,COFFEE,1,1,1,0,31.508559803451053,-82.8649235052039
31537,GA,CHARLTON,1,1,1,0,30.843191162179,-82.00732408121445
31539,GA,JEFF DAVIS,1,1,1,0,31.865424185567004,-82.60709535549005
31545,GA,WAYNE,1,4,1,0,31.612664753036835,-81.89590294369278
31548,GA,CAMDEN,0,0,1,0,30.79725743318011,-81.64530533240941
31549,GA,TELFAIR,0,1,0,0,31.933774,-82.673256
31553,GA,BRANTLEY,0,1,1,0,31.204368468075053,-81.98877233737355
31558,GA,CAMDEN,1,2,0,0,30.776968402666736,-81.58199565499997
31601,GA,LOWNDES,0,0,2,0,30.8311875275932,-83.27971838064373
31602,GA,LOWNDES,3,5,0,0,30.87036964525005,-83.30261111649996
31605,GA,LOWNDES,0,1,0,0,30.890420443,-83.27268868
31620,GA,COOK,2,1,1,0,31.12485615593276,-83.42541385857557
31632,GA,LOWNDES,0,1,0,0,30.9252756550001,-83.352745171
31634,GA,CLINCH,1,1,1,0,31.03938172357225,-82.75200159267267
31635,GA,LANIER,1,1,1,0,31.04158606536828,-83.08337262395402
31639,GA,BERRIEN,1,2,1,0,31.201780005458048,-83.24153336471224
31642,GA,ATKINSON,0,0,1,0,31.29287797750846,-82.84295643167778
31643,GA,BROOKS,1,1,1,0,30.793495454673746,-83.56486283081976
31648,GA,ECHOLS,0,0,1,0,30.703918565041818,-83.02597461436665
31699,GA,LOWNDES,1,0,0,0,30.97656122,-83.20729272
31701,GA,DOUGHERTY,1,1,2,0,31.585357804735615,-84.16311930864379
31702,GA,DOUGHERTY,0,1,0,0,31.6034882910001,-84.16862854
31703,GA,DOUGHERTY,1,0,0,0,31.59021975,-84.15862347
31709,GA,SUMTER,0,2,0,0,32.045808628000046,-84.2250313144999
31714,GA,TURNER,0,1,1,0,31.70824683044644,-83.64152570447115
31719,GA,SUMTER,1,0,1,0,32.07833051961865,-84.24566988611815
31721,GA,DOUGHERTY,0,1,0,0,31.5864805300001,-84.2237906129999
31730,GA,MITCHELL,1,1,1,0,31.2305553041804,-84.20749630037385
31750,GA,BEN HILL,1,2,1,0,31.708251300282562,-83.25933826593092
31757,GA,THOMAS,0,1,0,0,30.8534615390001,-83.937512598
31763,GA,LEE,0,2,1,0,31.697871761160087,-84.1917623931892
31768,GA,COLQUITT,1,3,1,0,31.139678692012914,-83.7800401763765
31774,GA,IRWIN,1,2,1,0,31.600342290062777,-83.25243258427966
31779,GA,MITCHELL,0,1,0,0,31.1330802250001,-84.142588479
31780,GA,SUMTER,0,1,0,0,32.0383204560001,-84.390807455
31788,GA,COLQUITT,1,3,0,0,31.131256557500024,-83.7704512225
31791,GA,WORTH,1,1,1,0,31.52566702898616,-83.83945508039835
31792,GA,THOMAS,2,5,1,0,30.823905516853532,-83.96824818433018
31793,GA,TIFT,1,0,0,0,31.47134618,-83.49143696
31794,GA,TIFT,0,3,1,0,31.466012927744536,-83.50996302249278
31803,GA,MARION,0,1,1,0,32.32323491472711,-84.52318536159314
31805,GA,CHATTAHOOCHEE,0,0,1,0,32.30809054133296,-84.76452936113913
31806,GA,SCHLEY,0,0,1,0,32.23777096930357,-84.30979162881286
31811,GA,HARRIS,0,0,1,0,32.76132772215843,-84.86829407493087
31815,GA,STEWART,0,0,1,0,32.038905539489235,-84.79863550619488
31824,GA,WEBSTER,0,0,1,0,32.06529979936232,-84.53805448127889
31825,GA,STEWART,1,1,0,0,32.084062635,-84.66562488499994
31827,GA,TALBOT,0,0,1,0,32.691589128594636,-84.54457372417991
31830,GA,MERIWETHER,5,1,0,0,32.88838658883335,-84.68970378216666
31831,GA,HARRIS,0,1,0,0,32.6873967720001,-84.74051331
31901,GA,MUSCOGEE,4,0,0,0,32.480968777499996,-84.9797501
31904,GA,MUSCOGEE,0,7,1,0,32.5190354881263,-84.97730133667828
31905,GA,RICHMOND,2,0,0,0,32.89765948,-83.54311802000001
31907,GA,MUSCOGEE,0,2,0,0,32.53246129,-84.91832475449999
31909,GA,MUSCOGEE,2,6,0,0,32.558150272125054,-84.93647960637497
31917,GA,MUSCOGEE,1,0,0,0,32.49019081,-84.8685576
31995,GA,MUSCOGEE,1,0,0,0,32.50638542,-84.96067899
32003,FL,CLAY,1,5,0,0,30.0884374961667,-81.70976240299997
32011,FL,NASSAU,0,1,0,0,30.5461044080001,-81.782157565
32024,FL,COLUMBIA,0,4,0,0,30.13720086950005,-82.73937429224998
32025,FL,COLUMBIA,1,8,0,0,30.177871142000022,-82.6351072991111
32034,FL,NASSAU,1,5,1,0,30.63762043879529,-81.45227753201449
32038,FL,COLUMBIA,0,1,0,0,29.9153053160001,-82.705286308
32043,FL,CLAY,1,3,1,0,29.99986088375028,-81.69260135531019
32046,FL,NASSAU,0,3,0,0,30.70583343000003,-81.937105019
32052,FL,HAMILTON,0,1,1,0,30.51926225897517,-82.95345399349489
32053,FL,HAMILTON,0,4,0,0,30.589797494750023,-83.088331014
32054,FL,UNION,2,0,1,0,30.01162884346749,-82.33907537183512
32055,FL,COLUMBIA,2,5,1,0,30.18963977914225,-82.65485447418709
32058,FL,BRADFORD,0,1,0,0,30.0353501770001,-82.069103823
32060,FL,SUWANNEE,1,3,0,0,30.272537147500024,-83.11033415724998
32063,FL,BAKER,2,3,1,0,30.273272644379613,-82.12417589177277
32064,FL,SUWANNEE,0,2,1,0,30.296326319704793,-82.98039246976246
32065,FL,CLAY,0,5,0,0,30.13143490040004,-81.77683654819998
32066,FL,LAFAYETTE,0,3,1,0,30.053678926104332,-83.17969358454862
32068,FL,CLAY,1,5,0,0,30.095480811000034,-81.82170568083329
32073,FL,CLAY,1,14,0,0,30.172908160917043,-81.72303016410372
32079,FL,CLAY,0,1,0,0,29.977026053,-81.810051388
32080,FL,ST. JOHNS,0,1,0,0,29.8625880640001,-81.2959101599999
32081,FL,ST. JOHNS,0,2,0,0,30.08306860250005,-81.42607648749996
32082,FL,ST. JOHNS,0,4,0,0,30.205156952000074,-81.38837105899997
32084,FL,ST. JOHNS,1,6,0,0,29.8864824762858,-81.33295223085709
32086,FL,ST. JOHNS,1,6,1,0,29.831271113580566,-81.32153627461183
32091,FL,BRADFORD,1,4,1,0,29.94533851333097,-82.10490107525821
32092,FL,ST. JOHNS,0,5,0,0,29.99047197467806,-81.48737849869765
32095,FL,ST. JOHNS,0,1,0,0,29.8969752580001,-81.329503361
32110,FL,FLAGLER,0,1,1,0,29.469478444268006,-81.2500177099038
32111,FL,MARION,0,1,0,0,29.0723933030001,-81.9850092899999
32112,FL,PUTNAM,0,2,0,0,29.4459501625001,-81.5146567345
32114,FL,VOLUSIA,1,15,0,0,29.197434356264456,-81.045897070637
32117,FL,VOLUSIA,3,17,1,0,29.232069514270332,-81.06364921081425
32118,FL,VOLUSIA,0,3,0,0,29.19857791000003,-80.9963957443333
32119,FL,VOLUSIA,0,7,0,0,29.158978069402675,-81.0144684774586
32124,FL,VOLUSIA,0,1,0,0,29.197031,-81.121257
32127,FL,VOLUSIA,1,11,0,0,29.116278587000078,-81.00357016233333
32128,FL,VOLUSIA,0,2,0,0,29.06951892259615,-81.0340863054807
32129,FL,VOLUSIA,0,7,0,0,29.132909523142946,-81.0279704528571
32130,FL,VOLUSIA,0,1,0,0,29.1559487380001,-81.3516809129999
32132,FL,VOLUSIA,0,2,0,0,28.97587051550005,-80.910622316
32137,FL,FLAGLER,1,14,0,0,29.55880355326673,-81.22392301159995
32141,FL,VOLUSIA,0,2,0,0,28.96643802600005,-80.90591221299995
32159,FL,LAKE,1,11,0,0,28.933882506416698,-81.94115816849994
32162,FL,SUMTER,0,7,0,0,28.934465893571513,-82.01425232542852
32164,FL,FLAGLER,1,11,0,0,29.50289652600004,-81.22433865458333
32168,FL,VOLUSIA,1,13,0,0,29.02698366328576,-80.94284033271425
32169,FL,VOLUSIA,0,1,0,0,29.0158663220001,-80.884422109
32174,FL,VOLUSIA,0,18,0,0,29.274084035399824,-81.0833945071567
32176,FL,VOLUSIA,0,1,0,0,29.31771925,-81.0529587039999
32177,FL,PUTNAM,1,8,1,0,29.640249912797834,-81.67545529493387
32179,FL,MARION,0,2,0,0,29.04462467235325,-81.92831456836595
32181,FL,PUTNAM,0,1,0,0,29.501378817,-81.613258339
32193,FL,PUTNAM,0,1,0,0,29.4874176110001,-81.664342953
32202,FL,DUVAL,0,1,0,0,30.3300324150001,-81.652019813
32204,FL,DUVAL,1,5,0,0,30.313232977833383,-81.68697560366667
32205,FL,DUVAL,0,3,0,0,30.3105933066667,-81.70964039733333
32206,FL,DUVAL,0,3,0,0,30.352182432000102,-81.64994612333327
32207,FL,DUVAL,4,2,0,0,30.29508068133335,-81.63525593016662
32208,FL,DUVAL,0,5,0,0,30.40315933100002,-81.70583292859997
32209,FL,DUVAL,1,10,0,0,30.359854701727308,-81.69185244663633
32210,FL,DUVAL,0,10,0,0,30.273286659700034,-81.74747235979996
32211,FL,DUVAL,0,9,1,0,30.330095344063047,-81.59051067802356
32214,FL,DUVAL,1,0,0,0,30.20883704,-81.68410578
32216,FL,DUVAL,5,9,0,0,30.27356026635718,-81.59541078842857
32217,FL,DUVAL,0,5,0,0,30.25190188220004,-81.62310833119997
32218,FL,DUVAL,2,6,0,0,30.461678665650464,-81.65725671482281
32221,FL,DUVAL,1,5,0,0,30.294677502833366,-81.78716312416658
32222,FL,DUVAL,0,2,0,0,30.21554807450005,-81.84355188250001
32223,FL,DUVAL,0,2,0,0,30.144022362500102,-81.645800447
32224,FL,DUVAL,1,4,0,0,30.264323797200024,-81.44607017599996
32225,FL,DUVAL,0,3,0,0,30.339729238666703,-81.54462768399996
32226,FL,DUVAL,0,1,0,0,30.4673465160001,-81.589167416
32233,FL,DUVAL,0,4,0,0,30.346599025750052,-81.41477596299997
32244,FL,DUVAL,0,5,0,0,30.247438057800043,-81.68763009979997
32246,FL,DUVAL,1,1,0,0,30.28987469850005,-81.4864138895
32250,FL,DUVAL,1,3,0,0,30.271838376750047,-81.40217841149997
32254,FL,DUVAL,0,1,0,0,30.3239368500001,-81.701830881
32256,FL,DUVAL,1,8,0,0,30.232649622666738,-81.54144026477775
32257,FL,DUVAL,0,10,0,0,30.190703512000074,-81.60843515570001
32258,FL,DUVAL,2,3,0,0,30.1423756502,-81.54906053359998
32259,FL,ST. JOHNS,1,4,0,0,30.089171436182745,-81.59205923768354
32277,FL,DUVAL,0,1,0,0,30.355244343,-81.587240934
32301,FL,LEON,0,1,0,0,30.421985443,-84.236814705
32303,FL,LEON,0,5,0,0,30.497252723800063,-84.30672760839995
32304,FL,LEON,0,1,1,0,30.44832861014565,-84.31833046854771
32305,FL,LEON,0,1,0,0,30.4000408,-84.2870886
32308,FL,LEON,5,12,0,0,30.47468453600004,-84.22618411664703
32309,FL,LEON,0,3,0,0,30.530755838666668,-84.21871568
32311,FL,LEON,0,1,1,0,30.40254154514678,-84.22997206538645
32312,FL,LEON,0,2,0,0,30.56030775600005,-84.23065494799995
32317,FL,LEON,0,2,0,0,30.464967203500102,-84.14284978749996
32320,FL,FRANKLIN,1,0,1,0,29.72305693962552,-84.99210612020985
32321,FL,LIBERTY,0,1,1,0,30.43710760695343,-84.97573603608731
32322,FL,FRANKLIN,0,1,0,0,29.9040317440001,-84.567626881
32324,FL,GADSDEN,1,2,0,0,30.69359704800007,-84.84104025199996
32326,FL,WAKULLA,0,1,0,0,30.10929036,-84.380977192
32327,FL,WAKULLA,0,0,1,0,30.194371970456608,-84.37658083659717
32331,FL,MADISON,0,2,0,0,30.48957506750005,-83.63023297
32340,FL,MADISON,2,8,1,0,30.475475057996025,-83.41400904594349
32343,FL,GADSDEN,0,2,0,0,30.49839484850005,-84.467770177
32344,FL,JEFFERSON,0,2,1,0,30.546624671970232,-83.87503860768071
32347,FL,TAYLOR,0,1,1,0,30.126474524093116,-83.58312886475986
32348,FL,TAYLOR,1,0,0,0,30.12012164,-83.59332214
32351,FL,GADSDEN,0,2,1,0,30.568433666368446,-84.55218521755172
32353,FL,GADSDEN,1,0,0,0,30.56888324,-84.54866986
32401,FL,BAY,2,4,1,0,30.16161161323195,-85.66060880009225
32403,FL,BAY,1,0,0,0,30.071384,-85.6028464
32404,FL,BAY,0,4,0,0,30.176744562000025,-85.58964513025
32405,FL,BAY,3,7,0,0,30.19704313990003,-85.6606000113
32407,FL,BAY,0,4,0,0,30.201560165092502,-85.82186771288508
32408,FL,BAY,0,1,0,0,30.1599658600001,-85.75055829
32424,FL,CALHOUN,1,4,1,0,30.447825509231663,-85.05516952262964
32425,FL,HOLMES,1,4,1,0,30.779060463080977,-85.67776387671636
32427,FL,WASHINGTON,0,1,0,0,30.738101134,-85.79701242
32428,FL,WASHINGTON,1,3,1,0,30.747688166760316,-85.55219530219577
32433,FL,WALTON,0,2,1,0,30.7261613779357,-86.1158678142104
32435,FL,WALTON,1,0,0,0,30.65971622,-86.11795042
32440,FL,JACKSON,1,2,0,0,30.96322533733337,-85.52352525133334
32444,FL,BAY,0,1,0,0,30.2489691550001,-85.649522011
32446,FL,JACKSON,1,4,1,0,30.780553190303905,-85.2293772277425
32456,FL,GULF,1,2,1,0,29.824568430160227,-85.31197636464691
32459,FL,WALTON,0,3,0,0,30.378429610903567,-86.288137306095
32462,FL,WASHINGTON,0,2,0,0,30.6022539840001,-85.7603933745
32501,FL,ESCAMBIA,2,6,1,0,30.43877232458169,-87.22861450550906
32503,FL,ESCAMBIA,1,3,0,0,30.475567034500024,-87.21938364325
32504,FL,ESCAMBIA,3,2,0,0,30.47453009420004,-87.19484013719998
32505,FL,ESCAMBIA,1,3,0,0,30.456946095000024,-87.25684088949998
32506,FL,ESCAMBIA,0,2,0,0,30.433583046000052,-87.2960262365
32512,FL,ESCAMBIA,1,0,0,0,30.39856995,-87.29861569
32514,FL,ESCAMBIA,2,18,0,0,30.52282029765006,-87.21621824465
32526,FL,ESCAMBIA,0,3,0,0,30.497430898333434,-87.30667557699996
32533,FL,ESCAMBIA,0,3,0,0,30.543841155000067,-87.30767304066667
32534,FL,ESCAMBIA,0,2,0,0,30.52616565550005,-87.28181124349996
32535,FL,ESCAMBIA,1,1,0,0,30.970792159,-87.26535090799999
32536,FL,OKALOOSA,0,3,0,0,30.744420759000064,-86.56976612533333
32539,FL,OKALOOSA,1,7,0,0,30.752571737250022,-86.55445083099994
32541,FL,OKALOOSA,1,3,0,0,30.387893817000023,-86.3893582405
32542,FL,OKALOOSA,1,0,0,0,30.46083986,-86.55523265
32544,FL,OKALOOSA,1,0,0,0,30.4194026,-86.681017
32547,FL,OKALOOSA,2,4,0,0,30.45287709916668,-86.63465018266663
32548,FL,OKALOOSA,0,4,1,0,30.422606069611028,-86.6206142400349
32550,FL,WALTON,1,3,0,0,30.3813964446875,-86.33305874701922
32561,FL,SANTA ROSA,1,3,0,0,30.35886139950003,-87.1625775235
32563,FL,SANTA ROSA,1,6,0,0,30.393500619254052,-87.0459554691778
32565,FL,SANTA ROSA,1,1,0,0,30.949800721499997,-87.14968959449999
32566,FL,SANTA ROSA,0,2,0,0,30.4163314875,-86.89296821649995
32570,FL,SANTA ROSA,1,5,1,0,30.63385322299849,-87.06101220872445
32571,FL,SANTA ROSA,0,2,0,0,30.6257917195001,-87.17060098849996
32578,FL,OKALOOSA,1,5,0,0,30.50776178483338,-86.44944466499997
32579,FL,OKALOOSA,0,1,0,0,30.464623343,-86.578542738
32601,FL,ALACHUA,0,1,0,0,29.6371914330001,-82.336139095
32605,FL,ALACHUA,1,1,0,0,29.6612258995,-82.41300261449996
32606,FL,ALACHUA,2,6,0,0,29.686007012213985,-82.42252855231247
32607,FL,ALACHUA,0,5,0,0,29.634254340200084,-82.40035516979994
32608,FL,ALACHUA,2,3,0,0,29.619308200600024,-82.3598762572
32609,FL,ALACHUA,0,1,0,0,29.688275403,-82.3368798769999
32610,FL,ALACHUA,2,0,0,0,29.63606179,-82.35340769999999
32621,FL,LEVY,0,0,1,0,29.447420308988956,-82.63906624909232
32628,FL,DIXIE,0,1,1,0,29.63395834606473,-83.11641594659568
32629,FL,BREVARD,0,1,0,0,28.372793895,-80.770759282
32641,FL,ALACHUA,0,1,1,0,29.646396423045218,-82.30314851429269
32643,FL,ALACHUA,0,3,0,0,29.829170519217033,-82.59660689290916
32653,FL,ALACHUA,0,1,0,0,29.7021620370001,-82.3919461469999
32656,FL,CLAY,0,1,0,0,29.7908461960001,-82.038272492
32667,FL,MARION,0,1,0,0,29.4665884230001,-82.216947976
32693,FL,GILCHRIST,0,2,1,0,29.612499903412424,-82.8508581427184
32696,FL,LEVY,1,1,0,0,29.38621340100005,-82.4531184615
32701,FL,SEMINOLE,2,6,0,0,28.657165055500002,-81.37639331274997
32702,FL,LAKE,0,3,0,0,28.964842106000035,-81.65586392166666
32703,FL,ORANGE,2,12,0,0,28.66434569271433,-81.48027758964284
32707,FL,SEMINOLE,0,5,0,0,28.66837096000004,-81.32133175959996
32708,FL,SEMINOLE,0,8,0,0,28.66665230312504,-81.27142497024997
32712,FL,ORANGE,0,4,0,0,28.710296314750025,-81.50612277924998
32713,FL,VOLUSIA,0,3,0,0,28.899689110000068,-81.29215802133331
32714,FL,SEMINOLE,1,8,0,0,28.662293089777847,-81.40672319177776
32720,FL,VOLUSIA,1,13,0,0,29.022558516785757,-81.3166045742857
32724,FL,VOLUSIA,0,10,0,0,29.02668182550003,-81.29124814880001
32725,FL,VOLUSIA,1,7,0,0,28.914611296750014,-81.24572549650001
32726,FL,LAKE,0,9,1,0,28.838796730542015,-81.68718708073528
32730,FL,SEMINOLE,0,1,0,0,28.6536463300001,-81.346378628
32736,FL,LAKE,0,2,0,0,28.917845878500053,-81.47638967699996
32738,FL,VOLUSIA,0,5,0,0,28.92026534360004,-81.184504129
32746,FL,SEMINOLE,2,5,0,0,28.760250017207916,-81.35015591108643
32750,FL,SEMINOLE,1,6,0,0,28.6958161808572,-81.34832474599997
32751,FL,ORANGE,1,16,0,0,28.633141614862016,-81.366028452319
32757,FL,LAKE,0,11,0,0,28.805952602363664,-81.64966414136362
32763,FL,VOLUSIA,1,9,0,0,28.93342597890008,-81.28948589809997
32765,FL,SEMINOLE,1,11,0,0,28.643085255321793,-81.21853412541272
32766,FL,SEMINOLE,0,4,0,0,28.6408298345,-81.1379486795
32771,FL,SEMINOLE,1,8,0,0,28.802678468666702,-81.28427498144441
32772,FL,SEMINOLE,0,1,0,0,28.8047738060001,-81.286407815
32773,FL,SEMINOLE,0,1,1,0,28.77164005634534,-81.27931045195581
32778,FL,LAKE,2,7,0,0,28.81305430244447,-81.71728524888886
32779,FL,SEMINOLE,0,5,0,0,28.69914012307034,-81.40657293793772
32780,FL,BREVARD,0,6,0,0,28.574598936883348,-80.824429066865
32789,FL,ORANGE,0,10,0,0,28.772423933700047,-81.99073104079997
32792,FL,ORANGE,1,16,0,0,28.60985709305886,-81.30419222535292
32796,FL,BREVARD,2,8,0,0,28.62684046990004,-80.82474381389999
32801,FL,ORANGE,0,4,0,0,28.53640518275005,-81.37607445124998
32803,FL,ORANGE,2,1,0,0,28.5755122895907,-81.353662029309
32804,FL,ORANGE,0,3,0,0,28.583074441333366,-81.38483546333329
32805,FL,ORANGE,0,5,0,0,28.52423439380006,-81.3999442376
32806,FL,ORANGE,3,9,0,0,28.515884822583388,-81.36394201341665
32807,FL,ORANGE,0,6,0,0,28.552237637666703,-81.31228621549998
32808,FL,ORANGE,1,9,0,0,28.57937074900006,-81.44718371449999
32809,FL,ORANGE,1,0,1,0,28.47366939406784,-81.38581571970006
32810,FL,ORANGE,0,5,0,0,28.623182646200082,-81.42975184119999
32811,FL,ORANGE,0,1,0,0,28.500420374,-81.443599873
32812,FL,ORANGE,0,4,0,0,28.50383744825005,-81.329546789
32814,FL,ORANGE,0,1,0,0,28.5777160000001,-81.3208319999999
32817,FL,ORANGE,0,2,0,0,28.594402683000048,-81.2235450645
32818,FL,ORANGE,0,8,0,0,28.573077404375052,-81.48139487349998
32819,FL,ORANGE,1,10,0,0,28.467662369818232,-81.48680846009088
32821,FL,ORANGE,1,1,0,0,28.4755886805,-81.4193509105
32822,FL,ORANGE,1,8,0,0,28.51352278844449,-81.28770214433332
32824,FL,ORANGE,0,2,0,0,28.3608968965001,-81.3477596289999
32825,FL,ORANGE,0,13,0,0,28.54268526553851,-81.24448913492304
32826,FL,ORANGE,1,0,0,0,28.58180549,-81.19230456
32827,FL,ORANGE,3,1,0,0,28.383777835,-81.272170735
32828,FL,ORANGE,0,4,0,0,28.534861665500024,-81.17154518474993
32829,FL,ORANGE,0,1,0,0,28.493988846,-81.264793259
32832,FL,ORANGE,0,2,0,0,28.398807848863,-81.20578969754355
32835,FL,ORANGE,0,4,0,0,28.537002346750025,-81.47329414149999
32836,FL,ORANGE,0,1,0,0,28.4222174990001,-81.492897241
32837,FL,ORANGE,0,4,0,0,28.39543131625005,-81.41229573349995
32839,FL,ORANGE,0,3,0,0,28.486875272666733,-81.41106847399998
32901,FL,BREVARD,4,13,0,0,28.076062151294153,-80.62252977541175
32903,FL,BREVARD,0,2,0,0,28.11298279600005,-80.579881277
32904,FL,BREVARD,0,15,0,0,28.074647075487054,-80.67259130052658
32905,FL,BREVARD,0,9,0,0,28.01859468577783,-80.60515236211107
32907,FL,BREVARD,1,39,0,0,28.01104740100004,-80.67614998249996
32908,FL,BREVARD,0,11,0,0,27.956749867272773,-80.68161387609088
32909,FL,BREVARD,0,25,0,0,27.96481396144515,-80.64499918282696
32922,FL,BREVARD,0,1,0,0,28.3706070760001,-80.7537607099999
32925,FL,BREVARD,1,0,0,0,28.21436067,-80.60448955
32926,FL,BREVARD,0,2,0,0,28.42984203300005,-80.8026988595
32931,FL,BREVARD,1,1,0,0,28.3659742315,-80.61400612400001
32934,FL,BREVARD,0,6,0,0,28.14922975550003,-80.68839217583333
32935,FL,BREVARD,1,2,0,0,28.139855964333368,-80.65824267333333
32937,FL,BREVARD,0,5,0,0,28.153337274600023,-80.60127630279995
32940,FL,BREVARD,2,13,0,0,28.240817680963513,-80.7212024589875
32952,FL,BREVARD,0,6,0,0,28.35892232683337,-80.68583166599994
32953,FL,BREVARD,0,9,1,0,28.385246113304525,-80.70378743199026
32955,FL,BREVARD,1,23,0,0,28.314872776302114,-80.73175387469387
32958,FL,INDIAN RIVER,1,4,0,0,27.80145033700004,-80.48207011059995
32960,FL,INDIAN RIVER,3,13,1,0,27.64871128026498,-80.39937743427761
32962,FL,INDIAN RIVER,0,4,0,0,27.605414677,-80.3911025105
32966,FL,INDIAN RIVER,0,5,0,0,27.63799339760006,-80.46724351299994
32967,FL,INDIAN RIVER,0,6,0,0,27.686828046333364,-80.40964637799998
33004,FL,BROWARD,0,2,0,0,26.0464227985,-80.1477765015
33009,FL,BROWARD,0,3,0,0,25.983060338333402,-80.1397010643333
33010,FL,MIAMI-DADE,0,29,0,0,25.830548971586243,-80.2800645635862
33012,FL,MIAMI-DADE,2,27,0,0,25.86274151231037,-80.30061350558617
33013,FL,MIAMI-DADE,1,19,0,0,25.85896960190005,-80.27241009604997
33014,FL,MIAMI-DADE,0,12,0,0,25.89836477833337,-80.30940125216664
33015,FL,MIAMI-DADE,0,19,0,0,25.944782831263215,-80.32340030063153
33016,FL,MIAMI-DADE,2,9,0,0,25.895035094272785,-80.33587196272724
33018,FL,MIAMI-DADE,1,27,0,0,25.903899139571468,-80.34711022364283
33019,FL,BROWARD,0,1,0,0,26.0222611400001,-80.131776625
33020,FL,BROWARD,1,19,0,0,26.017570414600037,-80.14899541769998
33021,FL,BROWARD,3,19,0,0,26.019021507909123,-80.18804906549998
33022,FL,BROWARD,0,1,0,0,26.0173504410001,-80.1510679679999
33023,FL,BROWARD,0,13,0,0,25.984480530615436,-80.20879689476921
33024,FL,BROWARD,1,14,0,0,26.02195823833338,-80.24199249586663
33025,FL,BROWARD,1,11,0,0,25.994848857416724,-80.26817767608334
33026,FL,BROWARD,0,3,0,0,26.02601702133337,-80.2970106919999
33027,FL,BROWARD,0,4,0,0,25.97419925225005,-80.32868382699998
33028,FL,BROWARD,1,0,0,0,26.01301541,-80.31080036
33029,FL,BROWARD,1,3,0,0,25.994653857500055,-80.38737609149993
33030,FL,MIAMI-DADE,0,13,0,0,25.483639029692355,-80.48193039569229
33031,FL,MIAMI-DADE,0,1,0,0,25.536439817,-80.4545752769999
33032,FL,MIAMI-DADE,0,20,0,0,25.524801893000046,-80.39777258995
33033,FL,MIAMI-DADE,1,18,0,0,25.49163629457899,-80.43190788710523
33034,FL,MIAMI-DADE,1,2,0,0,25.43642911666667,-80.48837991666666
33035,FL,MIAMI-DADE,0,1,0,0,25.4592286110001,-80.4491092929999
33040,FL,MONROE,2,3,1,0,24.56940142138757,-81.76007281990992
33050,FL,MONROE,1,1,0,0,24.719963141500052,-81.05403481799999
33054,FL,MIAMI-DADE,0,3,0,0,25.913521597666733,-80.25006617000001
33055,FL,MIAMI-DADE,0,13,0,0,25.94416019107698,-80.27440031384616
33056,FL,MIAMI-DADE,0,5,0,0,25.936815894000063,-80.24243603099998
33060,FL,BROWARD,0,8,0,0,26.230591868375054,-80.12676337449999
33062,FL,BROWARD,0,6,0,0,26.241769525166735,-80.09201558233332
33063,FL,BROWARD,1,8,0,0,26.248560993444503,-80.21180766399999
33064,FL,BROWARD,1,6,0,0,26.279174382857203,-80.11676352185714
33065,FL,BROWARD,1,17,0,0,26.273600988722276,-80.25520934677775
33066,FL,BROWARD,0,2,0,0,26.23827251300005,-80.1835855105
33067,FL,BROWARD,0,10,0,0,26.297071956800032,-80.21357077119998
33068,FL,BROWARD,0,13,0,0,26.22019155630773,-80.21603267123076
33069,FL,BROWARD,0,3,0,0,26.2223276716667,-80.1646009643333
33070,FL,MONROE,1,1,0,0,24.993892440499998,-80.53657639649995
33071,FL,BROWARD,0,11,0,0,26.246344324909128,-80.25771079799996
33073,FL,BROWARD,1,8,0,0,26.303781981333355,-80.18599960955555
33076,FL,BROWARD,0,3,0,0,26.298501542000068,-80.2597755613333
33122,FL,MIAMI-DADE,1,0,0,0,25.79116165,-80.20953507
33125,FL,MIAMI-DADE,2,31,1,0,25.864577405364905,-80.27011277050468
33126,FL,MIAMI-DADE,1,21,0,0,25.775496120500044,-80.28301507045452
33127,FL,MIAMI-DADE,0,5,0,0,25.80718753980006,-80.20846609339996
33128,FL,MIAMI-DADE,1,3,0,0,25.77675613575,-80.21012094099997
33129,FL,MIAMI-DADE,0,2,0,0,25.76012876950005,-80.20975785699994
33130,FL,MIAMI-DADE,0,3,0,0,25.7665793066667,-80.21266645166666
33133,FL,MIAMI-DADE,1,9,0,0,25.74091090650005,-80.23840482479997
33134,FL,MIAMI-DADE,2,14,0,0,25.76015932693756,-80.27147602843748
33135,FL,MIAMI-DADE,0,13,0,0,25.766342582230802,-80.23768458646153
33136,FL,MIAMI-DADE,4,3,0,0,25.79040049542858,-80.21175157114286
33137,FL,MIAMI-DADE,1,3,0,0,25.819383126250052,-80.19125360949998
33138,FL,MIAMI-DADE,0,2,0,0,25.851628896500053,-80.1842633859999
33139,FL,MIAMI-DADE,0,2,0,0,25.781276796500002,-80.13641240000001
33140,FL,MIAMI-DADE,1,0,0,0,25.81321909,-80.13968156
33141,FL,MIAMI-DADE,0,3,0,0,25.854473896666732,-80.13780292599996
33142,FL,MIAMI-DADE,0,14,0,0,25.80835743421434,-80.23001745771425
33143,FL,MIAMI-DADE,2,2,0,0,25.700965040750024,-80.2974686595
33144,FL,MIAMI-DADE,0,23,0,0,25.763767474869606,-80.31432599404346
33145,FL,MIAMI-DADE,0,22,0,0,25.751674694360148,-80.23628211446172
33146,FL,MIAMI-DADE,1,3,0,0,25.723060994516597,-80.26945385006269
33147,FL,MIAMI-DADE,0,11,0,0,25.860478122727315,-80.24436961445453
33150,FL,MIAMI-DADE,1,4,0,0,25.859184171400038,-80.21028049259999
33154,MT,MIAMI-DADE,0,2,0,0,36.4587338698546,-94.88414967074951
33155,FL,MIAMI-DADE,3,42,0,0,25.740857701536875,-80.31461331842108
33156,FL,MIAMI-DADE,0,4,0,0,25.682940173850948,-80.32137229591825
33157,FL,MIAMI-DADE,1,33,0,0,25.60491740909629,-80.35134550204066
33158,FL,MIAMI-DADE,0,2,0,0,25.62724256800005,-80.3170471
33160,FL,MIAMI-DADE,0,5,0,0,25.93435096120006,-80.16141604679997
33161,FL,MIAMI-DADE,1,14,0,0,25.89473917640004,-80.18109685693334
33162,FL,MIAMI-DADE,0,9,0,0,25.930159298666723,-80.17664611266665
33165,FL,MIAMI-DADE,0,74,0,0,25.734130557486516,-80.3585482978108
33166,FL,MIAMI-DADE,0,6,0,0,25.8198744141667,-80.28863190033331
33167,FL,MIAMI-DADE,0,3,0,0,25.88865926433337,-80.22669464233327
33168,FL,MIAMI-DADE,0,8,0,0,25.890430819625035,-80.20670350949999
33169,FL,MIAMI-DADE,1,8,0,0,25.94195899155561,-80.21253619166662
33170,FL,MIAMI-DADE,0,10,0,0,25.55827705070005,-80.40235669109998
33172,FL,MIAMI-DADE,0,1,0,0,25.769382647,-80.3720111499999
33173,FL,MIAMI-DADE,0,23,0,0,25.69978702260875,-80.35890083747825
33174,FL,MIAMI-DADE,0,20,0,0,25.76209149745008,-80.36077604914996
33175,FL,MIAMI-DADE,1,63,0,0,25.73479919629741,-80.41015996023754
33176,FL,MIAMI-DADE,1,18,0,0,25.659500384587027,-80.36208399078654
33177,FL,MIAMI-DADE,0,34,0,0,25.598762013441217,-80.40514477135291
33178,FL,UNION,1,0,0,0,30.06705191,-82.19385038
33179,FL,MIAMI-DADE,0,7,0,0,25.957876887714356,-80.18919239514283
33180,FL,MIAMI-DADE,1,7,0,0,25.962682215625037,-80.14524590712499
33182,FL,MIAMI-DADE,0,13,0,0,25.774245498846202,-80.40634356561539
33183,FL,MIAMI-DADE,0,26,0,0,25.698124797961594,-80.4124870315769
33184,FL,MIAMI-DADE,0,13,0,0,25.758187785461587,-80.40972826738461
33185,FL,MIAMI-DADE,0,31,0,0,25.726631817258117,-80.44632448154837
33186,FL,MIAMI-DADE,0,34,0,0,25.65905173432384,-80.41355895152844
33187,FL,MIAMI-DADE,0,10,0,0,25.601007875200033,-80.45304668719996
33189,FL,MIAMI-DADE,1,14,0,0,25.574552362933368,-80.35418877346666
33190,FL,MIAMI-DADE,0,3,0,0,25.564180532333435,-80.35191335299993
33193,FL,MIAMI-DADE,0,21,0,0,25.699562948666703,-80.44349626476188
33194,FL,MIAMI-DADE,0,4,0,0,25.757085515000025,-80.44503509749997
33196,FL,MIAMI-DADE,1,19,0,0,25.65852849930004,-80.44530554344996
33301,FL,BROWARD,1,1,0,0,26.12366917050005,-80.12628950249996
33304,FL,BROWARD,0,3,0,0,26.138659977000003,-80.11683688592063
33305,FL,BROWARD,0,4,0,0,26.159895623250023,-80.12391972724994
33306,FL,BROWARD,0,1,0,0,26.167963448,-80.1047974319999
33308,FL,BROWARD,2,4,0,0,26.19309354233336,-80.1181177755
33309,FL,BROWARD,0,7,0,0,26.182356747714316,-80.16608963471425
33311,FL,BROWARD,1,9,0,0,26.158045280000046,-80.17793442749996
33312,FL,BROWARD,0,6,0,0,26.08597496116673,-80.184235554
33313,FL,BROWARD,1,13,0,0,26.152846882357178,-80.22751151871425
33314,FL,BROWARD,0,3,0,0,26.059302964000068,-80.2214991433333
33315,FL,BROWARD,0,1,1,0,26.09111889384777,-80.15443891049341
33316,FL,BROWARD,1,4,0,0,26.10338945380006,-80.13841529359999
33317,FL,BROWARD,1,16,0,0,26.115714392588277,-80.21563665741175
33319,FL,BROWARD,0,14,0,0,26.18392522064287,-80.2328495365
33321,FL,BROWARD,1,10,0,0,26.21833488172731,-80.2567276230909
33322,FL,BROWARD,0,6,0,0,26.151995361666717,-80.27544694766665
33323,FL,BROWARD,0,4,0,0,26.169204904250023,-80.302774134
33324,FL,BROWARD,1,5,0,0,26.124166254666687,-80.26452451833329
33325,FL,BROWARD,1,0,0,0,26.11225301,-80.348686
33326,FL,BROWARD,0,3,0,0,26.113533391333362,-80.38044624633334
33328,FL,BROWARD,1,2,0,0,26.104994317000035,-80.26114845466667
33330,FL,BROWARD,0,2,0,0,26.064071435000052,-80.32638198699996
33331,FL,BROWARD,1,4,0,0,26.061419614000044,-80.36179620999998
33332,FL,BROWARD,0,2,0,0,26.0484006410001,-80.40322261199995
33334,FL,BROWARD,1,4,0,0,26.1913764826,-80.13094568579997
33351,FL,BROWARD,1,17,0,0,26.176839977277794,-80.27280770299997
33401,FL,PALM BEACH,1,12,1,0,26.717594634471215,-80.0646848244247
33403,FL,PALM BEACH,0,3,0,0,26.797835109666703,-80.06231199566663
33404,FL,PALM BEACH,0,8,0,0,26.77817941062504,-80.06475976212498
33405,FL,PALM BEACH,0,5,0,0,26.667255200000085,-80.06182756779997
33406,FL,PALM BEACH,0,13,0,0,26.655753273538515,-80.09143085976919
33407,FL,PALM BEACH,5,5,0,0,26.75382642310003,-80.07552488489999
33408,FL,PALM BEACH,0,4,0,0,26.818758950250025,-80.06063328274998
33409,FL,PALM BEACH,0,4,0,0,26.72267711775005,-80.0916819575
33410,FL,PALM BEACH,2,11,0,0,26.825580897153877,-80.09271943053842
33411,FL,PALM BEACH,0,19,0,0,26.714698173703244,-80.22592642638995
33412,FL,PALM BEACH,0,5,0,0,26.79763814040002,-80.23984298519996
33413,FL,PALM BEACH,0,4,0,0,26.663790519000024,-80.13940099649997
33414,FL,PALM BEACH,1,20,0,0,26.65778733433338,-80.2457829910476
33415,FL,PALM BEACH,0,12,0,0,26.661010567500057,-80.12435299741664
33417,FL,PALM BEACH,0,9,0,0,26.72228807811117,-80.12339265411107
33418,FL,PALM BEACH,1,7,0,0,26.81739895012504,-80.12114590474997
33426,FL,PALM BEACH,1,8,0,0,26.518648638444485,-80.08546292333332
33428,FL,PALM BEACH,1,6,0,0,26.356481731310684,-80.20035185741844
33430,FL,PALM BEACH,1,1,0,0,26.699139698000053,-80.66937284849999
33431,FL,PALM BEACH,0,3,0,0,26.388416556333397,-80.08696183133331
33433,FL,PALM BEACH,0,16,0,0,26.345369592885632,-80.1529512815772
33434,FL,PALM BEACH,0,5,0,0,26.386354118200064,-80.17444339120001
33435,FL,PALM BEACH,1,7,0,0,26.51328243537508,-80.06508319574996
33436,FL,PALM BEACH,0,6,0,0,26.529624356846153,-80.10511051113546
33437,FL,PALM BEACH,0,3,0,0,26.515999053666764,-80.16033927233333
33440,FL,HENDRY,1,1,0,0,26.7522456865,-80.94205868149996
33442,FL,BROWARD,0,8,0,0,26.31473256275006,-80.14584071487498
33444,FL,PALM BEACH,0,1,0,0,26.4646923,-80.0825501
33445,FL,PALM BEACH,0,7,0,0,26.458084175000074,-80.10409270971422
33446,FL,PALM BEACH,0,4,0,0,26.43860136976925,-80.152749822875
33455,FL,MARTIN,0,3,0,0,27.09705124000003,-80.15757240866664
33458,FL,PALM BEACH,2,11,0,0,26.908591417615405,-80.11528390198818
33460,FL,PALM BEACH,0,10,0,0,26.617587423900034,-80.06231731429996
33461,FL,PALM BEACH,1,14,0,0,26.616437433333385,-80.09054548353332
33462,FL,PALM BEACH,1,12,0,0,26.58101455646158,-80.07584753169228
33463,FL,PALM BEACH,0,4,0,0,26.580040319000076,-80.11106502474998
33467,FL,PALM BEACH,0,10,0,0,26.599633268590402,-80.17290923329611
33469,FL,PALM BEACH,1,3,0,0,26.96849350850002,-80.09152154649999
33470,FL,PALM BEACH,1,7,0,0,26.758322714750037,-80.28723935262497
33471,FL,GLADES,0,0,1,0,26.833155973630426,-81.10337465810882
33472,FL,PALM BEACH,1,2,0,0,26.545840162,-80.15797301233333
33476,FL,PALM BEACH,0,1,0,0,26.821212243,-80.66010228
33477,FL,PALM BEACH,0,1,0,0,26.924953402,-80.0773620539999
33483,FL,PALM BEACH,0,1,0,0,26.440691917,-80.066933761
33484,FL,PALM BEACH,3,6,0,0,26.4520873522993,-80.13223099402364
33486,FL,PALM BEACH,1,4,0,0,26.360645362400042,-80.10703617019996
33487,FL,PALM BEACH,0,2,0,0,26.410941913499997,-80.0949676215
33510,FL,HILLSBOROUGH,0,11,0,0,27.953291889909146,-82.29424977663633
33511,FL,HILLSBOROUGH,1,30,0,0,27.91382370022586,-82.28843216574192
33513,FL,SUMTER,0,1,1,0,28.67234074136192,-82.10852849101911
33525,FL,PASCO,1,4,0,0,28.356303099400044,-82.19853647639998
33527,FL,HILLSBOROUGH,0,2,0,0,28.00783637700005,-82.20005931399994
33540,FL,PASCO,0,6,0,0,28.260262448500033,-82.17786447183327
33541,FL,PASCO,1,2,0,0,28.251764723333334,-82.20881419166663
33542,FL,PASCO,0,5,0,0,28.24505149500006,-82.18822364399998
33543,FL,PASCO,1,4,0,0,28.185039194200062,-82.33171454919993
33544,FL,PASCO,2,5,0,0,28.21523616500003,-82.35717620885713
33547,FL,HILLSBOROUGH,0,2,0,0,27.852864017500053,-82.08464666749995
33548,FL,HILLSBOROUGH,1,4,0,0,28.12996449780008,-82.48598349039996
33549,FL,HILLSBOROUGH,1,5,0,0,28.12716199347433,-82.45880180501692
33556,FL,PASCO,1,0,0,0,28.19138998,-82.61510632
33558,FL,HILLSBOROUGH,1,3,0,0,28.145745793500023,-82.50643105724998
33559,FL,HILLSBOROUGH,0,1,0,0,28.13482688,-82.425325953
33563,FL,HILLSBOROUGH,1,8,0,0,28.00990084964968,-82.12177605476876
33565,FL,HILLSBOROUGH,0,5,0,0,28.058200522400057,-82.16556014399998
33566,FL,HILLSBOROUGH,0,2,0,0,28.0062302460001,-82.11263069649999
33567,FL,HILLSBOROUGH,0,5,0,0,27.922194016600066,-82.12169583379998
33569,FL,HILLSBOROUGH,0,6,0,0,27.844944810833383,-82.29515085499996
33570,FL,HILLSBOROUGH,0,3,0,0,27.704967977666666,-82.41879834399997
33572,FL,HILLSBOROUGH,0,1,0,0,27.769825,-82.402544
33573,FL,HILLSBOROUGH,1,12,0,0,27.716156035164254,-82.3667245978979
33578,FL,HILLSBOROUGH,2,2,0,0,27.852432998000022,-82.32801867724997
33579,FL,HILLSBOROUGH,0,2,0,0,27.79643279400005,-82.29973876849995
33584,FL,HILLSBOROUGH,0,3,0,0,27.995283901333366,-82.27566845699997
33592,FL,HILLSBOROUGH,0,1,0,0,28.0625512570001,-82.249842155
33594,FL,HILLSBOROUGH,0,7,0,0,27.928538940857187,-82.25247971957138
33596,FL,HILLSBOROUGH,0,2,0,0,27.90432116300005,-82.25206069999999
33598,FL,HILLSBOROUGH,0,1,0,0,27.7467222,-82.3210783
33602,FL,HILLSBOROUGH,0,4,1,0,27.9619828297171,-82.45615441722782
33603,FL,HILLSBOROUGH,1,7,0,0,27.990149144750024,-82.46956616424994
33604,FL,HILLSBOROUGH,0,20,0,0,28.01902267125005,-82.46315437624996
33605,FL,HILLSBOROUGH,0,4,0,0,27.968703363000024,-82.43440495075
33606,FL,HILLSBOROUGH,2,3,0,0,27.938735526800038,-82.4654677984
33607,FL,HILLSBOROUGH,3,12,0,0,27.971497749933366,-82.49238761653332
33609,FL,HILLSBOROUGH,1,3,0,0,27.944425944000027,-82.49110369249996
33610,FL,HILLSBOROUGH,0,9,0,0,27.99892980345538,-82.42749478955076
33611,FL,HILLSBOROUGH,1,5,0,0,27.892796483500035,-82.50883547266663
33612,FL,HILLSBOROUGH,5,20,0,0,28.05755042173848,-82.44434558734135
33613,FL,HILLSBOROUGH,1,13,0,0,28.077974175179353,-82.44226035693633
33614,FL,HILLSBOROUGH,1,38,0,0,28.004734869589775,-82.50159674999998
33615,FL,HILLSBOROUGH,1,23,0,0,28.009996700750047,-82.57424822666665
33617,FL,HILLSBOROUGH,0,4,0,0,28.029044305249997,-82.40371321549993
33618,FL,HILLSBOROUGH,0,10,0,0,28.07711488716634,-82.50133803650338
33619,FL,HILLSBOROUGH,0,9,0,0,27.935608205111144,-82.37600291233332
33621,FL,HILLSBOROUGH,1,0,0,0,27.8600535,-82.5007394
33624,FL,HILLSBOROUGH,0,4,0,0,28.075678698500024,-82.52572098599997
33625,FL,HILLSBOROUGH,0,9,0,0,28.06972996955561,-82.55264543255555
33626,FL,HILLSBOROUGH,0,3,0,0,28.06574867700007,-82.615692283
33629,FL,HILLSBOROUGH,0,5,0,0,27.91631653080002,-82.4929413802
33634,FL,HILLSBOROUGH,0,14,0,0,28.007306658785744,-82.55557951878568
33637,FL,HILLSBOROUGH,1,1,0,0,28.068391045,-82.35633132499996
33647,FL,HILLSBOROUGH,0,3,0,0,28.1290548103334,-82.38174646933327
33701,FL,PINELLAS,2,10,1,0,27.77465189790852,-82.64020236747568
33702,FL,PINELLAS,0,3,0,0,27.836809668666763,-82.64440347433327
33703,FL,PINELLAS,0,2,0,0,27.819593773,-82.6189623965
33704,FL,PINELLAS,0,3,0,0,27.800840861388135,-82.63514669974157
33705,FL,PINELLAS,2,8,0,0,27.74943786194895,-82.64623294320691
33707,FL,PINELLAS,1,9,0,0,27.76062250542696,-82.7297004226
33708,FL,PINELLAS,0,2,0,0,27.81497220350005,-82.77998552449995
33709,FL,PINELLAS,1,9,0,0,27.81534240100003,-82.7261155391
33710,FL,PINELLAS,1,14,0,0,27.788277139600886,-82.72090435481087
33711,FL,PINELLAS,0,5,0,0,27.736180141200045,-82.69008441099996
33712,FL,PINELLAS,0,4,0,0,27.73227367825005,-82.67207851574997
33713,FL,PINELLAS,1,3,0,0,27.781861565750024,-82.66974201474997
33714,FL,PINELLAS,0,8,0,0,27.818292828500027,-82.67692198112496
33716,FL,PINELLAS,0,3,0,0,27.867543268333403,-82.6416327483333
33744,FL,PINELLAS,1,0,0,0,27.81021638,-82.778546
33755,FL,PINELLAS,0,5,0,0,27.98729592641198,-82.77820273905192
33756,FL,PINELLAS,1,15,0,0,27.950707590807674,-82.79280948635174
33759,FL,PINELLAS,0,8,0,0,27.984594127000037,-82.71830653749998
33760,FL,PINELLAS,0,4,0,0,27.917220636500048,-82.72006636374995
33761,FL,PINELLAS,0,8,0,0,28.038473699875038,-82.71639377212496
33763,FL,PINELLAS,0,5,0,0,27.99905946760004,-82.74910138379994
33764,FL,PINELLAS,1,9,0,0,27.977546670773524,-82.72118178144295
33765,FL,PINELLAS,0,5,0,0,27.972619752600018,-82.752905694
33770,FL,PINELLAS,2,7,0,0,27.917562266361145,-82.78865847208547
33771,FL,PINELLAS,0,11,0,0,27.91164169145459,-82.76786053499997
33772,FL,PINELLAS,0,5,0,0,27.84279029760006,-82.78938292339996
33773,FL,PINELLAS,0,1,0,0,27.8833756650001,-82.73473849
33774,FL,PINELLAS,1,5,0,0,27.883827752666715,-82.82290633916664
33776,FL,PINELLAS,0,4,0,0,27.850736120750096,-82.82230364049997
33777,FL,PINELLAS,0,5,0,0,27.85566168300008,-82.765247327
33778,FL,PINELLAS,0,5,0,0,27.88490652560006,-82.79447158999997
33781,FL,PINELLAS,0,9,0,0,27.835750773111155,-82.71315449111107
33782,FL,PINELLAS,0,7,0,0,27.85405013657147,-82.70767054285712
33801,FL,POLK,0,4,0,0,28.043773978000026,-81.95203495924994
33803,FL,POLK,1,4,0,0,28.01715185680004,-81.96915609179993
33805,FL,POLK,1,6,0,0,28.070832036142917,-81.95114524342856
33809,FL,POLK,0,11,0,0,28.10550741763641,-81.96246625936361
33810,FL,POLK,0,1,0,0,28.096190623,-81.9785219349999
33813,FL,POLK,0,4,0,0,27.97108941275005,-81.92995187074996
33815,FL,POLK,0,2,0,0,28.045459444000052,-81.97742327649995
33823,FL,POLK,0,1,0,0,28.0592182410001,-81.7709916759999
33825,FL,HIGHLANDS,0,2,0,0,27.61761014400005,-81.51522145550001
33830,FL,POLK,0,3,1,0,27.88713011503677,-81.82203163922716
33831,FL,POLK,1,0,0,0,27.91889592,-81.84421022
33837,FL,POLK,1,1,0,0,28.17132694300005,-81.62247009449996
33844,FL,POLK,0,3,0,0,28.103481005333368,-81.62653380766666
33845,FL,POLK,0,1,0,0,28.1002574710001,-81.6223860919999
33850,FL,POLK,0,3,0,0,28.09244632566673,-81.73152770633334
33852,FL,HIGHLANDS,1,3,0,0,27.316838349000026,-81.36566742749997
33853,FL,POLK,1,4,0,0,27.89662977380006,-81.57968880199999
33870,FL,HIGHLANDS,1,7,0,0,27.483230533875023,-81.43941406962497
33872,FL,HIGHLANDS,1,3,0,0,27.533447055250026,-81.51598391749997
33873,FL,HARDEE,2,5,1,0,27.529401544402994,-81.84557940931657
33875,FL,HIGHLANDS,0,1,1,0,27.44918307299062,-81.4383602382176
33880,FL,POLK,1,3,0,0,28.00664452350005,-81.75065589699994
33881,FL,POLK,1,7,0,0,28.036140016147375,-81.7304177787125
33884,FL,POLK,0,11,0,0,28.005769676454577,-81.68969983618177
33890,FL,HARDEE,0,1,0,0,27.552939715,-81.678839421
33896,FL,POLK,0,1,0,0,28.258265527,-81.622963351
33901,FL,LEE,1,6,0,0,26.625037798285742,-81.86619342828568
33903,FL,LEE,0,2,0,0,26.6638562905001,-81.90742605449995
33904,FL,LEE,0,4,0,0,26.595402724000024,-81.94309425949997
33905,FL,LEE,1,1,0,0,26.62996675000005,-81.79749479
33907,FL,LEE,0,5,0,0,26.57854597200002,-81.87581788459998
33908,FL,LEE,2,13,0,0,26.508115911133352,-81.94112319079998
33909,FL,LEE,1,7,0,0,26.666338466375034,-81.94334847262496
33912,FL,LEE,1,7,0,0,26.537068474914975,-81.84185937712076
33914,FL,LEE,0,7,0,0,26.576992803571454,-81.98733314699994
33916,FL,LEE,0,1,1,0,26.625799915156684,-81.83954238957313
33917,FL,LEE,0,1,0,0,26.688392799,-81.882903121
33919,FL,LEE,0,4,0,0,26.542056416250027,-81.88953304825
33928,FL,LEE,0,2,0,0,26.41417810750005,-81.81298187049995
33935,FL,HENDRY,0,2,1,0,26.753722811569816,-81.43236751700253
33936,FL,LEE,1,4,0,0,26.606752451200045,-81.6536421118
33947,FL,CHARLOTTE,0,1,0,0,26.8887947060001,-82.302372969
33948,FL,CHARLOTTE,0,2,0,0,27.0044279070001,-82.14249020349995
33950,FL,CHARLOTTE,2,4,1,0,26.923459269894636,-82.04615592365819
33952,FL,CHARLOTTE,2,8,0,0,26.991134498000044,-82.09745615709998
33954,FL,CHARLOTTE,0,4,0,0,27.022580005500025,-82.0898296902499
33967,FL,LEE,0,1,0,0,26.4683203450001,-81.832554886
33971,FL,LEE,0,2,0,0,26.630406747000052,-81.6990352385
33972,FL,LEE,0,5,0,0,26.646056907600062,-81.61252537199996
33973,FL,LEE,0,1,0,0,26.605337,-81.7377459
33974,FL,LEE,0,2,0,0,26.55207418050005,-81.60411495649996
33976,FL,LEE,0,2,0,0,26.58615880000005,-81.67635624999994
33980,FL,CHARLOTTE,0,6,0,0,26.97005014000005,-82.0638316413333
33983,FL,CHARLOTTE,0,5,0,0,27.009210275400058,-82.02141261940001
33990,FL,LEE,1,6,0,0,26.626118310285737,-81.95022791257144
33991,FL,LEE,0,13,0,0,26.62763441200004,-81.97886152
33993,FL,LEE,0,6,0,0,26.674593765000065,-82.03697816299997
34102,FL,COLLIER,1,2,0,0,26.155617894000063,-81.793886156
34103,FL,COLLIER,0,2,0,0,26.17929035350005,-81.7930575705
34104,FL,COLLIER,0,5,0,0,26.14357792540008,-81.73209842119998
34105,FL,COLLIER,0,5,0,0,26.18895289797988,-81.77721138233085
34108,FL,COLLIER,0,3,0,0,26.239401494333435,-81.81343401066663
34109,FL,COLLIER,1,9,0,0,26.25440921710005,-81.77366614539997
34110,FL,COLLIER,1,8,0,0,26.295121764929537,-81.79966258185628
34112,FL,COLLIER,0,2,1,0,26.123285212677384,-81.74887899044577
34113,FL,COLLIER,1,9,0,0,26.10080052700003,-81.71586793659996
34114,FL,COLLIER,1,0,0,0,26.10553542,-81.68488477
34116,FL,COLLIER,0,1,0,0,26.195940138,-81.6991123289999
34117,FL,COLLIER,0,1,0,0,26.200702,-81.6495266
34119,FL,COLLIER,2,0,0,0,26.231304010000002,-81.710855395
34120,FL,COLLIER,0,6,0,0,26.30010369050005,-81.57779401566664
34134,FL,COLLIER,0,2,0,0,26.33662984600005,-81.81540673199996
34135,FL,LEE,0,6,0,0,26.361911362500106,-81.79817233383328
34185,FL,MIAMI-DADE,0,1,0,0,25.729898103,-80.444416716
34202,FL,MANATEE,1,2,0,0,27.39207281900003,-82.43990504766661
34203,FL,MANATEE,0,5,0,0,27.447228545200023,-82.52876206999997
34205,FL,MANATEE,0,13,0,0,27.48059461384622,-82.57898682761535
34207,FL,MANATEE,0,5,0,0,27.439379240400065,-82.58438848699998
34208,FL,MANATEE,2,6,1,0,27.490802457632217,-82.53890689849733
34209,FL,MANATEE,1,16,0,0,27.49036732952946,-82.62251807376468
34210,FL,MANATEE,1,1,0,0,27.4609419805,-82.61890544849999
34211,FL,MANATEE,0,3,0,0,27.445533312000034,-82.42591959999997
34212,FL,MANATEE,0,1,0,0,27.4938109660001,-82.421056161
34221,FL,MANATEE,0,3,0,0,27.5237368806667,-82.55744569566666
34223,FL,SARASOTA,1,4,0,0,26.96845301340004,-82.34297428259998
34224,FL,CHARLOTTE,0,2,0,0,26.92666935050005,-82.32361781349991
34231,FL,SARASOTA,0,12,0,0,27.267090830166694,-82.50296978516666
34232,FL,SARASOTA,0,16,0,0,27.331228468406277,-82.4788609066899
34233,FL,SARASOTA,1,10,0,0,27.28370859454201,-82.47135260394403
34234,FL,SARASOTA,0,4,0,0,27.359979815000077,-82.52985023249995
34235,FL,SARASOTA,0,6,0,0,27.3667245876667,-82.47378784416664
34236,FL,SARASOTA,0,9,0,0,27.33919482039927,-82.54775836313652
34237,FL,SARASOTA,0,5,1,0,27.339495057575686,-82.51198727608045
34238,FL,SARASOTA,0,8,0,0,27.246391508250035,-82.47332020349992
34239,FL,SARASOTA,2,5,0,0,27.318244726571486,-82.51920690685714
34240,FL,SARASOTA,2,3,0,0,27.33060151560004,-82.42997441999997
34241,FL,SARASOTA,0,5,0,0,27.26758567640004,-82.4256790474
34243,FL,SARASOTA,0,6,0,0,27.391066920653717,-82.51932461955904
34266,FL,DESOTO,1,5,1,0,27.200224330477678,-81.86269050726355
34275,FL,SARASOTA,2,3,0,0,27.73773634600002,-82.66447437379999
34285,FL,SARASOTA,1,14,0,0,27.097678294308675,-82.44062379566206
34286,FL,SARASOTA,0,1,0,0,27.0724969629787,-82.2051888578895
34287,FL,SARASOTA,0,6,0,0,27.05229186150002,-82.22674941999993
34288,FL,SARASOTA,0,1,0,0,27.0748611487032,-82.1105996560519
34292,FL,SARASOTA,0,9,0,0,27.093338514333375,-82.39579585088886
34293,FL,SARASOTA,0,8,0,0,27.05926466955002,-82.39959167325372
34420,FL,MARION,0,4,0,0,29.054627835000076,-82.0342829125
34428,FL,CITRUS,1,3,0,0,28.941232157250024,-82.61297384949998
34429,FL,CITRUS,0,4,0,0,28.8950934175,-82.579435243
34430,FL,MARION,0,1,0,0,29.0531038500001,-82.334708926
34432,FL,MARION,0,1,0,0,29.0527784600001,-82.320081705
34434,FL,CITRUS,0,2,0,0,28.998721015,-82.4683434464999
34442,FL,CITRUS,0,2,0,0,28.8992293715,-82.44289676699995
34446,FL,CITRUS,0,1,0,0,28.731470385,-82.551290594
34448,FL,CITRUS,0,1,0,0,28.796407921,-82.578296288
34450,FL,CITRUS,0,2,0,0,28.83082576650005,-82.32288211299999
34452,FL,CITRUS,1,4,0,0,28.821575374800023,-82.3401617498
34453,FL,CITRUS,0,2,0,0,28.844022899,-82.3454927925
34461,FL,CITRUS,1,11,1,0,28.88124061767574,-82.49713381204319
34470,FL,MARION,0,2,0,0,29.1938707225,-82.09765256749995
34471,FL,MARION,3,13,1,0,29.164033083218655,-82.12923134057476
34472,FL,MARION,0,2,0,0,29.16060273750005,-82.050298589
34473,FL,MARION,0,1,0,0,29.0213016980001,-82.1818652969999
34474,FL,MARION,5,8,0,0,29.14927316515388,-82.17890198123074
34475,FL,MARION,1,1,0,0,29.21347897700005,-82.1613360295
34478,FL,MARION,0,1,0,0,29.1715432600001,-82.176453544
34481,FL,MARION,0,6,0,0,29.074604881833366,-82.26652874099996
34484,FL,SUMTER,1,6,0,0,28.92485097824474,-82.02309912583199
34491,FL,MARION,0,4,0,0,28.97399658618195,-81.98098773801064
34601,FL,HERNANDO,1,6,1,0,28.54922372496745,-82.38890286379414
34606,FL,HERNANDO,0,7,0,0,28.46488944071436,-82.59685702214283
34608,FL,HERNANDO,0,9,0,0,28.496193759888936,-82.53518944055556
34609,FL,HERNANDO,2,11,0,0,28.478521484538508,-82.51066514130767
34613,FL,HERNANDO,2,8,0,0,28.538751838400014,-82.49896580459998
34616,FL,PINELLAS,0,1,0,0,27.9559086830001,-82.796206293
34637,FL,PASCO,1,0,0,0,28.29527309,-82.48991382
34638,FL,PASCO,0,1,0,0,28.2726410000001,-82.483125
34639,FL,PASCO,0,2,0,0,28.2183988915,-82.43815635599995
34652,FL,PASCO,2,6,0,0,28.244371446250035,-82.718403452625
34653,FL,PASCO,0,17,0,0,28.238152036588307,-82.6984117518235
34654,FL,PASCO,0,2,1,0,28.317173637185615,-82.66518493069564
34655,FL,PASCO,1,4,0,0,28.194786780999998,-82.66370774379996
34667,FL,PASCO,1,11,0,0,28.352120131202174,-82.68629257417584
34668,FL,PASCO,0,5,0,0,28.294602771800037,-82.69970860999997
34669,FL,PASCO,0,1,0,0,28.3465580170001,-82.6175087459999
34677,FL,PINELLAS,0,1,0,0,28.0420884280001,-82.6701308839999
34683,FL,PINELLAS,0,5,0,0,28.07353365740006,-82.74921607399997
34684,FL,PINELLAS,0,11,0,0,28.070361868181884,-82.72959601388986
34688,FL,PINELLAS,0,4,0,0,28.146924890540923,-82.69975636229327
34689,FL,PINELLAS,1,10,0,0,28.144020082727312,-82.75522528027271
34690,FL,PASCO,0,2,0,0,28.200003215000002,-82.724479463
34695,FL,PINELLAS,1,7,0,0,28.007568152000047,-82.69857215287497
34698,FL,PINELLAS,2,18,0,0,28.021443109300066,-82.77422430239997
34711,FL,LAKE,2,12,0,0,28.550025646642894,-81.73623621535712
34715,FL,LAKE,0,2,0,0,28.59723522750005,-81.72621444
34731,FL,LAKE,0,2,0,0,28.8828282065,-81.910804869
34741,FL,OSCEOLA,1,9,0,0,28.307473834300055,-81.41300242519998
34743,FL,OSCEOLA,0,7,0,0,28.328723932285758,-81.35907793057139
34744,FL,OSCEOLA,1,5,1,0,28.306174179728497,-81.36202172770236
34746,FL,OSCEOLA,1,8,0,0,28.24533712477781,-81.44111852711109
34747,FL,OSCEOLA,1,3,0,0,28.32025142725005,-81.56718791449998
34748,FL,LAKE,3,14,0,0,28.808200802079593,-81.87352561488832
34756,FL,LAKE,0,1,0,0,28.572126,-81.686884
34758,FL,OSCEOLA,1,5,0,0,28.1686411976667,-81.48629436249995
34759,FL,POLK,0,2,0,0,28.09359292900005,-81.47522295649995
34761,FL,ORANGE,2,11,0,0,28.566087128692324,-81.52676040830767
34769,FL,OSCEOLA,2,9,0,0,28.2459512976364,-81.30997386454544
34770,FL,OSCEOLA,0,1,0,0,28.2547634360001,-81.3099126069999
34771,FL,OSCEOLA,0,3,0,0,28.295729171666704,-81.20194876466667
34772,FL,OSCEOLA,0,2,0,0,28.2203392360001,-81.31105399799995
34785,FL,SUMTER,0,5,0,0,28.873971456800042,-82.02298204259998
34786,FL,ORANGE,0,3,0,0,28.487347571000033,-81.563656633
34787,FL,ORANGE,2,10,0,0,28.539483902333373,-81.60009919716664
34788,FL,LAKE,0,3,0,0,28.854941617000033,-81.78290264666667
34946,FL,ST. LUCIE,0,3,0,0,27.5075597456667,-80.3555913846666
34947,FL,ST. LUCIE,0,4,0,0,27.442042333000078,-80.3539961505
34950,FL,ST. LUCIE,2,3,0,0,27.43576860460006,-80.34319198679998
34951,FL,ST. LUCIE,0,1,0,0,27.498301,-80.407001
34952,FL,ST. LUCIE,2,17,0,0,27.29067038126322,-80.29357134342101
34953,FL,ST. LUCIE,0,45,0,0,27.2473101688445,-80.38056497631108
34957,FL,MARTIN,0,3,0,0,27.23603804566673,-80.23248305700001
34972,FL,OKEECHOBEE,1,1,1,0,27.259364080409338,-80.83186250046639
34974,FL,OKEECHOBEE,0,1,0,0,27.2425088520001,-80.8280608439999
34981,FL,ST. LUCIE,1,3,0,0,27.38786280575,-80.35900970325
34982,FL,ST. LUCIE,0,4,0,0,27.393405861500025,-80.32709693949997
34983,FL,ST. LUCIE,0,20,1,0,27.32299164875978,-80.36050601027668
34984,FL,ST. LUCIE,0,9,0,0,27.276759229555587,-80.35030320411107
34986,FL,ST. LUCIE,0,3,0,0,27.33055162866673,-80.38789123433328
34987,FL,ST. LUCIE,1,3,0,0,27.2697029653206,-80.44098043746253
34990,FL,MARTIN,0,4,0,0,27.176603647500073,-80.28457384524992
34994,FL,MARTIN,1,9,1,0,27.184959115179037,-80.24503904005113
34997,FL,MARTIN,3,7,0,0,27.14021519380002,-80.22113208779999
35007,AL,SHELBY,1,2,0,0,33.25309044833337,-86.81625460933328
35010,AL,TALLAPOOSA,1,6,1,0,32.93212164698937,-85.95655714253945
35016,AL,MARSHALL,0,2,0,0,34.33434953050005,-86.46317315249999
35020,AL,JEFFERSON,0,2,0,0,33.429878257,-86.940759934
35022,AL,JEFFERSON,1,3,0,0,33.36430760025007,-86.91453231399997
35023,AL,JEFFERSON,0,3,0,0,33.425056740333396,-86.98773543133326
35042,AL,BIBB,1,1,1,0,32.94993248167358,-87.14883122746069
35043,AL,SHELBY,0,1,0,0,33.2799080930001,-86.642716224
35045,AL,CHILTON,0,2,1,0,32.840540828092266,-86.61936460254765
35046,AL,CHILTON,1,0,0,0,32.880286,-86.62279
35051,AL,SHELBY,0,2,0,0,33.18294186050005,-86.60138585299995
35055,AL,CULLMAN,1,5,1,0,34.158418450152574,-86.84920579798288
35056,AL,CULLMAN,0,2,0,0,34.1721132730001,-86.84759224899994
35058,AL,CULLMAN,1,1,0,0,34.20331791950005,-86.80717369999995
35071,AL,JEFFERSON,0,3,0,0,33.65646054200003,-86.80578732399995
35072,AL,COOSA,0,1,0,0,33.067891789,-86.052419115
35077,AL,CULLMAN,0,2,0,0,34.0640632500001,-86.773136443
35079,AL,BLOUNT,0,3,0,0,33.896641282000104,-86.76164016133329
35080,AL,SHELBY,0,1,0,0,33.289301879,-86.84203791
35085,AL,CHILTON,0,1,0,0,32.94206847,-86.730841337
35096,AL,TALLADEGA,0,2,0,0,33.60647202942344,-86.11895823812111
35111,AL,JEFFERSON,0,4,0,0,33.30967468825008,-87.04146449224999
35121,AL,BLOUNT,1,4,1,0,33.95141780873828,-86.47052329304836
35124,AL,SHELBY,1,2,1,0,33.31270389558397,-86.79677028048562
35125,AL,ST. CLAIR,1,7,1,0,33.59898148328442,-86.33209798562389
35127,AL,JEFFERSON,0,2,0,0,33.4885757565,-86.9566596925
35128,AL,ST. CLAIR,0,2,0,0,33.5708154615001,-86.346064017
35136,AL,COOSA,0,0,1,0,32.88684097438574,-86.22047115953939
35150,AL,TALLADEGA,1,4,0,0,33.171295889,-86.2666230764
35160,AL,TALLADEGA,0,3,1,0,33.42832627197419,-86.08576253028151
35161,AL,TALLADEGA,1,0,0,0,33.44027682,-86.0907834
35173,AL,JEFFERSON,0,3,0,0,33.62660831200003,-86.59321701366663
35204,AL,JEFFERSON,0,1,0,0,33.51092672,-86.850334988
35205,AL,JEFFERSON,2,3,0,0,33.50455736260002,-86.78843315759998
35206,AL,JEFFERSON,0,1,0,0,33.5591917840001,-86.7219437539999
35209,AL,JEFFERSON,3,7,0,0,33.45755224239706,-86.79619144267954
35210,AL,JEFFERSON,0,9,0,0,33.530487442480144,-86.69236922366277
35211,AL,JEFFERSON,1,1,0,0,33.497031783,-86.848344168
35212,AL,JEFFERSON,1,0,0,0,33.54883428,-86.7301833
35214,AL,JEFFERSON,0,2,0,0,33.55336040350005,-86.87575427899995
35215,AL,JEFFERSON,0,2,0,0,33.6419445115,-86.6583437985
35216,AL,JEFFERSON,0,5,0,0,33.40639304860006,-86.79578466619996
35217,AL,JEFFERSON,0,1,0,0,33.610913103,-86.7697723379999
35223,AL,JEFFERSON,0,1,0,0,33.4689450060001,-86.732060769
35226,AL,JEFFERSON,0,3,0,0,33.408897194666736,-86.80919707733331
35228,AL,JEFFERSON,0,1,0,0,33.476354847,-86.8998688249999
35233,AL,JEFFERSON,4,0,1,0,33.504361016449614,-86.80399782813238
35234,AL,JEFFERSON,0,2,0,0,33.53384029550005,-86.8102980865
35235,AL,JEFFERSON,1,1,0,0,33.595661336,-86.66596005
35242,AL,SHELBY,0,10,0,0,33.4297886757875,-86.68585852571252
35243,AL,JEFFERSON,1,1,0,0,33.43032783700005,-86.72756215499996
35244,AL,JEFFERSON,0,9,0,0,33.368451426115044,-86.79235208631833
35261,AL,SHELBY,1,0,0,0,33.41491921,-86.68602206
35401,AL,TUSCALOOSA,3,2,0,0,33.20965936380004,-87.52984241019998
35402,AL,TUSCALOOSA,1,0,0,0,33.219066,-87.533981
35404,AL,TUSCALOOSA,2,4,0,0,33.187228185340466,-87.51776356702094
35405,AL,TUSCALOOSA,0,2,2,0,33.159483069033016,-87.52049792595099
35406,AL,TUSCALOOSA,0,7,0,0,33.24512629112452,-87.54264262123466
35442,AL,PICKENS,0,1,0,0,33.1344901300001,-88.1694060679999
35447,AL,PICKENS,1,0,1,0,33.27452919834785,-88.0899601784482
35462,AL,GREENE,1,1,1,0,32.842871330659264,-87.88921453232705
35470,AL,SUMTER,0,0,1,0,32.60288857841792,-88.1841040810766
35474,AL,HALE,0,1,0,0,32.994659594,-87.629826323
35476,AL,TUSCALOOSA,1,8,0,0,33.23560972088893,-87.57491233177775
35481,AL,PICKENS,0,1,0,0,33.3827685260001,-88.0214233519999
35501,AL,WALKER,0,5,1,0,33.838956817044924,-87.25554672560702
35502,AL,WALKER,1,0,0,0,33.8427289,-87.23599958
35503,AL,WALKER,0,1,0,0,33.8971547538124,-87.2775407679377
35504,AL,WALKER,0,3,0,0,33.85790035433337,-87.24948035133333
35541,AL,WINSTON,0,1,0,0,34.0781150110001,-87.221531117
35549,AL,WALKER,0,1,0,0,33.8886370000001,-87.520898
35550,AL,WALKER,0,1,0,0,33.7618280140001,-87.186358206
35553,AL,WINSTON,0,1,1,0,34.15760785577904,-87.40210696352995
35555,AL,FAYETTE,1,2,1,0,33.70682011388648,-87.82600906554842
35563,AL,MARION,0,1,0,0,33.969540416,-87.917491562
35565,AL,WINSTON,1,3,0,0,34.237143007250026,-87.5997937605
35570,AL,MARION,1,2,1,0,34.11947621522434,-87.9903925529393
35582,AL,FRANKLIN,1,1,0,0,34.45399439800005,-88.14543839599995
35592,AL,LAMAR,0,1,1,0,33.73749175217114,-88.14959596996113
35594,AL,MARION,1,4,0,0,33.93361660460004,-87.82433048679995
35601,AL,MORGAN,3,2,2,0,34.59095835774274,-86.98645866944288
35602,AL,MORGAN,0,1,0,0,34.5684762820001,-87.008111519
35603,AL,MORGAN,0,6,0,0,34.560423197333385,-86.98681736233328
35609,AL,MORGAN,1,0,0,0,34.5216167,-86.96702901
35611,AL,LIMESTONE,2,4,1,0,34.79556267547249,-86.97581304497574
35613,AL,LIMESTONE,0,1,0,0,34.7792056210001,-86.928206465
35622,AL,MORGAN,0,3,0,0,34.340281721333405,-86.89015658633326
35630,AL,LAUDERDALE,1,8,1,0,34.8300082496191,-87.65690870009959
35633,AL,LAUDERDALE,0,2,0,0,34.9035154265,-87.693836621
35634,AL,LAUDERDALE,0,1,0,0,34.967528321,-87.578098779
35640,AL,MORGAN,0,1,0,0,34.4525084100001,-86.941486615
35645,AL,LAUDERDALE,0,2,0,0,34.91349193800005,-87.5285241585
35650,AL,LAWRENCE,1,1,1,0,34.491263703789095,-87.28634107771377
35653,AL,FRANKLIN,1,4,0,0,34.51247273380004,-87.72350537099996
35654,AL,FRANKLIN,0,0,1,0,34.50595764720757,-87.70291062586278
35660,AL,COLBERT,1,1,2,0,34.74694369386595,-87.69629194284806
35661,AL,COLBERT,1,5,0,0,34.73946900750003,-87.64374147649995
35674,AL,COLBERT,0,2,0,0,34.73496621100005,-87.69315008699995
35712,AL,JEFFERSON,0,1,0,0,33.6557243681309,-86.5567955559105
35740,AL,JACKSON,1,1,0,0,34.921086126,-85.7717095875
35750,AL,MADISON,0,3,0,0,34.87657213633333,-86.69992085066663
35756,AL,LIMESTONE,0,3,0,0,34.71269857390853,-86.78750504641954
35757,AL,MADISON,0,1,0,0,34.7548945090001,-86.7507050729999
35758,AL,MADISON,1,7,0,0,34.71954106087509,-86.76141992112497
35763,AL,MADISON,0,4,0,0,34.644709802011654,-86.46778021234294
35768,AL,JACKSON,1,2,0,0,34.66276069033339,-86.04841706466668
35769,AL,JACKSON,0,3,1,0,34.64334520499355,-86.03125629384158
35801,AL,MADISON,4,4,0,0,34.70795066637504,-86.5757215755
35802,AL,MADISON,0,12,0,0,34.67704105066671,-86.5679978675833
35803,AL,MADISON,0,3,0,0,34.60644701200003,-86.56000094766664
35805,AL,MADISON,0,2,0,0,34.716494340500105,-86.6310157059999
35806,AL,MADISON,1,3,0,0,34.74602191756888,-86.66827964016234
35809,AL,MADISON,1,0,0,0,34.6962142,-86.66023089
35810,AL,MADISON,0,3,0,0,34.759334013333365,-86.59693749166665
35811,AL,MADISON,1,1,1,0,34.76307738986113,-86.56698470714439
35901,AL,ETOWAH,1,4,0,0,34.02686648000004,-85.97397444619999
35902,AL,ETOWAH,0,1,0,0,33.974488384,-85.984255108
35903,AL,ETOWAH,2,1,1,0,33.99685443357353,-85.99188931994604
35904,AL,ETOWAH,1,1,0,0,34.03104962900005,-86.0250695015
35905,AL,ETOWAH,0,3,0,0,33.955479314,-85.92294006266663
35906,AL,ETOWAH,0,2,0,0,33.94912809000005,-86.03166158249991
35951,AL,MARSHALL,0,5,0,0,34.299523023274624,-86.2550762432477
35952,AL,ETOWAH,0,1,0,0,34.0346930640001,-86.319802403
35953,AL,ST. CLAIR,0,1,0,0,33.8748500140001,-86.296968555
35954,AL,ETOWAH,0,3,0,0,33.99449137566676,-86.12119033399993
35957,AL,MARSHALL,1,2,0,0,34.21985475433337,-86.16087944399997
35960,AL,CHEROKEE,1,2,2,0,34.16509934017447,-85.65999726182989
35961,AL,DEKALB,0,1,0,0,34.2735007160001,-85.8570404879999
35962,AL,DEKALB,0,1,0,0,34.295982242,-85.987259942
35967,AL,DEKALB,0,1,1,0,34.439588467125965,-85.73839937402144
35968,AL,DEKALB,1,3,0,0,34.4514071705,-85.74932642249999
35971,AL,DEKALB,0,1,0,0,34.436169853,-85.9180480109999
35976,AL,MARSHALL,1,3,1,0,34.34610012172156,-86.31725531002851
36022,AL,AUTAUGA,0,2,0,0,32.50506606000005,-86.41676904399995
36025,AL,ELMORE,0,1,0,0,32.5606269720001,-86.3246579789999
36027,AL,BARBOUR,1,3,1,0,31.893176236485765,-85.15001815382281
36033,AL,BUTLER,1,1,0,0,31.63759485600005,-86.73948091949995
36037,AL,BUTLER,1,4,1,0,31.84139447663483,-86.62411530835435
36040,AL,LOWNDES,0,1,1,0,32.181707710438594,-86.58140708848788
36049,AL,CRENSHAW,2,2,1,0,31.7032604445468,-86.26598323656117
36054,AL,ELMORE,0,1,0,0,32.5150032710001,-86.3744338339999
36066,AL,AUTAUGA,0,2,0,0,32.4791772105001,-86.42349241549995
36067,AL,AUTAUGA,1,2,1,0,32.470244041577516,-86.45883494061033
36078,AL,ELMORE,1,1,0,0,32.55140709,-85.92580135199995
36081,AL,PIKE,1,4,1,0,31.78307043348555,-85.94992087232033
36083,AL,MACON,1,1,1,0,32.43656327789494,-85.69993634692885
36089,AL,BULLOCK,1,1,1,0,32.14229990711093,-85.7073170301965
36092,AL,ELMORE,1,3,1,0,32.55111561458322,-86.21126991508017
36104,AL,MONTGOMERY,0,1,1,0,32.37528571850116,-86.3047050686259
36106,AL,MONTGOMERY,2,1,0,0,32.36440109600004,-86.2836359913333
36107,AL,MONTGOMERY,0,1,0,0,32.38707293,-86.28266352
36108,AL,MONTGOMERY,0,1,1,0,32.351515649235964,-86.33341233310827
36109,AL,MONTGOMERY,2,5,0,0,32.378619783285764,-86.22532501899998
36110,AL,MONTGOMERY,0,1,0,0,32.425002439,-86.2867358829999
36111,AL,MONTGOMERY,1,1,0,0,32.330478823,-86.27582726749995
36112,AL,MONTGOMERY,1,0,0,0,32.3758145,-86.3460928
36116,AL,MONTGOMERY,2,5,1,0,32.32341903734759,-86.25939286167949
36117,AL,MONTGOMERY,1,13,0,0,32.36947563885719,-86.1734248882857
36201,AL,CALHOUN,0,0,2,0,33.69121614724524,-85.82427171196875
36202,AL,CALHOUN,2,0,0,0,33.655615225,-85.82324088
36203,AL,CALHOUN,0,1,0,0,33.6073162910001,-85.830256762
36207,AL,CALHOUN,2,5,0,0,33.64429078671433,-85.80109522614286
36251,AL,CLAY,1,1,0,0,33.276688568000054,-85.8235725835
36260,AL,TALLADEGA,0,2,0,0,33.5846934530001,-86.00619739549995
36264,AL,CLEBURNE,0,3,1,0,33.63978119048642,-85.58718042861986
36265,AL,CALHOUN,1,4,0,0,33.79849698100004,-85.76758428599996
36266,AL,CLAY,0,1,1,0,33.29832888945823,-85.76708554243632
36272,AL,CALHOUN,0,2,0,0,33.907183857000106,-85.607614676
36274,AL,RANDOLPH,0,3,1,0,33.153288626745216,-85.37573413561799
36278,AL,RANDOLPH,1,1,0,0,33.31366967350005,-85.476760794
36301,AL,HOUSTON,3,0,2,0,31.204527780217393,-85.37248546640166
36302,AL,HOUSTON,1,1,0,0,31.213860323,-85.37698576049999
36303,AL,HOUSTON,0,7,0,0,31.249668158796187,-85.45817722216673
36305,AL,HOUSTON,1,5,0,0,31.227401565000033,-85.44878169466664
36310,AL,HENRY,0,3,1,0,31.554301026728474,-85.2619580795576
36323,AL,COFFEE,0,2,0,0,31.4341102110001,-86.0888706685
36330,AL,COFFEE,1,3,1,0,31.33053145061951,-85.85091558892918
36331,AL,COFFEE,0,2,0,0,31.3160805350001,-85.8473414379999
36340,AL,GENEVA,1,3,1,0,31.04267233852217,-85.88348705091775
36344,AL,GENEVA,0,2,0,0,31.102453601,-85.6787452105
36345,AL,HENRY,0,1,0,0,31.350993685,-85.333584865
36360,AL,DALE,1,3,1,0,31.44368687146585,-85.65034633965794
36401,AL,CONECUH,1,1,1,0,31.42760780192153,-86.95229028359279
36420,AL,COVINGTON,1,3,1,0,31.284477160993447,-86.49425290307929
36426,AL,ESCAMBIA,0,2,1,0,31.12349402829696,-87.07451706688146
36427,AL,ESCAMBIA,1,1,0,0,31.12603945500005,-87.07502115
36442,AL,COVINGTON,1,1,0,0,31.001925952500052,-86.312275708
36446,FL,CITRUS,0,1,0,0,28.728651728,-82.523008902
36451,AL,CLARKE,1,0,1,0,31.69257620757984,-87.76774327919432
36460,AL,MONROE,1,3,1,0,31.50738156247578,-87.32257956543901
36467,AL,COVINGTON,1,2,0,0,31.297069125000036,-86.25533464333334
36484,FL,PINELLAS,0,1,0,0,28.0665559120001,-82.730468872
36502,AL,ESCAMBIA,1,3,0,0,31.01584956800002,-87.48187782725
36507,AL,BALDWIN,1,2,0,0,30.890086090000036,-87.784065394
36518,AL,WASHINGTON,1,1,1,0,31.458936491826808,-88.23354922871918
36522,AL,MOBILE,0,1,0,0,31.092288554,-88.243310373
36526,AL,BALDWIN,1,7,0,0,30.631366390500073,-87.86605626624993
36527,AL,BALDWIN,0,2,0,0,30.668851213,-87.905540798
36532,AL,BALDWIN,1,5,0,0,30.52287430040853,-87.8736138515369
36533,AL,BALDWIN,0,1,0,0,30.520449028,-87.905406161
36535,AL,BALDWIN,1,2,0,0,30.428942478666738,-87.68707512566668
36536,AL,BALDWIN,0,1,0,0,30.407379,-87.672994
36541,AL,MOBILE,0,2,0,0,30.523808735000102,-88.35079251649995
36542,AL,BALDWIN,0,1,0,0,30.324222929,-87.681987565
36545,AL,CLARKE,1,2,0,0,31.52454254533337,-87.8931656693333
36559,AL,BALDWIN,0,1,0,0,30.555257,-87.898677
36567,AL,BALDWIN,0,1,2,0,30.564051850665592,-87.70870806524647
36572,AL,MOBILE,0,1,0,0,30.848246105,-88.0703855039999
36582,AL,MOBILE,0,1,0,0,30.5739886420001,-88.168894226
36603,AL,MOBILE,0,2,2,0,30.687855121601427,-88.05333679742908
36604,AL,MOBILE,1,1,0,0,30.68992415150005,-88.071740774
36605,AL,MOBILE,0,1,0,0,30.652327713,-88.102902582
36607,AL,MOBILE,2,4,0,0,30.693238205166704,-88.09457361766664
36608,AL,MOBILE,1,6,0,0,30.6921019851429,-88.16648354585712
36609,AL,MOBILE,0,2,0,0,30.66678790350005,-88.1716677325
36613,AL,MOBILE,0,1,0,0,30.7620378010001,-88.130513808
36617,AL,MOBILE,1,1,0,0,30.71217626000005,-88.08610597399999
36618,FL,HILLSBOROUGH,0,1,0,0,28.08752824,-82.4906145269999
36685,AL,MOBILE,1,0,0,0,30.67932766,-88.19907937
36693,AL,MOBILE,1,7,0,0,30.623399557409,-88.16881481486774
36695,AL,MOBILE,0,8,0,0,30.652061407750047,-88.20393745524996
36701,AL,DALLAS,1,4,1,0,32.42152498166756,-87.05455853390123
36703,AL,DALLAS,0,1,0,0,32.440954403,-87.0151550739999
36726,AL,WILCOX,1,1,1,0,31.998224967894163,-87.29862712723728
36732,AL,MARENGO,1,3,0,0,32.500910162000025,-87.82571904825
36744,AL,HALE,1,1,1,0,32.696158152164976,-87.58741143401313
36748,AL,MARENGO,0,2,2,0,32.304599271324065,-87.79648545138653
36756,AL,PERRY,0,2,1,0,32.61835030113579,-87.3109717911525
36784,AL,CLARKE,1,1,0,0,31.90374723750005,-87.74101027649995
36801,AL,LEE,1,2,1,0,32.641216871509194,-85.39155351859827
36802,AL,LEE,0,1,0,0,32.638979552,-85.404422473
36830,AL,LEE,0,7,0,0,32.62168990357147,-85.45489455314282
36853,AL,TALLAPOOSA,1,3,0,0,32.82489994775,-85.76027781349997
36854,AL,CHAMBERS,1,4,1,0,32.82325173783199,-85.178717502943
36862,AL,CHAMBERS,0,2,0,0,32.884110218500055,-85.41026861899995
36863,AL,CHAMBERS,0,1,0,0,32.8574592000001,-85.195788303
36864,AL,CHAMBERS,0,1,0,0,32.8246999560001,-85.168879609
36867,AL,RUSSELL,2,2,1,0,32.4937013563684,-85.02549304599742
36869,AL,RUSSELL,0,1,0,0,32.4482129460001,-85.020569945
36877,AL,LEE,0,1,0,0,32.53386721,-85.091949067
36904,AL,CHOCTAW,1,1,1,0,32.08744279435487,-88.2131686997378
36925,AL,SUMTER,1,2,0,0,32.500892399666704,-88.28399667500001
37010,TN,ROBERTSON,0,1,0,0,36.576303587,-87.070231239
37013,TN,DAVIDSON,0,3,0,0,36.0364887890001,-86.60902167966664
37015,TN,CHEATHAM,1,3,1,0,36.26437585127063,-87.05122505356063
37027,TN,WILLIAMSON,0,11,0,0,36.01496768527279,-86.77988745345452
37030,TN,SMITH,1,2,1,0,36.26081459417887,-85.96046785534494
37033,TN,HICKMAN,1,2,1,0,35.78072260813906,-87.4617021684757
37040,TN,MONTGOMERY,1,1,1,0,36.55962191795743,-87.29451792888995
37042,TN,MONTGOMERY,0,1,0,0,36.5795660000001,-87.4183189999999
37043,TN,MONTGOMERY,0,10,0,0,36.53353280840006,-87.28467244149996
37055,TN,DICKSON,1,5,1,0,36.082120463170945,-87.38115014293962
37058,TN,STEWART,0,1,1,0,36.485319032046206,-87.82902737860641
37061,TN,HOUSTON,1,1,1,0,36.31708814477056,-87.69802909665218
37062,TN,WILLIAMSON,0,1,0,0,35.9814649142623,-87.1188288110048
37064,TN,WILLIAMSON,0,9,1,0,35.919769400300716,-86.8718540567292
37066,TN,SUMNER,1,7,1,0,36.37746236408613,-86.4656267859202
37067,TN,WILLIAMSON,2,5,0,0,35.923859531142895,-86.82476819499996
37069,TN,WILLIAMSON,0,1,0,0,35.9416373060001,-86.8348414179999
37072,TN,SUMNER,0,4,0,0,36.32209115800002,-86.70478875199998
37074,TN,TROUSDALE,1,2,1,0,36.39272387948756,-86.1616060795687
37075,TN,SUMNER,1,10,0,0,36.31215066045463,-86.603669522
37076,TN,DAVIDSON,1,4,0,0,36.191110418400044,-86.61046349439998
37083,TN,MACON,1,3,1,0,36.51414929590285,-86.01418930162961
37087,TN,WILSON,2,8,1,0,36.214463090159576,-86.29599126736713
37091,TN,MARSHALL,1,3,1,0,35.45463560231811,-86.80181061738446
37096,TN,PERRY,1,1,1,0,35.60569164870045,-87.8467938145191
37110,TN,WARREN,1,5,1,0,35.68823140973154,-85.77392997547972
37115,TN,DAVIDSON,2,5,0,0,36.250163222857154,-86.72555981199994
37122,TN,WILSON,0,6,0,0,36.1941842151667,-86.50866558549997
37128,TN,RUTHERFORD,0,2,0,0,35.8288389225001,-86.4555603495
37129,TN,RUTHERFORD,4,9,0,0,35.880892652615444,-86.40385307192304
37130,TN,RUTHERFORD,0,5,1,0,35.8381858198176,-86.3751866922604
37138,TN,DAVIDSON,0,1,0,0,36.2583922850001,-86.658913173
37142,TN,MONTGOMERY,0,1,0,0,36.4385101340001,-87.4880812009999
37148,TN,SUMNER,4,4,0,0,36.54005092112503,-86.52245555075
37150,TN,MACON,0,1,0,0,36.535245565,-85.850686143
37152,TN,ROBERTSON,0,1,0,0,36.3974273950001,-86.774402288
37160,TN,BEDFORD,2,4,1,0,35.50516399463998,-86.46535678560645
37166,TN,DEKALB,1,3,1,0,35.95426267732326,-85.82864034707336
37167,TN,RUTHERFORD,1,5,0,0,35.975532672500016,-86.53624919366666
37172,TN,ROBERTSON,1,6,1,0,36.49346939923805,-86.88701137048089
37174,TN,MAURY,0,6,0,0,35.750546990500084,-86.91651518999994
37185,TN,HUMPHREYS,1,3,1,0,36.08486821292684,-87.80228942657499
37186,TN,SUMNER,0,1,0,0,36.5625068430001,-86.261450532
37187,TN,DICKSON,0,1,0,0,36.118671571,-87.228063522
37188,TN,ROBERTSON,0,1,0,0,36.460475,-86.66574
37189,TN,DAVIDSON,0,1,0,0,36.2384766850001,-86.802166434
37190,TN,CANNON,1,1,1,0,35.8287058943289,-86.07121106430276
37203,TN,DAVIDSON,6,2,1,0,36.15226013458947,-86.80220836443965
37205,TN,DAVIDSON,1,6,0,0,36.11564385828576,-86.85198671799996
37206,TN,DAVIDSON,1,0,0,0,36.1829242,-86.749573
37207,TN,DAVIDSON,1,1,0,0,36.262836465,-86.76497949
37208,TN,DAVIDSON,2,1,0,0,36.168810599000004,-86.81191442199999
37210,TN,DAVIDSON,0,1,0,0,36.144668181,-86.754652114
37211,TN,DAVIDSON,1,2,0,0,36.057267630333364,-86.72716509833333
37212,TN,DAVIDSON,2,1,0,0,36.13859867,-86.80089355533329
37214,TN,DAVIDSON,0,2,0,0,36.1732272280001,-86.66471203149996
37215,TN,DAVIDSON,0,5,0,0,36.097220158800056,-86.8210534524
37216,TN,DAVIDSON,0,1,1,0,36.21885845929968,-86.7344050123053
37218,TN,DAVIDSON,0,2,0,0,36.193960343499995,-86.85451737899996
37221,TN,DAVIDSON,0,9,0,0,36.04591919666672,-86.6140943353333
37232,TN,DAVIDSON,1,0,0,0,36.14083601,-86.8021667
37236,TN,DAVIDSON,1,0,0,0,36.154044252,-86.801876357
37243,TN,DAVIDSON,0,0,1,0,36.16704865327906,-86.7831999868303
37250,TN,RUTHERFORD,1,0,0,0,35.843107423,-86.342151108
37301,TN,GRUNDY,0,0,1,0,35.4269697533924,-85.72182558173299
37303,TN,MCMINN,1,5,1,0,35.43273307997715,-84.60478253757363
37307,TN,POLK,0,0,1,0,35.168665170844626,-84.64210374631838
37311,TN,BRADLEY,2,2,1,0,35.17173086654358,-84.88187130682938
37312,TN,BRADLEY,1,9,0,0,35.19575619943847,-84.86893470351681
37315,TN,HAMILTON,0,1,0,0,35.062082866,-85.0737297699999
37317,TN,POLK,1,1,0,0,35.029672950000005,-84.387260255
37318,TN,FRANKLIN,0,1,0,0,35.1615063340001,-86.021008965
37321,TN,RHEA,1,3,0,0,35.525118905,-85.01109953299998
37322,TN,MEIGS,0,1,1,0,35.52157049378953,-84.79260379272316
37327,TN,SEQUATCHIE,1,1,1,0,35.38529294470172,-85.38451826080372
37331,TN,MCMINN,1,2,0,0,35.345840296000034,-84.52373190833333
37332,TN,RHEA,0,0,1,0,35.589370927831844,-84.93794157193099
37334,TN,LINCOLN,1,4,1,0,35.15334590864397,-86.55511440423749
37343,TN,HAMILTON,1,6,0,0,35.13921264749454,-85.23745268347989
37347,TN,MARION,1,0,1,0,35.063773255073286,-85.62667220917976
37352,TN,MOORE,0,1,1,0,35.291239194759,-86.37118901557523
37354,TN,MONROE,0,1,1,0,35.5107694856562,-84.39347656572542
37355,TN,COFFEE,2,5,1,0,35.48283610850851,-86.07900331290655
37356,TN,GRUNDY,0,1,0,0,35.2440500000001,-85.828815
37363,TN,HAMILTON,0,5,0,0,35.05829272480002,-85.07389785339993
37365,TN,GRUNDY,0,1,0,0,35.381144244,-85.55956127
37367,TN,BLEDSOE,1,1,1,0,35.612319624239326,-85.1936643496157
37375,TN,FRANKLIN,2,1,0,0,35.207876503,-85.91391699866666
37377,TN,HAMILTON,0,3,0,0,35.123571183030464,-85.36477382980706
37379,TN,HAMILTON,0,1,0,0,35.2331481470001,-85.174546014
37380,TN,MARION,0,1,0,0,35.001081895,-85.7075782329999
37381,TN,RHEA,0,1,0,0,35.678214848,-84.86925381
37387,TN,GRUNDY,0,1,0,0,35.2422915220001,-85.725941101
37388,TN,COFFEE,1,4,0,0,35.376926914000045,-86.22861547439996
37389,TN,COFFEE,1,0,0,0,35.38395512,-86.03722685
37397,TN,MARION,1,1,0,0,35.2002992415,-85.51504907699996
37398,TN,FRANKLIN,1,5,1,0,35.1745266018894,-86.0911292584756
37402,TN,HAMILTON,2,0,1,0,35.0469251274688,-85.30483231041738
37403,TN,HAMILTON,3,1,1,0,35.049554155734334,-85.29131923695553
37404,TN,HAMILTON,3,1,0,0,35.03696810775003,-85.26291030875
37405,TN,HAMILTON,0,4,0,0,35.108714199750025,-85.32098348125
37410,TN,HAMILTON,0,1,0,0,34.98695493,-85.322329161
37412,TN,HAMILTON,1,1,0,0,34.9934721885,-85.212192518
37415,TN,HAMILTON,1,0,0,0,35.1235785,-85.30202706
37421,TN,HAMILTON,3,10,0,0,35.0387642585385,-85.14133735876923
37601,TN,WASHINGTON,2,5,0,0,36.34693251857147,-82.36696873371427
37604,TN,WASHINGTON,3,8,2,0,36.3244025637159,-82.3824404654105
37615,TN,WASHINGTON,0,1,0,0,36.40514282,-82.4405168499999
37617,TN,SULLIVAN,0,2,1,0,36.51017015972203,-82.34346368564127
37620,TN,SULLIVAN,2,3,0,0,36.57444419100002,-82.23274124219998
37641,TN,GREENE,0,1,0,0,36.214157304,-82.682842201
37642,TN,HAWKINS,0,1,0,0,36.521681587,-82.7336599
37643,TN,CARTER,1,6,1,0,36.339339117751955,-82.23041986675105
37650,TN,UNICOI,2,4,1,0,36.135599628145094,-82.41560624992617
37659,TN,WASHINGTON,0,1,0,0,36.288976973,-82.491480935
37660,TN,SULLIVAN,4,13,0,0,36.5553397216749,-82.54786369666408
37663,TN,SULLIVAN,0,1,0,0,36.485462,-82.5000439999999
37664,TN,SULLIVAN,0,3,0,0,36.508576355000066,-82.51811542233332
37681,TN,WASHINGTON,0,1,0,0,36.234570089,-82.619425161
37683,TN,JOHNSON,1,2,1,0,36.46027627662302,-81.7987892566523
37684,TN,WASHINGTON,1,0,0,0,36.30913796,-82.37020633
37687,TN,CARTER,0,1,0,0,36.1867721740001,-82.030881
37705,TN,ANDERSON,0,1,0,0,36.189610671,-84.056392391
37716,TN,ANDERSON,0,3,1,0,36.12022911110142,-84.12275724406555
37725,TN,JEFFERSON,0,1,1,0,36.02972109825065,-83.427325517442
37743,TN,GREENE,0,4,0,0,36.16717262500008,-82.81268662999996
37745,TN,GREENE,2,1,1,0,36.17026462196705,-82.80670062174495
37748,TN,ROANE,2,1,0,0,35.9024521796667,-84.57458687033333
37752,TN,CLAIBORNE,0,1,0,0,36.579624229,-83.6408634269999
37756,TN,SCOTT,0,1,1,0,36.40947556905784,-84.48593938821078
37757,TN,CAMPBELL,0,0,1,0,36.32709125619709,-84.19145159592233
37760,TN,JEFFERSON,1,4,0,0,36.10961244040006,-83.49564722059998
37762,TN,CAMPBELL,1,1,0,0,36.572993674500054,-84.12790425599995
37763,TN,ROANE,0,2,0,0,35.86505645250005,-84.50137690149995
37766,TN,CAMPBELL,1,3,0,0,36.38093654550005,-84.12273496725
37769,TN,ANDERSON,0,1,0,0,36.2135967200001,-84.1438038909999
37771,TN,LOUDON,0,1,0,0,35.794167262,-84.269636153
37772,TN,LOUDON,1,2,0,0,35.8261601993334,-84.26914104066664
37774,TN,LOUDON,0,4,1,0,35.72105319624828,-84.32579553466668
37777,TN,BLOUNT,1,1,0,0,35.856854840000054,-84.008145205
37801,TN,BLOUNT,0,3,1,0,35.745384961081186,-83.98566766308574
37802,TN,BLOUNT,0,1,0,0,35.7742436130001,-83.958737539
37803,TN,BLOUNT,0,4,0,0,35.730517912750074,-83.975303705
37804,TN,BLOUNT,1,6,0,0,35.760044593776584,-83.93644235981802
37807,TN,UNION,0,1,1,0,36.25288361102183,-83.78563091377477
37814,TN,HAMBLEN,2,4,1,0,36.216239153146496,-83.30677611513998
37821,TN,COCKE,1,3,1,0,35.96599520630127,-83.19856409259688
37825,TN,CLAIBORNE,0,1,0,0,36.4502531300001,-83.5896735009999
37830,TN,ANDERSON,1,7,0,0,36.02236070587504,-84.23683703612494
37841,TN,SCOTT,1,1,0,0,36.504913629,-84.5163378945
37849,TN,KNOX,3,4,0,0,36.05139191686082,-83.99990530181633
37854,TN,ROANE,1,2,1,0,35.87328555164994,-84.67657804570332
37857,TN,HAWKINS,1,2,1,0,36.41466901915907,-82.99514385434658
37861,TN,GRAINGER,0,1,1,0,36.28212440414481,-83.5185914559988
37862,TN,SEVIER,1,5,1,0,35.85769115462517,-83.54470613105882
37863,TN,SEVIER,0,1,0,0,35.784702205,-83.5621102059999
37869,TN,HANCOCK,1,1,1,0,36.53332533108758,-83.21497634643846
37874,TN,MONROE,1,4,0,0,35.59389523000003,-84.4719179226
37876,TN,SEVIER,0,1,0,0,35.9198883550001,-83.64625039
37879,TN,CLAIBORNE,1,1,1,0,36.448651247142806,-83.57503364214456
37887,TN,MORGAN,0,1,1,0,36.10234689110695,-84.58985017784973
37890,TN,JEFFERSON,0,1,0,0,36.1030329776406,-83.2904759863903
37909,TN,KNOX,1,5,0,0,35.943169512500056,-84.03379063866664
37912,TN,KNOX,0,3,0,0,36.0174410350001,-83.96306845233327
37914,TN,KNOX,0,2,0,0,35.99538768000005,-83.86019589499989
37916,TN,KNOX,6,2,0,0,35.957256651875,-83.93726535949999
37917,TN,KNOX,0,5,1,0,35.98581281558395,-83.92785017290711
37918,TN,KNOX,0,2,0,0,36.054909086,-83.88646203199995
37919,TN,KNOX,0,3,0,0,35.9235180616667,-84.023059204
37920,TN,KNOX,3,1,1,0,35.98896151531922,-83.70750011189783
37921,TN,KNOX,1,0,0,0,35.97407687,-84.00757885
37922,TN,KNOX,1,7,0,0,35.883596156750066,-84.09461803149999
37923,TN,KNOX,1,5,0,0,35.92020654150007,-84.09128421366665
37931,TN,KNOX,0,3,0,0,35.96801167233337,-84.13502709199993
37934,TN,KNOX,2,4,0,0,35.877383504000036,-84.16907799183332
37938,TN,KNOX,0,1,0,0,36.089987777,-83.9357188659999
37984,TN,KNOX,0,1,0,0,35.8882705400001,-84.16586291
38001,TN,CROCKETT,0,1,1,0,35.786933766688904,-89.1227103723851
38006,TN,CROCKETT,0,2,0,0,35.732520782500046,-89.06664243349995
38008,TN,HARDEMAN,1,2,1,0,35.27497237206965,-89.01477910842056
38012,TN,HAYWOOD,1,2,1,0,35.59880463071583,-89.24486205244517
38016,TN,SHELBY,0,2,0,0,35.16879635350005,-89.81585674499996
38017,TN,SHELBY,1,7,0,0,35.05771979938739,-89.70686337123804
38018,TN,SHELBY,0,3,0,0,35.14836324319097,-89.78998989869824
38019,TN,TIPTON,1,4,1,0,35.54559888963308,-89.66622078754908
38024,TN,DYER,1,3,1,0,36.047791704172596,-89.38294833680081
38036,TN,FAYETTE,0,1,0,0,35.3238381360001,-89.622877176
38053,TN,SHELBY,0,1,0,0,35.3422906530001,-89.894693823
38063,TN,LAUDERDALE,1,3,1,0,35.7420463676433,-89.5471964032559
38068,TN,FAYETTE,1,3,1,0,35.25238275563051,-89.38231831119
38079,TN,LAKE,0,1,1,0,36.37237421023936,-89.4696697182862
38080,TN,LAKE,0,1,0,0,36.2647262250001,-89.488188732
38103,TN,SHELBY,5,1,0,0,35.14245861,-90.03174785333333
38104,TN,SHELBY,5,2,0,0,35.13357359385717,-89.99197401414287
38105,TN,SHELBY,2,0,1,0,35.15021042035207,-90.0394820579259
38107,TN,SHELBY,0,1,0,0,35.1829771910001,-90.0465706429999
38109,TN,SHELBY,0,1,0,0,35.1084045360001,-90.068705182
38111,TN,SHELBY,0,4,0,0,35.13242329600008,-89.94920464925
38112,TN,SHELBY,0,1,0,0,35.1543660940001,-90.0070009629999
38115,TN,SHELBY,0,4,0,0,35.05094163700002,-89.84414708124997
38116,TN,SHELBY,2,2,0,0,35.030285859500026,-90.0232368245
38117,TN,SHELBY,0,2,0,0,35.1104266761905,-89.90449794433596
38118,TN,SHELBY,2,1,0,0,35.06621977000004,-89.934293867
38119,TN,SHELBY,1,6,0,0,35.08177006671431,-89.8530113478571
38120,TN,SHELBY,3,3,0,0,35.11615401750005,-89.85458084316663
38125,TN,SHELBY,0,4,0,0,35.04666925825005,-89.780055849
38127,TN,SHELBY,0,1,0,0,35.199404993,-89.9846261329999
38128,TN,SHELBY,4,2,0,0,35.23753504683335,-89.90707661283334
38133,TN,SHELBY,1,3,0,0,35.22502543700005,-89.79789660124996
38134,TN,SHELBY,0,7,0,0,35.19509077400006,-89.84757414814284
38135,TN,SHELBY,0,1,0,0,35.2328800120001,-89.890574305
38138,TN,SHELBY,4,5,0,0,35.092726512000034,-89.79682049111112
38139,TN,SHELBY,0,1,0,0,35.0635334620001,-89.7533405739999
38201,TN,CARROLL,1,2,0,0,36.1303133973334,-88.5013520733333
38225,TN,WEAKLEY,0,2,1,0,36.285599885539135,-88.72658084175306
38237,TN,WEAKLEY,2,3,0,0,36.33473408540004,-88.8696857002
38242,TN,HENRY,1,4,1,0,36.294195420822284,-88.30740530015571
38251,TN,HENRY,0,1,0,0,36.4414211770001,-88.33893825
38261,TN,OBION,1,6,1,0,36.42093463339453,-89.05789060009641
38301,TN,MADISON,4,5,1,0,35.627871836448264,-88.82076343812963
38305,TN,MADISON,1,7,1,0,35.68167578826163,-88.83950745001512
38310,TN,MCNAIRY,0,1,0,0,35.2302196000001,-88.3819334999999
38317,TN,CARROLL,0,1,0,0,36.03669947,-88.250202481
38320,TN,BENTON,1,1,1,0,36.054740962699285,-88.10904376648064
38329,TN,DECATUR,0,1,1,0,35.58448921514614,-88.12474287414358
38330,TN,GIBSON,0,1,0,0,36.091339035,-89.0032793519999
38340,TN,CHESTER,0,2,1,0,35.447760124227706,-88.6258518644343
38343,TN,GIBSON,1,6,0,0,35.78864793528576,-88.88564556842854
38344,TN,CARROLL,1,2,1,0,36.023721668491945,-88.41182447927329
38345,TN,HENDERSON,0,1,0,0,35.6730782880001,-88.5419720089999
38351,TN,HENDERSON,1,4,1,0,35.66301805050978,-88.39323681573502
38355,TN,GIBSON,0,1,0,0,35.797065,-88.784609
38358,TN,GIBSON,1,4,0,0,35.904157847200004,-88.75866727359997
38363,TN,DECATUR,1,2,0,0,35.64407562966673,-88.12307327066661
38372,TN,HARDIN,1,6,1,0,35.21516312449504,-88.21062558084917
38375,TN,MCNAIRY,0,2,1,0,35.16290221900709,-88.56766675359813
38382,TN,GIBSON,1,1,1,0,36.019745341453806,-88.78888675020922
38401,TN,MAURY,1,8,2,0,35.603898310513806,-87.07781304967396
38449,TN,GILES,0,2,0,0,35.000944774000004,-86.86378167049995
38462,TN,LEWIS,0,1,1,0,35.551806579815185,-87.55695611264423
38464,TN,LAWRENCE,1,6,1,0,35.25600136034092,-87.33740468286405
38474,TN,MAURY,0,1,0,0,35.544620681,-87.217357527
38478,TN,GILES,1,4,1,0,35.19376248852433,-87.01423067011326
38485,TN,WAYNE,1,3,1,0,35.32416501015926,-87.75732625396493
38501,TN,PUTNAM,1,4,2,0,36.15478476052402,-85.50190239614444
38506,TN,PUTNAM,0,3,0,0,36.16180397633334,-85.46497117966668
38549,TN,PICKETT,0,1,1,0,36.57408700152589,-85.136744043572
38551,TN,CLAY,1,1,1,0,36.544667708418864,-85.50389824235367
38555,TN,CUMBERLAND,1,5,1,0,35.96381308909842,-85.00083605262253
38556,TN,FENTRESS,1,1,1,0,36.429521520208574,-84.93908007490477
38558,TN,CUMBERLAND,0,1,0,0,36.0237030000001,-84.855315
38562,TN,JACKSON,1,2,1,0,36.366092910564106,-85.64570617839206
38570,TN,OVERTON,1,1,1,0,36.389337638724534,-85.32781981875428
38574,TN,PUTNAM,0,1,0,0,36.1523261080001,-85.2706923169999
38578,TN,CUMBERLAND,0,3,0,0,35.97743139733337,-85.1995223866666
38583,TN,WHITE,1,3,1,0,35.94296813145334,-85.47404953585692
38585,TN,VAN BUREN,0,1,1,0,35.74949888627094,-85.46596908117832
38603,MS,BENTON,0,1,1,0,34.83186735554165,-89.18433933320136
38606,MS,PANOLA,4,2,2,0,34.31267823578171,-89.92336274682127
38611,MS,MARSHALL,0,1,0,0,34.8719428950001,-89.7005501519999
38614,MS,COAHOMA,1,3,1,0,34.19804258421355,-90.56675324683053
38632,MS,DESOTO,0,1,1,0,34.82743099694419,-89.98253134990114
38635,MS,MARSHALL,1,2,1,0,34.77376824629747,-89.42809287344207
38637,MS,DESOTO,0,1,0,0,34.9490248380001,-90.044360248
38646,MS,QUITMAN,1,1,1,0,34.25107967818229,-90.27519694433074
38652,MS,UNION,1,5,1,0,34.4928968675252,-89.0272341111386
38654,MS,DESOTO,2,3,0,0,34.954005013140105,-89.84174566206765
38655,MS,LAFAYETTE,2,5,1,0,34.34408023834752,-89.5175040349747
38663,MS,TIPPAH,1,3,1,0,34.7395726073001,-88.95189714803367
38666,MS,PANOLA,0,1,0,0,34.4342197130001,-89.89566669
38668,MS,TATE,1,3,1,0,34.6195475579738,-89.97177654514196
38671,MS,DESOTO,1,3,0,0,34.97218930975003,-89.99983714975
38672,MS,DESOTO,0,1,0,0,34.9039571,-89.940765
38676,MS,TUNICA,0,1,1,0,34.691922117394235,-90.37920133789942
38701,MS,WASHINGTON,2,3,0,0,33.406697804800004,-91.04389271039999
38703,MS,WASHINGTON,1,4,1,0,33.38783713519695,-91.03062866704597
38704,MS,WASHINGTON,0,1,0,0,33.432703309,-91.0329924279999
38722,MS,WASHINGTON,0,1,0,0,33.2701970808454,-90.8779963863674
38732,MS,BOLIVAR,1,6,1,0,33.74870509181286,-90.71394668225989
38738,MS,SUNFLOWER,1,0,0,0,33.91843957,-90.49900793
38740,MS,BOLIVAR,0,1,0,0,34.042165997,-90.7419967339999
38751,MS,SUNFLOWER,1,5,1,0,33.46743822281548,-90.65056065807494
38753,MS,SUNFLOWER,0,1,0,0,33.3587675280193,-90.5922931193237
38771,MS,SUNFLOWER,1,3,0,0,33.73520962400003,-90.54378576949999
38774,MS,BOLIVAR,0,2,0,0,33.9508727595,-90.765085444
38801,MS,LEE,3,5,0,0,34.23263400196745,-88.7399811438492
38804,MS,LEE,1,3,2,0,34.25058237398342,-88.69353731751069
38821,MS,MONROE,1,3,0,0,33.97048259025003,-88.48111428749998
38824,MS,LEE,0,1,0,0,34.5010475230001,-88.643043144
38826,MS,LEE,0,1,0,0,34.2942979671498,-88.7633959231884
38829,MS,PRENTISS,1,4,1,0,34.66394655574378,-88.56482735940413
38834,MS,ALCORN,1,6,1,0,34.93518734768609,-88.53283496528229
38841,MS,PONTOTOC,0,1,0,0,34.3499614,-89.0301136
38843,MS,ITAWAMBA,0,5,1,0,34.25898834474808,-88.40510832206162
38847,MS,TISHOMINGO,0,1,0,0,34.494873,-88.1954876
38851,MS,CHICKASAW,1,2,1,0,33.90481462389907,-88.99453645020489
38852,MS,TISHOMINGO,2,4,1,0,34.462645811451196,-88.33618770099558
38855,MS,ITAWAMBA,0,1,0,0,34.3224073,-88.4913601
38860,MS,CHICKASAW,0,1,0,0,34.002679331,-88.757841447
38862,MS,LEE,0,1,0,0,34.2097911,-88.6637384
38863,MS,PONTOTOC,1,3,1,0,34.24913957407513,-89.00206717070252
38866,MS,LEE,0,2,0,0,34.3463265208376,-88.68387739605089
38901,MS,GRENADA,1,3,1,0,33.76433644431412,-89.8145397915857
38915,MS,CALHOUN,0,2,0,0,33.9616510686805,-89.34296261774139
38916,MS,CALHOUN,1,1,0,0,33.8708527175,-89.318382139
38921,MS,TALLAHATCHIE,1,1,1,0,34.00435005617167,-90.05767298180477
38930,MS,LEFLORE,2,5,2,0,33.51967692049902,-90.18031241419618
38947,MS,CARROLL,0,0,1,0,33.522766751108165,-89.91812187033631
38951,MS,CALHOUN,0,0,1,0,33.932456651085744,-89.33293072595673
38965,MS,YALOBUSHA,1,1,1,0,34.13763546711447,-89.63799800669436
38967,MS,MONTGOMERY,1,1,1,0,33.489685184287225,-89.74006601281847
39038,MS,HUMPHREYS,1,1,1,0,33.180061967329856,-90.47624464331132
39042,MS,RANKIN,1,5,1,0,32.14178889999699,-89.94380158369388
39046,MS,MADISON,1,4,1,0,32.601994941882545,-90.04285223411017
39047,MS,RANKIN,0,2,0,0,32.36553165,-90.02558925
39051,MS,LEAKE,1,5,1,0,32.730699989661524,-89.49883126265289
39056,MS,HINDS,0,3,0,0,32.3403754506667,-90.32232553233332
39059,MS,COPIAH,0,1,0,0,31.9938873510001,-90.3682531169999
39063,MS,HOLMES,0,1,0,0,33.0919581310001,-89.850036175
39069,MS,JEFFERSON,1,1,1,0,31.704475033292194,-91.06846406715015
39073,MS,RANKIN,0,3,0,0,32.170663972,-90.12721022933333
39074,MS,SCOTT,1,2,1,0,32.3660550555027,-89.476292725198
39083,MS,COPIAH,2,1,1,0,31.870494094927885,-90.3980776329466
39086,MS,CLAIBORNE,0,1,0,0,31.9965431144928,-90.7839504323671
39090,MS,ATTALA,1,3,1,0,33.067377738497655,-89.59450940284026
39095,MS,HOLMES,1,2,1,0,33.088076233886504,-90.04211311211654
39110,MS,MADISON,0,6,0,0,32.462829463824946,-90.12517257562756
39111,MS,SIMPSON,1,2,0,0,31.880707044012897,-89.73170763632527
39114,MS,SIMPSON,1,2,1,0,31.95751141049149,-89.86595898229496
39117,MS,SCOTT,1,1,0,0,32.3444474265,-89.66021152100001
39120,MS,ADAMS,2,5,1,0,31.538675165944476,-91.39163861342163
39150,MS,CLAIBORNE,1,1,1,0,31.946920632404215,-90.98405174401357
39153,MS,SMITH,1,1,1,0,32.003873938046524,-89.51904114218144
39154,MS,HINDS,0,1,0,0,32.2368134888889,-90.4052331347826
39157,MS,MADISON,0,6,0,0,32.416476595500015,-90.13778168799998
39159,MS,SHARKEY,1,1,1,0,32.90511174904,-90.88504280886629
39170,MS,HINDS,0,1,0,0,32.093335,-90.285409
39176,MS,CARROLL,0,1,0,0,33.3340126150001,-89.7643983579999
39180,MS,WARREN,0,5,0,0,32.32901130400006,-90.8618776382
39183,MS,WARREN,2,1,1,0,32.348816610039805,-90.86102449768242
39193,MS,RANKIN,4,4,0,0,32.24401952787504,-90.068167218
39194,MS,YAZOO,1,2,1,0,32.85979208983392,-90.40411870086749
39202,MS,HINDS,2,2,0,0,32.313002577249996,-90.17801630724999
39203,MS,HINDS,0,7,0,0,32.30246671428571,-90.19862698571428
39204,MS,HINDS,1,4,0,0,32.285228115400045,-90.24080195759996
39206,MS,HINDS,0,5,0,0,32.36663943053986,-90.18331876318355
39208,MS,RANKIN,0,2,0,0,32.28655591700005,-90.04955553349996
39209,MS,HINDS,0,3,0,0,32.30826343733336,-90.251673687
39211,MS,HINDS,1,0,1,0,32.38927338512754,-90.14497701467027
39212,MS,HINDS,0,1,0,0,32.2506246830001,-90.255645557
39213,MS,HINDS,0,2,1,0,32.358487435840004,-90.19678467758267
39216,MS,HINDS,5,1,1,0,32.33123514530255,-90.16716554087614
39218,MS,RANKIN,0,1,0,0,32.2153197,-90.1668538
39232,MS,RANKIN,3,3,0,0,32.33226749700001,-90.08681641699998
39272,MS,HINDS,0,2,0,0,32.18631294550005,-90.2684485675
39301,MS,LAUDERDALE,6,6,1,0,32.373278251977844,-88.68824477885035
39305,MS,LAUDERDALE,0,4,0,0,32.41508418475002,-88.6990533005
39307,MS,LAUDERDALE,1,2,1,0,32.37057233475849,-88.74850507012597
39309,MS,LAUDERDALE,0,1,0,0,32.4350808290001,-88.674821419
39327,MS,NEWTON,0,0,1,0,32.444612502527725,-89.10918150624711
39328,MS,KEMPER,1,1,1,0,32.778361790775435,-88.678392603805
39330,MS,CLARKE,0,2,0,0,32.19086,-88.83601245
39339,MS,WINSTON,2,3,1,0,33.114242276380644,-89.05297118090782
39341,MS,NOXUBEE,1,1,1,0,33.12083513810632,-88.56173623476279
39342,MS,LAUDERDALE,0,2,0,0,32.424396819500046,-88.64661581599995
39345,MS,NEWTON,0,3,0,0,32.31749654496463,-89.15923490386797
39350,MS,NESHOBA,2,4,1,0,32.767174799987906,-89.13974938144874
39355,MS,CLARKE,1,1,1,0,32.03699086368129,-88.72162604012208
39360,MS,CLARKE,0,1,0,0,31.9676025733202,-88.7260684205508
39365,MS,NEWTON,1,2,0,0,32.576472834333366,-89.10705091800001
39367,MS,WAYNE,1,3,1,0,31.67973168573544,-88.63830070412908
39401,MS,FORREST,2,6,2,0,31.322755343137096,-89.32112956683218
39402,MS,LAMAR,1,6,0,0,31.319991669552817,-89.36354905131952
39422,MS,JASPER,1,2,1,0,31.97624363699885,-89.29116700883874
39426,MS,PEARL RIVER,0,4,1,0,30.62484033262397,-89.67659956024706
39428,MS,COVINGTON,1,4,1,0,31.63537451409749,-89.55403612872067
39429,MS,MARION,1,5,1,0,31.257286232702853,-89.81565876820488
39437,MS,JONES,0,3,1,0,31.60799208386089,-89.19784521846111
39440,MS,JONES,1,7,0,0,31.68734499567274,-89.14658025898187
39443,MS,JONES,0,4,0,0,31.71594371533815,-89.13312985350242
39451,MS,GREENE,1,2,1,0,31.15263076495546,-88.5618369468205
39452,MS,GEORGE,1,6,1,0,30.92453463967445,-88.5808744959347
39455,MS,LAMAR,0,1,0,0,31.0989917740001,-89.412471914
39462,MS,PERRY,0,0,1,0,31.20380817526013,-89.03434130313629
39465,MS,FORREST,0,2,0,0,31.336123598500052,-89.264941094
39466,MS,PEARL RIVER,1,3,0,0,30.547404865250048,-89.65591440574998
39470,MS,PEARL RIVER,1,2,0,0,30.849850731333333,-89.53807599599996
39474,MS,JEFFERSON DAVIS,1,1,1,0,31.59234162025692,-89.87574142595805
39475,MS,LAMAR,1,0,1,0,31.155776529333178,-89.41913804774623
39476,MS,PERRY,1,3,0,0,31.3479398175,-88.9368380935
39501,MS,HARRISON,3,2,1,0,30.36839012379143,-89.11663512015231
39503,MS,HARRISON,2,8,0,0,30.45917693425944,-89.08991161609758
39520,MS,HANCOCK,1,2,1,0,30.320019506629944,-89.35182111153105
39525,MS,HANCOCK,0,3,0,0,30.378214388178765,-89.37979889429789
39530,MS,HARRISON,1,1,0,0,30.39597209,-88.906405525
39531,MS,HARRISON,3,2,0,0,30.407090199800002,-88.96390960759997
39532,MS,HARRISON,0,3,0,0,30.438005266666668,-88.90557976666666
39533,MS,JACKSON,0,1,0,0,30.414369714,-88.650927095
39534,MS,HARRISON,1,0,0,0,30.41242741,-88.91008169
39540,MS,HARRISON,0,2,0,0,30.4516741567246,-88.9116376220918
39556,MS,HANCOCK,0,1,0,0,30.408132,-89.4420264
39560,MS,HARRISON,0,1,0,0,30.3618393,-89.1584254
39563,MS,JACKSON,0,2,0,0,30.40038558400005,-88.53700255599995
39564,MS,JACKSON,1,3,0,0,30.4169014031268,-88.7732388110326
39565,MS,JACKSON,0,1,0,0,30.420528631,-88.7186794679999
39567,MS,JACKSON,0,0,1,0,30.3728342556021,-88.54720995694419
39571,MS,HARRISON,0,1,0,0,30.3423419750001,-89.21615328
39573,MS,GEORGE,0,1,0,0,30.7754559,-88.8707588
39577,MS,STONE,1,3,1,0,30.846248899521363,-89.12116395076953
39581,MS,JACKSON,1,2,0,0,30.376535720333333,-88.53334033766663
39601,MS,LINCOLN,1,9,1,0,31.587082518511522,-90.45746491174411
39630,MS,FRANKLIN,0,0,1,0,31.461584475397032,-90.84471083583838
39631,MS,WILKINSON,2,1,0,0,31.087620057333368,-91.06573710866667
39645,MS,AMITE,0,1,1,0,31.16140014547606,-90.79713967011045
39648,MS,PIKE,0,6,2,0,31.246154930321946,-90.46519472373768
39649,MS,PIKE,1,0,0,0,31.25101023,-90.47395559
39652,MS,PIKE,1,0,0,0,31.1458664,-90.45959046
39653,MS,FRANKLIN,1,1,0,0,31.470685372000048,-90.88522256600001
39654,MS,LAWRENCE,1,1,1,0,31.554049191920495,-90.10937265711698
39663,MS,LAWRENCE,0,1,0,0,31.6967649,-90.0169608
39667,MS,WALTHALL,1,2,1,0,31.120819843025068,-90.14781530033818
39669,MS,WILKINSON,0,0,1,0,31.101704617075566,-91.30277512668026
39701,MS,LOWNDES,0,1,1,0,33.51662584547666,-88.42330100660521
39702,MS,LOWNDES,0,6,0,0,33.4944894504517,-88.37077825982362
39705,MS,LOWNDES,1,1,0,0,33.52161516300001,-88.428010743
39710,MS,LOWNDES,1,0,0,0,33.6257558,-88.4535778
39730,MS,MONROE,1,3,1,0,33.82909008809115,-88.56170879769438
39735,MS,CHOCTAW,2,1,1,0,33.31479977630739,-89.17636721585902
39739,MS,NOXUBEE,0,1,0,0,33.2377941,-88.5780193
39744,MS,WEBSTER,1,2,1,0,33.533794009591304,-89.26571590211813
39752,MS,WEBSTER,0,2,0,0,33.52984766545895,-89.12415951714975
39759,MS,OKTIBBEHA,1,5,2,0,33.459635160417015,-88.82732701155453
39773,MS,CLAY,1,4,1,0,33.610687135117054,-88.64584275668055
39813,GA,CALHOUN,1,0,0,0,31.43600381,-84.72154643
39819,GA,DECATUR,1,2,1,0,30.899630283738723,-84.56849942842786
39823,GA,EARLY,1,1,1,0,31.37327346624041,-84.94596598652193
39828,GA,GRADY,1,1,1,0,30.86441388540577,-84.2000921566576
39837,GA,MILLER,1,1,1,0,31.17506582877867,-84.73619087987855
39840,GA,RANDOLPH,1,2,1,0,31.773118353813164,-84.79657768753859
39842,GA,TERRELL,0,1,1,0,31.762588323321097,-84.43446228386466
39845,GA,SEMINOLE,1,1,1,0,31.051300389738994,-84.88115285041671
39846,GA,CALHOUN,0,1,0,0,31.5545844220001,-84.738763416
39851,GA,CLAY,0,1,1,0,31.603959869252,-85.04859934345009
39854,GA,QUITMAN,0,0,1,0,31.885620835609075,-85.10961651103173
39866,GA,CALHOUN,0,0,1,0,31.54037700759721,-84.59889407956199
39870,GA,BAKER,0,0,1,0,31.312974550186716,-84.34501340329824
39897,GA,GRADY,0,1,0,0,30.895087098,-84.324801341
40004,KY,NELSON,1,9,1,0,37.8262633129392,-85.47242503073063
40006,KY,TRIMBLE,0,1,1,0,38.58899902662702,-85.31808213445558
40014,KY,OLDHAM,0,1,0,0,38.3230481000001,-85.484333861
40026,KY,OLDHAM,0,1,0,0,38.3924647950001,-85.5810010289999
40031,KY,OLDHAM,2,8,1,0,38.40965071592236,-85.38244195428409
40033,KY,MARION,1,3,1,0,37.56803178001231,-85.25966336625814
40041,KY,JEFFERSON,0,2,0,0,38.257678316000096,-85.665847087
40047,KY,BULLITT,0,5,0,0,38.05413160760004,-85.5387006576
40049,KY,MARION,0,1,0,0,37.6638872070001,-85.398499536
40050,KY,HENRY,0,4,1,0,38.44066160125425,-85.1724197573102
40056,KY,OLDHAM,0,1,0,0,38.301911934,-85.491475522
40059,KY,JEFFERSON,0,6,0,0,38.32912949516668,-85.58504326166666
40061,KY,WASHINGTON,0,2,0,0,37.70797154950005,-85.26054511249995
40065,KY,SHELBY,1,8,2,0,38.21224396938501,-85.22978838108628
40066,KY,SHELBY,0,2,0,0,38.21313371750005,-85.19468016549996
40069,KY,WASHINGTON,0,1,1,0,37.68447087464383,-85.21508757724035
40071,KY,SPENCER,0,1,1,0,38.04188793167209,-85.34268421963905
40108,KY,MEADE,0,3,1,0,37.99868458545349,-86.17620850092953
40121,KY,HARDIN,1,0,0,0,37.9003532,-85.9414375
40143,KY,BRECKINRIDGE,1,3,1,0,37.770231525525254,-86.44500313801012
40160,KY,HARDIN,1,3,0,0,37.82400519000007,-85.94114989874997
40165,KY,BULLITT,0,2,1,0,38.0001888750534,-85.69354615456017
40202,KY,JEFFERSON,4,0,1,0,38.24802504430392,-85.74853541067165
40203,KY,JEFFERSON,0,4,0,0,38.24013769050008,-85.76116787149996
40204,KY,JEFFERSON,1,3,0,0,38.240621446250074,-85.72885351799997
40205,KY,JEFFERSON,1,7,0,0,38.22601739762505,-85.695793278875
40206,KY,JEFFERSON,1,5,0,0,38.25709405083339,-85.70869155349995
40207,KY,JEFFERSON,3,6,0,0,38.24660341966669,-85.63508359344445
40214,KY,JEFFERSON,0,1,0,0,38.142374342,-85.789485816
40215,KY,JEFFERSON,1,2,0,0,38.1795397323334,-85.79433939633333
40216,KY,JEFFERSON,0,4,0,0,38.18340618375005,-85.81333468049998
40217,KY,JEFFERSON,1,3,0,0,38.21744317925005,-85.72100172449998
40218,KY,JEFFERSON,0,4,0,0,38.19702448950005,-85.64873770824997
40219,KY,JEFFERSON,0,6,0,0,38.132262675166736,-85.6749089305
40220,KY,JEFFERSON,0,6,0,0,38.21544792300005,-85.60905574633334
40222,KY,JEFFERSON,0,10,0,0,38.272170240100024,-85.61774081729997
40223,KY,JEFFERSON,1,5,0,0,38.25482139000003,-85.5637804955
40228,KY,JEFFERSON,0,2,0,0,38.1216962615,-85.64463026199999
40232,KY,JEFFERSON,1,0,0,0,38.24600518,-85.74871854
40241,KY,JEFFERSON,2,8,0,0,38.29993739709225,-85.59573515956076
40242,KY,JEFFERSON,1,0,0,0,38.2725393,-85.59647878
40243,KY,JEFFERSON,0,6,0,0,38.23843246283334,-85.54001739483328
40245,KY,JEFFERSON,0,8,0,0,38.26102192162502,-85.49802321012498
40272,KY,JEFFERSON,0,8,0,0,38.11458152162502,-85.84421571749999
40291,KY,JEFFERSON,0,6,0,0,38.16724359730779,-85.60178276411482
40299,KY,JEFFERSON,1,8,0,0,38.194471984764036,-85.56382847135608
40311,KY,NICHOLAS,1,1,1,0,38.31561991064371,-84.05953474715507
40322,KY,MENIFEE,0,2,1,0,37.931519106432305,-83.62318367806778
40324,KY,SCOTT,1,6,1,0,38.19590961208318,-84.55544570762773
40330,KY,MERCER,1,3,1,0,37.75671047361152,-84.8385103916069
40336,KY,ESTILL,1,2,1,0,37.70380874641354,-83.97071172373451
40342,KY,ANDERSON,0,2,1,0,38.03304367648679,-84.89440943845312
40347,KY,WOODFORD,0,2,0,0,38.14113445950005,-84.6773534259999
40351,KY,ROWAN,1,4,1,0,38.18109562215633,-83.4655074238462
40353,KY,MONTGOMERY,1,4,1,0,38.05543242005062,-83.94117801742702
40356,KY,JESSAMINE,0,6,1,0,37.9058417862658,-84.55836923786714
40359,KY,OWEN,1,1,2,0,38.53606036084116,-84.83490218589272
40360,KY,BATH,0,2,1,0,38.14047476586298,-83.75585558208614
40361,KY,BOURBON,1,2,1,0,38.20866292733531,-84.25406089526717
40380,KY,POWELL,0,2,1,0,37.84658773425875,-83.84445132365302
40383,KY,WOODFORD,1,3,1,0,38.05084786806732,-84.72498576842705
40390,KY,JESSAMINE,0,3,0,0,37.87364969900006,-84.65187241966663
40391,KY,CLARK,1,4,1,0,38.000286694048754,-84.21007394726807
40402,KY,JACKSON,0,1,0,0,37.3186020000001,-83.959345
40403,KY,MADISON,1,2,0,0,37.587773061333365,-84.28956411266667
40409,KY,ROCKCASTLE,0,1,0,0,37.4059480000001,-84.420476
40422,KY,BOYLE,1,8,1,0,37.648694307898886,-84.78556441726386
40423,KY,BOYLE,0,1,0,0,37.64378006,-84.758950353
40444,KY,GARRARD,0,1,1,0,37.61656334192122,-84.58346614681497
40447,KY,JACKSON,0,0,1,0,37.430328931984235,-83.99026165475823
40456,KY,ROCKCASTLE,1,1,1,0,37.3565748828076,-84.33732568922471
40475,KY,MADISON,1,11,1,0,37.73707029714521,-84.29988382443295
40484,KY,LINCOLN,1,1,1,0,37.53847210018093,-84.65969660771243
40489,KY,LINCOLN,0,2,0,0,37.33093796800005,-84.6695035005
40502,KY,FAYETTE,3,4,0,0,38.01367779785716,-84.49392578785712
40503,KY,FAYETTE,1,4,0,0,38.000410852,-84.5249604084
40504,KY,FAYETTE,2,6,0,0,38.04288951725003,-84.53481904637499
40505,KY,FAYETTE,0,1,0,0,38.0458791780001,-84.428482561
40508,KY,FAYETTE,1,0,1,0,38.05348586939233,-84.4997871220765
40509,KY,FAYETTE,2,10,0,0,38.018209401583356,-84.43553920066664
40511,KY,FAYETTE,2,8,0,0,38.08204095308115,-84.5062772963713
40513,KY,FAYETTE,0,2,0,0,38.0187699345,-84.55858374599995
40515,KY,FAYETTE,0,9,0,0,37.97503059624499,-84.49199264386804
40517,KY,FAYETTE,0,3,0,0,37.97647810333337,-84.4944349459999
40536,KY,FAYETTE,1,0,0,0,38.03096461,-84.50744299
40601,KY,FRANKLIN,1,9,2,0,38.17106859482561,-84.8932540677871
40701,KY,WHITLEY,1,0,0,0,36.9228222,-84.11972991
40702,KY,KNOX,0,5,0,0,36.94361869640009,-84.09371973419998
40741,KY,LAUREL,1,2,1,0,37.123749834645125,-84.09406708687496
40743,KY,LAUREL,0,1,0,0,37.131803647,-84.090707467
40769,KY,WHITLEY,0,1,1,0,36.74136492563974,-84.16651682457936
40823,KY,HARLAN,0,1,0,0,36.973323712,-82.983975785
40831,KY,HARLAN,1,3,1,0,36.81769647146225,-83.32573955219023
40906,KY,KNOX,1,1,1,0,36.849159529862625,-83.87119382596131
40962,KY,CLAY,1,1,1,0,37.17541995045709,-83.76378238256824
40965,KY,BELL,2,3,0,0,36.60529119497294,-83.73503448275159
40977,KY,BELL,1,2,1,0,36.745824799115816,-83.7012167273126
41001,KY,CAMPBELL,0,1,0,0,38.9879993000001,-84.3949605
41002,KY,BRACKEN,0,1,0,0,38.7150509960001,-84.018424684
41004,KY,BRACKEN,0,0,1,0,38.67654003398511,-84.07225324254064
41006,KY,PENDLETON,0,3,0,0,38.7868469416667,-84.3697049083333
41008,KY,CARROLL,1,3,1,0,38.67639672008914,-85.16524278907914
41011,KY,KENTON,1,8,0,0,39.06453965211113,-84.51657862588885
41012,KY,KENTON,1,0,0,0,39.04960905,-84.5293474
41014,KY,KENTON,0,1,0,0,39.067578,-84.4994501
41015,KY,KENTON,0,1,0,0,39.042817803,-84.494494408
41017,KY,KENTON,3,6,1,0,39.02514011973922,-84.57077638612535
41018,KY,KENTON,1,4,0,0,39.01280674620002,-84.59752977079995
41031,KY,HARRISON,1,7,1,0,38.3909373354127,-84.2870053173163
41040,KY,PENDLETON,0,2,1,0,38.67822377702074,-84.34372128406686
41041,KY,FLEMING,1,1,1,0,38.42236291472607,-83.75392091135012
41042,KY,BOONE,2,9,1,0,39.00517137488493,-84.64326506055302
41045,KY,CARROLL,0,1,0,0,38.6680947180001,-85.1690828
41051,KY,KENTON,0,2,0,0,38.91262189250005,-84.5426562915
41052,KY,GRANT,0,2,0,0,38.6384776945,-84.77409709949995
41056,KY,MASON,1,2,1,0,38.64020685345413,-83.79765883222737
41064,KY,ROBERTSON,0,1,1,0,38.532709532954115,-84.04867278910885
41071,KY,CAMPBELL,0,1,1,0,39.03880257361652,-84.44277054241078
41075,KY,CAMPBELL,2,5,0,0,39.07019492028574,-84.4556836152857
41076,KY,CAMPBELL,0,1,0,0,39.003002012,-84.427168264
41083,KY,CARROLL,0,2,0,0,38.654225144724904,-84.94402751193181
41091,KY,BOONE,0,2,0,0,38.9499097345,-84.6745001
41095,KY,GALLATIN,0,1,1,0,38.78240615413442,-84.89771114932981
41097,KY,GRANT,1,1,1,0,38.64657048889833,-84.57769858262408
41101,KY,BOYD,3,10,1,0,38.48427062016622,-82.65574013327354
41102,KY,BOYD,0,2,0,0,38.434284591500045,-82.72131234649996
41139,KY,GREENUP,0,3,0,0,38.5268123226667,-82.71860333999996
41143,KY,CARTER,0,1,1,0,38.33044582410666,-82.93619092796678
41144,KY,GREENUP,0,1,1,0,38.56105853989244,-82.81143657389651
41164,KY,CARTER,0,0,1,0,38.295963897212566,-83.18414612572533
41169,KY,GREENUP,0,5,0,0,38.516094396093976,-82.6876759506573
41171,KY,ELLIOTT,0,1,1,0,38.08626738780232,-83.12361186830145
41175,KY,GREENUP,0,1,0,0,38.7184101,-82.9683684
41179,KY,LEWIS,0,1,1,0,38.58790811947094,-83.32528639994453
41224,KY,MARTIN,0,1,1,0,37.869519634916564,-82.53372051939165
41230,KY,LAWRENCE,1,2,1,0,38.09564692774053,-82.60631695946117
41240,KY,JOHNSON,2,3,1,0,37.813301596941336,-82.80467953267188
41301,KY,WOLFE,0,1,1,0,37.73396884417562,-83.54509016759489
41311,KY,LEE,0,1,1,0,37.57208993992241,-83.70649243901599
41314,KY,OWSLEY,0,2,1,0,37.461266493842125,-83.67889981745236
41339,KY,BREATHITT,1,2,1,0,37.560935921783546,-83.38113787376788
41465,KY,MAGOFFIN,0,2,1,0,37.746043530231645,-83.06008433777563
41472,KY,MORGAN,1,1,1,0,37.921629086670656,-83.26436150968328
41501,KY,PIKE,1,3,1,0,37.45404398346044,-82.53611097938895
41503,KY,PIKE,1,1,0,0,37.676650936,-82.297024354
41522,KY,PIKE,0,1,0,0,37.295983004,-82.3608759689999
41553,KY,PIKE,0,2,0,0,37.49521305650005,-82.137286165
41643,KY,KNOTT,0,2,0,0,37.4637470469849,-82.83369165511405
41647,KY,FLOYD,1,0,0,0,37.45670646,-82.74720787
41649,KY,FLOYD,1,0,0,0,37.57882455,-82.75030775
41653,KY,FLOYD,1,3,1,0,37.693111185123925,-82.76576591338512
41701,KY,PERRY,1,1,2,0,37.26365905908642,-83.21344475765503
41702,KY,PERRY,0,1,0,0,37.2855180060001,-83.208952885
41749,KY,LESLIE,1,1,1,0,37.15908800548811,-83.37649106037395
41822,KY,KNOTT,0,1,1,0,37.32632047734591,-82.98214692920479
41858,KY,LETCHER,1,1,1,0,37.11470695789537,-82.81511481192115
42001,KY,MCCRACKEN,0,8,0,0,37.06266627486642,-88.68971723323601
42003,KY,MCCRACKEN,2,3,2,0,37.06667445159869,-88.62748497140255
42023,KY,CARLISLE,0,2,1,0,36.87707298245741,-89.00658069778513
42025,KY,MARSHALL,1,2,1,0,36.854584064584905,-88.35361563753102
42029,KY,MARSHALL,0,2,0,0,37.01677321750005,-88.39704502949999
42031,KY,HICKMAN,0,4,1,0,36.66303018255826,-88.99780438779571
42038,KY,LYON,0,0,1,0,37.09537063973371,-88.07859891915083
42041,KY,FULTON,1,1,1,0,36.516625936657476,-88.8886637348184
42050,KY,FULTON,0,0,1,0,36.57174923422555,-89.18586564880252
42055,KY,LYON,0,2,0,0,37.06457468200005,-88.11654607
42056,KY,BALLARD,0,1,1,0,37.073964409262416,-88.97391951492085
42064,KY,CRITTENDEN,1,2,1,0,37.32939367466266,-88.08498140040712
42066,KY,GRAVES,1,6,3,0,36.74360114564803,-88.64815913637109
42071,KY,CALLOWAY,1,6,1,0,36.612973837565086,-88.31748607856841
42078,KY,LIVINGSTON,1,1,0,0,37.266695412000004,-88.2340580835
42081,KY,LIVINGSTON,0,0,1,0,37.14001072031405,-88.40330418188114
42101,KY,WARREN,1,4,1,0,36.972778393888596,-86.43563613762525
42103,KY,WARREN,1,2,0,0,36.97018826666666,-86.40193187166666
42104,KY,WARREN,2,10,0,0,36.954095395333404,-86.44373083116663
42129,KY,METCALFE,0,4,1,0,36.991840739218176,-85.60734030115499
42134,KY,SIMPSON,0,2,1,0,36.74211577215224,-86.5758867840815
42135,KY,SIMPSON,1,1,0,0,36.71296590200005,-86.56714218900001
42141,KY,BARREN,1,8,1,0,37.00669285158721,-85.90993446050487
42142,KY,BARREN,0,1,0,0,37.0175606,-85.9038975999999
42164,KY,ALLEN,1,5,1,0,36.75736787110145,-86.19748816936742
42167,KY,MONROE,1,1,1,0,36.70072815793398,-85.68306395967191
42170,KY,WARREN,0,1,0,0,36.8369171690001,-86.527794817
42206,KY,LOGAN,0,1,0,0,36.8644906650001,-86.710864481
42210,KY,EDMONSON,0,2,1,0,37.18861279609084,-86.2550312247388
42211,KY,TRIGG,1,4,1,0,36.86793509564961,-87.81571131108956
42220,KY,TODD,0,1,1,0,36.802926690363094,-87.15128752783835
42223,KY,MONTGOMERY,3,0,0,0,36.636521136666666,-87.46150863999999
42240,KY,CHRISTIAN,3,12,1,0,36.84947597703624,-87.49244755029277
42261,KY,BUTLER,0,1,1,0,37.22406562761495,-86.6831301582973
42266,KY,CHRISTIAN,0,1,0,0,36.77888768,-87.354696594
42276,KY,LOGAN,2,2,1,0,36.82358379568383,-86.88094498069343
42301,KY,DAVIESS,0,13,0,0,37.764306005384654,-87.1268719993846
42302,KY,DAVIESS,1,2,0,0,37.7748221116667,-87.10913914066667
42303,KY,DAVIESS,2,7,1,0,37.761675628865994,-87.08390333859458
42320,KY,OHIO,0,3,0,0,37.38545009466673,-86.86170747166663
42327,KY,MCLEAN,0,3,1,0,37.551013024985735,-87.25777180433394
42330,KY,MUHLENBERG,0,3,1,0,37.29922602150455,-87.12633523516553
42343,KY,OHIO,0,1,0,0,37.637728,-86.723202
42345,KY,MUHLENBERG,1,4,0,0,37.20854543060007,-87.183866568
42347,KY,OHIO,1,2,1,0,37.45509502742972,-86.90092574905327
42348,KY,HANCOCK,0,0,1,0,37.90519682073137,-86.75373467597518
42351,KY,HANCOCK,0,3,0,0,37.925525694333366,-86.89269858666664
42408,KY,HOPKINS,0,3,0,0,37.1564395393334,-87.68388154166666
42409,KY,WEBSTER,0,0,1,0,37.51970293326927,-87.68829926994806
42413,KY,HOPKINS,0,1,0,0,37.4161598480001,-87.463549583
42420,KY,HENDERSON,1,7,1,0,37.85223037272269,-87.56606661310329
42431,KY,HOPKINS,1,11,1,0,37.34273761693007,-87.49829142009239
42437,KY,UNION,1,3,1,0,37.67739074210897,-87.89969764583847
42445,KY,CALDWELL,1,3,1,0,37.111088403854936,-87.88613351886025
42450,KY,WEBSTER,0,2,0,0,37.40275614400005,-87.74250938899995
42455,KY,WEBSTER,0,1,0,0,37.6006570000001,-87.534984
42501,KY,PULASKI,0,8,2,0,37.07666599361718,-84.60867236375054
42502,KY,PULASKI,0,5,0,0,37.0861648054516,-84.61099458982008
42503,KY,PULASKI,1,4,0,0,37.07141871864264,-84.6270115872426
42539,KY,CASEY,1,1,1,0,37.315503478697444,-84.93597129703282
42602,KY,CLINTON,1,1,1,0,36.690846517561056,-85.13718460909634
42629,KY,RUSSELL,0,1,1,0,37.002505375587106,-85.07182772078951
42633,KY,WAYNE,1,4,1,0,36.82967661614423,-84.86671249347376
42634,KY,MCCREARY,0,2,0,0,36.8405480465173,-84.45863036054755
42635,KY,MCCREARY,0,1,0,0,36.6551398770001,-84.435288591
42642,KY,RUSSELL,1,0,0,0,37.05758045,-85.06735281
42653,KY,MCCREARY,0,0,1,0,36.73540555231009,-84.47338430223206
42701,KY,HARDIN,2,13,1,0,37.71152161256461,-85.87160422934538
42717,KY,CUMBERLAND,1,1,1,0,36.790325822245805,-85.37424719706428
42718,KY,TAYLOR,1,3,1,0,37.35860616881604,-85.34016744019013
42719,KY,TAYLOR,0,1,0,0,37.3415357960001,-85.321178118
42728,KY,ADAIR,1,1,1,0,37.09624503057952,-85.30062683501158
42743,KY,GREEN,2,2,1,0,37.25343069067914,-85.49357330110118
42748,KY,LARUE,0,1,1,0,37.57861727789164,-85.73686906724782
42749,KY,HART,1,1,0,0,37.16096717050005,-85.923859593
42754,KY,GRAYSON,1,4,1,0,37.477548881394114,-86.28967415336837
42765,KY,HART,0,2,1,0,37.27212522208018,-85.88713889605306
43011,OH,KNOX,0,3,0,0,40.30711750000003,-82.69791296666664
43014,OH,KNOX,0,1,0,0,40.4941041,-82.2888879
43015,OH,DELAWARE,1,13,1,0,40.2896055493046,-83.07671526883769
43016,OH,FRANKLIN,2,2,0,0,40.09912099375003,-83.16213626699998
43017,OH,FRANKLIN,0,11,0,0,40.097726602727306,-83.12332006254543
43019,OH,RICHLAND,0,1,0,0,40.5568440000001,-82.5734198
43023,OH,LICKING,0,3,0,0,40.0591208206667,-82.53488490999996
43026,OH,FRANKLIN,0,13,0,0,40.03713130407698,-83.1388234890769
43031,OH,LICKING,0,5,0,0,40.15528973020004,-82.6899839592
43033,OH,LICKING,0,1,0,0,39.958969,-82.5965244
43035,OH,DELAWARE,0,3,0,0,40.170402608666706,-83.0084049866666
43040,OH,UNION,1,8,1,0,40.22704310531691,-83.36716194809773
43050,OH,KNOX,1,15,1,0,40.39671068292813,-82.45717298205058
43054,OH,FRANKLIN,1,5,0,0,40.08406496716673,-82.81868866299995
43055,OH,LICKING,3,9,1,0,40.05763924013214,-82.44112031272763
43056,OH,LICKING,0,2,0,0,40.02376192850005,-82.45296831899995
43062,OH,LICKING,0,3,0,0,39.9993015236667,-82.64376121299996
43064,OH,MADISON,0,1,0,0,40.108746511,-83.285286962
43065,OH,DELAWARE,0,3,0,0,40.14826091900004,-83.09081317366663
43068,OH,FAIRFIELD,0,4,0,0,39.94737256650002,-82.78317262499999
43074,OH,DELAWARE,0,3,0,0,40.252625184666734,-82.8378761763333
43076,OH,PERRY,0,2,0,0,39.90333307250005,-82.4157327125
43078,OH,CHAMPAIGN,1,8,1,0,40.0362979847262,-83.75115466233555
43080,OH,LICKING,0,1,0,0,40.2374193000001,-82.4528074
43081,OH,FRANKLIN,1,11,0,0,40.11532263966671,-82.92652654166665
43082,OH,DELAWARE,2,5,0,0,40.14663504271433,-82.9327458272857
43084,OH,CHAMPAIGN,0,1,0,0,40.164032354,-83.551323505
43085,OH,FRANKLIN,0,4,0,0,40.09607985575003,-83.01384607874995
43105,OH,FAIRFIELD,0,1,0,0,39.8464524,-82.5933147
43110,OH,FRANKLIN,1,5,0,0,39.84680254200007,-82.81799956899997
43112,OH,FAIRFIELD,0,2,0,0,39.761902667499996,-82.6668593805
43113,OH,PICKAWAY,1,7,1,0,39.60273487585282,-82.93489890336008
43115,OH,ROSS,0,1,0,0,39.5079865,-83.1547778
43123,OH,FRANKLIN,2,8,0,0,39.87484171870006,-83.06893821099996
43125,OH,FRANKLIN,0,1,0,0,39.893101766,-82.875390254
43130,OH,FAIRFIELD,1,17,1,0,39.728982318757,-82.60318150961905
43135,OH,HOCKING,0,1,0,0,39.4717972,-82.7375095
43138,OH,HOCKING,1,5,1,0,39.52546225071777,-82.42372329864595
43140,OH,MADISON,1,3,1,0,39.898594901449755,-83.44371589242601
43147,OH,FAIRFIELD,1,6,0,0,39.91205547657148,-82.77461666085709
43148,OH,FAIRFIELD,0,1,0,0,39.80647937,-82.44132576
43160,OH,FAYETTE,1,12,1,0,39.53643209271517,-83.44028671222281
43162,OH,MADISON,0,1,0,0,39.9436077020001,-83.279113605
43164,OH,PICKAWAY,0,1,0,0,39.5853824,-83.1205399
43201,OH,FRANKLIN,2,1,0,0,39.985169363333334,-83.01301734666666
43203,OH,FRANKLIN,1,6,0,0,39.96949278885713,-82.959162999
43204,OH,FRANKLIN,0,1,0,0,39.9556419,-83.0659616
43205,OH,FRANKLIN,1,7,0,0,39.958643092624996,-82.96977418149999
43207,OH,FRANKLIN,1,4,0,0,39.913363182200044,-82.9727580482
43209,OH,FRANKLIN,0,4,0,0,39.947903374250075,-82.935182144
43210,OH,FRANKLIN,2,0,0,0,39.99445858,-83.018867285
43211,OH,FRANKLIN,0,3,0,0,40.012364666666706,-82.97137449999997
43212,OH,FRANKLIN,0,3,0,0,39.990454559333365,-83.06441611899997
43213,OH,FRANKLIN,1,11,0,0,39.97658603975004,-82.85817152941665
43214,OH,FRANKLIN,1,10,0,0,40.04738329872732,-83.03378509781817
43215,OH,FRANKLIN,2,3,3,0,39.96695816138267,-82.99907474432825
43219,OH,FRANKLIN,2,7,0,0,39.98949811188892,-82.93445194955554
43220,OH,FRANKLIN,0,3,0,0,40.05616697966667,-83.07246514866664
43221,OH,FRANKLIN,0,2,0,0,40.02346889550005,-83.074954263
43222,OH,FRANKLIN,0,1,0,0,39.9587110350001,-83.0219386959999
43223,OH,FRANKLIN,3,4,0,0,39.93908858028573,-83.03952474171426
43224,OH,FRANKLIN,0,1,0,0,40.0509053000001,-82.9885633
43228,OH,FRANKLIN,1,4,0,0,39.94705853220006,-83.13267742919997
43229,OH,FRANKLIN,1,3,0,0,40.088371507250024,-82.98265802599997
43230,OH,FRANKLIN,1,14,0,0,40.03995424620004,-82.86349989186664
43231,OH,FRANKLIN,0,6,0,0,40.0870308451667,-82.94216504783331
43232,OH,FRANKLIN,1,6,0,0,39.9401813124286,-82.85787115857138
43235,OH,FRANKLIN,0,12,0,0,40.11351064500005,-83.0444657525833
43302,OH,MARION,1,14,2,0,40.57489428821211,-83.1177909916006
43311,OH,LOGAN,1,2,1,0,40.35699095055206,-83.76336087094819
43316,OH,WYANDOT,0,2,0,0,40.9535713,-83.37324125
43317,OH,MORROW,0,1,0,0,40.481437172,-82.682878076
43321,OH,MORROW,0,1,0,0,40.4633055,-82.8286974
43326,OH,HARDIN,1,5,1,0,40.650798653741205,-83.60129874935099
43331,OH,LOGAN,0,2,0,0,40.517298749999995,-83.93343920000001
43334,OH,MORROW,0,2,0,0,40.3830346795001,-82.8265992945
43338,OH,MORROW,1,2,1,0,40.548442275839705,-82.85146520689801
43351,OH,WYANDOT,1,5,1,0,40.82821205246683,-83.27439980477789
43357,OH,LOGAN,0,2,0,0,40.26764248550005,-83.75872610249995
43402,OH,WOOD,1,9,1,0,41.37065361232259,-83.64500769214318
43410,OH,SANDUSKY,0,4,0,0,41.3007241165,-82.97171465674998
43420,OH,SANDUSKY,2,11,1,0,41.35784947505256,-83.1136720441069
43430,OH,OTTAWA,0,2,0,0,41.51387371700005,-83.36608354999996
43431,OH,SANDUSKY,0,1,0,0,41.3814088180001,-83.316723678
43440,OH,OTTAWA,0,2,0,0,41.540827245500054,-82.755323546
43450,OH,WOOD,0,2,0,0,41.44728990750005,-83.455394797
43452,OH,OTTAWA,1,2,1,0,41.513243252705394,-82.90900270114085
43468,OH,OTTAWA,0,1,0,0,41.6010026000001,-83.3421598
43501,OH,MORROW,0,1,0,0,40.4154777350137,-82.7093796763085
43502,OH,FULTON,0,2,0,0,41.5276526410001,-84.30059122700001
43506,OH,WILLIAMS,1,3,0,0,41.47950447000002,-84.55727990199996
43512,OH,DEFIANCE,2,6,1,0,41.27708506270738,-84.36461048638094
43516,OH,HENRY,0,2,0,0,41.203487100000004,-83.89291445
43517,OH,WILLIAMS,0,2,0,0,41.448289220999996,-84.744464091
43522,OH,WOOD,0,1,0,0,41.409733756,-83.867581846
43526,OH,DEFIANCE,1,3,0,0,41.295652112249996,-84.75207382699999
43527,OH,HENRY,0,2,0,0,41.254258883000006,-84.12224725849995
43528,OH,LUCAS,0,4,0,0,41.6123311510001,-83.70100607724996
43537,OH,LUCAS,2,10,0,0,41.57506716533337,-83.70792173091667
43542,OH,LUCAS,0,3,0,0,41.580167286000034,-83.76089075866666
43543,OH,WILLIAMS,1,2,1,0,41.58628609494651,-84.59719696163249
43545,OH,HENRY,1,3,1,0,41.396291557730535,-84.1141662304937
43551,OH,WOOD,1,9,0,0,41.53727068920003,-83.61695253909997
43558,OH,FULTON,0,3,0,0,41.582312843666664,-83.90185564466667
43560,OH,LUCAS,3,16,0,0,41.70859214789476,-83.72227593463155
43566,OH,LUCAS,0,4,0,0,41.489754411250026,-83.74644567774997
43567,OH,FULTON,1,4,1,0,41.54034466620096,-84.13852053944117
43571,OH,LUCAS,0,1,0,0,41.516195173,-83.8118489729999
43604,OH,LUCAS,0,0,1,0,41.65788139189751,-83.53392950083733
43605,OH,LUCAS,0,2,0,0,41.6521584380001,-83.48866730750001
43606,OH,LUCAS,1,8,0,0,41.674011971111135,-83.62175240977776
43607,OH,LUCAS,0,1,0,0,41.650591068,-83.626911695
43608,OH,LUCAS,2,2,0,0,41.670689627499996,-83.5440875875
43611,OH,LUCAS,0,3,0,0,41.7027298146667,-83.490850848
43612,OH,LUCAS,0,2,0,0,41.70288487000005,-83.567132368
43613,OH,LUCAS,0,2,0,0,41.714631490500054,-83.61445671249996
43614,OH,LUCAS,3,9,0,0,41.60853102950004,-83.63310681741666
43615,OH,LUCAS,1,3,0,0,41.64536200000005,-83.65457508149997
43616,OH,LUCAS,3,10,0,0,41.63514019161543,-83.4628181691538
43617,OH,LUCAS,0,1,0,0,41.6758766830001,-83.713444023
43619,OH,WOOD,0,3,0,0,41.60431486666666,-83.4565823
43620,OH,LUCAS,0,7,0,0,41.66292898114288,-83.55600446514286
43623,OH,LUCAS,2,2,0,0,41.69238940775002,-83.65577272274997
43624,OH,MORROW,0,2,0,0,40.4154777350137,-82.7093796763085
43701,OH,MUSKINGUM,1,21,1,0,39.96913816140642,-82.01881595353548
43713,OH,BELMONT,1,4,0,0,39.990967685539204,-81.16309582785719
43718,OH,BELMONT,0,1,0,0,40.0692582,-81.0343514
43719,OH,BELMONT,0,1,0,0,40.0590278,-81.078716
43724,OH,NOBLE,0,2,1,0,39.74112584626047,-81.50583928487491
43725,OH,GUERNSEY,2,7,1,0,40.03496974935221,-81.58572301173614
43731,OH,PERRY,0,1,0,0,39.6845933,-82.0686413
43749,OH,GUERNSEY,0,1,0,0,40.1537087,-81.5724745
43756,OH,MORGAN,0,4,1,0,39.63225818596321,-81.83690607867041
43758,OH,MORGAN,0,1,0,0,39.6529065,-81.8653121
43762,OH,MUSKINGUM,0,2,0,0,39.998190792,-81.752627889
43764,OH,PERRY,0,1,1,0,39.70767336301918,-82.20797537036664
43783,OH,PERRY,0,1,0,0,39.800066997,-82.293800334
43793,OH,MONROE,0,4,1,0,39.768810961932104,-81.12022403556641
43804,OH,HOLMES,0,1,0,0,40.4470430900001,-81.702301529
43812,OH,COSHOCTON,1,6,2,0,40.27205209334766,-81.86097044406708
43832,OH,TUSCARAWAS,0,1,0,0,40.2762189640001,-81.590566941
43844,OH,COSHOCTON,0,1,0,0,40.2601253846226,-82.0921560508729
43845,OH,COSHOCTON,0,1,0,0,40.2743896220001,-81.742874623
43901,OH,JEFFERSON,0,3,0,0,40.19574468733337,-80.85742713333333
43906,OH,BELMONT,1,2,0,0,40.023442487000004,-80.76733420166666
43907,OH,HARRISON,1,1,1,0,40.273194114643765,-80.9880702633574
43912,OH,BELMONT,0,1,0,0,40.0720447960001,-80.780836542
43920,OH,COLUMBIANA,1,9,1,0,40.645387772020705,-80.58029273855406
43935,OH,BELMONT,1,1,0,0,40.10256009,-80.7434509
43947,OH,BELMONT,0,1,0,0,39.9629011860001,-80.758747923
43950,OH,BELMONT,0,9,1,0,40.07955629877805,-80.90442533508735
43952,OH,JEFFERSON,2,10,2,0,40.36815373813694,-80.78035995840428
43953,OH,JEFFERSON,1,7,0,0,40.365904023000056,-80.68671134024996
43964,OH,JEFFERSON,0,1,0,0,40.4656400530001,-80.6051287029999
43968,OH,COLUMBIANA,0,2,0,0,40.6023629,-80.650091
43971,OH,JEFFERSON,0,1,0,0,40.1580098,-80.7058914
43976,OH,HARRISON,0,2,0,0,40.32481364750005,-80.904734019
43977,OH,BELMONT,0,1,0,0,40.1522190660442,-81.0525848819681
44001,OH,LORAIN,1,4,0,0,41.398039134,-82.23019507919997
44003,OH,ASHTABULA,0,1,0,0,41.600990745,-80.573850556
44004,OH,ASHTABULA,1,7,1,0,41.873549500227426,-80.80303426479553
44010,OH,ASHTABULA,0,2,0,0,41.7800099230001,-80.84975402249995
44011,OH,LORAIN,3,8,0,0,41.46286924672733,-82.01146041490905
44012,OH,LORAIN,0,4,0,0,41.4946885327501,-82.01526056849998
44017,OH,CUYAHOGA,0,4,0,0,41.37677466000005,-81.85456428424997
44021,OH,GEAUGA,0,1,0,0,41.469996381,-81.1369105639999
44022,OH,CUYAHOGA,0,4,0,0,41.43153720350005,-81.3710107335
44023,OH,GEAUGA,0,4,0,0,41.41639540075005,-81.35159452349997
44024,OH,GEAUGA,2,11,1,0,41.54487304196239,-81.21194312724484
44026,OH,GEAUGA,0,1,0,0,41.5023933,-81.2741368
44028,OH,LORAIN,0,1,0,0,41.3437986600001,-81.9026412219999
44030,OH,ASHTABULA,1,3,1,0,41.94528262968004,-80.57849350181262
44035,OH,LORAIN,1,8,2,0,41.358813186039065,-82.10200437736434
44039,OH,LORAIN,0,6,0,0,41.394877118000046,-82.0140770845
44041,OH,ASHTABULA,2,13,0,0,41.803220180400025,-80.95559432753333
44046,OH,GEAUGA,0,2,0,0,41.5309241605,-81.09087313699995
44047,OH,ASHTABULA,0,1,1,0,41.741888803419926,-80.76410613434555
44050,OH,LORAIN,0,1,0,0,41.2317521190001,-82.1138557359999
44052,OH,LORAIN,0,1,1,0,41.451058911866895,-82.18410941809819
44053,OH,LORAIN,2,6,0,0,41.43887501700002,-82.22987849775
44055,OH,LORAIN,0,1,0,0,41.4407421,-82.1325393
44056,OH,SUMMIT,0,3,0,0,41.3111275253334,-81.50701763299999
44057,OH,LAKE,0,8,0,0,41.79841482575005,-81.03733317862496
44060,OH,LAKE,2,15,0,0,41.52852534476473,-81.50787837470588
44062,OH,GEAUGA,0,3,0,0,41.46526483833343,-81.07296046666664
44065,OH,GEAUGA,0,3,0,0,41.491413199000036,-81.27716884633334
44067,OH,SUMMIT,1,4,0,0,41.32722595820004,-81.56357209999996
44070,OH,CUYAHOGA,0,7,0,0,41.41633218100004,-81.91346614142854
44074,OH,LORAIN,1,8,0,0,41.29461233700002,-82.21688189355555
44076,OH,ASHTABULA,0,1,0,0,41.5371911400001,-80.8445356249999
44077,OH,LAKE,2,10,1,0,41.697368801238255,-81.24957660508412
44081,OH,MORROW,0,1,0,0,40.4154777350137,-82.7093796763085
44084,OH,ASHTABULA,1,0,0,0,41.67264815,-80.85929035
44087,OH,SUMMIT,0,8,0,0,41.313225012125045,-81.44045148437498
44089,OH,ERIE,0,3,0,0,41.410829358000065,-82.38028389833333
44090,OH,LORAIN,0,4,0,0,41.1674648745,-82.22011421624998
44092,OH,LAKE,0,3,0,0,41.59937268733341,-81.4711061433333
44094,OH,LAKE,2,7,0,0,41.62180658877782,-81.40846953688887
44099,OH,ASHTABULA,0,1,0,0,41.5362172,-80.9360631
44102,OH,CUYAHOGA,0,6,0,0,41.48119195700007,-81.74828039916663
44103,OH,CUYAHOGA,0,6,0,0,41.507739198333404,-81.63398944166664
44104,OH,CUYAHOGA,1,4,0,0,41.485982390000004,-81.618178666
44106,OH,CUYAHOGA,3,15,0,0,41.5025544162778,-81.6094124666111
44107,OH,CUYAHOGA,0,6,0,0,41.48550755533337,-81.7864591603333
44108,OH,CUYAHOGA,0,4,0,0,41.53581505,-81.613489875
44109,OH,CUYAHOGA,1,5,0,0,41.44774044333335,-81.70034326333331
44110,OH,CUYAHOGA,0,5,0,0,41.33162887920274,-81.80226633226171
44111,OH,CUYAHOGA,1,1,0,0,41.45034609,-81.82369238999999
44112,OH,CUYAHOGA,0,8,0,0,41.537951091625025,-81.566383379625
44113,OH,CUYAHOGA,2,4,0,0,41.48487107966667,-81.70347179433331
44114,OH,CUYAHOGA,0,0,1,0,41.505699229543715,-81.6893482368976
44115,OH,CUYAHOGA,2,1,0,0,41.49620055333333,-81.67304925
44116,OH,CUYAHOGA,0,8,0,0,41.467608311750034,-81.86469548662497
44117,OH,CUYAHOGA,0,4,0,0,41.56596177525005,-81.5385446695
44118,OH,CUYAHOGA,2,1,0,0,41.5508572156667,-82.23921197699997
44119,OH,CUYAHOGA,1,5,0,0,41.58879901600005,-81.54475180966665
44120,OH,CUYAHOGA,1,4,1,0,41.47703259418869,-81.58165530165103
44121,OH,CUYAHOGA,0,1,0,0,41.5377189000001,-81.5262448
44122,OH,CUYAHOGA,6,21,0,0,41.42580290433387,-81.5540068001966
44124,OH,CUYAHOGA,1,11,0,0,41.514077198500054,-81.46231329791664
44125,OH,CUYAHOGA,1,9,0,0,41.42010172690002,-81.60578782319998
44126,OH,CUYAHOGA,0,1,0,0,41.4476921400001,-81.849953124
44128,OH,CUYAHOGA,1,4,0,0,41.43562018400002,-81.52610131999998
44129,OH,CUYAHOGA,2,6,0,0,41.37438357212505,-81.73563277912497
44130,OH,CUYAHOGA,3,9,1,0,41.3065129420423,-81.87616010060758
44131,OH,CUYAHOGA,0,3,0,0,41.40075811533337,-81.66298972633334
44132,OH,CUYAHOGA,0,2,0,0,41.60273125000005,-81.49037944999995
44133,OH,CUYAHOGA,0,8,0,0,41.335284860500025,-81.75286362437495
44134,OH,CUYAHOGA,0,10,0,0,41.40233967800003,-81.68094092079996
44135,OH,CUYAHOGA,0,10,0,0,41.437454610400025,-81.81182809779997
44136,OH,CUYAHOGA,0,11,0,0,41.30870364127277,-81.83685574127271
44137,OH,CUYAHOGA,0,6,0,0,41.4125706661667,-81.53639544283334
44138,OH,CUYAHOGA,0,7,0,0,41.3783575794286,-81.90685492328569
44139,OH,CUYAHOGA,0,7,0,0,41.38492645000009,-81.46409029985709
44140,OH,CUYAHOGA,0,2,0,0,41.4795791485001,-81.958901639
44141,OH,CUYAHOGA,0,2,0,0,41.3239343500001,-81.6269875195
44142,OH,CUYAHOGA,0,7,0,0,41.394203525142885,-81.80315475757139
44143,OH,CUYAHOGA,1,11,0,0,41.56570857125006,-81.4806292438333
44144,OH,CUYAHOGA,0,2,0,0,41.42513998212065,-81.74131912803955
44145,OH,CUYAHOGA,1,23,0,0,41.45411445020837,-81.93527421766665
44146,OH,CUYAHOGA,1,6,0,0,41.37633489228579,-81.5267188322857
44147,OH,CUYAHOGA,0,3,0,0,41.3093362596667,-81.67978744966662
44149,OH,CUYAHOGA,0,2,0,0,41.302981721,-81.85005186199996
44195,OH,CUYAHOGA,1,1,0,0,41.50264498,-81.620929235
44202,OH,PORTAGE,0,9,0,0,41.329577848888945,-81.36269732311112
44203,OH,SUMMIT,1,7,1,0,41.00639165325305,-81.6023432135825
44212,OH,MEDINA,0,5,0,0,41.24058339400002,-81.83959321399998
44214,OH,WAYNE,0,2,0,0,40.98105807300005,-81.99872301049996
44216,OH,SUMMIT,0,1,0,0,40.9473106,-81.6299428
44221,OH,SUMMIT,0,5,0,0,41.13386942020002,-81.47336552459998
44223,OH,SUMMIT,1,9,0,0,41.15084623560004,-81.50822831739998
44224,OH,SUMMIT,0,12,1,0,41.17311999094487,-81.43328347050577
44230,OH,MEDINA,0,3,0,0,40.989066621666666,-81.69454891633333
44234,OH,GEAUGA,0,2,0,0,41.3764329505,-81.1438351985
44236,OH,SUMMIT,1,8,0,0,41.2382993524445,-81.47163452544441
44240,OH,PORTAGE,0,4,1,0,41.135126461975645,-81.35930984310194
44241,OH,PORTAGE,0,2,0,0,41.247876719000104,-81.35192058049995
44254,OH,MEDINA,1,3,0,0,41.03211743,-82.0076079225
44256,OH,MEDINA,1,18,1,0,41.147573103569485,-81.84663056356976
44262,OH,SUMMIT,0,2,0,0,41.12758023150005,-81.44091339799999
44264,OH,SUMMIT,0,1,0,0,41.1960301120001,-81.509560831
44266,OH,PORTAGE,1,5,2,0,41.16717563733244,-81.23578336162387
44270,OH,WAYNE,0,3,0,0,40.94871093066673,-81.78083937399997
44273,OH,MEDINA,0,1,0,0,41.013828329,-81.871481033
44278,OH,SUMMIT,0,6,0,0,41.10421807616673,-81.44543848149998
44281,OH,MEDINA,1,9,0,0,41.03495358130006,-81.7352471522
44286,OH,SUMMIT,0,5,0,0,41.24291426720004,-81.6564788522
44303,OH,SUMMIT,0,3,0,0,41.0997232493334,-81.53493809333327
44304,OH,SUMMIT,2,0,0,0,41.07965159,-81.49893399
44305,OH,SUMMIT,0,3,0,0,41.07184880000007,-81.49022503333333
44307,OH,SUMMIT,1,0,0,0,41.07812317,-81.53139677
44308,OH,SUMMIT,2,0,1,0,41.080864521236784,-81.51758263232922
44309,OH,MORROW,0,1,0,0,40.4154777350137,-82.7093796763085
44310,OH,SUMMIT,1,2,0,0,41.09741959966673,-81.51270436466665
44311,OH,SUMMIT,0,1,0,0,41.0632703,-81.528393
44312,OH,SUMMIT,0,2,0,0,41.0090095875,-81.45916367349994
44313,OH,SUMMIT,0,5,0,0,41.10557464800004,-81.56449716259996
44319,OH,SUMMIT,0,5,0,0,40.97689523280004,-81.5169051544
44320,OH,SUMMIT,0,1,0,0,41.0782552000001,-81.5699468999999
44321,OH,SUMMIT,1,11,0,0,41.11687661300001,-81.65132958058332
44333,OH,SUMMIT,1,16,0,0,41.089671931177314,-81.68724978801814
44334,OH,MORROW,0,1,0,0,40.4154777350137,-82.7093796763085
44406,OH,MAHONING,0,2,0,0,41.01907380050005,-80.75330931100001
44408,OH,COLUMBIANA,0,5,0,0,40.89808772560002,-80.678901703
44410,OH,TRUMBULL,0,4,0,0,41.336259373750046,-80.70656705049994
44413,OH,COLUMBIANA,0,2,1,0,40.84068143978773,-80.54449328342098
44417,OH,TRUMBULL,0,1,0,0,41.4605598750001,-80.667825481
44418,OH,TRUMBULL,0,1,0,0,41.2926520720001,-80.5874422369999
44420,OH,TRUMBULL,0,2,1,0,41.17369500798828,-80.68356677428532
44425,OH,TRUMBULL,0,1,0,0,41.166144848,-80.554974209
44427,OH,CARROLL,0,1,0,0,40.6844943,-80.9406904
44429,OH,MAHONING,0,1,0,0,41.117844,-80.983924
44432,OH,COLUMBIANA,0,6,1,0,40.78496592729361,-80.79353295752087
44438,OH,TRUMBULL,0,3,0,0,41.226732503333395,-80.526615932
44440,OH,TRUMBULL,0,3,0,0,41.15054949666669,-80.76707464299996
44442,OH,MAHONING,0,3,0,0,40.962342924333335,-80.55187551699997
44444,OH,TRUMBULL,0,3,0,0,41.17848059700007,-80.96724195566664
44446,OH,TRUMBULL,0,5,1,0,41.18760239342919,-80.73689307351734
44451,OH,MAHONING,0,1,0,0,41.128916598,-80.822615631
44452,OH,MAHONING,0,6,0,0,40.98058474436137,-80.66231745782937
44460,OH,COLUMBIANA,1,16,0,0,40.90126439747062,-80.85046641588235
44471,OH,MAHONING,0,2,0,0,41.053578063000046,-80.60639497649996
44481,OH,TRUMBULL,0,0,1,0,41.23283831840666,-80.82039489167344
44482,OH,COLUMBIANA,2,0,0,0,41.06812989,-80.815936
44483,OH,TRUMBULL,0,11,1,0,41.27021438197317,-80.82196626194792
44484,OH,TRUMBULL,2,5,0,0,41.239822167142854,-80.76155430614286
44485,OH,TRUMBULL,0,1,0,0,41.2608945000001,-80.8590113
44501,OH,MAHONING,3,1,0,0,40.944607998753426,-81.17078474907713
44502,OH,MAHONING,0,3,1,0,41.08464283197139,-80.66038850932134
44504,OH,MAHONING,0,8,0,0,41.12022722400004,-80.65540252387501
44505,OH,TRUMBULL,2,6,0,0,41.13734297212505,-80.64486646687499
44507,OH,MAHONING,0,1,0,0,41.081919,-80.659418
44509,OH,MAHONING,0,5,0,0,41.10428898220008,-80.70385453739998
44511,OH,MAHONING,0,4,0,0,41.07072478525005,-80.69281652375
44512,OH,MAHONING,5,12,0,0,41.01773837305884,-80.6610611077647
44514,OH,MAHONING,0,7,0,0,40.99713826328577,-80.6302417575714
44515,OH,MAHONING,0,9,1,0,41.09850411764954,-80.76079011763926
44601,OH,STARK,1,19,1,0,40.91025152649729,-81.11891952359171
44612,OH,TUSCARAWAS,0,2,0,0,40.6534311855,-81.4552684225
44613,OH,STARK,0,5,0,0,40.717518788400035,-81.59342718239996
44614,OH,STARK,0,5,0,0,40.89293115880006,-81.56969931179995
44615,OH,CARROLL,0,5,1,0,40.58660388037399,-81.08363721747803
44618,OH,WAYNE,0,2,0,0,40.8005609820001,-81.71581857599995
44621,OH,TUSCARAWAS,1,2,0,0,40.39908216333333,-81.33254617666667
44622,OH,TUSCARAWAS,1,10,1,0,40.52929539471878,-81.46825765645595
44632,OH,STARK,0,2,0,0,40.95215313850005,-81.34900021549996
44641,OH,STARK,0,7,0,0,40.85429961257144,-81.24661376099995
44646,OH,STARK,3,18,1,0,40.80095862971673,-81.50095925892684
44654,OH,HOLMES,1,10,1,0,40.562178893832076,-81.91679783324471
44657,OH,STARK,0,3,0,0,40.73300492966673,-81.1100156953333
44662,OH,STARK,0,4,0,0,40.71998714900005,-81.53348501024999
44663,OH,TUSCARAWAS,0,6,1,0,40.4645252362155,-81.62287903783826
44667,OH,WAYNE,1,4,0,0,40.837480504200016,-81.77702584779999
44672,OH,MAHONING,0,2,0,0,40.912042048000046,-81.02329495649995
44683,OH,TUSCARAWAS,0,3,0,0,40.39480196666667,-81.35619159533333
44685,OH,SUMMIT,0,2,0,0,40.95403991150005,-81.4623620205
44687,OH,HOLMES,0,2,0,0,40.5377639550001,-81.718641268
44691,OH,WAYNE,1,19,1,0,40.82370101459056,-81.943200371829
44695,OH,HARRISON,0,2,0,0,40.4345159585001,-81.19989719199995
44702,OH,STARK,0,3,1,0,40.802305157811716,-81.37412708956255
44704,OH,STARK,0,1,0,0,40.7997696,-81.3440728
44705,OH,STARK,0,1,0,0,40.8144005,-81.3489203
44706,OH,STARK,0,2,0,0,40.755480964499995,-81.40104550800001
44707,OH,MORROW,0,1,0,0,40.4154777350137,-82.7093796763085
44708,OH,STARK,2,12,0,0,40.81761784100005,-81.41790717121425
44709,OH,STARK,0,9,0,0,40.8317963316667,-81.37886473388888
44710,OH,STARK,2,2,0,0,40.7959195575,-81.4063944975
44714,OH,STARK,2,3,0,0,40.63672409340256,-81.6857989966216
44718,OH,STARK,0,3,1,0,40.852961836572426,-81.43656963886971
44720,OH,STARK,0,7,0,0,40.88668334557151,-81.39611485614284
44805,OH,ASHLAND,1,10,1,0,40.8464983525096,-82.29748394043277
44811,OH,SANDUSKY,1,5,0,0,41.28113348750005,-82.86758063616666
44813,OH,RICHLAND,0,1,0,0,40.6239145380001,-82.611225903
44818,OH,SENECA,0,1,0,0,41.0495103,-83.016877
44820,OH,CRAWFORD,1,6,1,0,40.8009775015678,-82.97328145360318
44827,OH,CRAWFORD,0,1,0,0,40.789234132,-82.740598897
44830,OH,SENECA,1,5,0,0,41.149057204166716,-83.40814503816664
44833,OH,CRAWFORD,1,8,1,0,40.73140728962943,-82.80030363247985
44836,OH,SANDUSKY,0,3,0,0,41.263077992333365,-83.051556183
44838,OH,ASHLAND,0,1,0,0,40.7705555,-82.2623612
44839,OH,ERIE,0,1,0,0,41.406882668,-82.588200625
44842,OH,ASHLAND,0,6,0,0,40.63399328233336,-82.23679195949997
44846,OH,ERIE,0,1,0,0,41.2902839110001,-82.601651695
44851,OH,HURON,0,1,0,0,41.086540928,-82.409796464
44853,OH,SENECA,0,1,0,0,41.0540293,-83.3209484
44857,OH,HURON,1,4,1,0,41.23415664468083,-82.61191773658723
44870,OH,ERIE,2,17,1,0,41.437110812812705,-82.71886444338156
44875,OH,RICHLAND,1,2,1,0,40.879064291505486,-82.66555459400075
44883,OH,SENECA,2,13,1,0,41.10254206764336,-83.18932119224979
44890,OH,HURON,1,5,0,0,41.04510560083335,-82.71372389483331
44902,OH,RICHLAND,0,1,0,0,40.755350938,-82.5139083399999
44903,OH,RICHLAND,1,5,0,0,40.76500002916671,-82.51997742566662
44904,OH,RICHLAND,0,3,0,0,40.68554433033333,-82.55186844833331
44905,OH,RICHLAND,0,1,0,0,40.760272,-82.4922384
44906,OH,RICHLAND,1,7,0,0,40.76117711662504,-82.56871340162499
44907,OH,RICHLAND,0,3,1,0,40.739185425526735,-82.52280746094817
45002,OH,HAMILTON,0,1,0,0,39.201032,-84.756316
45005,OH,WARREN,1,6,0,0,39.52975445971433,-84.31353887185715
45011,OH,BUTLER,1,17,2,0,39.391159117933725,-84.5207103258072
45013,OH,BUTLER,1,12,0,0,39.41868805530774,-84.59152416246152
45014,OH,BUTLER,1,8,0,0,39.31989330111114,-84.52462209533329
45030,OH,HAMILTON,0,3,0,0,39.25573260166677,-84.78940454399999
45036,OH,WARREN,1,8,1,0,39.434344232460425,-84.22131215660843
45039,OH,WARREN,0,3,0,0,39.3195396266667,-84.2220279053333
45040,OH,WARREN,3,12,0,0,39.33693302020004,-84.30695174413331
45042,OH,BUTLER,0,6,1,0,39.50305076919975,-84.38900760330046
45044,OH,BUTLER,2,9,0,0,39.467403838636386,-84.38543285954543
45050,OH,BUTLER,0,2,0,0,39.4481496640001,-84.367199363
45051,OH,HAMILTON,0,1,0,0,39.097514591,-84.645427527
45056,OH,BUTLER,1,3,0,0,39.510084719750004,-84.76200415099997
45064,OH,BUTLER,0,2,0,0,39.544563858500055,-84.6967425805
45066,OH,WARREN,0,5,0,0,39.56119513000009,-84.23507155619996
45068,OH,WARREN,0,3,0,0,39.5318953093334,-84.09145408799999
45069,OH,BUTLER,4,10,0,0,39.35334917328572,-84.37426265321427
45102,OH,CLERMONT,0,1,0,0,39.0211769530001,-84.198889187
45103,OH,CLERMONT,1,4,1,0,39.0772200848108,-84.17316845954598
45106,OH,CLERMONT,0,1,0,0,38.959385221,-84.078353579
45107,OH,CLINTON,0,2,0,0,39.298614638500055,-83.97771679499995
45121,OH,BROWN,1,5,1,0,38.87064721596956,-83.8961064012965
45122,OH,CLERMONT,0,1,0,0,39.223793077,-84.182484114
45123,OH,HIGHLAND,1,2,0,0,39.34688874833336,-83.38570614233329
45133,OH,HIGHLAND,1,4,1,0,39.21928556754246,-83.61287188631086
45140,OH,CLERMONT,0,7,0,0,39.251380193714326,-84.26239075514285
45150,OH,CLERMONT,0,8,0,0,39.18571120150005,-84.25654174462495
45152,OH,WARREN,0,2,0,0,39.3547799585,-84.1222179295
45154,OH,BROWN,0,1,0,0,39.028507,-83.9202992
45157,OH,CLERMONT,0,1,0,0,38.9529022,-84.2807498
45167,OH,BROWN,0,2,0,0,38.78056588200005,-83.80741575399995
45169,OH,CLINTON,0,1,0,0,39.489554706,-83.626534845
45171,OH,BROWN,0,1,0,0,38.9865922550001,-83.7184281739999
45176,OH,BROWN,0,1,0,0,38.988802413,-84.019835149
45177,OH,CLINTON,2,5,1,0,39.447660788098624,-83.84193818167527
45202,OH,MONTGOMERY,1,0,0,0,39.74732335,-84.18913282
45203,OH,FRANKLIN,1,0,0,0,39.97079133,-82.96286372
45204,OH,HAMILTON,0,1,0,0,39.083471672,-84.5852661009999
45205,OH,HAMILTON,0,2,0,0,39.11393888950005,-84.5705248645
45206,OH,HAMILTON,1,8,0,0,39.12610387888892,-84.4820872091111
45207,OH,HAMILTON,1,2,0,0,39.13936485,-84.46763844666667
45208,OH,HAMILTON,0,6,0,0,39.14204530183337,-84.43550389599999
45209,OH,HAMILTON,0,2,0,0,39.1525557090001,-84.40943254999995
45211,OH,HAMILTON,1,15,0,0,39.15107202706252,-84.59695655406247
45212,OH,HAMILTON,1,4,1,0,39.165481067010845,-84.46110312803675
45213,OH,HAMILTON,1,3,0,0,39.17346814974755,-84.43064172886457
45214,OH,HAMILTON,0,3,0,0,39.11936201166666,-84.55950819566664
45215,OH,HAMILTON,0,10,0,0,39.227562106800015,-84.46598473790002
45216,OH,HAMILTON,2,4,0,0,39.202679970833394,-84.48017679816668
45217,OH,HAMILTON,0,0,1,0,39.16802045587718,-84.496866274542
45218,OH,HAMILTON,0,2,0,0,39.267096991000045,-84.52802708099995
45219,OH,HAMILTON,5,2,1,0,39.13189694999959,-84.51074423878
45220,OH,HAMILTON,2,6,0,0,39.14488358462504,-84.52231342587498
45224,OH,HAMILTON,1,10,0,0,39.200367535727295,-84.54675817854543
45227,OH,HAMILTON,0,7,0,0,39.16006606557147,-84.38812294128567
45229,OH,HAMILTON,4,22,1,0,39.14529763944602,-84.49645850626705
45230,OH,HAMILTON,0,5,0,0,39.08348528320006,-84.3832229846
45231,OH,HAMILTON,0,14,0,0,39.25952309428576,-84.55159163549999
45233,OH,HAMILTON,0,4,0,0,39.10424534375007,-84.64851247299997
45236,OH,HAMILTON,1,11,0,0,39.21095751050004,-84.38896822391665
45237,OH,HAMILTON,1,1,0,0,39.19108700000005,-84.469165078
45238,OH,HAMILTON,1,4,0,0,39.1306476524,-84.60687093419999
45239,OH,HAMILTON,1,2,0,0,39.2069217173334,-84.56890109099999
45240,OH,HAMILTON,0,1,0,0,39.294159677,-84.519530108
45241,OH,HAMILTON,1,4,1,0,39.28193240871724,-84.39330920818911
45242,OH,HAMILTON,3,7,0,0,39.24265442070004,-84.35587186579998
45243,OH,HAMILTON,0,6,0,0,39.1879662341667,-84.36629507816667
45244,OH,HAMILTON,0,5,0,0,39.10513610760002,-84.34500367960001
45245,OH,CLERMONT,0,7,0,0,39.08689119957148,-84.26501591814282
45246,OH,HAMILTON,0,6,1,0,39.279220838701285,-84.46785676414336
45247,OH,HAMILTON,0,2,0,0,39.206831431500106,-84.61001890349995
45248,OH,HAMILTON,0,2,0,0,39.163962491500044,-84.670713315
45249,OH,HAMILTON,0,1,0,0,39.286480667,-84.303445459
45251,OH,HAMILTON,0,2,0,0,39.246251814000104,-84.59448020849999
45254,OH,HAMILTON,0,2,0,0,39.74315129400685,-83.5191421616542
45255,OH,HAMILTON,1,0,0,0,39.08568551,-84.34890293
45305,OH,GREENE,0,1,0,0,39.639081478,-84.1030238
45308,OH,DARKE,0,1,0,0,40.1276325,-84.4310933
45309,OH,MONTGOMERY,0,2,0,0,39.8413125785,-84.40425489399995
45318,OH,MIAMI,0,1,0,0,40.1088444000001,-84.3527672
45320,OH,PREBLE,0,8,1,0,39.74930601644714,-84.64100384297832
45322,OH,MONTGOMERY,0,8,0,0,39.866448881375064,-84.30280952612496
45324,OH,GREENE,0,9,0,0,39.82430772866669,-83.9947992631111
45327,OH,MONTGOMERY,0,1,0,0,39.6199539130001,-84.383534342
45331,OH,DARKE,1,13,1,0,40.10465785547219,-84.63221123442385
45335,OH,GREENE,0,1,0,0,39.6610959230001,-83.748457074
45341,OH,CLARK,0,1,0,0,39.8776882,-84.0210671
45342,OH,MONTGOMERY,3,11,0,0,39.63386567435716,-84.24873921378571
45344,OH,CLARK,0,3,0,0,39.94619409466674,-84.02339681533333
45345,OH,MONTGOMERY,0,2,0,0,39.743584193000004,-84.3917097635
45347,OH,PREBLE,0,1,0,0,39.8372592000001,-84.7718235
45356,OH,MIAMI,0,4,1,0,40.14772191301089,-84.24136935202851
45365,OH,SHELBY,1,5,1,0,40.29659956799037,-84.17599006280547
45369,OH,CLARK,0,2,0,0,39.925571,-83.61667
45371,OH,MIAMI,0,3,0,0,39.93557208366676,-84.1647870633333
45373,OH,MIAMI,2,8,1,0,40.053780697362235,-84.2259075947958
45377,OH,MONTGOMERY,0,1,0,0,39.8955963430001,-84.1709825789999
45380,OH,DARKE,0,1,0,0,40.2160473690001,-84.486884017
45383,OH,MORROW,0,1,0,0,40.4154777350137,-82.7093796763085
45385,OH,GREENE,1,9,1,0,39.69366281938415,-83.92805914987912
45387,OH,GREENE,0,2,0,0,39.796203022499995,-83.892504231
45390,OH,DARKE,0,2,0,0,40.198028990500106,-84.7977515065
45401,OH,MORROW,0,1,0,0,40.4154777350137,-82.7093796763085
45402,OH,MONTGOMERY,0,1,1,0,39.76138209537527,-84.20206856726165
45403,OH,MONTGOMERY,0,6,0,0,39.76785032066669,-84.15172550266665
45404,OH,MONTGOMERY,2,0,0,0,39.774257845,-84.168188265
45405,OH,MONTGOMERY,1,3,0,0,39.77930329875002,-84.20379316524995
45406,OH,MONTGOMERY,0,5,0,0,39.775807585800024,-84.22436347399999
45407,OH,MORROW,0,5,0,0,40.4154777350137,-82.7093796763085
45408,OH,MONTGOMERY,0,2,0,0,40.0805194380069,-83.45561141965425
45409,OH,MONTGOMERY,1,1,0,0,39.725940333,-84.1899895975
45410,OH,MONTGOMERY,0,2,0,0,39.7476441,-84.17574794999999
45414,OH,MONTGOMERY,0,2,0,0,39.865590106,-84.1972402085
45415,OH,MONTGOMERY,1,8,0,0,39.832180857222255,-84.24915082188888
45416,OH,MONTGOMERY,0,2,0,0,39.80656274050005,-84.257541569
45417,OH,MONTGOMERY,4,0,0,0,39.747331605,-84.19894929
45418,OH,MONTGOMERY,0,1,0,0,39.697801671,-84.243269384
45419,OH,MONTGOMERY,0,1,1,0,39.71926793318048,-84.17338132946855
45420,OH,MONTGOMERY,1,4,0,0,39.73479449940002,-84.1561252068
45424,OH,MONTGOMERY,1,2,0,0,39.853173440666666,-84.116120771
45426,OH,MONTGOMERY,0,4,0,0,39.822815027000075,-84.28184308299997
45428,OH,MONTGOMERY,1,0,0,0,39.74265668,-84.26458456
45429,OH,MONTGOMERY,1,4,0,0,39.69777889960004,-84.16403581540001
45430,OH,GREENE,0,2,0,0,39.7058869775001,-84.09003222999999
45431,OH,GREENE,0,3,0,0,39.765694794000034,-84.07248761399997
45432,OH,GREENE,0,1,0,0,39.7472391060001,-84.055737168
45433,OH,GREENE,1,0,0,0,39.80534785,-84.03740713
45434,OH,GREENE,1,0,0,0,39.77104394,-84.06305299
45439,OH,MONTGOMERY,1,2,0,0,39.67701630333333,-84.21073836133333
45440,OH,GREENE,0,8,0,0,39.68238657012507,-84.09532521449998
45449,OH,MONTGOMERY,0,3,0,0,39.64560840700006,-84.2333851753333
45458,OH,MONTGOMERY,0,6,0,0,39.604809948500055,-84.1639456938333
45459,OH,MONTGOMERY,2,11,0,0,39.64689714746158,-84.18099478692307
45502,OH,CLARK,1,3,0,0,39.94640969050005,-83.78835763174997
45503,OH,CLARK,0,15,1,0,39.95968377384947,-83.78049231774217
45504,OH,CLARK,4,12,0,0,39.93802130181253,-83.82616976374997
45506,OH,CLARK,0,4,0,0,39.908890206000024,-83.82672091625
45601,OH,ROSS,2,7,1,0,39.348492814163414,-82.99624837816066
45612,OH,ROSS,0,1,0,0,39.2224479450001,-83.26695898
45613,OH,PIKE,0,1,0,0,39.005315,-82.907874
45614,OH,GALLIA,0,2,0,0,38.847430603999996,-82.2506249945
45628,OH,ROSS,0,3,0,0,39.40315136800007,-83.196311962
45629,OH,SCIOTO,0,1,0,0,38.6297561370001,-82.8451354809999
45631,OH,GALLIA,1,3,1,0,38.84088031934055,-82.23338875483088
45634,OH,VINTON,0,1,0,0,39.159151718,-82.4933916379999
45638,OH,LAWRENCE,0,5,2,0,38.51972111430956,-82.66485969486497
45640,OH,JACKSON,1,3,1,0,39.02952138452179,-82.61292198966721
45644,OH,ROSS,0,1,0,0,39.4714663,-82.9162886
45648,OH,SCIOTO,0,2,0,0,38.922586602000095,-83.043284537
45651,OH,VINTON,0,1,1,0,39.26727045176476,-82.47330179946792
45652,OH,SCIOTO,0,2,0,0,38.827169728,-83.03890971499999
45653,OH,SCIOTO,0,1,0,0,38.8693739610001,-82.865002607
45656,OH,JACKSON,0,2,0,0,38.896345100000005,-82.5708559
45660,OH,ADAMS,0,2,0,0,38.9404085785,-83.44178724599996
45661,OH,PIKE,0,5,0,0,39.04064859680002,-83.01336586579997
45662,OH,SCIOTO,2,9,2,0,38.747031740283724,-82.98449985317954
45663,OH,SCIOTO,0,1,0,0,38.7004242620001,-83.092150831
45669,OH,LAWRENCE,0,1,0,0,38.44101822,-82.3617241439999
45679,OH,ADAMS,1,2,0,0,38.93416547600007,-83.58636067399998
45680,OH,LAWRENCE,0,3,0,0,38.410484370666694,-82.52456668199996
45690,OH,PIKE,1,2,1,0,39.13156318237776,-82.98117319761519
45692,OH,JACKSON,0,3,0,0,39.10362431466674,-82.5344731793333
45693,OH,ADAMS,0,4,1,0,38.788110395147605,-83.5539079795806
45694,OH,SCIOTO,0,3,0,0,38.7332340276667,-82.83746306199997
45701,OH,ATHENS,2,3,1,0,39.33013182370797,-82.10823405373897
45710,OH,ATHENS,0,2,0,0,39.2246091635,-82.20633816349999
45714,OH,WASHINGTON,0,4,1,0,39.28139714166696,-81.60422254084304
45715,OH,WASHINGTON,0,1,0,0,39.5517401590001,-81.630361605
45723,OH,ATHENS,0,1,0,0,39.213997571,-81.8095171369999
45750,OH,WASHINGTON,2,12,2,0,39.42931919788104,-81.45324535780495
45760,OH,MEIGS,0,1,0,0,38.9921745930001,-82.063178867
45764,OH,ATHENS,1,0,0,0,39.4632829,-82.24321018
45769,OH,MEIGS,0,2,1,0,39.05742336584881,-82.02883716539418
45780,OH,ATHENS,0,2,0,0,39.363714721500045,-82.1225768524999
45801,OH,ALLEN,2,2,1,0,40.75069446773638,-84.10047397309012
45804,OH,ALLEN,2,4,0,0,40.71734741800005,-84.09849709166666
45805,OH,ALLEN,0,10,0,0,40.74875999200003,-84.14312102609998
45806,OH,AUGLAIZE,0,3,0,0,40.65004116700007,-84.14752361933324
45807,OH,ALLEN,0,3,0,0,40.7510930376667,-84.16480060566667
45810,OH,HARDIN,0,2,0,0,40.77849791900005,-83.83140732349995
45813,OH,PAULDING,0,1,0,0,41.182046868,-84.743151328
45814,OH,HANCOCK,0,1,0,0,40.8915566640001,-83.661389888
45817,OH,ALLEN,1,5,0,0,40.888753327833406,-83.9111916156666
45822,OH,MERCER,0,5,1,0,40.55941694477635,-84.55923793247597
45827,OH,PUTNAM,0,2,0,0,41.01950440150005,-84.3063501325
45828,OH,MERCER,1,3,0,0,40.47912167700002,-84.64071680624997
45832,OH,VAN WERT,0,1,0,0,40.9171679,-84.7021491
45833,OH,ALLEN,0,6,0,0,40.846948741666694,-84.32693759899995
45840,OH,HANCOCK,1,19,2,0,41.050708125955275,-83.63059137688505
45853,OH,PUTNAM,0,2,0,0,40.982147901999994,-84.18552606699996
45856,OH,PUTNAM,0,3,0,0,41.095659051666665,-83.97293873699996
45863,OH,VAN WERT,1,0,0,0,40.87740052,-84.47896695
45865,OH,AUGLAIZE,0,2,0,0,40.394201632,-84.3703878615
45869,OH,AUGLAIZE,0,2,0,0,40.43204826150005,-84.37910684699995
45872,OH,WOOD,0,2,0,0,41.1743356725001,-83.667606264
45875,OH,PUTNAM,0,6,1,0,41.02741978125666,-84.03634740314035
45877,OH,PUTNAM,0,2,0,0,40.9506378320001,-83.96764568949999
45879,OH,PAULDING,1,5,1,0,41.126396373649776,-84.59241726325807
45880,OH,PAULDING,0,3,0,0,41.08731277833336,-84.72760508266663
45882,OH,MERCER,0,5,0,0,40.675161847599995,-84.64809378019996
45883,OH,MERCER,0,2,0,0,40.418953313000046,-84.64700645799995
45885,OH,AUGLAIZE,1,8,0,0,40.53879516766672,-84.39255406555554
45887,OH,ALLEN,0,2,0,0,40.70671110550005,-84.3491784205
45891,OH,VAN WERT,1,6,1,0,40.858095453850915,-84.59309589491747
45895,OH,AUGLAIZE,0,3,1,0,40.57656237264843,-84.19623149709882
46001,IN,MADISON,0,2,0,0,40.24262926200005,-85.6714846975
46011,IN,MADISON,1,11,0,0,40.134616233324444,-85.69274313084986
46012,IN,MADISON,0,4,0,0,40.12727788425008,-85.6549863005
46013,IN,MADISON,1,2,0,0,40.04323263945343,-85.6821555934427
46016,IN,MADISON,1,6,1,0,40.10017952903011,-85.68183979706393
46017,IN,MADISON,0,1,0,0,40.108199917,-85.602478558
46032,IN,HAMILTON,6,23,0,0,39.96985601841402,-86.1494138084252
46033,IN,HAMILTON,0,5,0,0,39.97718973460808,-86.09452716260931
46036,IN,MADISON,1,1,0,0,40.28086962500005,-85.83755482000001
46037,IN,HAMILTON,2,7,0,0,39.97825659944445,-85.95095540433334
46038,IN,HAMILTON,0,8,0,0,39.95042165225003,-86.02686364112499
46041,IN,CLINTON,1,4,1,0,40.28105846846372,-86.51416603581116
46052,IN,BOONE,1,11,1,0,40.061218555007834,-86.46538757397344
46055,IN,HANCOCK,0,4,0,0,39.88090136341135,-85.93438956177535
46058,IN,CLINTON,0,2,0,0,40.34823510000005,-86.671668356
46060,IN,HAMILTON,1,8,1,0,40.03044924269697,-86.01427504749839
46062,IN,HAMILTON,0,2,0,0,40.04228286792605,-86.04339738045516
46064,IN,MADISON,0,2,0,0,40.004729045999994,-85.732906098
46065,IN,CLINTON,0,2,0,0,40.41803221700005,-86.5824243995
46069,IN,HAMILTON,0,1,0,0,40.1312438940001,-86.226291019
46070,IN,MADISON,0,1,0,0,40.3301005320001,-85.6478404979999
46072,IN,TIPTON,1,1,1,0,40.27463346672019,-86.0423718720777
46074,IN,HAMILTON,0,8,0,0,40.037486830803914,-86.1423953033419
46075,IN,BOONE,0,4,0,0,39.95610386842473,-86.34901202824426
46077,IN,BOONE,0,8,0,0,39.95379782987499,-86.276529405
46107,IN,MARION,0,4,0,0,39.727737831185294,-86.10309336863988
46112,IN,HENDRICKS,1,6,0,0,39.83706603300519,-86.38975557176983
46113,IN,HENDRICKS,0,2,0,0,39.637029826500054,-86.33041455
46120,IN,PUTNAM,0,2,0,0,39.51086502250005,-86.7938443075
46122,IN,HENDRICKS,1,5,1,0,39.76124011105428,-86.49795495441234
46123,IN,HENDRICKS,1,13,0,0,39.77386135103831,-86.39037628731798
46131,IN,JOHNSON,1,16,1,0,39.49194791507375,-86.06168530108216
46135,IN,PUTNAM,1,10,1,0,39.63635421662318,-86.85053792409995
46140,IN,HANCOCK,1,11,1,0,39.79485925061943,-85.81757403148347
46142,IN,JOHNSON,0,7,0,0,39.625179123142914,-86.14986990228567
46143,IN,JOHNSON,3,12,0,0,39.59423862225149,-86.13390310767868
46151,IN,MORGAN,1,5,1,0,39.41638267341116,-86.41478793888419
46158,IN,MORGAN,1,5,0,0,39.614580296716206,-86.36390201090121
46160,IN,MORGAN,0,2,0,0,39.371711644,-86.26247893749995
46161,IN,SHELBY,0,2,0,0,39.662969701,-85.69928290749999
46163,IN,HANCOCK,0,2,0,0,39.7235035114402,-85.91075560691354
46168,IN,HENDRICKS,1,7,0,0,39.69785057953358,-86.3800370308726
46173,IN,RUSH,1,3,1,0,39.61774649658575,-85.43741180506154
46176,IN,SHELBY,1,9,1,0,39.52382278598914,-85.7747684193857
46182,IN,SHELBY,0,2,0,0,39.45677978100005,-85.667838061
46202,IN,MARION,5,2,0,0,39.78371151942859,-86.17354652271429
46203,IN,MARION,0,4,0,0,39.729950202750054,-86.11664203875
46204,IN,MARION,0,0,1,0,39.76740645226082,-86.1584421657688
46205,IN,MARION,0,2,1,0,39.829723419944756,-86.12590329786035
46206,IN,MARION,1,0,0,0,39.78948526,-86.16238674
46214,IN,MARION,1,5,0,0,39.78940803844612,-86.28768972166024
46216,IN,MARION,0,2,0,0,39.854228538,-86.02605190149995
46218,IN,MARION,1,10,0,0,39.793530464148596,-86.07757822841542
46219,IN,MARION,1,13,0,0,39.788606249036114,-86.04661172588325
46220,IN,MARION,1,4,0,0,39.85495048160002,-86.1054863252
46221,IN,MARION,0,2,0,0,39.69371719450005,-86.25011124149995
46222,IN,MARION,2,4,0,0,39.7941716706667,-86.20562933699999
46224,IN,MARION,0,4,0,0,39.792496783749996,-86.26864030549996
46225,IN,MARION,1,1,0,0,39.77410512200005,-86.16060726799995
46226,IN,MARION,1,1,0,0,39.848654635,-86.03199369500001
46227,IN,MARION,1,20,0,0,39.67258265931685,-86.13565300724345
46229,IN,MARION,0,2,0,0,39.80047434950005,-85.9748506345
46231,IN,MARION,0,3,0,0,39.73379306838357,-86.31584756493577
46234,IN,MARION,0,6,0,0,39.78123429695221,-86.32257373616278
46236,IN,MARION,0,2,0,0,39.87249449577945,-85.97124207528779
46237,IN,MARION,1,9,0,0,39.669858565200016,-86.0824520554
46240,IN,MARION,0,4,0,0,39.903912731250045,-86.11987558724995
46241,IN,MARION,0,1,0,0,39.7500016430001,-86.2482727939999
46250,IN,MARION,2,7,0,0,39.90430348311116,-86.0644047781111
46254,IN,MARION,2,7,0,0,39.84284131944445,-86.25631554
46256,IN,MARION,3,6,0,0,39.90774945600723,-86.03897029953372
46260,IN,MARION,3,18,0,0,39.90796839742859,-86.18985006295239
46268,IN,MARION,0,6,0,0,39.90468048216666,-86.23677020483332
46278,IN,MARION,1,0,0,0,39.90769543,-86.2672165
46290,IN,HAMILTON,1,0,0,0,39.93934737,-86.15917026
46304,IN,PORTER,0,8,0,0,41.59090016864583,-87.04361479572253
46307,IN,LAKE,6,11,1,0,41.416924616598,-87.33829694546166
46310,IN,NEWTON,0,4,0,0,41.17560832575003,-87.23919584000001
46311,IN,LAKE,1,7,0,0,41.50381453550003,-87.511752418125
46312,IN,LAKE,2,2,0,0,41.62827885900002,-87.4569637595
46320,IN,LAKE,2,2,0,0,41.613527930000025,-87.51924268774998
46321,IN,LAKE,2,4,0,0,41.5421285358997,-87.51231397502295
46324,IN,LAKE,1,0,0,0,41.56884453,-87.48015121
46342,IN,LAKE,1,6,0,0,41.52873982042859,-87.28625915557141
46350,IN,LAPORTE,3,10,1,0,41.59710140976712,-86.71695975809578
46356,IN,LAKE,0,4,0,0,41.291037611805,-87.40791264091399
46360,IN,LAPORTE,2,9,0,0,41.69010788109092,-86.87480846227271
46368,IN,PORTER,1,8,0,0,41.55270531310047,-87.18391043130198
46373,IN,LAKE,0,2,0,0,41.421927722999996,-87.4418356935
46375,IN,LAKE,0,4,0,0,41.479951489879326,-87.42380985369438
46383,IN,PORTER,2,14,1,0,41.4957343579558,-87.04627985247174
46385,IN,PORTER,0,2,0,0,41.499321338528006,-87.06689506638735
46394,IN,LAKE,0,2,0,0,41.68849466300005,-87.5040723415
46402,IN,LAKE,1,1,1,0,41.601892320883515,-87.35264157385461
46403,IN,LAKE,0,2,0,0,41.595336449499996,-87.2775119495
46404,IN,LAKE,0,2,0,0,41.57584317650005,-87.36689664299999
46405,IN,LAKE,0,2,0,0,41.580398571,-87.2390587845
46407,IN,LAKE,0,1,0,0,41.5806346800001,-87.327840828
46410,IN,LAKE,2,14,0,0,41.465987787639264,-87.33565225790983
46506,IN,MARSHALL,2,2,0,0,41.4468764255,-86.14538577124998
46511,IN,MARSHALL,0,2,0,0,41.22516783800005,-86.42312487800001
46513,IN,MARSHALL,0,1,0,0,41.3375805320001,-86.4473746
46514,IN,ELKHART,1,10,0,0,41.69433857128626,-85.96871215522872
46516,IN,ELKHART,0,4,1,0,41.676770299535406,-85.94732907046493
46517,IN,ELKHART,0,10,0,0,41.6519689845542,-85.98360469213216
46526,IN,ELKHART,1,4,0,0,41.56122415440004,-85.8326407298
46527,IN,ELKHART,1,2,0,0,41.574925587815734,-85.8244649979216
46528,IN,ELKHART,0,2,0,0,41.60124893964495,-85.83604520669681
46530,IN,ST. JOSEPH,0,4,0,0,41.71880530925003,-86.16594027299995
46534,IN,STARKE,1,3,1,0,41.289739877853734,-86.61839187157584
46544,IN,ST. JOSEPH,1,9,0,0,41.64596497459078,-86.17518357842623
46545,IN,ST. JOSEPH,5,15,0,0,41.6992186991046,-86.17456857468787
46552,IN,ST. JOSEPH,0,3,0,0,41.71155641100007,-86.5000950623333
46556,IN,ST. JOSEPH,0,2,0,0,41.70141689250005,-86.25354238
46562,IN,KOSCIUSKO,1,0,0,0,41.20601918,-85.7006035
46563,IN,MARSHALL,2,4,1,0,41.342847627429784,-86.31781041321479
46567,IN,KOSCIUSKO,0,2,0,0,41.415816276,-85.73984063899995
46573,IN,ELKHART,0,2,0,0,41.5383742905,-86.025081908
46574,IN,ST. JOSEPH,0,1,0,0,41.46118169,-86.489183833
46580,IN,KOSCIUSKO,2,8,1,0,41.23696948727621,-85.83785775529621
46582,IN,KOSCIUSKO,0,1,0,0,41.2757160730001,-85.8569360129999
46590,IN,KOSCIUSKO,0,2,0,0,41.222477223,-85.8012663845
46601,IN,ST. JOSEPH,1,2,1,0,41.68061928584959,-86.25034206254199
46614,IN,ST. JOSEPH,0,8,0,0,41.63087948900002,-86.21915660674999
46617,IN,ST. JOSEPH,0,4,0,0,41.68078437775,-86.2399324785
46619,IN,ST. JOSEPH,0,4,0,0,41.67238773423402,-86.31532365481245
46628,IN,ST. JOSEPH,1,1,0,0,41.7192666335,-86.33194395199995
46635,IN,ST. JOSEPH,0,8,0,0,41.71519826499097,-86.20898963198667
46637,IN,ST. JOSEPH,0,4,0,0,41.73088871625005,-86.25974030775035
46701,IN,NOBLE,0,1,1,0,41.3934744461716,-85.41993015912941
46703,IN,STEUBEN,1,4,1,0,41.637759850280844,-84.99444016380686
46706,IN,DEKALB,2,3,1,0,41.371730239308,-85.04896364142064
46710,IN,NOBLE,0,2,0,0,41.37244964212485,-85.24296046023295
46711,IN,ADAMS,0,3,0,0,40.65331749507163,-84.96576505396497
46714,IN,WELLS,1,5,1,0,40.754316829568445,-85.17256953057252
46721,IN,DEKALB,0,2,0,0,41.43187331700005,-84.878102087
46725,IN,WHITLEY,1,4,1,0,41.16047497381549,-85.50476660972997
46733,IN,ADAMS,1,2,1,0,40.81707268189595,-84.91299753592666
46738,IN,DEKALB,0,2,0,0,41.3305765005,-85.13280542249996
46750,IN,HUNTINGTON,1,9,1,0,40.87954459267596,-85.50771037446412
46755,IN,NOBLE,1,9,0,0,41.43740789515417,-85.25912611172001
46761,IN,LAGRANGE,1,4,1,0,41.64987724589068,-85.41925514942682
46765,IN,ALLEN,0,2,0,0,41.2203200521696,-84.99400117070735
46767,IN,NOBLE,0,2,0,0,41.46496112854475,-85.6093504762088
46770,IN,WELLS,0,2,0,0,40.826054975,-85.328771934
46773,IN,ALLEN,0,2,0,0,40.977251796,-84.881106129
46774,IN,ALLEN,0,1,0,0,41.064740317,-85.024798366
46777,IN,WELLS,0,2,0,0,40.888735495,-85.1643087685
46792,IN,HUNTINGTON,0,1,0,0,40.687722572,-85.429502794
46802,IN,ALLEN,2,2,1,0,41.078498062330326,-85.1416207776922
46804,IN,ALLEN,4,10,0,0,41.04702685721431,-85.23913371214284
46805,IN,ALLEN,3,16,0,0,41.09738500857038,-85.11271273455641
46807,IN,ALLEN,1,0,0,0,41.06113935,-85.14550814
46809,IN,ALLEN,0,2,0,0,41.04523036850004,-85.16938358999995
46814,IN,ALLEN,0,3,0,0,41.07718278300007,-85.33607317733333
46815,IN,ALLEN,0,13,0,0,41.102050749640476,-85.06431932034555
46816,IN,ALLEN,0,4,0,0,41.02168839994365,-85.1178337569293
46818,IN,ALLEN,1,2,0,0,41.140779714,-85.19275126166667
46819,IN,ALLEN,0,4,0,0,41.01468746275005,-85.142384571
46825,IN,ALLEN,1,10,0,0,41.15052843855797,-85.12561932534226
46835,IN,ALLEN,0,8,0,0,41.13900563449285,-85.08940920516356
46845,IN,ALLEN,2,12,0,0,41.18993152128574,-85.10179347935714
46901,IN,HOWARD,1,14,1,0,40.484969425896274,-86.15646024192546
46902,IN,HOWARD,1,7,0,0,40.45243269546687,-86.14575883750702
46904,IN,HOWARD,1,0,0,0,40.48608021,-86.15669477
46923,IN,CARROLL,0,2,1,0,40.57927680464849,-86.67321508741007
46933,IN,GRANT,0,2,0,0,40.49572197750005,-85.604616212
46936,IN,HOWARD,0,2,0,0,40.4839274095,-85.96744346149995
46940,IN,WABASH,0,2,0,0,40.6800416935,-85.725196684
46947,IN,CASS,3,10,1,0,40.763971765464156,-86.34942471467684
46952,IN,GRANT,2,4,0,0,40.5682816221667,-85.68212288683331
46953,IN,GRANT,1,9,1,0,40.523708205894266,-85.66195313533984
46962,IN,WABASH,0,4,0,0,41.01492214625005,-85.76760274674999
46970,IN,MIAMI,1,10,1,0,40.72784698048943,-86.10580879443934
46975,IN,FULTON,1,4,1,0,41.06020331475688,-86.21554382925372
46989,IN,GRANT,0,2,0,0,40.460425900999994,-85.49965668949994
46992,IN,WABASH,1,12,1,0,40.81090430863073,-85.82889811193463
46996,IN,PULASKI,1,3,1,0,41.05534635438125,-86.59690145666389
47006,IN,RIPLEY,1,8,0,0,39.29759668084132,-85.20930204036141
47012,IN,FRANKLIN,0,2,1,0,39.443963833502444,-84.9754749374252
47018,IN,DEARBORN,0,2,0,0,39.019284173,-85.05667123799995
47025,IN,DEARBORN,2,7,1,0,39.11208219176633,-84.88182771174783
47031,IN,RIPLEY,0,2,0,0,39.1352239467624,-85.13398014274401
47037,IN,RIPLEY,0,2,0,0,39.12233215000005,-85.2878443665
47040,IN,OHIO,0,2,1,0,38.94552944761153,-84.85790509143266
47042,IN,RIPLEY,0,2,1,0,39.00590768383719,-85.29312247179156
47043,IN,SWITZERLAND,0,2,1,0,38.738121713451605,-85.08291459534573
47111,IN,CLARK,1,2,0,0,38.475497044,-85.66978171999996
47112,IN,HARRISON,1,4,1,0,38.22066913578636,-86.13178880482643
47118,IN,CRAWFORD,0,0,1,0,38.35166457023862,-86.44259994244375
47119,IN,FLOYD,0,2,0,0,38.327600922500054,-85.8726499575
47122,IN,FLOYD,0,2,0,0,38.29842720950005,-85.954687468
47129,IN,CLARK,3,6,0,0,38.31695586477779,-85.76403232833333
47130,IN,CLARK,2,9,1,0,38.31258656545678,-85.72374942654811
47137,IN,CRAWFORD,0,2,0,0,38.2025454385,-86.34618102549996
47150,IN,FLOYD,3,20,1,0,38.32123707427794,-85.81875614731506
47167,IN,WASHINGTON,1,4,1,0,38.61146033864645,-86.10157426243872
47170,IN,SCOTT,1,8,1,0,38.70382851680413,-85.78826162190978
47172,IN,CLARK,0,5,0,0,38.389207053429416,-85.76738458684403
47201,IN,BARTHOLOMEW,1,9,1,0,39.20275029074521,-85.9251184509353
47203,IN,BARTHOLOMEW,0,9,0,0,39.23069579588901,-85.88413802055275
47220,IN,JACKSON,0,2,0,0,38.87253983900005,-86.04415488749996
47240,IN,DECATUR,1,11,1,0,39.34302199990874,-85.47768891128364
47243,IN,JEFFERSON,0,4,0,0,38.71595545318455,-85.47863731026806
47246,IN,BARTHOLOMEW,0,2,0,0,39.277243052,-85.75828384900001
47250,IN,JEFFERSON,2,8,1,0,38.76406361544241,-85.39116262451626
47265,IN,JENNINGS,1,1,0,0,39.01051604600005,-85.64237243
47274,IN,JACKSON,1,8,1,0,38.95170778373006,-85.88391296289345
47282,IN,JENNINGS,0,0,1,0,38.985723533093385,-85.60795377176122
47302,IN,DELAWARE,0,3,0,0,40.17829976307223,-85.31078255355628
47303,IN,DELAWARE,3,12,0,0,40.204944150666684,-85.38214445906667
47304,IN,DELAWARE,0,16,0,0,40.209719845125036,-85.43583438999998
47305,IN,DELAWARE,0,0,1,0,40.1942221773264,-85.38719246995957
47320,IN,DELAWARE,0,2,0,0,40.302512406000005,-85.24723834949995
47330,IN,WAYNE,0,2,0,0,39.816959944,-84.98413369699995
47331,IN,FAYETTE,1,7,1,0,39.65327865993274,-85.12697757990152
47336,IN,JAY,0,2,0,0,40.3920574,-85.19790519999995
47348,IN,BLACKFORD,1,5,1,0,40.45955773465316,-85.37112766965542
47353,IN,UNION,0,2,1,0,39.63538642262091,-84.93269643369344
47356,IN,HENRY,0,3,0,0,40.056766933333364,-85.54167655166667
47362,IN,HENRY,1,12,1,0,39.93093690257318,-85.36735898709473
47368,IN,RANDOLPH,0,2,0,0,40.1868858735,-85.20155107499994
47371,IN,JAY,1,4,1,0,40.43789329224993,-84.98820490988709
47374,IN,WAYNE,2,19,1,0,39.83700482248802,-84.88377179675092
47390,IN,RANDOLPH,0,2,0,0,40.2080467436965,-84.80772550916345
47394,IN,RANDOLPH,1,6,1,0,40.16787077760036,-84.96687508215443
47396,IN,DELAWARE,0,4,0,0,40.177923,-85.477547246
47401,IN,MONROE,0,12,0,0,39.13966886897692,-86.50523896670704
47403,IN,MONROE,2,5,0,0,39.14845045028574,-86.57359802671424
47404,IN,MONROE,2,2,1,0,39.191705722881025,-86.56181502023557
47408,IN,MONROE,0,5,0,0,39.18274497440006,-86.510602153
47421,IN,LAWRENCE,2,12,1,0,38.851491848582924,-86.50225756629055
47424,IN,GREENE,0,0,1,0,39.02560714735736,-86.93624143339969
47429,IN,MONROE,0,2,0,0,39.2331414763557,-86.6220631043132
47432,IN,ORANGE,0,2,0,0,38.54950452550005,-86.61159561849996
47438,IN,GREENE,0,2,0,0,39.16410387100005,-87.18706391899995
47441,IN,GREENE,1,2,0,0,39.04172308092757,-87.1587738590472
47446,IN,LAWRENCE,0,2,0,0,38.7258726005,-86.479443502
47448,IN,BROWN,0,2,1,0,39.202545766107455,-86.24047898641095
47454,IN,ORANGE,1,2,1,0,38.56437079005379,-86.4732151673623
47460,IN,OWEN,0,4,1,0,39.28393399377021,-86.75579540804607
47501,IN,DAVIESS,1,12,1,0,38.64910646022405,-87.16065143411176
47520,IN,PERRY,0,0,1,0,37.912509087627726,-86.74049512655125
47523,IN,SPENCER,0,4,0,0,38.17332986900006,-86.99532460274997
47532,IN,DUBOIS,0,3,0,0,38.2224573889874,-86.8532383751961
47535,IN,KNOX,0,2,0,0,38.86812624450005,-87.3092088625
47542,IN,DUBOIS,0,2,0,0,38.312178017,-86.96018340299995
47546,IN,DUBOIS,1,12,1,0,38.397217882060204,-86.94166851022086
47547,IN,DUBOIS,0,2,0,0,38.411420296464954,-86.94092036519365
47553,IN,MARTIN,0,4,0,0,38.66715793841408,-86.91881353339326
47561,IN,KNOX,0,2,0,0,38.8730922058054,-87.44223958860701
47562,IN,DAVIESS,0,2,0,0,38.8402108055,-86.982283449
47567,IN,PIKE,0,4,1,0,38.48718435104613,-87.28297998349782
47581,IN,MARTIN,0,0,1,0,38.664863859137796,-86.79246336643072
47586,IN,PERRY,1,4,0,0,37.95545165060002,-86.74832618119999
47591,IN,KNOX,1,8,1,0,38.67002737920807,-87.51517604463092
47601,IN,WARRICK,1,6,1,0,38.04635057254879,-87.26865649313851
47620,IN,POSEY,0,2,1,0,37.93031902399219,-87.90685373169187
47630,IN,WARRICK,4,16,0,0,37.97123963408775,-87.41902793900942
47631,IN,POSEY,0,3,0,0,38.127594961333365,-87.93037475733331
47635,IN,SPENCER,0,2,1,0,37.88591405638659,-87.05360458961711
47660,IN,GIBSON,0,2,0,0,38.33853371150005,-87.34201254249996
47665,IN,GIBSON,0,2,0,0,38.26990673350005,-87.7027298975
47670,IN,GIBSON,1,3,1,0,38.35284157158013,-87.58201215482273
47710,IN,VANDERBURGH,0,12,0,0,38.00266413850002,-87.57614184408328
47711,IN,VANDERBURGH,0,4,0,0,38.01086231075003,-87.53677517424995
47712,IN,VANDERBURGH,0,6,0,0,37.970298550500026,-87.67021183116664
47713,IN,VANDERBURGH,1,6,1,0,37.96862952925487,-87.56450036616143
47714,IN,VANDERBURGH,2,6,0,0,37.964660950250014,-87.51149947312496
47715,IN,VANDERBURGH,1,4,0,0,37.99368942620004,-87.48274828839997
47720,IN,VANDERBURGH,0,4,0,0,37.99797601800003,-87.60848691199995
47725,IN,VANDERBURGH,0,4,0,0,38.082825910750024,-87.54423136025
47747,IN,VANDERBURGH,1,0,0,0,37.98373954,-87.57110678
47750,IN,VANDERBURGH,1,0,0,0,37.96334445,-87.50292615
47802,IN,VIGO,2,14,0,0,39.41252659686637,-87.39861975036682
47803,IN,VIGO,0,2,0,0,39.4634205985,-87.36891668300001
47804,IN,VIGO,2,6,0,0,39.49198272630252,-87.3995549169606
47807,IN,VIGO,0,2,1,0,39.47267646864919,-87.41167743466166
47834,IN,CLAY,1,6,1,0,39.521723666706905,-87.11846777443974
47842,IN,VERMILLION,1,4,1,0,39.65119431060467,-87.40327826644854
47857,IN,CLAY,0,2,0,0,39.522334828542,-87.09033929918535
47872,IN,PARKE,0,0,1,0,39.76199948756767,-87.22834193056161
47876,IN,VIGO,0,2,0,0,39.510914847225706,-87.45937699187685
47882,IN,SULLIVAN,1,5,1,0,39.113249729357776,-87.41451523308102
47901,IN,TIPPECANOE,0,1,1,0,40.394807869067975,-86.88035012361941
47904,IN,TIPPECANOE,1,8,0,0,40.4232838528719,-86.87507181267921
47905,IN,TIPPECANOE,4,10,0,0,40.40072619427318,-86.85365712533367
47906,IN,TIPPECANOE,1,12,0,0,40.46202953150665,-86.91115332118872
47909,IN,TIPPECANOE,0,2,0,0,40.38869521426195,-86.899293318167
47918,IN,FOUNTAIN,0,0,1,0,40.27948222267809,-87.2572554817961
47922,IN,NEWTON,0,2,0,0,40.86415022927714,-87.32339314506746
47932,IN,FOUNTAIN,0,2,0,0,40.13983781600005,-87.37759207649995
47933,IN,MONTGOMERY,1,12,1,0,40.043234637006734,-86.89796523033534
47944,IN,BENTON,0,1,1,0,40.61960156790174,-87.31585025134771
47946,IN,PULASKI,0,2,0,0,40.9905110915,-86.87960295449994
47960,IN,WHITE,1,4,1,0,40.744139311268924,-86.77174387515
47963,IN,NEWTON,0,0,1,0,40.93809849609479,-87.43677456385777
47978,IN,JASPER,1,2,1,0,40.93426693977454,-87.14066281297787
47993,IN,WARREN,1,2,0,0,40.29525669933333,-87.29820026099999
48005,MI,MACOMB,0,2,0,0,42.84210420750005,-82.8923604405
48015,MI,MACOMB,0,1,0,0,42.4802993760001,-83.020761765
48017,MI,OAKLAND,0,1,0,0,42.5375023020001,-83.14720109
48025,MI,OAKLAND,0,1,0,0,42.517423724,-83.224894206
48033,MI,OAKLAND,1,0,0,0,42.46463276,-83.26135516
48034,MI,OAKLAND,0,2,0,0,42.4803322800001,-83.274203538
48035,MI,MACOMB,0,1,0,0,42.5566062140001,-82.874715872
48036,MI,MACOMB,0,1,0,0,42.5739768650001,-82.870829102
48037,MI,OAKLAND,1,0,0,0,42.45799412,-83.20489063
48038,MI,MACOMB,1,1,0,0,42.5998138515,-82.955280027
48043,MI,MACOMB,4,1,1,0,42.60665900773607,-82.88676168567869
48047,MI,MACOMB,1,1,0,0,42.6753442065,-82.761399159
48054,MI,ST. CLAIR,1,1,0,0,42.785246387,-82.4811086355
48059,MI,ST. CLAIR,0,2,0,0,43.0722614365001,-82.46950341599995
48060,MI,ST. CLAIR,6,1,1,0,42.97394689675279,-82.4346096529382
48062,MI,MACOMB,0,1,0,0,42.8101692130001,-82.7664379939999
48065,MI,MACOMB,0,3,0,0,42.805725152000065,-83.00420598766664
48066,MI,MACOMB,0,1,0,0,42.483487236,-82.927792123
48071,MI,OAKLAND,8,1,0,0,42.50234110622222,-83.0942340218889
48073,MI,OAKLAND,3,1,0,0,42.514183601250025,-83.19514410925
48075,MI,OAKLAND,5,1,0,0,42.457731890333356,-83.20445284616666
48076,MI,OAKLAND,0,2,0,0,42.50089154600005,-83.22218609499996
48080,MI,MACOMB,0,1,0,0,42.466964438,-82.893173061
48081,MI,MACOMB,0,1,0,0,42.483892322,-82.8898073939999
48085,MI,OAKLAND,1,0,0,0,42.61899798,-83.09358996
48089,MI,MACOMB,1,2,0,0,42.4783493313334,-83.00065057333326
48091,MI,MACOMB,1,0,0,0,42.45165647,-83.08160374
48092,MI,SAGINAW,1,1,0,0,43.0001869915,-83.5161780195
48093,MI,MACOMB,5,3,0,0,42.50949746687502,-83.00704771687498
48097,MI,ST. CLAIR,0,1,0,0,43.1312055110001,-82.789112347
48101,MI,WAYNE,0,1,0,0,42.24312446,-83.22206976
48103,MI,WASHTENAW,0,1,0,0,42.2978233630001,-83.7487519489999
48105,MI,WASHTENAW,1,2,0,0,42.281474836333366,-83.68753494166667
48106,MI,WASHTENAW,5,0,0,0,42.2650621896,-83.65451230440001
48108,MI,WASHTENAW,0,1,0,0,42.2152365630001,-83.693353669
48109,MI,WASHTENAW,4,0,0,0,42.283497585,-83.728891675
48116,MI,LIVINGSTON,1,1,0,0,42.52021014750005,-83.73415389549996
48118,MI,WASHTENAW,2,1,0,0,42.31145948400003,-84.02284779533333
48120,MI,WAYNE,0,1,0,0,42.3008834940001,-83.195471556
48124,MI,WAYNE,2,0,0,0,42.292981052,-83.21278912599999
48125,MI,WAYNE,0,1,0,0,42.2713837110001,-83.298321657
48126,MI,WAYNE,0,1,0,0,42.3275727440001,-83.193207736
48127,MI,WAYNE,0,1,0,0,42.3255377560001,-83.294478305
48135,MI,WAYNE,5,0,0,0,42.332350184,-83.3143673328
48146,MI,WAYNE,1,0,0,0,42.25631179,-83.16389534
48150,MI,WAYNE,0,3,0,0,42.3614083863334,-83.36611577766666
48152,MI,WAYNE,0,1,0,0,42.4402612650001,-83.3357597419999
48154,MI,WAYNE,3,6,0,0,42.395980657000045,-83.37041761477775
48161,MI,MONROE,0,1,1,0,41.91377382677594,-83.4226709315478
48162,MI,MONROE,2,5,0,0,41.931665726000055,-83.3980025635714
48167,MI,WAYNE,0,1,0,0,42.4310669430001,-83.488664547
48170,MI,WAYNE,0,2,0,0,42.370399296500096,-83.455560677
48176,MI,WASHTENAW,0,1,0,0,42.167265764,-83.7909200679999
48178,MI,OAKLAND,0,1,0,0,42.4587199850001,-83.647927382
48180,MI,WAYNE,3,3,0,0,42.22424958433337,-83.26973749083332
48182,MI,MONROE,0,1,0,0,41.742122109,-83.56632992
48183,MI,WAYNE,1,2,0,0,42.11968872100004,-83.21475904299996
48184,MI,WAYNE,1,3,1,0,42.2725900567787,-83.36534703673885
48185,MI,WAYNE,0,4,0,0,42.337875768,-83.38737184675
48187,MI,WAYNE,0,1,0,0,42.335556151,-83.460299528
48188,MI,WAYNE,0,1,0,0,42.278182986,-83.489832286
48189,MI,WASHTENAW,0,1,0,0,42.409486122,-83.762001799
48192,MI,WAYNE,6,2,0,0,42.20351728362502,-83.159305276125
48193,MI,WAYNE,0,1,0,0,42.173020394,-83.1783173539999
48195,MI,WAYNE,0,1,0,0,42.1970711180001,-83.194158527
48197,MI,WASHTENAW,1,1,0,0,42.2510855005,-83.6339468565
48198,MI,WASHTENAW,1,2,1,0,42.24786208899911,-83.60018715741865
48201,MI,WAYNE,11,0,0,0,42.351802334545454,-83.05588261818183
48202,MI,WAYNE,1,1,1,0,42.37626159091803,-83.08577254634157
48203,MI,WAYNE,0,1,0,0,42.4041681800001,-83.100951832
48204,MI,WAYNE,0,1,0,0,42.3671042600001,-83.134209169
48205,MI,WAYNE,1,1,0,0,42.44424025650005,-82.97152052099995
48206,MI,WAYNE,0,1,0,0,42.387313529,-83.1042766429999
48207,MI,WAYNE,0,5,0,0,42.35894480060004,-83.00920151259997
48208,MI,WAYNE,0,1,0,0,42.3640364880001,-83.091680762
48211,MI,WAYNE,0,1,0,0,42.3741616820001,-83.037961018
48212,MI,WAYNE,0,1,0,0,42.3973566930001,-83.048916575
48213,MI,WAYNE,1,2,0,0,42.39026076733341,-82.98122138699999
48214,MI,WAYNE,0,4,0,0,42.35420195700007,-82.99356703649997
48219,MI,WAYNE,0,4,0,0,42.436123760500024,-83.25547587699998
48220,MI,OAKLAND,1,1,0,0,42.46001780150005,-83.144554347
48224,MI,WAYNE,0,3,0,0,42.41409825866673,-82.9293378413333
48225,MI,WAYNE,0,1,0,0,42.4348204180001,-82.920637934
48227,MI,WAYNE,0,1,0,0,42.4027772590001,-83.1796306959999
48228,MI,WAYNE,0,1,0,0,42.358958236,-83.200111464
48230,MI,WAYNE,1,0,0,0,42.38439613,-82.91440414
48234,MI,WAYNE,1,1,0,0,42.437701787500046,-83.03670480899996
48235,MI,WAYNE,6,4,0,0,42.41874370790002,-83.18256624039999
48236,MI,WAYNE,8,2,0,0,42.42123424780002,-82.9108699722
48240,MI,WAYNE,0,1,0,0,42.4159755430001,-83.2911222609999
48304,MI,OAKLAND,0,2,0,0,42.5696872850001,-83.22368199049995
48307,MI,OAKLAND,3,2,0,0,42.67340012140002,-83.1475019304
48309,MI,OAKLAND,0,2,0,0,42.65328339050005,-83.18231528249996
48310,MI,MACOMB,0,1,0,0,42.5468342390001,-83.084351994
48312,MI,MACOMB,0,2,0,0,42.564829321999994,-82.98524593849996
48313,MI,MACOMB,0,2,0,0,42.61931455000005,-82.98111357100001
48315,MI,MACOMB,1,2,0,0,42.63854141066667,-82.99213081166664
48317,MI,MACOMB,0,2,0,0,42.64216269600005,-83.03698832999996
48322,MI,OAKLAND,2,4,0,0,42.53940718400006,-83.39976903216667
48323,MI,OAKLAND,0,1,0,0,42.5743535460001,-83.426371557
48324,MI,OAKLAND,0,1,0,0,42.5933654570001,-83.410821867
48326,MI,OAKLAND,1,0,0,0,42.66135872,-83.24906694
48328,MI,OAKLAND,0,2,0,0,42.670792847,-83.3422522275
48329,MI,OAKLAND,0,1,0,0,42.673582588,-83.399783562
48331,MI,MACOMB,0,1,0,0,42.541909263,-82.953753852
48335,MI,OAKLAND,0,3,0,0,42.46830456533336,-83.38590282566663
48336,MI,OAKLAND,2,3,0,0,42.45461926380004,-83.3330358166
48341,MI,OAKLAND,9,0,1,0,42.62443226344205,-83.29169481942994
48342,MI,OAKLAND,5,1,0,0,42.63846725050002,-83.29085983583333
48346,MI,OAKLAND,0,1,0,0,42.711831083,-83.347617148
48359,MI,OAKLAND,0,1,0,0,42.7218541880001,-83.2703804659999
48362,MI,OAKLAND,0,1,0,0,42.7857645920001,-83.231992755
48374,MI,OAKLAND,1,1,0,0,42.4845038565,-83.5213836595
48375,MI,OAKLAND,0,2,0,0,42.46729503350005,-83.46578370449996
48377,MI,OAKLAND,0,3,0,0,42.511192168,-83.46087679966665
48380,MI,OAKLAND,0,1,0,0,42.6000038980001,-83.661583429
48381,MI,OAKLAND,0,1,0,0,42.5931558990001,-83.606243428
48382,MI,OAKLAND,1,1,0,0,42.602469611500055,-83.4970300485
48386,MI,OAKLAND,0,1,0,0,42.645017459,-83.498553476
48413,MI,HURON,1,2,1,0,43.803556561558146,-83.02114030379634
48420,MI,GENESEE,0,1,0,0,43.1956323270001,-83.735576694
48427,MI,SANILAC,1,1,0,0,43.5261857885,-82.7357617535
48429,MI,SHIAWASSEE,0,1,0,0,42.920995131,-83.9920609009999
48430,MI,GENESEE,0,3,0,0,42.806161405666735,-83.70508906433334
48433,MI,GENESEE,0,1,0,0,43.073039593,-83.8241431929999
48439,MI,GENESEE,1,6,0,0,42.91071741485718,-83.6244451795714
48441,MI,HURON,1,1,0,0,43.842567431,-82.65209818699995
48442,MI,OAKLAND,0,1,0,0,42.7950673720001,-83.6349678939999
48446,MI,LAPEER,4,5,1,0,43.05601673153522,-83.31796223090689
48451,MI,GENESEE,0,1,0,0,42.791377476,-83.8464563479999
48453,MI,SANILAC,1,1,0,0,43.333150616500006,-83.08123281999994
48457,MI,GENESEE,0,1,0,0,43.1755618010001,-83.865494069
48471,MI,SANILAC,1,1,1,0,43.42387527930208,-82.83484419402795
48502,MI,GENESEE,0,0,1,0,43.01421217691816,-83.69017360039688
48503,MI,GENESEE,5,0,0,0,43.0215814948,-83.7046282674
48504,MI,GENESEE,0,1,0,0,43.0182746240001,-83.735683599
48506,MI,GENESEE,0,1,0,0,43.0424145640001,-83.636521488
48507,MI,GENESEE,1,0,0,0,42.98267745,-83.67632201
48532,MI,GENESEE,4,2,0,0,43.01680971416667,-83.7382645145
48601,MI,SAGINAW,1,2,0,0,43.39282246366673,-83.91156568499996
48602,MI,SAGINAW,5,3,1,0,43.431007128746074,-83.96252511039594
48603,MI,SAGINAW,3,2,0,0,43.44979472980004,-84.0320902886
48608,MI,SAGINAW,0,1,0,0,43.4551830660001,-84.051320646
48609,MI,SAGINAW,0,1,0,0,43.422077448,-84.054087419
48616,MI,SAGINAW,0,1,0,0,43.183351057,-84.1159915869999
48617,MI,CLARE,1,1,0,0,43.818763872,-84.7638642785
48621,MI,OSCODA,0,1,0,0,44.7228971000001,-84.0478395869999
48622,MI,CLARE,0,1,0,0,43.8603602050001,-84.901979098
48624,MI,GLADWIN,1,3,0,0,43.984781566500054,-84.4954042335
48629,MI,ROSCOMMON,0,1,0,0,44.300651273,-84.755224019
48631,MI,BAY,0,1,0,0,43.6986396660001,-83.9675410299999
48640,MI,MIDLAND,0,1,1,0,43.629044316057474,-84.26472687070714
48642,MI,MIDLAND,0,3,0,0,43.62052459166674,-84.1731226833333
48653,MI,ROSCOMMON,0,2,0,0,44.503709859000054,-84.58491126799996
48654,MI,OGEMAW,0,1,0,0,44.42004934,-84.1240063389999
48658,MI,ARENAC,1,1,0,0,43.9819195145,-83.969226234
48659,MI,ARENAC,0,1,0,0,44.02902134,-84.028899856
48661,MI,OGEMAW,1,1,1,0,44.26751000334397,-84.23927390739176
48670,MI,MIDLAND,5,0,0,0,43.635213917200005,-84.259941483
48706,MI,BAY,2,2,0,0,43.600662060750004,-83.93238465974999
48708,MI,BAY,4,1,1,0,43.58993058097929,-83.87143879661996
48723,MI,TUSCOLA,1,1,1,0,43.50041494798908,-83.39611893581694
48726,MI,TUSCOLA,1,1,0,0,43.60572091100005,-83.1824973205
48732,MI,BAY,0,1,0,0,43.6166184260001,-83.8021344049999
48734,MI,SAGINAW,0,2,0,0,43.335993507,-83.7459514559999
48740,MI,ALCONA,0,1,0,0,44.634240102,-83.3106784289999
48742,MI,ALCONA,0,1,0,0,44.6835917880001,-83.402433849
48744,MI,TUSCOLA,0,1,0,0,43.343040102,-83.363998296
48755,MI,HURON,1,1,0,0,43.83420005150005,-83.2781910435
48763,MI,IOSCO,0,3,0,0,44.2732821523334,-83.52525660733335
48764,MI,IOSCO,1,0,0,0,44.27521811,-83.50972049
48801,MI,GRATIOT,2,2,0,0,43.391176869999995,-84.6659663535
48806,MI,GRATIOT,0,1,0,0,43.182404074,-84.4761795639999
48809,MI,IONIA,0,1,0,0,43.089501624,-85.223552021
48811,MI,MONTCALM,1,1,0,0,43.1789922145,-84.842744841
48813,MI,EATON,1,1,1,0,42.5754921877099,-84.8395119649859
48817,MI,SHIAWASSEE,0,1,1,0,42.97726425124414,-84.11989030966899
48821,MI,EATON,0,1,0,0,42.6267478830001,-84.6196867209999
48823,MI,INGHAM,1,7,0,0,42.749999279875055,-84.4692101915
48827,MI,EATON,1,0,0,0,42.49525229,-84.65865128
48838,MI,MONTCALM,1,2,0,0,43.175503839000065,-85.25931331299996
48842,MI,INGHAM,0,1,0,0,42.654082761,-84.547345993
48843,MI,LIVINGSTON,1,5,1,0,42.60705515599579,-83.93655613452972
48846,MI,IONIA,2,1,1,0,42.96712494404814,-85.06507684496103
48850,MI,MONTCALM,1,1,0,0,43.441015687500055,-85.27823416299995
48855,MI,LIVINGSTON,0,1,0,0,42.623186419,-83.940438506
48858,MI,ISABELLA,1,3,1,0,43.59627078323194,-84.75680702797042
48864,MI,INGHAM,0,3,0,0,42.7158192970001,-84.40898848899997
48866,MI,CLINTON,0,1,0,0,43.0002075100001,-84.378055293
48867,MI,SHIAWASSEE,2,1,0,0,43.005841884000034,-84.181608835
48871,MI,GRATIOT,0,1,0,0,43.1540830260001,-84.696172254
48879,MI,CLINTON,2,1,0,0,42.989763614666664,-84.55145771766666
48880,MI,GRATIOT,0,2,0,0,43.4065496300001,-84.6152784424999
48884,MI,MONTCALM,1,0,0,0,43.21594853,-85.07416184
48888,MI,MONTCALM,0,0,1,0,43.30008567555288,-85.08569407677162
48910,MI,INGHAM,5,1,0,0,42.70166007200002,-84.52493173316667
48911,MI,INGHAM,0,1,1,0,42.680566235964974,-84.54371971269727
48912,MI,INGHAM,2,0,0,0,42.734146615,-84.53565225
48915,MI,INGHAM,3,0,0,0,42.741832636,-84.570175432
48917,MI,EATON,0,2,0,0,42.74333857250005,-84.66758231399996
48933,MI,INGHAM,0,0,1,0,42.73069713647719,-84.55761283071784
49001,MI,KALAMAZOO,1,1,0,0,42.287045648500055,-85.56558471049999
49002,MI,KALAMAZOO,0,1,0,0,42.2035876780001,-85.5853009369999
49006,MI,KALAMAZOO,0,3,0,0,42.29017128633343,-85.63935860999993
49007,MI,KALAMAZOO,1,0,0,0,42.28525759,-85.58029136
49009,MI,KALAMAZOO,1,3,0,0,42.300372152500024,-85.67668579224997
49010,MI,ALLEGAN,1,2,1,0,42.549586911857,-85.86343079306322
49014,MI,CALHOUN,0,1,1,0,42.31229581510385,-85.15171153776417
49015,MI,CALHOUN,1,0,0,0,42.2498183,-85.1868853
49016,MI,CALHOUN,2,0,0,0,42.330193955,-85.185554525
49017,MI,CALHOUN,2,4,0,0,42.33854147483337,-85.18325170366664
49022,MI,BERRIEN,0,1,1,0,42.10340388582729,-86.43344016980103
49026,MI,VAN BUREN,0,1,0,0,42.4042684290001,-85.959969094
49031,MI,CASS,0,1,0,0,41.8875430360001,-86.026173908
49032,MI,ST. JOSEPH,0,1,0,0,41.924462383,-85.519475524
49036,MI,BRANCH,5,2,1,0,41.940834431296224,-84.98983715328724
49037,MI,CALHOUN,1,1,0,0,42.33640619900005,-85.27707047999999
49047,MI,CASS,1,1,0,0,41.9879294375,-86.1044809315
49048,MI,KALAMAZOO,3,1,1,0,42.310384408265534,-85.55306839487285
49053,MI,KALAMAZOO,0,1,0,0,42.2992110700001,-85.4282039
49057,MI,VAN BUREN,0,0,1,0,42.20919006749066,-86.1090109012027
49058,MI,BARRY,1,2,0,0,42.64062691800003,-85.27514000066662
49068,MI,CALHOUN,3,2,0,0,42.27554634420002,-84.9545588122
49071,MI,VAN BUREN,0,1,0,0,42.2433676310001,-85.7787013929999
49079,MI,VAN BUREN,2,0,0,0,42.22136538,-85.89690843
49080,MI,ALLEGAN,1,2,0,0,42.43074722866674,-85.618416819
49085,MI,BERRIEN,5,1,0,0,42.08145993533335,-86.4741104985
49090,MI,VAN BUREN,1,2,0,0,42.40077819800003,-86.26637698433335
49091,MI,ST. JOSEPH,1,1,0,0,41.79974700600005,-85.402452264
49093,MI,ST. JOSEPH,1,2,0,0,41.955370432666705,-85.64344346366663
49098,MI,BERRIEN,1,0,0,0,42.18488046,-86.24992583
49106,MI,BERRIEN,0,1,0,0,41.9382826390001,-86.565484709
49120,MI,BERRIEN,1,3,0,0,41.811900331000025,-86.25692542624995
49127,MI,BERRIEN,0,1,0,0,42.0381799080001,-86.49680496
49201,MI,JACKSON,2,2,0,0,42.25164780400002,-84.42857221075
49202,MI,JACKSON,1,2,1,0,42.259881522709414,-84.40779980348398
49203,MI,JACKSON,0,2,0,0,42.23395489350005,-84.46178776249995
49221,MI,LENAWEE,2,4,1,0,42.40695309086099,-84.02547474081007
49242,MI,HILLSDALE,3,2,0,0,41.91621941480004,-84.635606145
49283,MI,JACKSON,0,1,0,0,42.2079780340001,-84.552010498
49286,MI,LENAWEE,1,1,0,0,42.002508725,-83.937607058
49304,MI,LAKE,0,1,0,0,43.905552275,-85.855568314
49307,MI,MECOSTA,1,2,0,0,43.69883971100003,-85.48867128233333
49319,MI,KENT,0,1,0,0,43.2180493610001,-85.5416344179999
49331,MI,KENT,0,1,0,0,42.935825218,-85.350424047
49348,MI,ALLEGAN,0,1,0,0,42.6788383190001,-85.637633626
49401,MI,OTTAWA,0,1,0,0,42.9682629180001,-85.9082688189999
49406,MI,ALLEGAN,0,1,0,0,42.634921901,-86.207019212
49412,MI,NEWAYGO,1,2,0,0,43.46623795533336,-85.9253479363333
49417,MI,OTTAWA,1,2,0,0,43.05343954566673,-86.21584486933331
49418,MI,KENT,0,2,0,0,42.8821837560001,-85.74690202099995
49420,MI,OCEANA,0,1,1,0,43.709523126993524,-86.35544589479935
49423,MI,OTTAWA,5,4,0,0,42.77305571388891,-86.11177949977778
49424,MI,OTTAWA,0,0,1,0,42.812841503441014,-86.0836681002225
49426,MI,OTTAWA,0,1,0,0,42.8706552240001,-85.872404978
49428,MI,OTTAWA,0,1,0,0,42.8868078570001,-85.825155561
49430,MI,OTTAWA,0,1,0,0,43.0051050000001,-85.8981029999999
49431,MI,MASON,1,2,0,0,43.95965263533336,-86.43010596466667
49440,MI,MUSKEGON,0,1,0,0,43.241956687,-86.202987515
49441,MI,MUSKEGON,0,2,0,0,43.20689415200005,-86.272783281
49442,MI,MUSKEGON,4,3,1,0,43.22455902942756,-86.22545469343605
49444,MI,MUSKEGON,1,1,0,0,43.205713348,-86.209829434
49445,MI,MUSKEGON,0,1,0,0,43.2700676370001,-86.252607089
49455,MI,OCEANA,1,0,0,0,43.60660404,-86.36468619
49456,MI,OTTAWA,0,1,0,0,43.092893621,-86.240545673
49461,MI,MUSKEGON,0,1,0,0,43.400495155,-86.33358127
49464,MI,OTTAWA,1,2,0,0,42.8160852836667,-86.00547366899995
49501,MI,KENT,1,0,0,0,42.8399694,-85.65752379
49503,MI,KENT,7,5,1,0,42.9686058696593,-85.65464800108309
49504,MI,KENT,0,3,0,0,42.992615150999995,-85.71316666533335
49505,MI,KENT,0,3,0,0,42.98319264133343,-85.62227057266664
49506,MI,KENT,2,2,0,0,42.94833086650005,-85.62493231824999
49508,MI,KENT,0,2,0,0,42.896608382500105,-85.62169785899995
49509,MI,KENT,0,1,0,0,42.899453093,-85.681479324
49512,MI,KENT,0,1,0,0,42.885599949,-85.6025822249999
49519,MI,KENT,1,1,0,0,42.857510222,-85.71789245349996
49546,MI,KENT,1,7,0,0,42.939787529750056,-85.57009545099997
49601,MI,WEXFORD,1,1,0,0,44.24175477400005,-85.39755459649999
49615,MI,ANTRIM,0,1,0,0,44.967274199,-85.197619708
49616,MI,BENZIE,0,0,1,0,44.62976495723315,-86.11741446192207
49635,MI,BENZIE,1,2,0,0,44.63739502200007,-86.2431244286666
49646,MI,KALKASKA,1,1,0,0,44.7312754725,-85.18428622249999
49657,MI,MISSAUKEE,0,1,0,0,44.1890660610001,-85.2102900799999
49660,MI,MANISTEE,1,1,0,0,44.271340823000045,-86.2734057745
49664,MI,LEELANAU,0,1,0,0,44.854366111,-85.8784402329999
49677,MI,OSCEOLA,1,1,0,0,43.878458867,-85.52129942149995
49682,MI,LEELANAU,0,1,0,0,44.9715335670001,-85.653591671
49684,MI,GRAND TRAVERSE,3,2,0,0,44.75520983480003,-85.6401185246
49686,MI,GRAND TRAVERSE,0,2,1,0,44.7248437282997,-85.60240376760028
49707,MI,ALPENA,5,2,1,0,45.07975238873374,-83.45286205794909
49720,MI,CHARLEVOIX,1,1,1,0,45.3128821565318,-85.27081259499668
49721,MI,CHEBOYGAN,1,1,0,0,45.630672985500055,-84.48434341699999
49727,MI,CHARLEVOIX,0,1,0,0,45.1795643950001,-85.138609297
49735,MI,OTSEGO,1,2,0,0,45.036080656333404,-84.6768957
49738,MI,CRAWFORD,1,2,0,0,44.662802466000066,-84.70641615999999
49740,MI,EMMET,0,1,0,0,45.4333216690001,-84.972256756
49746,MI,MONTMORENCY,0,1,0,0,45.0690583430001,-83.903449673
49770,MI,EMMET,1,1,0,0,45.367008403,-84.970880084
49779,MI,PRESQUE ISLE,0,1,0,0,45.422052023,-83.835224473
49781,MI,MACKINAC,1,1,0,0,45.890649022000005,-84.7294347045
49783,MI,CHIPPEWA,1,2,1,0,46.49555508121358,-84.35300495569264
49788,MI,CHIPPEWA,1,0,0,0,46.26624605,-84.46661192
49801,MI,DICKINSON,2,0,0,0,45.810087425000006,-88.05299836500001
49802,MI,DICKINSON,0,2,0,0,45.805115209500045,-88.0939092545
49829,MI,DELTA,1,3,1,0,45.74779991136218,-87.08794862245642
49849,MI,MARQUETTE,1,3,0,0,46.48418871525008,-87.70204392124998
49854,MI,SCHOOLCRAFT,2,1,0,0,45.95440255366666,-86.25163559566668
49855,MI,MARQUETTE,3,1,0,0,46.54551727900002,-87.40708980675001
49858,MI,MENOMINEE,0,1,0,0,45.103281199,-87.603919629
49862,MI,ALGER,1,1,0,0,46.419676100000046,-86.641319583
49866,MI,MARQUETTE,0,1,1,0,46.52127956452263,-87.57521815040405
49868,MI,LUCE,1,1,1,0,46.34632549028034,-85.51493935387663
49874,MI,MENOMINEE,0,1,0,0,45.6919013190001,-87.5262234529999
49887,MI,MENOMINEE,0,1,0,0,45.4197417450001,-87.598346374
49913,MI,HOUGHTON,1,0,0,0,47.23878317,-88.44350085
49920,MI,IRON,0,1,0,0,46.093265886,-88.374613744
49930,MI,HOUGHTON,1,4,1,0,47.13539757917702,-88.5922791360224
49934,MI,HOUGHTON,0,2,0,0,47.173681555000044,-88.427963968
49935,MI,IRON,1,1,1,0,46.09130208279516,-88.6259192645233
49938,MI,GOGEBIC,1,1,0,0,46.4736175745,-90.13993204650001
49946,MI,BARAGA,1,1,0,0,46.749136123,-88.43589903099996
49953,MI,ONTONAGON,1,1,0,0,46.865799815500054,-89.301604794
49968,MI,GOGEBIC,0,1,0,0,46.4651237850001,-89.9653235979999
50002,IA,GUTHRIE,0,1,0,0,41.5043810000001,-94.6435969999999
50003,IA,DALLAS,0,2,1,0,41.61390127405438,-94.02905775371629
50009,IA,POLK,0,6,0,0,41.638850729166734,-93.4653474135
50010,IA,STORY,1,8,1,0,42.04226848937613,-93.62987432462013
50014,IA,STORY,0,4,0,0,42.00642854825005,-93.66150845549998
50020,IA,CASS,0,1,0,0,41.436158617,-94.767740509
50021,IA,POLK,0,5,0,0,41.72210863760006,-93.59020503199994
50022,IA,CASS,1,6,1,0,41.39734885290828,-94.99455210366463
50023,IA,POLK,0,8,0,0,41.73030680429314,-93.62248199345548
50025,IA,AUDUBON,1,1,1,0,41.7205751973164,-94.9322502669512
50028,IA,JASPER,0,1,0,0,41.8207876000001,-93.1442843
50029,IA,GUTHRIE,0,1,0,0,41.8505288000001,-94.5625635
50035,IA,POLK,0,1,0,0,41.6970550570001,-93.44666118
50036,IA,BOONE,1,6,1,0,42.06069679244758,-93.8864243605979
50047,IA,WARREN,0,2,0,0,41.4955867605001,-93.4926476265
50049,IA,LUCAS,1,3,1,0,41.0198631900453,-93.30173128592529
50058,IA,CARROLL,0,2,0,0,41.8715157855001,-94.67401176199995
50060,IA,WAYNE,1,2,1,0,40.75426929447967,-93.31057371049887
50063,IA,DALLAS,0,2,0,0,41.679890638500055,-93.958686797
50071,IA,WRIGHT,0,1,0,0,42.6644985,-93.5001379
50072,IA,MADISON,0,1,0,0,41.4936875000001,-94.1307573
50076,IA,AUDUBON,0,2,0,0,41.585981281500096,-94.8779908305
50109,IA,DALLAS,0,1,0,0,41.762864188,-93.829789288
50111,IA,POLK,0,3,0,0,41.687279016666736,-93.80788318399998
50112,IA,POWESHIEK,1,6,1,0,41.741558543647855,-92.7245833421989
50115,IA,GUTHRIE,1,2,1,0,41.68011197765835,-94.48724135533325
50122,IA,HARDIN,0,1,0,0,42.300712285,-93.2918268029999
50124,IA,STORY,0,1,0,0,41.9026302990001,-93.60828679
50125,IA,WARREN,0,8,1,0,41.3657601616408,-93.56094306664521
50126,IA,HARDIN,2,3,0,0,42.52000237760004,-93.26593089939998
50129,IA,GREENE,1,3,1,0,42.01375446387232,-94.38571896571875
50131,IA,POLK,0,8,0,0,41.670149129533335,-93.71032083618725
50138,IA,MARION,2,4,1,0,41.31602208001242,-93.1087585376554
50140,IA,DECATUR,0,2,0,0,40.621776288000106,-93.92265514499995
50144,IA,DECATUR,1,3,1,0,40.74605991173506,-93.75109442693335
50156,IA,BOONE,0,3,0,0,41.88266619266667,-93.8205684363333
50158,IA,MARSHALL,1,11,1,0,42.02784317437553,-92.9288730735216
50169,IA,POLK,0,1,0,0,41.662025193,-93.3594261979999
50171,IA,POWESHIEK,0,1,0,0,41.582988721,-92.537244887
50201,IA,STORY,2,5,0,0,42.01027577692937,-93.4465388398801
50208,IA,JASPER,1,11,1,0,41.69780767168623,-93.05298048468302
50211,IA,WARREN,0,6,0,0,41.48801244383342,-93.67700746933328
50212,IA,BOONE,0,1,0,0,42.0372238310001,-94.018870126
50213,IA,CLARKE,1,4,1,0,41.03263667763343,-93.77777971408705
50216,IA,GUTHRIE,0,3,0,0,41.69815904333337,-94.35695088366663
50219,IA,MARION,1,6,0,0,41.4157295968572,-92.9241954475714
50220,IA,DALLAS,1,6,0,0,41.836154491857165,-94.09044299799999
50225,IA,MARION,0,1,0,0,41.394202954,-93.272291443
50226,IA,POLK,0,1,0,0,41.772266345,-93.7227148809999
50228,IA,JASPER,0,1,0,0,41.6024887,-93.2319089
50247,IA,MARSHALL,0,1,0,0,42.0179913870001,-93.1733304109999
50248,IA,STORY,1,3,0,0,42.18633722600008,-93.5888651655
50249,IA,HAMILTON,0,1,0,0,42.2672161290001,-93.92231495
50250,IA,ADAIR,0,2,0,0,41.4974890620001,-94.3223002955
50263,IA,DALLAS,0,3,0,0,41.6120244873334,-93.84100433733329
50265,IA,POLK,0,8,0,0,41.569219636203414,-93.75337526345146
50266,IA,DALLAS,2,9,0,0,41.570003697090925,-93.80869678781815
50273,IA,MADISON,1,5,1,0,41.32676547339671,-94.00759369838582
50276,IA,DALLAS,0,1,0,0,41.8510558290001,-93.921096914
50278,IA,STORY,0,1,0,0,42.162473779,-93.291912601
50309,IA,POLK,1,2,0,0,41.59119097666674,-93.61961699666666
50310,IA,POLK,2,7,0,0,41.61583325522227,-93.6669770021111
50312,IA,POLK,0,7,0,0,41.58725022785719,-93.66901773171428
50314,IA,POLK,3,5,1,0,41.60254350705554,-93.62919344320399
50315,IA,POLK,0,4,0,0,41.536531040250054,-93.63050495425
50316,IA,POLK,1,6,0,0,41.610119131857175,-93.60370987485713
50317,IA,POLK,0,3,0,0,41.614229496666695,-93.55983882166663
50319,IA,POLK,0,0,1,0,41.59118358547961,-93.60073613434115
50320,IA,POLK,0,3,0,0,41.539567580666734,-93.56841544666668
50322,IA,POLK,0,4,0,0,41.64185089850005,-93.72340258700001
50323,IA,POLK,0,4,0,0,41.62027217950008,-93.8077304785
50325,IA,POLK,2,6,0,0,41.72561668712454,-94.1208412890091
50327,IA,POLK,0,4,0,0,41.60253944100005,-93.50890610074995
50401,IA,CERRO GORDO,2,10,1,0,43.14859819245976,-93.22148103004264
50421,IA,WRIGHT,1,2,0,0,42.85061361433336,-93.60607005799996
50423,IA,HANCOCK,1,2,0,0,43.096376104333366,-93.80963177566667
50424,IA,WINNEBAGO,0,1,0,0,43.388644819,-93.952979894
50428,IA,CERRO GORDO,0,3,0,0,43.132873955333395,-93.39042783699999
50436,IA,WINNEBAGO,0,2,1,0,43.264071154811724,-93.63576822065545
50438,IA,HANCOCK,0,2,1,0,43.09433167789914,-93.60625240031663
50441,IA,FRANKLIN,1,4,1,0,42.740746402871245,-93.19212455855582
50447,IA,HANCOCK,0,1,0,0,42.939133272,-93.794771498
50450,IA,WINNEBAGO,0,2,0,0,43.41079931050005,-93.52899680899995
50456,IA,WORTH,0,2,0,0,43.28320902750005,-93.196519722
50458,IA,FLOYD,0,2,0,0,43.143251103500006,-93.017122124
50459,IA,WORTH,0,2,1,0,43.449556480960574,-93.21910139820773
50461,IA,MITCHELL,1,4,1,0,43.278519364095956,-92.81153234859318
50466,IA,MITCHELL,0,1,0,0,43.3547371280001,-92.554867673
50469,IA,CERRO GORDO,0,1,0,0,42.9879323970001,-93.1829932919999
50472,IA,MITCHELL,0,1,0,0,43.379089913,-92.9105904099999
50475,IA,FRANKLIN,0,2,0,0,42.8938452135001,-93.205782045
50476,IA,MITCHELL,0,1,0,0,43.432344362,-92.783291729
50480,IA,KOSSUTH,0,1,0,0,43.2350637340001,-94.046932506
50501,IA,WEBSTER,1,9,1,0,42.50652642224884,-94.18157014348702
50510,IA,BUENA VISTA,0,1,0,0,42.773072932,-94.9523209499999
50511,IA,KOSSUTH,1,4,1,0,43.06389711190692,-94.22527048081857
50514,IA,EMMET,0,2,0,0,43.396673047,-94.4863073609999
50517,IA,KOSSUTH,0,2,0,0,43.2925662130001,-94.20817058200001
50525,IA,WRIGHT,1,2,1,0,42.723659124028465,-93.73292896009536
50530,IA,WEBSTER,0,1,0,0,42.267206914,-94.065383006
50533,IA,WRIGHT,0,2,0,0,42.6597614380001,-93.8931843205
50536,IA,PALO ALTO,1,6,1,0,43.11656104602687,-94.6873114457488
50540,IA,POCAHONTAS,0,1,0,0,42.585952444,-94.842584573
50543,IA,WEBSTER,0,1,0,0,42.2830022430001,-94.2998280739999
50548,IA,HUMBOLDT,1,4,1,0,42.72938130120422,-94.23021309060043
50554,IA,POCAHONTAS,0,1,0,0,42.842397141,-94.845541856
50563,IA,CALHOUN,0,1,0,0,42.53468243,-94.534646433
50568,IA,BUENA VISTA,0,1,0,0,42.6029414970001,-95.008355175
50574,IA,POCAHONTAS,1,2,1,0,42.73854220759383,-94.6714943282149
50575,IA,CALHOUN,0,2,0,0,42.5429854590001,-94.6806948745
50579,IA,CALHOUN,0,1,1,0,42.39591434345217,-94.62751785786244
50581,IA,POCAHONTAS,0,1,0,0,42.8132044000001,-94.5357849
50583,IA,SAC,1,3,1,0,42.420130183775164,-94.98026075784401
50585,IA,BUENA VISTA,0,1,0,0,42.8945811,-95.1437362
50588,IA,BUENA VISTA,1,3,1,0,42.64534859191774,-95.20475195223034
50590,IA,KOSSUTH,0,1,0,0,43.383553111,-94.310133983
50595,IA,HAMILTON,1,4,1,0,42.45550890808841,-93.8219535371415
50597,IA,PALO ALTO,0,2,0,0,42.966258791,-94.44902260199996
50601,IA,HARDIN,0,2,0,0,42.5521682545001,-93.047219272
50602,IA,BUTLER,0,2,1,0,42.75586471776703,-92.80131612559721
50604,IA,BUTLER,0,2,0,0,42.5831945205,-92.874053272
50613,IA,BLACK HAWK,1,16,0,0,42.509115113436465,-92.4441963296112
50616,IA,FLOYD,1,6,1,0,43.06160445678119,-92.6816457037507
50619,IA,BUTLER,0,2,0,0,42.7851641155001,-92.67404307849995
50621,IA,GRUNDY,0,2,0,0,42.223951206000095,-92.867859674
50622,IA,BREMER,0,2,0,0,42.669649453,-92.335255196
50625,IA,BUTLER,0,2,0,0,42.7506735460001,-92.97690236749995
50627,IA,HARDIN,0,3,1,0,42.358519554925664,-93.10955575014042
50628,IA,HOWARD,0,2,0,0,43.24265743650005,-92.44710803799995
50629,IA,BUCHANAN,0,1,0,0,42.640251527,-92.050380272
50630,IA,CHICKASAW,0,2,0,0,42.95941928050005,-92.1960266585
50635,IA,TAMA,0,1,0,0,42.1829473660001,-92.721344249
50636,IA,BUTLER,0,1,0,0,42.89150991,-92.8072903629999
50638,IA,GRUNDY,1,3,1,0,42.36084156279012,-92.76401680452399
50644,IA,BUCHANAN,2,5,1,0,42.466529257930354,-91.88363521783157
50648,IA,BUCHANAN,0,1,0,0,42.472386,-92.059786
50651,IA,BLACK HAWK,0,1,0,0,42.321359177,-92.203467826
50658,IA,CHICKASAW,0,1,0,0,42.956508437,-92.532344574
50659,IA,CHICKASAW,1,3,1,0,43.05636981420425,-92.31191784797679
50662,IA,FAYETTE,1,4,0,0,42.67313833140008,-91.90854088559999
50665,IA,BUTLER,0,1,0,0,42.5707630000001,-92.784823
50669,IA,GRUNDY,0,2,0,0,42.32434402100005,-92.60677220949995
50670,IA,BUTLER,0,2,0,0,42.7140324825001,-92.57064798399995
50674,IA,BREMER,1,3,0,0,42.84724841125008,-92.11343739624999
50675,IA,TAMA,0,2,0,0,42.188701613,-92.4589822885
50676,IA,BREMER,0,1,0,0,42.803896062,-92.2623528569999
50677,IA,BREMER,1,3,0,0,42.72900286200003,-92.4906429315
50701,IA,BLACK HAWK,0,4,1,0,42.46363862244727,-92.3789128432154
50702,IA,BLACK HAWK,1,5,0,0,42.46258891216669,-92.34845937416667
50703,IA,BLACK HAWK,1,4,1,0,42.526609746384715,-92.3390840467668
50801,IA,UNION,1,4,1,0,41.06733955850149,-94.37777605762113
50830,IA,UNION,0,1,0,0,41.0353207000001,-94.2024057
50833,IA,TAYLOR,0,1,1,0,40.668641668497,-94.72300546204957
50840,IA,TAYLOR,0,1,0,0,40.8031409000001,-94.4765303
50841,IA,ADAMS,1,1,1,0,40.992590420383436,-94.7431379710062
50846,IA,ADAIR,0,1,0,0,41.2949305060001,-94.5624208
50849,IA,ADAIR,1,2,1,0,41.3043072982518,-94.45371807237052
50851,IA,TAYLOR,0,2,0,0,40.884170049000105,-94.5482951314999
50854,IA,RINGGOLD,1,4,1,0,40.715454661142196,-94.23147770640618
50864,IA,MONTGOMERY,0,1,0,0,40.9331217490001,-94.9833081209999
51001,IA,PLYMOUTH,0,1,0,0,42.8184360500001,-96.550916179
51002,IA,BUENA VISTA,0,1,0,0,42.6687786780001,-95.312011124
51005,IA,CHEROKEE,0,1,0,0,42.7159364610001,-95.440818087
51006,IA,IDA,0,2,0,0,42.3167206065001,-95.59730465049995
51012,IA,CHEROKEE,2,5,1,0,42.75783779896858,-95.54920550677544
51016,IA,WOODBURY,0,2,0,0,42.4812185080001,-95.77713626849996
51023,IA,SIOUX,1,3,0,0,43.00705400325002,-96.48078048499997
51025,IA,IDA,0,3,0,0,42.48040302966673,-95.5413258233333
51028,IA,PLYMOUTH,0,1,0,0,42.590789,-95.972611
51030,IA,WOODBURY,0,1,0,0,42.474337,-96.182759
51031,IA,PLYMOUTH,1,5,1,0,42.79353511929439,-96.15721609759838
51034,IA,MONONA,0,1,0,0,42.16326,-95.7805519999999
51035,IA,CHEROKEE,0,2,0,0,42.81984340000005,-95.80065251999994
51040,IA,MONONA,1,2,1,0,42.03157450285557,-96.10200938315059
51041,IA,SIOUX,2,3,1,0,43.00763492291045,-96.05130431702419
51046,IA,O'BRIEN,0,1,0,0,42.9848979000001,-95.6923950999999
51050,IA,PLYMOUTH,0,3,0,0,42.809252785333335,-95.96410006999997
51054,IA,WOODBURY,0,3,0,0,42.3979042140001,-96.35987037533327
51058,IA,O'BRIEN,0,1,0,0,42.9718927270001,-95.489668389
51063,IA,MONONA,0,2,0,0,42.125473213500044,-96.15876207949995
51101,IA,WOODBURY,1,2,0,0,42.49642126933333,-96.40330288
51103,IA,WOODBURY,0,4,0,0,42.51235742475005,-96.43572080324998
51104,IA,WOODBURY,1,4,0,0,42.52666893960006,-96.4030847204
51105,IA,WOODBURY,0,0,1,0,42.50155282759807,-96.40290727364959
51106,IA,WOODBURY,0,7,0,0,42.46701020800005,-96.33066366771428
51108,IA,WOODBURY,0,2,0,0,42.5397183185,-96.373742387
51201,IA,O'BRIEN,1,4,0,0,43.18548075900004,-95.83733047479998
51237,IA,LYON,0,1,0,0,43.3489519980001,-95.9941206459999
51239,IA,SIOUX,0,2,0,0,43.1903477010001,-96.13373361249995
51240,IA,LYON,0,1,0,0,43.3067216110001,-96.427372651
51245,IA,O'BRIEN,1,1,1,0,43.089383619609755,-95.62540010894661
51246,IA,LYON,2,3,1,0,43.42279107329427,-96.17387701557008
51247,IA,SIOUX,1,2,0,0,43.200483313333336,-96.29322165433332
51248,IA,O'BRIEN,0,2,0,0,43.18496017250005,-95.64298666299999
51249,IA,OSCEOLA,1,3,1,0,43.410288055668886,-95.74309352082886
51250,IA,SIOUX,1,6,0,0,43.06373273985719,-96.16841698442856
51301,IA,CLAY,1,5,1,0,43.14038700920559,-95.13861855986018
51334,IA,EMMET,1,2,1,0,43.40604833421452,-94.82282779120025
51346,IA,O'BRIEN,0,2,0,0,43.18340581750005,-95.48825882899996
51347,IA,DICKINSON,0,1,0,0,43.440833201,-95.324542
51351,IA,DICKINSON,0,2,1,0,43.33064591570203,-95.15623395495504
51357,IA,PALO ALTO,0,1,0,0,43.1273590000001,-94.8890259999999
51358,IA,PALO ALTO,0,1,0,0,43.1267130840001,-94.889395924
51360,IA,DICKINSON,1,4,0,0,43.417034581800046,-95.12290724319996
51365,IA,EMMET,0,1,0,0,43.402988807,-94.8153634989999
51401,IA,CARROLL,1,9,1,0,42.06706136542745,-94.86102873502296
51442,IA,CRAWFORD,1,4,1,0,42.02065109525679,-95.34855116231654
51445,IA,IDA,1,2,1,0,42.33828342393749,-95.46221938601398
51449,IA,CALHOUN,1,2,0,0,42.26491051033337,-94.75027945266667
51450,IA,SAC,0,1,0,0,42.307550614,-95.058759908
51454,IA,CRAWFORD,0,1,0,0,41.893151131,-95.231406739
51455,IA,CARROLL,1,2,0,0,41.9050613093334,-95.06568117133331
51458,IA,SAC,0,2,0,0,42.304275005500045,-95.24459482699996
51466,IA,SAC,0,1,0,0,42.2761149660001,-95.097423679
51501,IA,POTTAWATTAMIE,0,3,0,0,41.23217447433337,-95.889729234
51503,IA,POTTAWATTAMIE,2,16,2,0,41.26343171061292,-95.81997344947493
51521,IA,POTTAWATTAMIE,0,2,0,0,41.50268523800005,-95.3334849189999
51529,IA,HARRISON,0,2,0,0,41.8494521380001,-95.5899120945
51530,IA,SHELBY,0,1,0,0,41.7756870000001,-95.4262659999999
51531,IA,SHELBY,0,1,0,0,41.5936747870001,-95.059460227
51534,IA,MILLS,1,4,1,0,41.04106362436821,-95.73517838034918
51535,IA,CASS,0,2,0,0,41.236678057,-95.13392540000001
51537,IA,SHELBY,1,3,1,0,41.65122126896719,-95.32458660962047
51546,IA,HARRISON,0,1,1,0,41.64230132968647,-95.79143239556709
51555,IA,HARRISON,2,2,0,0,41.363600895000026,-95.67228717
51560,IA,POTTAWATTAMIE,0,2,0,0,41.3167031925,-95.38529298399996
51566,IA,MONTGOMERY,1,3,1,0,41.01992362076851,-95.21974373251824
51573,IA,MONTGOMERY,0,1,0,0,40.97966834,-95.100397373
51579,IA,HARRISON,0,2,0,0,41.744263250500055,-95.7090848154999
51601,IA,PAGE,1,3,1,0,40.756821745164466,-95.37378553381988
51632,IA,PAGE,1,4,0,0,40.7342540378,-95.04296404619997
51640,IA,FREMONT,1,0,0,0,40.62049313,-95.65062315
51652,IA,FREMONT,0,3,1,0,40.80579868979879,-95.63066791851452
51653,IA,FREMONT,0,1,0,0,40.8895954760001,-95.672266911
52001,IA,DUBUQUE,2,12,0,0,42.509946082142896,-90.68151741514282
52002,IA,DUBUQUE,0,9,1,0,42.50503971576769,-90.74854621480317
52003,IA,DUBUQUE,0,2,0,0,42.482017294500054,-90.68950530149999
52031,IA,JACKSON,0,2,0,0,42.25744291400005,-90.43890711449995
52033,IA,DUBUQUE,0,2,0,0,42.30519755350005,-91.0176857814999
52040,IA,DUBUQUE,1,2,0,0,42.4755992026667,-91.13154068199997
52042,IA,DELAWARE,0,2,0,0,42.64294534,-91.403532981
52043,IA,CLAYTON,1,2,1,0,42.85299400752698,-91.40720273467942
52049,IA,CLAYTON,0,1,0,0,42.869085,-91.2353009999999
52052,IA,CLAYTON,1,3,0,0,42.780593087250026,-91.10250771525
52057,IA,DELAWARE,1,2,1,0,42.484966673119445,-91.45193792841214
52060,IA,JACKSON,1,4,1,0,42.071027097451854,-90.67789291150046
52076,IA,CLAYTON,0,2,0,0,42.68865749870275,-91.5350779667138
52101,IA,WINNESHIEK,1,7,1,0,43.299663620445195,-91.77448177324108
52136,IA,HOWARD,1,5,1,0,43.38511875974549,-92.12582130683847
52141,IA,FAYETTE,0,1,0,0,42.9916004,-91.7070749
52142,IA,FAYETTE,0,3,0,0,42.84063153166674,-91.80873189533332
52151,IA,ALLAMAKEE,0,2,0,0,43.3602585835001,-91.23459747849995
52157,IA,CLAYTON,0,1,0,0,43.0200710500001,-91.192998775
52159,IA,CLAYTON,0,1,0,0,43.0500845620001,-91.400558206
52161,IA,WINNESHIEK,0,1,0,0,43.147561926,-91.768442728
52162,IA,ALLAMAKEE,0,1,0,0,43.0821344710001,-91.559044827
52172,IA,ALLAMAKEE,1,4,1,0,43.26940529520419,-91.47692510915891
52175,IA,FAYETTE,1,4,1,0,42.965879210020866,-91.8113325272754
52203,IA,IOWA,0,2,0,0,41.8004721235001,-91.8949957235
52205,IA,JONES,2,2,1,0,42.10687168382598,-91.27594752949808
52208,IA,BENTON,0,1,0,0,41.89979866,-92.2652639309999
52211,IA,POWESHIEK,0,1,0,0,41.7394065720001,-92.441964123
52213,IA,LINN,0,1,0,0,42.176487,-91.775688
52216,IA,CEDAR,0,2,0,0,41.88644025550005,-91.06324602499996
52224,IA,TAMA,0,1,0,0,42.170293637,-92.308208553
52233,IA,LINN,0,2,0,0,42.042251020500004,-91.692127696
52240,IA,JOHNSON,0,2,1,0,41.64945184192214,-91.49918578384535
52241,IA,JOHNSON,3,7,0,0,41.69421199090005,-91.59617466419999
52242,IA,JOHNSON,1,0,0,0,41.66081569,-91.54754742
52245,IA,JOHNSON,2,3,0,0,41.66511167140004,-91.50920813
52246,IA,JOHNSON,1,5,0,0,41.6533699621667,-91.56203094616666
52247,IA,WASHINGTON,0,2,0,0,41.49048129800005,-91.711269662
52248,IA,KEOKUK,0,1,0,0,41.3658592690001,-91.947460454
52249,IA,BENTON,0,2,0,0,42.00411487850005,-92.19811506799999
52253,IA,LINN,0,1,0,0,41.9215015,-91.4012309999999
52301,IA,IOWA,1,1,1,0,41.80150649350565,-92.0720223665113
52302,IA,LINN,0,13,0,0,42.03544631553851,-91.59554021769229
52306,IA,CEDAR,0,1,0,0,41.908383009,-91.253385736
52310,IA,JONES,0,2,0,0,42.228125479,-91.18336862249996
52314,IA,LINN,0,2,0,0,41.91699828600005,-91.424425394
52316,IA,IOWA,0,2,0,0,41.51833085950005,-92.078533283
52317,IA,JOHNSON,0,3,0,0,41.733182537666664,-91.61246183699994
52328,IA,LINN,0,1,0,0,42.062878733,-91.659224896
52332,IA,BENTON,0,1,0,0,42.0987859530001,-91.872867953
52333,IA,JOHNSON,0,2,0,0,41.80156852200005,-91.48941003350001
52339,IA,TAMA,0,1,0,0,41.97638599,-92.5808902319999
52342,IA,TAMA,0,3,1,0,41.98808584679236,-92.58440356959113
52349,IA,BENTON,1,5,1,0,42.16753274577385,-92.02200930260297
52353,IA,WASHINGTON,1,6,1,0,41.29139183980217,-91.6887631883683
52356,IA,WASHINGTON,0,3,0,0,41.4753604696667,-91.83414267866664
52358,IA,CEDAR,0,1,0,0,41.6756833530001,-91.353158187
52361,IA,IOWA,0,3,0,0,41.6691498333334,-92.00541643333334
52401,IA,LINN,0,1,0,0,41.975316134,-91.6551353089999
52402,IA,LINN,2,14,0,0,42.01656396278735,-91.64763814022479
52403,IA,LINN,1,6,0,0,42.0083342804286,-91.64271229599998
52404,IA,LINN,0,4,0,0,41.95418341850008,-91.74351084249997
52405,IA,LINN,0,7,1,0,41.98150328168014,-91.70137017174044
52411,IA,LINN,0,1,0,0,42.0363462920001,-91.7134086309999
52501,IA,WAPELLO,1,9,1,0,41.02397286863415,-92.41163191017397
52531,IA,MONROE,1,3,1,0,41.02831404590163,-92.79970358318744
52537,IA,DAVIS,1,3,1,0,40.75785725267927,-92.41757597746752
52544,IA,APPANOOSE,1,6,1,0,40.73826212572182,-92.86483453983942
52556,IA,JEFFERSON,1,5,1,0,41.0016833253419,-91.96265450954493
52565,IA,VAN BUREN,1,2,1,0,40.73540362553548,-91.962578392959
52577,IA,MAHASKA,1,7,1,0,41.29550842058654,-92.64603052504496
52590,IA,WAYNE,0,1,0,0,40.6843859000001,-93.1121538
52591,IA,KEOKUK,1,4,1,0,41.326183777120754,-92.20677653410316
52601,IA,DES MOINES,0,8,1,0,40.793300445283755,-91.12933975629068
52623,IA,DES MOINES,0,1,0,0,40.8625518370001,-91.316128045
52625,IA,LEE,0,1,0,0,40.6468436010001,-91.5697929359999
52627,IA,LEE,1,8,1,0,40.627516536810404,-91.35434133179116
52632,IA,LEE,1,4,0,0,40.4228060406,-91.4026035008
52637,IA,DES MOINES,0,1,0,0,41.0039482980001,-91.163575228
52639,IA,LEE,0,1,0,0,40.525517612,-91.418622596
52640,IA,LOUISA,0,1,0,0,41.0932867700001,-91.258223715
52641,IA,HENRY,2,7,1,0,40.9630240955688,-91.54636991551553
52645,IA,HENRY,0,1,0,0,40.9173794500001,-91.408776718
52653,IA,LOUISA,0,1,1,0,41.17932701127341,-91.19254324739633
52654,IA,HENRY,0,1,0,0,41.1476510100001,-91.667267226
52655,IA,DES MOINES,1,1,0,0,40.810155885,-91.17209557999995
52656,IA,LEE,0,1,0,0,40.721618592,-91.4505097209999
52659,IA,HENRY,0,1,0,0,41.126658186,-91.446712395
52722,IA,SCOTT,2,9,0,0,41.568153430252416,-90.49173024184796
52730,IA,CLINTON,0,1,0,0,41.792320858,-90.269273336
52732,IA,CLINTON,2,7,0,0,41.85521421477785,-90.20576046266666
52738,IA,LOUISA,0,2,0,0,41.272052659500105,-91.371191953
52742,IA,CLINTON,1,4,1,0,41.82541013549133,-90.54343824574403
52748,IA,SCOTT,0,3,0,0,41.65685680733339,-90.58060928733333
52755,IA,JOHNSON,0,2,0,0,41.48085209650005,-91.422170511
52761,IA,MUSCATINE,1,7,1,0,41.43386837115531,-91.07375139653902
52767,IA,SCOTT,0,1,0,0,41.567862,-90.4227989999999
52772,IA,CEDAR,0,2,1,0,41.76982403426931,-91.12699123008802
52773,IA,SCOTT,0,2,0,0,41.5902983525001,-90.7754265195
52776,IA,MUSCATINE,0,2,0,0,41.578455794500044,-91.25867734299996
52777,IA,CLINTON,0,2,0,0,41.834081991000104,-90.8339819104999
52778,IA,MUSCATINE,0,2,0,0,41.5965517460001,-91.01356188049995
52801,IA,SCOTT,0,0,1,0,41.524383459410174,-90.58184291760101
52802,IA,SCOTT,0,1,0,0,41.5037483,-90.6472292
52803,IA,SCOTT,1,3,0,0,41.54168743225005,-90.56939029999997
52804,IA,SCOTT,1,2,0,0,41.5336337183334,-90.60530585866667
52806,IA,SCOTT,1,9,0,0,41.568515799300044,-90.5943064609
52807,IA,SCOTT,0,9,0,0,41.576820057243005,-90.5323268663656
53001,WI,SHEBOYGAN,0,2,0,0,43.58656950000005,-88.04300845
53004,WI,OZAUKEE,0,2,0,0,43.4946201755001,-87.83733102049996
53005,WI,WAUKESHA,0,20,0,0,43.06787024565004,-88.10528256925001
53007,WI,WAUKESHA,0,2,0,0,43.10606381500005,-88.07027862299995
53010,WI,FOND DU LAC,0,1,0,0,43.600629971,-88.293114846
53012,WI,OZAUKEE,0,8,0,0,43.29402939212503,-87.99442670699996
53013,WI,SHEBOYGAN,0,2,0,0,43.571726957500005,-87.83190601550001
53014,WI,CALUMET,1,7,1,0,44.02555603768158,-88.15290726693902
53018,WI,WAUKESHA,0,2,0,0,43.07469434650005,-88.4204094505
53019,WI,FOND DU LAC,0,1,0,0,43.716251463,-88.37442064
53020,WI,SHEBOYGAN,0,1,0,0,43.8355501340001,-88.011148115
53021,WI,OZAUKEE,0,4,0,0,43.47097471550002,-87.95422145274995
53022,WI,WASHINGTON,0,12,0,0,43.220384738250054,-88.10970048974995
53024,WI,OZAUKEE,1,12,0,0,43.31995988276927,-87.94992540146151
53027,WI,WASHINGTON,1,11,0,0,43.316024416416724,-88.36902001141665
53029,WI,WAUKESHA,0,7,0,0,43.10294623028575,-88.34333435242851
53032,WI,DODGE,0,3,0,0,43.4475949036667,-88.63280140699999
53036,WI,JEFFERSON,0,6,0,0,43.167895344333395,-88.58900347583334
53037,WI,WASHINGTON,0,4,0,0,43.32424375600005,-88.17035738149997
53038,WI,JEFFERSON,0,3,0,0,43.08575808766677,-88.75888819166663
53039,WI,DODGE,0,11,1,0,43.4123503804743,-88.7014862930796
53040,WI,WASHINGTON,0,7,0,0,43.52915952185722,-88.214214455
53042,WI,MANITOWOC,0,4,0,0,43.928676646250054,-88.00396720074998
53044,WI,SHEBOYGAN,0,1,0,0,43.7598007,-87.7903591
53045,WI,WAUKESHA,1,11,0,0,43.043351232000056,-88.1473997260833
53048,WI,DODGE,0,2,0,0,43.58908645600005,-88.43749244699995
53050,WI,DODGE,0,3,0,0,43.49537236600003,-88.55896932466663
53051,WI,WAUKESHA,2,22,0,0,43.16050829445837,-88.1238278715
53057,WI,FOND DU LAC,0,2,0,0,43.83496665,-88.24322876349996
53061,WI,CALUMET,0,4,0,0,43.94595395550007,-88.089610486
53066,WI,WAUKESHA,3,26,0,0,43.09409358972418,-88.48040913006894
53070,WI,SHEBOYGAN,0,5,0,0,43.63145287280004,-87.80642957959996
53072,WI,WAUKESHA,2,15,0,0,43.074398745058886,-88.25880565699998
53073,WI,SHEBOYGAN,0,8,0,0,43.74924519750003,-87.96279075574996
53074,WI,OZAUKEE,0,17,1,0,43.395445316124174,-87.87923374643985
53075,WI,SHEBOYGAN,0,2,0,0,43.55217598350005,-87.970574838
53076,WI,WASHINGTON,0,3,0,0,43.2558142333334,-88.19725509999996
53080,WI,OZAUKEE,0,5,0,0,43.3790415162,-87.94452926159998
53081,WI,SHEBOYGAN,2,25,1,0,43.74351084430464,-87.73838418028792
53082,WI,SHEBOYGAN,0,3,0,0,43.760573829666704,-87.73879980899999
53083,WI,SHEBOYGAN,1,16,0,0,43.79332220617653,-87.77336905899998
53085,WI,SHEBOYGAN,0,10,0,0,43.729238710300066,-87.8335894432
53086,WI,WASHINGTON,0,6,0,0,43.328448307000066,-88.25597137633332
53089,WI,WAUKESHA,0,1,0,0,43.1326060000001,-88.224701
53090,WI,WASHINGTON,0,14,0,0,43.44092508321434,-88.18304570071423
53092,WI,OZAUKEE,1,19,0,0,43.22137089340005,-87.95948984024997
53093,WI,SHEBOYGAN,0,1,0,0,43.675141866,-87.9555664599999
53094,WI,JEFFERSON,0,18,1,0,43.17204192176737,-88.70913051549734
53095,WI,WASHINGTON,1,37,1,0,43.414199419926426,-88.18418161070983
53097,WI,OZAUKEE,2,4,0,0,43.247240721000054,-87.9839829998333
53098,WI,DODGE,1,11,0,0,43.20378215700006,-88.70887806399998
53104,WI,KENOSHA,0,1,0,0,42.564557,-87.9615444999999
53105,WI,RACINE,1,30,1,0,42.6739475627134,-88.28717232521007
53108,WI,RACINE,0,3,0,0,42.80515587866677,-87.83815813533333
53110,WI,MILWAUKEE,1,8,1,0,42.94174500671947,-87.86128233154746
53115,WI,WALWORTH,0,10,0,0,42.62811112420005,-88.64648747519999
53118,WI,WAUKESHA,0,6,0,0,43.017587078166706,-88.46699563433329
53120,WI,WALWORTH,0,2,0,0,42.78668514700005,-88.41451375049995
53121,WI,WALWORTH,1,17,1,0,42.699771210708334,-88.53143901974208
53122,WI,WAUKESHA,0,3,0,0,43.04514156000004,-88.08496008499999
53126,WI,RACINE,0,1,1,0,42.75607100267032,-87.9699255594868
53128,WI,WALWORTH,0,1,0,0,42.4987210360001,-88.324169048
53129,WI,MILWAUKEE,0,9,1,0,42.94009020950309,-87.99044149177283
53130,WI,MILWAUKEE,0,7,1,0,42.93961746448445,-88.04734323458044
53132,WI,MILWAUKEE,2,20,1,0,42.89918108244992,-87.99804113643049
53137,WI,JEFFERSON,0,1,0,0,43.0751068000001,-88.6720195999999
53139,WI,RACINE,0,4,0,0,42.690438900000075,-88.1189485
53140,WI,KENOSHA,0,24,0,0,42.599500317958395,-87.83694824966663
53141,WI,KENOSHA,0,1,0,0,42.5633147560001,-87.850587005
53142,WI,KENOSHA,1,19,0,0,42.57009227815006,-87.88215465824996
53143,WI,KENOSHA,2,11,1,0,42.56180138643962,-87.82727907088493
53144,WI,KENOSHA,0,27,0,0,42.602043072000065,-87.86136519514812
53146,WI,WAUKESHA,0,4,0,0,42.97838690000005,-88.17620255375
53147,WI,WALWORTH,1,10,0,0,42.592277050181856,-88.43556272309088
53149,WI,WAUKESHA,1,5,0,0,42.85988791716671,-88.32512070566662
53150,WI,WAUKESHA,0,12,0,0,42.90934479666671,-88.09634588941664
53151,WI,WAUKESHA,1,13,0,0,42.98266640957148,-88.09266258592855
53154,WI,MILWAUKEE,1,20,1,0,42.88865900297278,-87.91337237534889
53157,WI,WALWORTH,0,2,0,0,42.534486458500055,-88.35798026799995
53158,WI,KENOSHA,1,8,0,0,42.52997691100005,-87.89446203422217
53167,WI,RACINE,0,1,0,0,42.7417797000001,-88.2146764999999
53168,WI,KENOSHA,0,1,0,0,42.5676553380001,-88.112862607
53171,WI,KENOSHA,0,1,0,0,42.667408891,-87.823239147
53172,WI,MILWAUKEE,0,16,1,0,42.90584506735431,-87.86814277093585
53177,WI,RACINE,1,9,0,0,42.69568935370007,-87.90018388959997
53178,WI,JEFFERSON,0,1,0,0,42.996812063,-88.6404454519999
53181,WI,KENOSHA,0,1,0,0,42.5274492,-88.2308092
53182,WI,RACINE,0,8,0,0,42.72506805300005,-88.06448816874995
53184,WI,WALWORTH,0,5,0,0,42.54635930560004,-88.58175254879997
53185,WI,RACINE,1,17,0,0,42.78408726383339,-88.18339646777775
53186,WI,WAUKESHA,0,21,0,0,43.00941008080959,-88.21344648671425
53188,WI,WAUKESHA,4,23,1,0,43.01919541385274,-88.26322711903437
53189,WI,WAUKESHA,0,8,0,0,42.982361168125074,-88.26110397812496
53190,WI,WALWORTH,0,29,0,0,42.82097343637937,-88.73339358641378
53191,WI,WALWORTH,0,2,0,0,42.57953962950005,-88.5459261035
53202,WI,MILWAUKEE,0,9,1,0,43.050649287469255,-87.89474707947996
53203,WI,MILWAUKEE,0,1,0,0,43.119068692,-87.9979420399999
53204,WI,MILWAUKEE,0,10,0,0,43.01619779500003,-87.92877274309998
53205,WI,MILWAUKEE,1,11,0,0,43.05323245675007,-87.93748715041663
53206,WI,MILWAUKEE,0,26,0,0,43.076274965230816,-87.93368540007693
53207,WI,MILWAUKEE,0,3,0,0,42.97594400800006,-87.90072225133326
53208,WI,MILWAUKEE,0,20,0,0,43.050370432250034,-87.95913699219997
53209,WI,MILWAUKEE,0,77,0,0,43.11889576500004,-87.9496241048831
53210,WI,MILWAUKEE,1,37,0,0,43.07019945478953,-87.97237863047364
53211,WI,MILWAUKEE,2,10,1,0,43.06857684830766,-87.88226378856014
53212,WI,MILWAUKEE,1,11,0,0,43.075869599666724,-87.90765991799998
53213,WI,MILWAUKEE,1,12,1,0,43.04811202061776,-88.0061739466613
53214,WI,MILWAUKEE,1,27,1,0,43.016760340719955,-88.02414701313344
53215,WI,MILWAUKEE,4,7,0,0,42.99166076236366,-87.94321342572727
53216,WI,MILWAUKEE,0,51,0,0,43.087332882451044,-87.97701917070587
53217,WI,MILWAUKEE,0,14,0,0,43.1637258289286,-87.91341530699997
53218,WI,MILWAUKEE,0,109,0,0,43.11038072788996,-87.99368334668803
53219,WI,MILWAUKEE,0,20,0,0,42.999155414300034,-87.99438628249996
53220,WI,MILWAUKEE,1,15,1,0,42.968847817460265,-87.99097979403385
53221,WI,MILWAUKEE,1,24,0,0,42.954896083560044,-87.94672338087996
53222,WI,MILWAUKEE,0,32,0,0,43.087180106312545,-88.02483673662498
53223,WI,MILWAUKEE,1,56,1,0,43.15712410535699,-87.99042839577857
53224,WI,MILWAUKEE,0,44,0,0,43.14847497325007,-88.0285325048636
53225,WI,MILWAUKEE,0,62,0,0,43.11516628393555,-88.02797951135481
53226,WI,MILWAUKEE,5,10,0,0,43.044131051933384,-88.0424556479333
53227,WI,MILWAUKEE,4,24,0,0,42.99416647857146,-88.03823168674997
53228,WI,MILWAUKEE,1,18,0,0,42.963373157684266,-88.04027140057893
53233,WI,MILWAUKEE,1,6,0,0,43.06231680571433,-87.94678677142852
53235,WI,MILWAUKEE,0,4,1,0,42.97093553994179,-87.8710155991341
53295,WI,MILWAUKEE,2,0,0,0,43.020791104,-87.975921898
53402,WI,RACINE,0,42,0,0,42.76476021809529,-87.79247706999996
53403,WI,RACINE,1,59,1,0,42.70381977326188,-87.8120221348472
53404,WI,RACINE,0,35,0,0,42.74622459371434,-87.80814909322854
53405,WI,RACINE,1,34,0,0,42.7100289866286,-87.82604218508568
53406,WI,RACINE,0,54,0,0,42.71314573838895,-87.8471715941296
53408,WI,RACINE,0,1,0,0,42.7511815,-87.8090279
53502,WI,GREEN,0,1,0,0,42.716848527,-89.4292901969999
53503,WI,IOWA,0,1,0,0,43.1632052,-89.8989256
53507,WI,IOWA,0,2,0,0,43.01564469800005,-89.8916959595
53508,WI,DANE,0,2,0,0,42.8646387150001,-89.5314341875
53511,WI,ROCK,1,22,0,0,42.54224800043483,-89.02151608878258
53515,WI,DANE,0,1,0,0,43.1432476260001,-89.7476971949999
53517,WI,DANE,0,1,0,0,43.0710789300001,-89.527839032
53518,WI,GRANT,0,1,0,0,43.186807,-90.574014
53520,WI,GREEN,0,5,0,0,42.625979340800065,-89.3720084078
53523,WI,JEFFERSON,0,4,0,0,43.00726580575008,-89.00539934899994
53525,WI,ROCK,0,5,0,0,42.563299262400065,-88.86725449499997
53527,WI,DANE,0,5,0,0,43.07963821200009,-89.20047973599998
53528,WI,DANE,0,3,0,0,43.11172639833344,-89.6542840956666
53530,WI,LAFAYETTE,1,2,1,0,42.685090662534876,-90.10970992307145
53531,WI,DANE,0,2,0,0,43.04894003950005,-89.07426398349995
53532,WI,DANE,0,10,0,0,43.216096611900085,-89.33162801329999
53533,WI,IOWA,1,7,1,0,42.961269221608056,-90.13967081294258
53534,WI,ROCK,1,2,0,0,42.8366636053334,-89.0642610023333
53536,WI,ROCK,0,3,0,0,42.781575239333336,-89.31312073766667
53537,WI,ROCK,0,1,0,0,42.665026739,-89.2038986059999
53538,WI,JEFFERSON,1,49,0,0,42.92388970772006,-88.83706902635997
53541,WI,LAFAYETTE,0,1,0,0,42.5657857830001,-89.9619751289999
53543,WI,IOWA,0,2,0,0,43.05083845,-90.36479759999995
53545,WI,ROCK,0,8,1,0,42.69906237979017,-89.0038617765343
53546,WI,ROCK,1,25,0,0,42.684157912038515,-88.99655917119229
53547,WI,ROCK,0,2,0,0,42.705996285000055,-89.02969148150001
53548,WI,ROCK,1,7,0,0,42.67374276775005,-89.06478721899997
53549,WI,JEFFERSON,0,27,1,0,43.002076764650084,-88.79444633442782
53551,WI,JEFFERSON,0,5,0,0,43.08211920960006,-88.90380207939998
53555,WI,COLUMBIA,0,4,0,0,43.31573662975003,-89.53346661024997
53556,WI,RICHLAND,0,2,0,0,43.216864099999995,-90.28573175
53558,WI,DANE,0,2,0,0,43.015726252,-89.2961604235
53559,WI,DANE,0,2,0,0,43.176642001000104,-89.06110777250001
53561,WI,COLUMBIA,0,2,0,0,43.4000014,-89.56659274999996
53562,WI,DANE,1,11,0,0,43.097492157916726,-89.50591661383332
53563,WI,ROCK,0,2,0,0,42.783450219500054,-88.95458712499996
53565,WI,IOWA,0,5,0,0,42.86243133700006,-90.145514393
53566,WI,GREEN,1,16,1,0,42.60083985089531,-89.64537297942327
53572,WI,DANE,0,5,0,0,43.01424978600008,-89.72717311279997
53573,WI,GRANT,0,6,0,0,43.21207335016672,-90.45948646616664
53574,WI,GREEN,0,2,0,0,42.81994561850005,-89.64332235099995
53575,WI,DANE,0,5,0,0,42.92594090740004,-89.382871489
53576,WI,ROCK,0,1,0,0,42.6347117600001,-89.253211789
53577,WI,SAUK,0,1,0,0,43.3158575,-90.1194143
53578,WI,SAUK,2,2,0,0,43.289220781750046,-89.73272112699999
53581,WI,RICHLAND,1,20,1,0,43.347018150179245,-90.37797679073384
53582,WI,IOWA,0,1,0,0,42.995933,-90.0010018
53583,WI,SAUK,0,3,0,0,43.269474353666766,-89.70331948166664
53584,WI,RICHLAND,0,1,0,0,43.2861634000001,-90.2933930999999
53586,WI,LAFAYETTE,0,2,0,0,42.571167602500054,-90.23487059249995
53587,WI,LAFAYETTE,0,1,0,0,42.5688955000001,-89.8798447999999
53588,WI,SAUK,0,3,0,0,43.17423367400007,-90.0624717893333
53589,WI,DANE,1,15,0,0,42.93255587862505,-89.22223778512496
53590,WI,DANE,0,14,0,0,43.19436079728575,-89.21004573935713
53593,WI,DANE,0,14,0,0,43.00886406364289,-89.53368536142855
53594,WI,JEFFERSON,0,3,0,0,43.18828712766673,-88.98845532366668
53597,WI,DANE,0,10,0,0,43.17745409980004,-89.44854555919997
53598,WI,DANE,0,1,0,0,43.2193717100001,-89.3447010639999
53703,WI,DANE,0,5,2,0,43.07237439944032,-89.38498975268352
53704,WI,DANE,1,20,0,0,43.12536159980956,-89.34656844757141
53705,WI,DANE,2,11,0,0,43.07045572253852,-89.45825011438458
53711,WI,DANE,1,18,0,0,43.03107377868425,-89.45928247099998
53713,WI,DANE,0,15,0,0,43.04118767866674,-89.38804519919996
53714,WI,DANE,0,12,0,0,43.09722025358335,-89.30246150508331
53715,WI,DANE,3,1,0,0,43.06118406925,-89.39957011599999
53716,WI,DANE,0,15,0,0,43.060545256200065,-89.32471395219999
53717,WI,DANE,0,5,0,0,43.071632865200044,-89.50868614339997
53718,WI,DANE,2,24,0,0,43.119376712038516,-89.27972207892306
53719,WI,DANE,1,27,0,0,43.03686718587936,-89.50301336806092
53792,WI,DANE,1,0,0,0,43.07615095,-89.431824531
53803,WI,LAFAYETTE,0,1,0,0,42.5541250790001,-90.3750394159999
53805,WI,GRANT,1,4,0,0,43.132639095400044,-90.70690681059996
53807,WI,GRANT,0,1,0,0,42.599848233,-90.4293589819999
53809,WI,GRANT,0,1,0,0,42.9827638740001,-90.663385481
53811,WI,GRANT,0,1,0,0,42.520810538,-90.5386021749999
53813,WI,GRANT,1,3,1,0,42.84174881034305,-90.7026538525366
53818,WI,GRANT,2,12,0,0,42.75568857014287,-90.48951294292854
53821,WI,CRAWFORD,1,8,1,0,43.046813720638,-91.13573833599068
53901,WI,COLUMBIA,1,16,1,0,43.55367964659133,-89.45860993067757
53910,WI,ADAMS,0,3,0,0,43.95751847833336,-89.81912508599997
53913,WI,SAUK,1,10,1,0,43.471801060126005,-89.73768370588725
53916,WI,DODGE,1,11,0,0,43.453156593916724,-88.83314748074997
53919,WI,FOND DU LAC,0,2,0,0,43.7298468065,-88.77842795249995
53924,WI,RICHLAND,0,2,0,0,43.50867425,-90.20398745
53925,WI,COLUMBIA,1,4,0,0,43.3278601356,-89.022590566
53929,WI,JUNEAU,0,3,0,0,43.741027613000036,-90.28175453199997
53932,WI,COLUMBIA,0,2,0,0,43.3953380425001,-89.0332288684999
53933,WI,DODGE,0,1,0,0,43.56503216,-88.9185071159999
53934,WI,ADAMS,1,6,1,0,43.95514710492796,-89.8230784086067
53943,WI,SAUK,0,1,0,0,43.4419742640001,-90.079437964
53944,WI,JUNEAU,0,2,0,0,43.723564450000055,-89.8993386694999
53946,WI,GREEN LAKE,0,3,0,0,43.71471471466676,-88.9878981033333
53948,WI,JUNEAU,1,6,1,0,43.78281680443193,-90.03067423040713
53949,WI,MARQUETTE,0,7,1,0,43.792844689968184,-89.3292457733837
53950,WI,JUNEAU,0,2,0,0,43.87687469550005,-90.17420927750001
53952,WI,MARQUETTE,0,1,0,0,43.7815347000001,-89.5601023
53954,WI,COLUMBIA,0,2,0,0,43.528831170000046,-89.3367573825
53955,WI,COLUMBIA,0,1,0,0,43.3912729140001,-89.4054772869999
53956,WI,DODGE,0,4,0,0,43.53880168475008,-89.00189988074996
53959,WI,SAUK,1,19,0,0,43.54291628220004,-89.98729542024998
53960,WI,COLUMBIA,0,2,0,0,43.44592420750005,-89.24452024849995
53963,WI,DODGE,1,8,0,0,43.631864291555594,-88.74082102377773
53964,WI,MARQUETTE,0,3,0,0,43.88076588133337,-89.48352921200001
53965,WI,COLUMBIA,0,7,0,0,43.63807431671434,-89.79909926085713
53968,WI,JUNEAU,0,3,0,0,43.662551399,-90.25241703299999
53969,WI,COLUMBIA,0,1,0,0,43.496425677,-89.3129734629999
54001,WI,POLK,2,5,0,0,45.302988153857164,-92.36746080700001
54002,WI,ST. CROIX,1,6,0,0,44.955755146285775,-92.37133111585713
54005,WI,POLK,0,1,0,0,45.252331714,-92.2701926299999
54011,WI,PIERCE,0,9,1,0,44.73676677803099,-92.48888855023095
54013,WI,ST. CROIX,0,4,0,0,45.067444372000075,-92.16212240324997
54015,WI,ST. CROIX,0,2,0,0,44.98201498100005,-92.43700201499996
54016,WI,ST. CROIX,1,13,0,0,44.97080435542863,-92.72087626585711
54017,WI,ST. CROIX,1,23,1,0,45.11822984033129,-92.54105877032914
54020,WI,POLK,1,7,0,0,45.29965285187507,-92.71345863549999
54021,WI,PIERCE,0,1,0,0,44.760279376,-92.785880071
54022,WI,PIERCE,1,15,0,0,44.85072717387504,-92.61594016206246
54024,WI,POLK,1,3,0,0,45.40397151675,-92.63775486324997
54028,WI,ST. CROIX,0,2,0,0,44.9551941905001,-92.290729825
54101,WI,OCONTO,0,1,0,0,44.7939027,-87.99812
54103,WI,FOREST,0,2,0,0,45.7029354355001,-88.42787508799995
54107,WI,SHAWANO,0,1,0,0,44.738395892,-88.4506504729999
54110,WI,CALUMET,0,5,0,0,44.18376996680008,-88.08184189919996
54113,WI,OUTAGAMIE,0,1,0,0,44.266943,-88.29797
54114,WI,MARINETTE,0,5,0,0,45.22353223280004,-88.01427811839997
54115,WI,BROWN,1,18,1,0,44.432499068875316,-88.06976699205651
54121,WI,FLORENCE,0,1,1,0,45.92429826670015,-88.24971439612091
54124,WI,OCONTO,0,2,0,0,44.891058425,-88.305567355
54126,WI,BROWN,0,1,0,0,44.249276744,-87.9470076269999
54128,WI,SHAWANO,0,1,0,0,44.932875391,-88.755028053
54130,WI,OUTAGAMIE,0,13,0,0,44.25911365561542,-88.2734104587692
54135,WI,MENOMINEE,0,0,1,0,44.88497606286849,-88.65121938080252
54136,WI,OUTAGAMIE,0,8,0,0,44.26530997350003,-88.33515685674998
54138,WI,OCONTO,0,1,0,0,45.3002450320001,-88.518213885
54139,WI,OCONTO,0,1,0,0,44.8770499,-88.00136
54140,WI,OUTAGAMIE,0,5,0,0,44.28451255220006,-88.33364030499996
54143,WI,MARINETTE,1,19,1,0,45.081978693582236,-87.62586055457433
54150,WI,MENOMINEE,0,1,0,0,44.9756788120001,-88.8306878819999
54151,WI,MARINETTE,0,1,0,0,45.7811929640001,-88.006016914
54153,WI,OCONTO,1,9,1,0,44.892526146341815,-87.88068987941
54154,WI,OCONTO,1,6,0,0,44.87440363528577,-88.14820740514283
54155,WI,BROWN,0,3,0,0,44.54417035066674,-88.16473717833331
54157,WI,MARINETTE,0,4,0,0,45.06121746550005,-87.75354636025
54161,WI,MARINETTE,0,1,0,0,45.0943301,-88.0326843999999
54162,WI,BROWN,0,3,0,0,44.648799980333365,-88.2205504803333
54165,WI,OUTAGAMIE,0,6,0,0,44.5184693226667,-88.32682859149998
54166,WI,SHAWANO,1,12,1,0,44.77193374842354,-88.58270401371034
54173,WI,BROWN,0,3,0,0,44.62746364866677,-88.0342433843333
54174,WI,OCONTO,0,1,0,0,45.0034444410001,-88.372609804
54180,WI,BROWN,0,1,0,0,44.3188441820001,-88.152944793
54201,WI,KEWAUNEE,0,3,0,0,44.609707325000024,-87.44450153033331
54208,WI,BROWN,0,4,0,0,44.35887032325007,-87.79703025774998
54216,WI,KEWAUNEE,0,6,1,0,44.452758828926555,-87.51631192930016
54217,WI,KEWAUNEE,0,5,0,0,44.55317904860006,-87.71719216939998
54220,WI,MANITOWOC,0,46,1,0,44.097457984046386,-87.68479487252101
54221,WI,MANITOWOC,1,0,0,0,44.09465466,-87.67649578
54229,WI,BROWN,0,4,0,0,44.55770658200005,-87.85203479749997
54234,WI,DOOR,0,3,0,0,45.18353864800003,-87.12410606799996
54235,WI,DOOR,1,8,1,0,44.83497107260536,-87.36017759694354
54241,WI,MANITOWOC,1,4,0,0,44.15818287840004,-87.5835193952
54247,WI,MANITOWOC,0,1,0,0,44.2444790000001,-87.7460839999999
54301,WI,BROWN,2,20,0,0,44.4771773254546,-88.02313072009088
54302,WI,BROWN,0,17,0,0,44.49830988917653,-87.97299655294113
54303,WI,BROWN,2,25,1,0,44.52883339599314,-88.0555665578148
54304,WI,BROWN,0,16,0,0,44.50410947356258,-88.07058606918748
54305,WI,BROWN,1,0,0,0,44.50224209,-88.01128559
54311,WI,BROWN,4,31,0,0,44.49470325605721,-87.93634313217139
54313,WI,BROWN,0,18,0,0,44.55920689255562,-88.09404658644439
54401,WI,MARATHON,2,18,0,0,44.971754366000056,-89.66177264369998
54403,WI,MARATHON,2,28,1,0,44.948187715934225,-89.61502766747246
54405,WI,CLARK,0,2,0,0,44.9451810060001,-90.3213415204999
54409,WI,LANGLADE,1,8,1,0,45.13796472963947,-89.13078950429717
54411,WI,MARATHON,0,1,0,0,45.028377108,-90.0750544059999
54412,WI,WOOD,0,1,0,0,44.6130848000001,-89.9793399
54414,WI,SHAWANO,0,4,0,0,44.920165701500046,-89.21845436224996
54416,WI,SHAWANO,0,1,0,0,44.906155561,-88.941473704
54421,WI,CLARK,0,6,0,0,44.920358664000084,-90.33046356749996
54425,WI,CLARK,0,1,0,0,45.00382147,-90.3335473659999
54433,WI,TAYLOR,0,3,0,0,45.163896501666734,-90.83625456399996
54435,WI,LANGLADE,0,1,0,0,45.3337523000001,-89.3627058
54437,WI,CLARK,0,4,0,0,44.76614098625008,-90.59706112874994
54440,WI,MARATHON,0,1,0,0,44.7973522,-89.4081083
54441,WI,WOOD,0,1,0,0,44.6442382000001,-90.0993759999999
54448,WI,MARATHON,0,1,0,0,44.940677238,-89.840056236
54449,WI,WOOD,2,41,0,0,44.67316045046517,-90.17788855427905
54450,WI,SHAWANO,0,1,0,0,45.0069344300001,-89.044434768
54451,WI,TAYLOR,1,6,1,0,45.139101960732326,-90.35094387421049
54452,WI,LINCOLN,1,7,1,0,45.17695703103881,-89.69588895913151
54455,WI,MARATHON,0,11,0,0,44.81214439772732,-89.67139030899997
54456,WI,CLARK,1,6,1,0,44.559465445360935,-90.60286601433539
54457,WI,WOOD,0,1,0,0,44.316552964,-89.9085080149999
54460,WI,CLARK,0,2,0,0,44.94556731550005,-90.52425904299994
54464,WI,LANGLADE,0,2,0,0,45.05078375000005,-89.0149579
54466,WI,WOOD,0,1,0,0,44.4403755750001,-90.125997422
54467,WI,PORTAGE,0,13,0,0,44.455369133692365,-89.551646369
54469,WI,WOOD,0,1,0,0,44.357581893,-89.862676159
54470,WI,TAYLOR,0,1,0,0,45.3171503840001,-90.204865207
54476,WI,MARATHON,1,26,0,0,44.90058022674079,-89.57294381703701
54481,WI,PORTAGE,1,18,1,0,44.51719249156123,-89.55903490934364
54482,WI,PORTAGE,2,5,0,0,44.532829928714314,-89.54011851614283
54484,WI,MARATHON,0,1,0,0,44.8089907360001,-90.075685726
54487,WI,LINCOLN,1,6,0,0,45.47371667028573,-89.72666878357143
54494,WI,WOOD,0,33,1,0,44.37670381418508,-89.80822622295806
54495,WI,WOOD,1,4,0,0,44.383322600000064,-89.83441541999998
54499,WI,SHAWANO,0,2,0,0,44.82196375650005,-89.16699162
54501,WI,ONEIDA,1,19,1,0,45.63502305502621,-89.40256248470135
54520,WI,FOREST,0,0,1,0,45.568376987436565,-88.9018117676801
54521,WI,VILAS,1,4,1,0,45.92813959721159,-89.25228432639254
54530,WI,RUSK,0,1,0,0,45.5149679,-90.7198658999999
54534,WI,IRON,0,3,1,0,46.4544360242797,-90.1917517916593
54538,WI,VILAS,0,2,0,0,45.9846654215001,-89.845544694
54539,WI,ONEIDA,0,2,0,0,45.805300381500004,-89.603285601
54541,WI,FOREST,0,1,0,0,45.51686584,-88.6065577209999
54546,WI,ASHLAND,0,1,0,0,46.321576287,-90.655539499
54548,WI,ONEIDA,1,5,0,0,45.90862951200003,-89.7342110808333
54552,WI,PRICE,1,2,0,0,45.9317648606667,-90.442730602
54554,WI,VILAS,0,1,0,0,46.059161407,-89.086809973
54555,WI,PRICE,0,5,1,0,45.68605061172469,-90.39489874792052
54568,WI,ONEIDA,1,3,0,0,45.89851838000008,-89.70411480649994
54601,WI,LA CROSSE,2,44,1,0,43.79722895109933,-91.2274123459149
54603,WI,LA CROSSE,0,3,0,0,43.84641490000007,-91.24529036666665
54610,WI,BUFFALO,0,0,1,0,44.31952833497287,-91.91318168015295
54612,WI,TREMPEALEAU,0,1,0,0,44.2441882000001,-91.4776515
54614,WI,LA CROSSE,0,2,0,0,43.8942564570001,-90.99386467849996
54615,WI,JACKSON,1,12,1,0,44.2931696067727,-90.85504142126884
54616,WI,TREMPEALEAU,0,3,0,0,44.29772370833333,-91.25983091
54619,WI,MONROE,0,2,0,0,44.01691207500005,-90.81530453049994
54627,WI,TREMPEALEAU,0,1,0,0,44.1004080000001,-91.2391622
54629,WI,BUFFALO,0,1,0,0,44.131451531,-91.7187587929999
54630,WI,TREMPEALEAU,0,1,0,0,44.0916141070001,-91.341293089
54634,WI,VERNON,1,7,0,0,43.650768361875045,-90.33957287187498
54635,WI,JACKSON,0,1,0,0,44.342181,-90.9191989999999
54636,WI,LA CROSSE,0,10,0,0,43.96672017670008,-91.2687614512
54638,WI,MONROE,0,1,0,0,43.7495141000001,-90.435511
54639,WI,VERNON,0,9,0,0,43.58280945277784,-90.64069410977771
54646,WI,JUNEAU,0,9,0,0,44.048729217333396,-90.03916802833326
54650,WI,LA CROSSE,0,14,0,0,43.88874778285718,-91.20766005342855
54651,WI,VERNON,0,1,0,0,43.7246670000001,-90.5937949999999
54652,WI,VERNON,0,1,0,0,43.4461493250001,-90.757041589
54655,WI,CRAWFORD,0,2,0,0,43.3896179245,-90.7643231225
54656,WI,MONROE,1,20,1,0,43.953114126959896,-90.81915977451428
54658,WI,VERNON,0,1,0,0,43.717588452,-91.168557036
54660,WI,MONROE,3,19,0,0,43.98364676204551,-90.50418004136363
54664,WI,RICHLAND,0,6,0,0,43.47115417850005,-90.63288725983334
54665,WI,VERNON,1,16,1,0,43.54681196536913,-90.87260086863425
54666,WI,MONROE,0,2,0,0,44.124128962499995,-90.546807304
54667,WI,VERNON,0,1,0,0,43.6614262160001,-90.850663926
54669,WI,LA CROSSE,0,9,0,0,43.916283238444485,-91.06986012611107
54701,WI,EAU CLAIRE,3,37,0,0,44.78976443890006,-91.46977952397496
54703,WI,EAU CLAIRE,1,45,1,0,44.83157601273631,-91.51694607357385
54720,WI,EAU CLAIRE,1,14,0,0,44.8030472831334,-91.44499623739995
54722,WI,EAU CLAIRE,0,4,0,0,44.68581366875004,-91.12658910075
54724,WI,CHIPPEWA,1,11,0,0,45.10162634358338,-91.49777132766663
54725,WI,DUNN,0,7,0,0,45.02865669114292,-92.01364304099998
54726,WI,CHIPPEWA,0,5,0,0,44.98310258000008,-91.04746463999996
54727,WI,CHIPPEWA,0,12,0,0,44.95206478800004,-91.16252891983329
54728,WI,BARRON,0,4,0,0,45.316421344250024,-91.64507309524997
54729,WI,CHIPPEWA,1,46,1,0,44.93096446513362,-91.38439760910701
54730,WI,DUNN,0,4,0,0,45.00022175675007,-91.76449165849998
54731,WI,RUSK,0,2,0,0,45.31094302500005,-91.1094919885
54732,WI,CHIPPEWA,0,8,0,0,45.16338443812506,-91.16794666124996
54736,WI,PEPIN,1,5,1,0,44.61291323239032,-91.96367484244942
54738,WI,EAU CLAIRE,0,2,0,0,44.6788312325,-91.50582718699995
54739,WI,DUNN,0,3,0,0,44.881719663666765,-91.70080140499994
54740,WI,PIERCE,0,2,0,0,44.778629140999996,-92.15349299399995
54742,WI,EAU CLAIRE,0,3,0,0,44.76321666666677,-91.2777005333333
54745,WI,CHIPPEWA,0,2,0,0,45.232298587500054,-91.05544601549995
54747,WI,TREMPEALEAU,0,2,0,0,44.36418955000005,-91.40929625
54751,WI,DUNN,1,31,1,0,44.889688824680356,-91.91883086835871
54755,WI,BUFFALO,0,7,0,0,44.589842031857195,-91.66566168528566
54757,WI,BARRON,0,2,0,0,45.24546925,-91.59840295000001
54758,WI,TREMPEALEAU,1,3,0,0,44.5506301115,-91.185768326
54760,WI,TREMPEALEAU,0,3,0,0,44.42132469166677,-91.21122705999998
54761,WI,PIERCE,0,2,0,0,44.62574712600005,-92.196345063
54762,WI,BARRON,0,2,0,0,45.2346474450001,-91.98159225399999
54766,WI,RUSK,0,1,0,0,45.3066572000001,-90.9375538
54767,WI,PIERCE,0,2,0,0,44.8348575175001,-92.26917955249999
54768,WI,CHIPPEWA,1,11,0,0,44.96064833500005,-90.93624992283333
54770,WI,TREMPEALEAU,0,2,0,0,44.55263049450005,-91.39241140849995
54771,WI,CLARK,0,6,0,0,44.93683139950006,-90.80101259183328
54773,WI,TREMPEALEAU,1,7,1,0,44.368696361904654,-91.3333188103344
54801,WI,WASHBURN,2,11,1,0,45.830690340817206,-91.9026600149506
54805,WI,BARRON,0,1,0,0,45.3609522,-92.0335371
54806,WI,ASHLAND,1,9,1,0,46.578840083517484,-90.8951280680883
54810,WI,POLK,0,0,1,0,45.45470252403902,-92.46753232413127
54812,WI,BARRON,1,5,1,0,45.3925538527937,-91.84241960838116
54813,WI,BARRON,0,5,0,0,45.62917710260005,-92.00610789659996
54822,WI,BARRON,0,2,0,0,45.3947167265,-91.74024304949995
54824,WI,POLK,0,2,0,0,45.4507838090001,-92.55203055850001
54826,WI,BARRON,0,1,0,0,45.4739809220001,-92.079785229
54829,WI,BARRON,1,2,0,0,45.531587734,-92.0257821593333
54837,WI,POLK,0,8,0,0,45.67947240150003,-92.53067085487497
54840,WI,BURNETT,1,4,0,0,45.76469099280004,-92.67795594660001
54842,WI,DOUGLAS,0,1,0,0,46.489846003,-91.830645959
54843,WI,SAWYER,1,9,1,0,46.00970639211919,-91.48425986459951
54847,WI,BAYFIELD,0,1,0,0,46.5681229690001,-91.4026294989999
54848,WI,RUSK,1,8,1,0,45.46075728245955,-91.10766978726714
54853,WI,POLK,0,2,0,0,45.57032853550005,-92.47904639249995
54858,WI,POLK,0,1,0,0,45.5265210000001,-92.5109828
54859,WI,WASHBURN,0,1,0,0,46.0995758,-91.8319913999999
54862,WI,SAWYER,0,1,0,0,45.7645489000001,-91.1309325
54867,WI,SAWYER,0,1,0,0,45.7708893720001,-91.2411358589999
54868,WI,BARRON,1,24,0,0,45.49920223004003,-91.73571801816
54870,WI,WASHBURN,0,2,0,0,45.716694505999996,-91.795506273
54871,WI,WASHBURN,1,3,0,0,45.74906400500003,-91.91392894449996
54872,WI,BURNETT,0,6,1,0,45.79829367287614,-92.38067589957903
54874,WI,DOUGLAS,0,1,0,0,46.540647698,-91.876207661
54880,WI,DOUGLAS,1,25,1,0,46.68362460218395,-92.10022437462482
54891,WI,BAYFIELD,0,4,1,0,46.68072403346244,-90.88529580496404
54893,WI,BURNETT,0,1,0,0,45.952967915,-92.2825192669999
54901,WI,WINNEBAGO,0,33,2,0,44.038061639443214,-88.54122399142585
54902,WI,WINNEBAGO,0,16,0,0,44.017646872250026,-88.56949259025
54904,WI,WINNEBAGO,2,12,0,0,44.00585521921431,-88.60064544835711
54911,WI,OUTAGAMIE,2,16,2,0,44.273927607364726,-88.4008757508287
54912,WI,OUTAGAMIE,0,1,0,0,44.2655114350001,-88.396921103
54913,WI,OUTAGAMIE,0,22,0,0,44.31612513577278,-88.38749145740907
54914,WI,OUTAGAMIE,0,24,0,0,44.265431676375044,-88.44981172529164
54915,WI,OUTAGAMIE,1,17,0,0,44.24621905750005,-88.37434526738886
54922,WI,OUTAGAMIE,0,1,0,0,44.5308130000001,-88.6708
54923,WI,GREEN LAKE,1,9,0,0,43.971504585900064,-88.94941367859998
54927,WI,WAUPACA,0,1,0,0,44.6303278940001,-88.7492894979999
54929,WI,WAUPACA,0,7,0,0,44.63597160228575,-88.74608113985711
54935,WI,FOND DU LAC,2,43,1,0,43.775110649635856,-88.4371176910433
54937,WI,FOND DU LAC,0,12,0,0,43.8058191721667,-88.47912796975
54941,WI,GREEN LAKE,0,2,1,0,43.84416616161721,-88.93508257199433
54942,WI,OUTAGAMIE,0,4,0,0,44.30333693600005,-88.54269508674996
54944,WI,OUTAGAMIE,0,5,0,0,44.34172271000008,-88.65440262479993
54945,WI,WAUPACA,0,2,0,0,44.5056582700001,-89.13911368249995
54946,WI,WAUPACA,0,4,0,0,44.336429603182424,-89.1458206256233
54949,WI,WAUPACA,0,3,0,0,44.457343485333375,-88.91826057433333
54952,WI,WINNEBAGO,0,16,1,0,44.22578363820324,-88.42513734715928
54956,WI,WINNEBAGO,2,29,1,0,44.179292901099664,-88.47597977081838
54960,WI,MARQUETTE,0,1,0,0,43.9533100720001,-89.228027646
54961,WI,WAUPACA,1,8,0,0,44.39063170055559,-88.74135089077777
54963,WI,WINNEBAGO,0,3,0,0,44.03732018533341,-88.73840825699996
54964,WI,WINNEBAGO,0,1,0,0,43.9317203000001,-88.720340552
54968,WI,GREEN LAKE,0,4,0,0,43.84816307100005,-89.12522950199997
54970,WI,WAUSHARA,0,2,0,0,44.036586251000045,-89.09278667399994
54971,WI,FOND DU LAC,1,12,0,0,43.84709588192311,-88.83117784761536
54974,WI,FOND DU LAC,0,1,0,0,43.813534922,-88.680560741
54981,WI,WAUPACA,1,10,1,0,44.345863289965784,-89.10024075977948
54982,WI,WAUSHARA,0,7,1,0,44.07230897720374,-89.28699166116512
54983,WI,WAUPACA,0,2,0,0,44.343117257000046,-88.93778820099995
54984,WI,WAUSHARA,1,2,0,0,44.17247509200007,-89.2481416613333
54985,WI,WINNEBAGO,1,0,0,0,44.07474915,-88.51823742
54986,WI,WINNEBAGO,0,2,0,0,44.10817089850005,-88.718249015
55001,MN,WASHINGTON,0,1,0,0,44.8755633,-92.8416344
55003,MN,WASHINGTON,0,1,0,0,45.0244388,-92.7830809
55006,MN,ISANTI,0,1,0,0,45.7238172720001,-93.175973321
55008,MN,ISANTI,1,4,1,0,45.56935881137331,-93.22797111375594
55009,MN,GOODHUE,1,4,0,0,44.50988951320002,-92.90049087859998
55011,MN,ANOKA,0,1,0,0,45.3167301,-93.2456397999999
55012,MN,CHISAGO,0,0,1,0,45.399153925462294,-92.82228094024589
55013,MN,CHISAGO,0,4,0,0,45.36053659875002,-92.885931059
55014,MN,ANOKA,0,5,0,0,45.162357529833926,-93.12811575345386
55016,MN,WASHINGTON,0,21,0,0,44.83072727138098,-92.95352984061903
55020,MN,SCOTT,0,1,0,0,44.546706919,-93.340354068
55021,MN,RICE,1,17,1,0,44.29344995695084,-93.26989671536043
55024,MN,DAKOTA,0,11,0,0,44.653724749909095,-93.15267775072722
55025,MN,WASHINGTON,0,6,0,0,45.274090606032495,-92.98508602142483
55027,MN,GOODHUE,0,1,0,0,44.3981137,-92.623063
55033,MN,DAKOTA,1,11,0,0,44.744512048211085,-92.86437625442578
55037,MN,PINE,0,1,0,0,46.0083027640001,-92.941109723
55038,MN,WASHINGTON,0,5,0,0,45.15835081280004,-93.015487259
55040,MN,ISANTI,0,1,0,0,45.4979713290001,-93.233731249
55041,MN,GOODHUE,1,4,0,0,44.45643038000002,-92.28178641519996
55042,MN,WASHINGTON,0,2,0,0,44.97840660000005,-92.9026959
55043,MN,WASHINGTON,0,1,0,0,44.9205038220001,-92.771769464
55044,MN,DAKOTA,0,16,0,0,44.67287844191926,-93.24167009075882
55045,MN,CHISAGO,0,1,0,0,45.3900522,-92.8601733
55046,MN,RICE,0,1,0,0,44.4817033,-93.4150958
55049,MN,STEELE,0,1,0,0,44.1736171000001,-93.2425319
55051,MN,KANABEC,1,4,1,0,45.87930577296976,-93.28635875896316
55055,MN,WASHINGTON,0,1,0,0,44.8674817,-93.0059031
55056,MN,CHISAGO,0,4,0,0,45.51259363100003,-93.0120850445
55057,MN,RICE,1,11,0,0,44.46354070096393,-93.1790049332783
55060,MN,STEELE,1,11,1,0,44.08920775286438,-93.22854541199901
55063,MN,PINE,1,6,0,0,45.83404431156428,-92.96707676706637
55066,MN,GOODHUE,1,8,1,0,44.550328111268364,-92.54487775440106
55068,MN,DAKOTA,0,12,0,0,44.73049353349546,-93.1526526141022
55069,MN,CHISAGO,0,2,0,0,45.67843023400005,-92.96772575099999
55070,MN,ANOKA,0,1,0,0,45.4023467760001,-93.4164731829999
55071,MN,WASHINGTON,0,2,0,0,44.840623949999994,-92.9838531
55072,MN,PINE,2,4,1,0,46.12617307981197,-92.87053676869515
55075,MN,DAKOTA,0,5,0,0,44.88092242161924,-93.0439748140422
55076,MN,DAKOTA,0,6,0,0,44.855994064333345,-93.042247432
55077,MN,DAKOTA,0,12,0,0,44.83772689926331,-93.07182937005541
55082,MN,WASHINGTON,1,10,1,0,45.03874003404416,-92.81922111485807
55084,MN,CHISAGO,0,1,0,0,45.41444554,-92.663139297
55092,MN,CHISAGO,1,2,0,0,45.321368076333364,-92.9980080503333
55101,MN,RAMSEY,2,2,2,0,44.95505175988415,-93.0960670939453
55102,MN,RAMSEY,2,7,0,0,44.93939142577779,-93.11589091144444
55103,MN,RAMSEY,1,10,0,0,44.95699487945458,-93.11713537981814
55104,MN,RAMSEY,0,13,0,0,44.955448509777504,-93.15451002968243
55105,MN,RAMSEY,0,1,0,0,44.9376022000001,-93.1753184
55106,MN,RAMSEY,0,24,0,0,44.96481205095835,-93.0454664485
55107,MN,RAMSEY,0,13,0,0,44.92846439869238,-93.08293043992308
55108,MN,RAMSEY,0,5,0,0,44.98054711520006,-93.17457229879999
55109,MN,RAMSEY,1,35,0,0,45.0148899150713,-93.02294823461251
55110,MN,RAMSEY,0,7,0,0,45.07955567142863,-93.03469561871425
55112,MN,RAMSEY,0,34,0,0,45.07258784403892,-93.20251342819856
55113,MN,RAMSEY,0,31,0,0,45.01989332296777,-93.14514693909678
55115,MN,WASHINGTON,0,3,0,0,45.06177973333333,-92.95148729999995
55116,MN,RAMSEY,0,11,0,0,44.91077588086484,-93.17350789787305
55117,MN,RAMSEY,0,15,0,0,44.98296269520004,-93.10269616459998
55118,MN,DAKOTA,0,17,1,0,44.898183892547536,-93.09111824439853
55119,MN,RAMSEY,0,30,0,0,44.94558144747312,-93.00852385733954
55120,MN,DAKOTA,0,2,0,0,44.87587185000005,-93.12763865
55121,MN,DAKOTA,0,4,0,0,44.84268997500005,-93.16445447500001
55122,MN,DAKOTA,0,14,0,0,44.84469054914287,-93.19533142692858
55123,MN,DAKOTA,0,9,0,0,44.807358313956684,-93.14686053965406
55124,MN,DAKOTA,0,32,0,0,44.73466591021094,-93.19962550371388
55125,MN,WASHINGTON,1,23,0,0,44.91935426058337,-92.94895582287496
55126,MN,RAMSEY,0,7,0,0,45.05665891126978,-93.13493698206551
55127,MN,RAMSEY,0,8,0,0,45.08430090762504,-93.07243468924996
55128,MN,WASHINGTON,0,9,0,0,44.98577518888893,-92.96203864444442
55129,MN,WASHINGTON,0,8,0,0,44.90197255287505,-92.91413531725
55130,MN,RAMSEY,0,7,0,0,44.980318114285744,-93.07961822857143
55301,MN,WRIGHT,0,3,0,0,45.23486994316003,-93.66787134009864
55302,MN,WRIGHT,1,3,0,0,45.264471543250025,-94.11141695799999
55303,MN,ANOKA,1,28,1,0,45.21542133372987,-93.38948761763433
55304,MN,ANOKA,0,9,0,0,45.2430607475105,-93.31339065553115
55305,MN,HENNEPIN,0,17,0,0,44.955098036588275,-93.4285183390588
55306,MN,DAKOTA,0,10,0,0,44.73265390955928,-93.28341603315641
55307,MN,SIBLEY,1,4,0,0,44.61121875260004,-94.08369153880001
55308,MN,SHERBURNE,0,1,0,0,45.4099234,-93.8898298
55309,MN,SHERBURNE,0,3,0,0,45.3392760933334,-93.74859872633334
55310,MN,RENVILLE,0,1,0,0,44.768279846,-94.895174906
55311,MN,HENNEPIN,0,8,0,0,45.101917531375015,-93.48628842462499
55312,MN,MCLEOD,0,1,0,0,44.7317484380001,-94.351753125
55313,MN,WRIGHT,1,7,1,0,45.17436913764615,-93.87421216669492
55314,MN,RENVILLE,0,2,0,0,44.73828961350005,-94.62418148499995
55315,MN,CARVER,0,1,0,0,44.760503,-93.6384846999999
55316,MN,HENNEPIN,0,27,0,0,45.16843865637042,-93.37903081251852
55317,MN,CARVER,0,5,0,0,44.8279033108106,-93.49269903135307
55318,MN,CARVER,0,7,1,0,44.8085291206619,-93.60143132640016
55319,MN,SHERBURNE,0,1,0,0,45.5182706431766,-93.8737053657265
55321,MN,WRIGHT,0,2,0,0,45.08128434300005,-94.1991198865
55325,MN,MEEKER,0,2,0,0,45.083606713500046,-94.30265098649996
55328,MN,WRIGHT,0,2,0,0,45.04368280250005,-93.7762817375
55330,MN,SHERBURNE,0,13,1,0,45.30442957797594,-93.57422486528682
55331,MN,HENNEPIN,0,6,0,0,44.900819375000076,-93.56847033199996
55332,MN,RENVILLE,0,2,0,0,44.517662927500055,-94.7169351415
55333,MN,RENVILLE,0,2,0,0,44.52563104250005,-94.8813726255
55334,MN,SIBLEY,0,3,1,0,44.55691064633618,-94.22112300271036
55335,MN,SIBLEY,0,1,0,0,44.5350204000001,-94.5182541
55336,MN,MCLEOD,1,2,1,0,44.777130011945864,-94.14705207647596
55337,MN,DAKOTA,1,55,0,0,44.76535367466423,-93.2794778235027
55340,MN,HENNEPIN,0,2,0,0,45.0592036000001,-93.57839174999995
55341,MN,HENNEPIN,0,1,0,0,45.1515529000001,-93.6676308999999
55342,MN,RENVILLE,0,1,0,0,44.7411641,-94.7024557
55343,MN,HENNEPIN,0,12,0,0,44.77240038450006,-93.06386895358332
55344,MN,HENNEPIN,0,10,0,0,44.85184015370006,-93.43440494189998
55345,MN,HENNEPIN,0,21,0,0,44.915797849381,-93.47475116876187
55346,MN,HENNEPIN,0,2,0,0,44.8850657535001,-93.49792267399995
55347,MN,HENNEPIN,0,8,0,0,44.82993992075005,-93.43696366724998
55349,MN,WRIGHT,0,2,0,0,45.0634666350001,-94.06532937899996
55350,MN,MCLEOD,1,7,0,0,44.875507946000035,-94.38154471362499
55352,MN,SCOTT,0,2,0,0,44.6788293305001,-93.6253966145
55353,MN,STEARNS,0,1,0,0,45.317462989,-94.296290385
55355,MN,MEEKER,1,3,1,0,45.11724344912585,-94.54425574265537
55356,MN,HENNEPIN,0,2,0,0,44.98704047450005,-93.582336908
55357,MN,HENNEPIN,0,1,0,0,45.1011837,-93.6486136
55359,MN,HENNEPIN,0,2,0,0,45.00596401450005,-93.65535972799995
55362,MN,WRIGHT,1,4,0,0,45.298671724674634,-93.77650578925063
55364,MN,HENNEPIN,0,3,0,0,44.93446732233337,-93.6690789433333
55368,MN,CARVER,0,2,0,0,44.76903612366105,-93.91811208829
55369,MN,HENNEPIN,1,26,0,0,45.12131136644448,-93.4307685049259
55371,MN,MILLE LACS,1,4,0,0,45.559750369600025,-93.6116447012
55372,MN,SCOTT,0,5,0,0,44.72469469100001,-93.41926662459998
55374,MN,HENNEPIN,0,4,0,0,45.210959419250045,-93.54224970825
55376,MN,WRIGHT,0,3,0,0,45.218333866666704,-93.65458449999998
55378,MN,SCOTT,0,13,0,0,44.75216889200289,-93.35086957988537
55379,MN,SCOTT,1,22,1,0,44.77680856871428,-93.49865449509868
55381,MN,MCLEOD,0,1,0,0,44.9021565,-94.2119129
55384,MN,HENNEPIN,0,2,0,0,44.935728679500045,-93.639102591
55386,MN,CARVER,0,1,0,0,44.8572927000001,-93.635753
55387,MN,CARVER,1,7,0,0,44.84996001675004,-93.78777082137498
55388,MN,CARVER,0,2,0,0,44.9640880955,-93.85524713099996
55389,MN,MEEKER,0,3,0,0,45.3210542446667,-94.41084805233326
55391,MN,HENNEPIN,0,6,0,0,44.96516667066672,-93.50316174449993
55395,MN,MCLEOD,0,3,0,0,44.9703482010001,-94.04907832833334
55396,MN,SIBLEY,0,2,0,0,44.5380517750001,-94.37032401499995
55398,MN,SHERBURNE,0,3,0,0,45.44166202580686,-93.57556993673484
55401,MN,HENNEPIN,0,2,0,0,44.98011505000005,-93.26033225
55403,MN,HENNEPIN,0,1,0,0,44.965141644,-93.290001509
55404,MN,HENNEPIN,2,35,0,0,44.96040924483827,-93.25888270005952
55405,MN,HENNEPIN,0,2,0,0,44.9803595905,-93.301640826
55406,MN,HENNEPIN,0,8,0,0,44.935274961125025,-93.225498383375
55407,MN,HENNEPIN,1,40,0,0,44.943756192829305,-93.25806015424388
55408,MN,HENNEPIN,0,9,0,0,44.942249602046985,-93.2781901827019
55409,MN,HENNEPIN,0,5,0,0,44.93279077560003,-93.2787150984
55410,MN,HENNEPIN,0,3,0,0,44.9065878333334,-93.32606946666665
55411,MN,HENNEPIN,0,23,0,0,44.99429083753641,-93.29457889532831
55412,MN,HENNEPIN,0,12,0,0,45.02345056033337,-93.29377687683332
55413,MN,HENNEPIN,0,9,0,0,44.997834970777824,-93.25400008288888
55414,MN,HENNEPIN,1,11,0,0,44.98528840200004,-93.22786394958331
55415,MN,HENNEPIN,1,0,2,0,44.975087112241944,-93.26350643644196
55416,MN,HENNEPIN,0,13,0,0,44.95005113153854,-93.34328334092305
55417,MN,HENNEPIN,1,3,0,0,44.9035894505,-93.21436960749998
55418,MN,HENNEPIN,0,16,0,0,45.014775860143665,-93.24892421569544
55419,MN,HENNEPIN,0,11,0,0,44.904339543473505,-93.29032033283937
55420,MN,HENNEPIN,0,35,0,0,44.83592810634288,-93.27263790634285
55421,MN,ANOKA,0,24,0,0,45.04992405229171,-93.24135559849998
55422,MN,HENNEPIN,2,42,0,0,45.01545530711366,-93.34038582829544
55423,MN,HENNEPIN,0,43,0,0,44.874164832534944,-93.27732620276743
55425,MN,HENNEPIN,0,12,0,0,44.83953597066671,-93.2526614975833
55426,MN,HENNEPIN,2,13,0,0,44.9506193976667,-93.38102383906667
55427,MN,HENNEPIN,0,31,0,0,45.00662448106604,-93.38135475951748
55428,MN,HENNEPIN,0,75,0,0,45.066225444120036,-93.37515009633337
55429,MN,HENNEPIN,0,104,0,0,45.06988124385539,-93.33718600774257
55430,MN,HENNEPIN,0,64,0,0,45.0661606576511,-93.30306940378932
55431,MN,HENNEPIN,0,30,1,0,44.82925649161499,-93.31202120188091
55432,MN,ANOKA,1,36,0,0,45.095804181095914,-93.25848904040222
55433,MN,ANOKA,1,23,0,0,45.16924908750003,-93.32881267941666
55434,MN,ANOKA,0,16,0,0,45.16418370575003,-93.2539342783125
55435,MN,HENNEPIN,1,10,0,0,44.87923707509095,-93.32436201999998
55436,MN,HENNEPIN,0,4,0,0,44.90126311750005,-93.3768187375
55437,MN,HENNEPIN,0,15,0,0,44.81946455710474,-93.34429399729258
55438,MN,HENNEPIN,0,5,0,0,44.825066326600066,-93.38083070919997
55439,MN,HENNEPIN,0,5,0,0,44.87918884000004,-93.37730295999998
55441,MN,HENNEPIN,0,7,0,0,45.0077153785715,-93.42471019242855
55442,MN,HENNEPIN,0,4,0,0,45.033929525641,-93.39801142843217
55443,MN,HENNEPIN,1,123,0,0,45.10918716967169,-93.34036418318409
55444,MN,HENNEPIN,0,53,0,0,45.10346098592456,-93.30664228152828
55445,MN,HENNEPIN,0,29,0,0,45.1086451818276,-93.3738988367586
55446,MN,HENNEPIN,0,9,0,0,45.03747205844448,-93.48478340477772
55447,MN,HENNEPIN,0,6,0,0,45.01209836966674,-93.47276766916663
55448,MN,ANOKA,0,20,0,0,45.18351771670002,-93.2928113509
55449,MN,ANOKA,0,9,0,0,45.17789446266673,-93.20521291988887
55454,MN,HENNEPIN,1,4,0,0,44.967266383200055,-93.24306871799999
55455,MN,HENNEPIN,1,0,0,0,44.97308048,-93.23144086
55604,MN,COOK,1,2,1,0,47.75548503562719,-90.34097768556002
55614,MN,LAKE,0,2,0,0,47.297215120000104,-91.2631932955
55616,MN,LAKE,1,6,1,0,47.02710394998885,-91.66925605071526
55705,MN,ST. LOUIS,1,2,0,0,47.52269556066673,-92.23103222033335
55706,MN,ST. LOUIS,0,1,0,0,47.7126684070001,-91.956887426
55707,MN,CARLTON,0,2,0,0,46.504557600000055,-92.68037425
55708,MN,ST. LOUIS,0,1,0,0,47.5303222000001,-92.3327317
55709,MN,ITASCA,0,2,0,0,47.2970405350001,-93.4084707415
55711,MN,ST. LOUIS,0,3,0,0,46.8629871963334,-92.6576444403333
55713,MN,ST. LOUIS,0,4,0,0,47.4883215650001,-92.77675141724998
55718,MN,CARLTON,0,2,0,0,46.67129901130405,-92.42553356563326
55719,MN,ST. LOUIS,0,5,0,0,47.48629846260004,-92.88147346459999
55720,MN,CARLTON,1,8,1,0,46.71904438409894,-92.45537858734355
55721,MN,ITASCA,0,3,0,0,47.23041250933343,-93.65829294799995
55722,MN,ITASCA,0,1,0,0,47.2843472540001,-93.431007785
55723,MN,ST. LOUIS,1,2,0,0,47.85316219199999,-92.68079254999999
55726,MN,CARLTON,0,1,0,0,46.6862340000001,-92.8851116
55731,MN,ST. LOUIS,1,2,0,0,47.900649965000035,-91.87079428633332
55733,MN,CARLTON,0,4,0,0,46.704728676500046,-92.35110087174995
55734,MN,ST. LOUIS,0,4,0,0,47.465266083500076,-92.53640310624998
55744,MN,ITASCA,1,17,1,0,47.22512876879504,-93.53241929937586
55746,MN,ST. LOUIS,1,6,0,0,47.411988883142904,-92.9350722371428
55750,MN,ST. LOUIS,0,1,0,0,47.5194032540001,-92.129004831
55760,MN,AITKIN,0,1,0,0,46.622402084,-93.318059978
55765,MN,ST. LOUIS,0,1,0,0,47.0704480000001,-92.727751
55767,MN,CARLTON,1,7,0,0,46.44052657375005,-92.77207704375002
55768,MN,ST. LOUIS,0,1,0,0,47.5175392,-92.589238
55769,MN,ITASCA,0,1,0,0,47.3763356060001,-93.148984994
55771,MN,ST. LOUIS,0,1,0,0,48.0565419000001,-92.827781
55790,MN,ST. LOUIS,0,1,0,0,47.8116681700001,-92.2773283659999
55792,MN,ST. LOUIS,1,6,0,0,47.525639923000064,-92.54681412585714
55797,MN,CARLTON,0,1,0,0,46.6145510000001,-92.391
55802,MN,ST. LOUIS,0,3,1,0,46.76532141988726,-92.08586544076229
55803,MN,ST. LOUIS,0,2,0,0,46.843212740000055,-92.10744618499994
55804,MN,ST. LOUIS,0,4,0,0,46.82839017675005,-92.02807293224998
55805,MN,ST. LOUIS,3,3,0,0,46.79521742766668,-92.093068102
55807,MN,ST. LOUIS,0,4,0,0,46.73307631350007,-92.1757108605
55808,MN,ST. LOUIS,0,2,0,0,46.6825778325,-92.21454199649995
55810,MN,ST. LOUIS,0,3,0,0,46.74274103400007,-92.2233707166666
55811,MN,ST. LOUIS,0,19,0,0,46.805881950495426,-92.14676816465439
55812,MN,ST. LOUIS,0,1,0,0,46.8156375360001,-92.0901122349999
55901,MN,OLMSTED,0,21,0,0,44.051664766523864,-92.49334958380952
55902,MN,OLMSTED,2,9,0,0,44.015818475090946,-92.48903578072728
55904,MN,OLMSTED,2,7,1,0,44.006461852839614,-92.43169366690321
55906,MN,OLMSTED,0,1,0,0,44.0248312000001,-92.4597191
55909,MN,MOWER,0,2,0,0,43.566775228,-92.72780248449999
55912,MN,MOWER,1,12,1,0,43.66425070326445,-92.98138678489741
55917,MN,STEELE,0,2,0,0,43.87115455800005,-93.0578800524999
55918,MN,MOWER,0,1,0,0,43.743286303,-92.867896501
55920,MN,OLMSTED,0,3,0,0,44.0332823666667,-92.62847013333334
55921,MN,HOUSTON,0,4,1,0,43.63394232324866,-91.49276975534906
55923,MN,FILLMORE,0,2,0,0,43.840184091000054,-92.17657713899999
55927,MN,DODGE,0,1,0,0,44.036285767,-92.870532681
55934,MN,OLMSTED,0,1,0,0,43.9965248,-92.244656
55936,MN,MOWER,0,2,0,0,43.7056483860001,-92.57273302799996
55939,MN,FILLMORE,0,2,0,0,43.55313164800005,-92.0106812095
55940,MN,DODGE,0,2,0,0,43.8931293165001,-92.843050095
55943,MN,HOUSTON,0,2,0,0,43.76277072826535,-91.56181446470839
55944,MN,DODGE,0,1,0,0,44.0377550000001,-92.7541044
55946,MN,GOODHUE,0,4,0,0,44.273564836750076,-92.99115932375001
55947,MN,HOUSTON,0,3,0,0,43.82608005033336,-91.31292981799997
55951,MN,MOWER,0,1,0,0,43.50819584,-92.497728169
55952,MN,WINONA,0,2,0,0,43.980830759499995,-91.8651312945
55954,MN,FILLMORE,0,2,0,0,43.5211905945,-91.76169113199995
55955,MN,DODGE,0,0,1,0,44.068278369211015,-92.7544599392042
55960,MN,OLMSTED,0,2,0,0,44.152472385,-92.48289336899995
55961,MN,FILLMORE,0,2,0,0,43.614048009499996,-92.42753293850001
55963,MN,GOODHUE,0,2,0,0,44.2068968010001,-92.648311103
55964,MN,WABASHA,0,2,0,0,44.1674692180001,-92.17820340749995
55965,MN,FILLMORE,0,3,1,0,43.67573393562094,-92.08554235982612
55971,MN,FILLMORE,0,2,0,0,43.82033596500005,-91.75833978099996
55972,MN,WINONA,0,2,0,0,43.97303477000005,-92.0649509844999
55974,MN,HOUSTON,0,2,0,0,43.5599181560001,-91.62952300949999
55975,MN,FILLMORE,0,2,0,0,43.69860494100005,-92.39311962299999
55976,MN,OLMSTED,0,4,0,0,43.8567715645001,-92.48558824324992
55981,MN,WABASHA,1,2,1,0,44.386383449538044,-92.04365673331333
55985,MN,DODGE,0,2,0,0,44.13865132150005,-92.8999464455
55987,MN,WINONA,1,8,1,0,44.04293114492107,-91.6413847140841
55992,MN,GOODHUE,0,2,0,0,44.2929914340001,-92.67261961049999
56001,MN,BLUE EARTH,1,18,1,0,44.15910406114136,-93.98791560991846
56003,MN,NICOLLET,0,3,0,0,44.180510112333366,-94.03827590333333
56007,MN,FREEBORN,1,13,1,0,43.662301424639615,-93.37262195897324
56011,MN,SCOTT,0,2,0,0,44.62229697650005,-93.77819156149991
56013,MN,FARIBAULT,1,3,0,0,43.63088520375005,-94.09886219524999
56019,MN,BROWN,0,1,0,0,44.1095805360001,-94.9049133569999
56026,MN,STEELE,0,1,0,0,43.8766475530001,-93.311111016
56027,MN,FARIBAULT,0,1,0,0,43.506757904619,-94.08587846859
56031,MN,MARTIN,1,4,1,0,43.63749637656443,-94.46238171171426
56048,MN,WASECA,0,2,0,0,44.1251962810001,-93.70588833099995
56055,MN,BLUE EARTH,0,2,0,0,44.10528245650005,-94.2205865854999
56057,MN,LE SUEUR,0,3,1,0,44.387856417011996,-93.72771147553556
56058,MN,LE SUEUR,1,3,0,0,44.45373731375005,-93.91155054999997
56062,MN,WATONWAN,1,1,0,0,44.047692486500054,-94.4154110085
56065,MN,BLUE EARTH,0,3,0,0,43.92691317200007,-93.95980262999996
56069,MN,LE SUEUR,0,2,0,0,44.449180092000105,-93.5734370075
56071,MN,SCOTT,1,3,0,0,44.54898462825008,-93.57011916299997
56072,MN,WASECA,0,2,0,0,43.893846244,-93.49219982999995
56073,MN,BROWN,1,8,1,0,44.3203909940151,-94.47974857788975
56081,MN,WATONWAN,1,2,1,0,43.97507726675907,-94.62869188028279
56082,MN,NICOLLET,1,6,1,0,44.340650866295164,-93.97093709564514
56085,MN,BROWN,1,3,0,0,44.295001379000055,-94.72554622949997
56087,MN,BROWN,0,1,0,0,44.2367996850001,-94.964492658
56088,MN,MARTIN,0,2,0,0,43.831608506500004,-94.42997433699995
56093,MN,WASECA,1,4,1,0,44.0842869094044,-93.51277140385643
56096,MN,LE SUEUR,0,1,0,0,44.2181117000001,-93.5686558
56097,MN,FARIBAULT,0,3,0,0,43.743126161666765,-93.72689573699996
56098,MN,FARIBAULT,0,1,0,0,43.770002554,-94.179501606
56101,MN,COTTONWOOD,1,4,0,0,43.86495571280002,-95.12011220159994
56110,MN,NOBLES,0,2,0,0,43.62934567050005,-95.9348719735
56115,MN,LYON,0,1,0,0,44.23863254,-95.8656106769999
56128,MN,PIPESTONE,0,2,0,0,43.8788394165001,-96.137443843
56129,MN,NOBLES,0,1,0,0,43.5223541550001,-96.021759233
56131,MN,MURRAY,0,2,0,0,43.8756138785001,-95.5958362255
56136,MN,LINCOLN,1,2,0,0,44.50583376933337,-96.41840025833329
56137,MN,JACKSON,0,1,0,0,43.7915252430001,-95.314890055
56138,MN,ROCK,0,3,0,0,43.526325285666765,-96.3524793446666
56142,MN,LINCOLN,0,1,0,0,44.4585620610001,-96.243082457
56143,MN,JACKSON,1,2,1,0,43.62317892143139,-95.00099688625176
56144,MN,PIPESTONE,0,1,0,0,43.8500283970001,-96.3903482269999
56149,MN,LINCOLN,0,1,0,0,44.2620371080001,-96.295954893
56150,MN,JACKSON,0,3,0,0,43.683147034333395,-95.167634245
56152,MN,REDWOOD,0,1,0,0,44.2237647470001,-95.260982728
56156,MN,ROCK,1,5,0,0,43.6610898501667,-96.21637271533335
56159,MN,COTTONWOOD,0,2,0,0,43.94264825850005,-94.9373296699999
56164,MN,PIPESTONE,1,3,0,0,44.00511606325005,-96.3174053605
56171,MN,MARTIN,0,1,0,0,43.6596315,-94.7205838
56172,MN,MURRAY,1,1,0,0,43.99111706950005,-95.7572834705
56175,MN,LYON,1,1,0,0,44.23227958750005,-95.6068036345
56176,MN,MARTIN,0,1,0,0,43.7586321200001,-94.714998975
56178,MN,LINCOLN,1,1,0,0,44.27188627950005,-96.130346059
56180,MN,REDWOOD,0,1,0,0,44.2170474870001,-95.471478796
56183,MN,COTTONWOOD,1,1,0,0,44.04177977900005,-95.43713714999996
56187,MN,NOBLES,1,4,1,0,43.62164538944595,-95.61229422522024
56201,MN,KANDIYOHI,2,13,1,0,45.123818136006,-95.0453845999592
56208,MN,SWIFT,1,2,0,0,45.199589178,-96.00841393966668
56209,MN,KANDIYOHI,0,2,0,0,45.14102940400005,-94.773541333
56214,MN,REDWOOD,0,2,0,0,44.6001254325001,-95.32776082999996
56215,MN,SWIFT,1,5,1,0,45.31766823389059,-95.60587328218143
56219,MN,TRAVERSE,0,1,0,0,45.5938021850001,-96.826112662
56220,MN,YELLOW MEDICINE,1,2,0,0,44.7078532466667,-96.27859568566664
56222,MN,CHIPPEWA,0,2,0,0,44.96416104300005,-95.36950433849995
56223,MN,YELLOW MEDICINE,0,1,0,0,44.788631712,-95.797738732
56225,MN,BIG STONE,0,1,0,0,45.455117554,-96.431919233
56229,MN,LYON,0,1,0,0,44.602742269,-95.671691992
56232,MN,LAC QUI PARLE,1,2,0,0,44.93137823366673,-96.06565236566666
56240,MN,BIG STONE,1,2,0,0,45.56280017633336,-96.43337639033332
56241,MN,CHIPPEWA,1,2,0,0,44.8105967166667,-95.53380021666668
56253,MN,KANDIYOHI,0,1,0,0,44.944260124,-94.883786893
56256,MN,LAC QUI PARLE,1,3,0,0,45.01629964973445,-96.18641996521193
56258,MN,LYON,1,5,1,0,44.44862261580374,-95.7813817222874
56264,MN,LYON,0,2,0,0,44.56580383750005,-95.98093124749995
56265,MN,CHIPPEWA,1,7,0,0,44.945654880359974,-95.7064575071799
56266,MN,REDWOOD,0,2,0,0,44.41320895400005,-94.9181995045
56267,MN,STEVENS,1,4,1,0,45.58517508604362,-95.90914706320247
56271,MN,SWIFT,0,2,0,0,45.226922817000045,-95.3960826264999
56273,MN,KANDIYOHI,0,5,0,0,45.30114628825329,-94.9448245412859
56277,MN,RENVILLE,2,2,1,0,44.775676352105876,-94.9853164342242
56278,MN,BIG STONE,1,2,0,0,45.31873829633336,-96.44562177600001
56281,MN,KANDIYOHI,0,1,0,0,44.9399230000001,-95.1899999999999
56283,MN,REDWOOD,1,3,1,0,44.5392423351262,-95.10576825136219
56284,MN,RENVILLE,0,1,0,0,44.784395417,-95.210028016
56289,MN,KANDIYOHI,0,1,0,0,45.3472291570001,-95.2375571319999
56293,MN,REDWOOD,0,2,0,0,44.40496749800005,-95.249836877
56296,MN,TRAVERSE,1,1,1,0,45.80579034729822,-96.4958251771914
56301,MN,STEARNS,1,10,0,0,45.542901781181854,-94.18097664272727
56302,MN,STEARNS,0,1,0,0,45.5608987000001,-94.1753987
56303,MN,STEARNS,1,4,1,0,45.56373798584098,-94.19035344571218
56304,MN,SHERBURNE,0,9,0,0,45.544294070333386,-94.12982068944441
56307,MN,STEARNS,1,2,0,0,45.631782609999995,-94.56676283199994
56308,MN,DOUGLAS,2,13,1,0,45.883834677599566,-95.36768595251402
56309,MN,GRANT,0,1,0,0,46.090565,-95.814985
56310,MN,STEARNS,0,1,0,0,45.6131603530001,-94.4833429989999
56311,MN,GRANT,0,2,0,0,45.9059927485001,-95.889021375
56312,MN,STEARNS,0,1,0,0,45.44888458,-95.007478278
56315,MN,DOUGLAS,0,1,0,0,45.9611643580001,-95.600946821
56320,MN,STEARNS,0,3,0,0,45.45758872433337,-94.43410906566659
56326,MN,DOUGLAS,0,2,0,0,46.0075814495001,-95.69664708899995
56329,MN,BENTON,0,4,1,0,45.661024752701934,-93.9131195054484
56334,MN,POPE,1,3,1,0,45.64766279188177,-95.38718705091296
56339,MN,GRANT,0,1,0,0,45.8283875000001,-95.7855868999999
56340,MN,STEARNS,0,2,0,0,45.7288533846097,-94.47317600225475
56342,MN,MILLE LACS,0,1,0,0,46.1367701,-93.4631623
56345,MN,MORRISON,1,8,1,0,45.97306808224072,-94.35652371145845
56347,MN,TODD,1,3,1,0,45.97392208110539,-94.84911550275379
56352,MN,STEARNS,1,2,0,0,45.67577484766673,-94.81937195766666
56353,MN,MILLE LACS,0,3,1,0,45.75879186372142,-93.64729036491202
56357,MN,STEARNS,0,1,0,0,45.631539667,-94.752609627
56358,MN,KANABEC,0,1,0,0,45.8087131790001,-93.369756017
56359,MN,MILLE LACS,1,2,0,0,46.072332961333366,-93.66203098666666
56360,MN,DOUGLAS,0,3,0,0,45.869369187333405,-95.16147175566668
56361,MN,OTTER TAIL,0,2,0,0,46.1539430185001,-95.3311237815
56362,MN,STEARNS,1,4,0,0,45.37519068660005,-94.71603046799996
56364,MN,MORRISON,0,4,0,0,46.00997481400002,-94.08553921824999
56368,MN,STEARNS,0,1,0,0,45.4563818,-94.5313020999999
56373,MN,MORRISON,0,1,0,0,45.8306044,-94.2792385
56374,MN,STEARNS,0,4,0,0,45.55842190375002,-94.30744790949998
56377,MN,STEARNS,0,7,0,0,45.60910023300005,-94.20689702914281
56378,MN,STEARNS,1,4,0,0,45.76315237800002,-94.94807931859995
56379,MN,BENTON,0,11,0,0,45.59983671690913,-94.16702287645452
56381,MN,POPE,0,4,0,0,45.612747870250004,-95.53419184599998
56384,MN,MORRISON,0,1,0,0,45.8025477047999,-94.574963270205
56387,MN,STEARNS,0,5,0,0,45.55190551820006,-94.22496515419996
56401,MN,CROW WING,1,11,1,0,46.34683748347101,-94.19555582383371
56425,MN,CROW WING,1,3,0,0,46.35930283000005,-94.25008252149995
56431,MN,AITKIN,1,5,1,0,46.532200474571404,-93.70918155839304
56435,MN,CASS,0,1,0,0,46.8349390000001,-94.503157044
56440,MN,TODD,0,2,0,0,46.129328497000046,-94.9485759519999
56441,MN,CROW WING,1,3,0,0,46.48347012125002,-93.94455822149997
56442,MN,CROW WING,0,3,0,0,46.66040923333336,-94.11365569999997
56452,MN,CASS,0,1,0,0,46.929816714,-94.518705626
56464,MN,WADENA,0,3,0,0,46.75262491300007,-95.0894454563333
56466,MN,MORRISON,0,1,0,0,46.3282806620001,-94.64630539
56468,MN,CROW WING,0,1,0,0,46.5249653000001,-94.2908819
56470,MN,HUBBARD,1,7,1,0,46.91664890063161,-95.05076525357707
56472,MN,CROW WING,0,3,0,0,46.59007240000006,-94.30475356666666
56473,MN,CASS,0,1,0,0,46.336019697,-94.480521117
56474,MN,CASS,0,4,0,0,46.721130202750025,-94.39587771074994
56477,MN,WADENA,0,2,0,0,46.63503870050005,-95.092883672
56479,MN,TODD,1,7,0,0,46.36219015712506,-94.79490709387501
56482,MN,WADENA,2,3,1,0,46.44258590102339,-95.13669145241657
56484,MN,CASS,0,2,1,0,47.098119114642465,-94.582256668971
56501,MN,BECKER,1,9,1,0,46.81591116778883,-95.83240335248006
56510,MN,NORMAN,1,2,1,0,47.29780337637392,-96.52674433498433
56514,MN,CLAY,0,2,0,0,46.65197687300005,-96.40992439849995
56515,MN,OTTER TAIL,0,3,0,0,46.290086429000034,-95.71718673233333
56520,MN,WILKIN,1,3,1,0,46.279178045138444,-96.58884978510225
56529,MN,CLAY,0,4,0,0,46.88054640275003,-96.70967273649997
56531,MN,GRANT,2,1,1,0,45.993162668440206,-95.96554586059628
56535,MN,POLK,0,3,0,0,47.6623874123334,-95.98153284466663
56537,MN,OTTER TAIL,2,10,1,0,46.28610443798337,-96.07359756127086
56540,MN,POLK,0,2,0,0,47.52811894250005,-96.27607269749996
56542,MN,POLK,1,4,0,0,47.573120710599994,-95.74370869579995
56544,MN,BECKER,0,2,0,0,46.72600070550005,-95.703084443
56548,MN,NORMAN,0,1,0,0,47.353048588,-96.818731521
56549,MN,CLAY,0,1,0,0,46.8866184,-96.3179021
56551,MN,OTTER TAIL,0,2,0,0,46.322480204500096,-95.44229938549995
56554,MN,BECKER,0,1,0,0,46.876640068,-96.056408505
56556,MN,POLK,0,2,0,0,47.638429929000054,-95.88216453999995
56557,MN,MAHNOMEN,1,2,0,0,47.3117420493334,-95.97293127399996
56560,MN,CLAY,0,11,1,0,46.86867358234249,-96.75535837384672
56567,MN,OTTER TAIL,0,3,0,0,46.52294306666667,-95.369303588
56572,MN,OTTER TAIL,0,3,0,0,46.56957699900007,-96.08489465899997
56573,MN,OTTER TAIL,1,7,0,0,46.592718571500086,-95.58640308024995
56584,MN,NORMAN,0,1,0,0,47.2651094550001,-96.262627896
56585,MN,CLAY,0,2,0,0,47.083137184062,-96.25962839685519
56587,MN,OTTER TAIL,0,1,0,0,46.6595577740001,-95.800126285
56601,MN,BELTRAMI,2,15,1,0,47.493477162982195,-94.88263142368027
56621,MN,CLEARWATER,1,3,1,0,47.52574075531721,-95.39838980756798
56623,MN,LAKE OF THE WOODS,1,2,1,0,48.706589709531514,-94.60039374411176
56628,MN,ITASCA,1,2,0,0,47.7473993353334,-93.64530891133332
56630,MN,BELTRAMI,0,3,0,0,47.7321010503334,-94.54893683866668
56633,MN,CASS,1,1,0,0,47.38480546500005,-94.6098547945
56636,MN,ITASCA,1,2,0,0,47.34870205300003,-93.79236562833334
56649,MN,KOOCHICHING,1,4,1,0,48.586380726954296,-93.42757159692809
56650,MN,BELTRAMI,0,1,0,0,47.9408362710001,-94.451752708
56653,MN,KOOCHICHING,0,2,0,0,48.40162141800005,-93.5525185125
56668,MN,KOOCHICHING,0,2,0,0,48.6112134795001,-93.34538108999996
56671,MN,BELTRAMI,1,1,0,0,47.87789437350005,-95.02931665149995
56672,MN,CASS,0,2,0,0,47.0472663730001,-93.918998236
56676,MN,CLEARWATER,0,1,0,0,47.5223789250001,-95.29770038
56701,MN,PENNINGTON,2,4,1,0,48.10903879297279,-96.17569462405179
56716,MN,POLK,1,4,1,0,47.7741161476549,-96.60743648510788
56721,MN,POLK,0,2,0,0,47.939177652,-97.0328980935
56726,MN,ROSEAU,0,2,0,0,48.6909578240001,-96.19353782799996
56728,MN,KITTSON,1,2,1,0,48.76738350055475,-96.93984563772119
56732,MN,KITTSON,0,2,0,0,48.57242164050005,-96.52232769049999
56750,MN,RED LAKE,0,1,0,0,47.8860033,-96.2662430999999
56751,MN,ROSEAU,1,3,0,0,48.83993181425003,-95.75998692974994
56757,MN,MARSHALL,0,1,0,0,48.453901536,-96.881354452
56762,MN,MARSHALL,2,2,1,0,48.19275413645106,-96.77446645746215
56763,MN,ROSEAU,0,3,0,0,48.904222871333396,-95.32328171899997
57001,SD,UNION,0,2,0,0,43.02076775900005,-96.6247986044999
57004,SD,LINCOLN,0,2,0,0,43.08431609550005,-96.7827772065
57005,SD,MINNEHAHA,0,2,0,0,43.59321379000005,-96.5591103125
57006,SD,BROOKINGS,1,5,1,0,44.30200212501514,-96.78339604800728
57012,SD,MCCOOK,0,2,0,0,43.5979245885,-97.2985789725
57013,SD,LINCOLN,2,2,0,0,43.305531902249996,-96.57076533749999
57014,SD,TURNER,0,2,0,0,43.1205805350001,-96.95648692
57018,SD,MINNEHAHA,0,1,0,0,43.7908225260001,-96.921437048
57022,SD,MINNEHAHA,1,2,0,0,43.830489750666736,-96.71584910333333
57025,SD,UNION,0,2,1,0,42.68204621910431,-96.68489172747856
57028,SD,MOODY,1,3,1,0,44.04610860305321,-96.59329443445804
57029,SD,HUTCHINSON,1,2,1,0,43.34813964801742,-97.43275261092766
57030,SD,MINNEHAHA,0,1,0,0,43.7177761240001,-96.496815598
57033,SD,MINNEHAHA,0,1,0,0,43.626710411,-96.949188477
57034,SD,LINCOLN,0,1,0,0,43.127565256,-96.459250131
57037,SD,CLAY,0,2,0,0,43.08175651950005,-97.15655762149996
57039,SD,LINCOLN,0,2,0,0,43.35189728750005,-96.895376295
57042,SD,LAKE,2,3,1,0,44.0012605662738,-97.11440520960406
57043,SD,TURNER,0,2,0,0,43.4268539170001,-97.25490432199994
57045,SD,HUTCHINSON,0,2,0,0,43.2373977740001,-97.571693993
57049,SD,UNION,1,1,0,0,42.5027976405,-96.4950837755
57053,SD,TURNER,0,0,1,0,43.39339943762196,-97.13662262241135
57054,SD,LAKE,0,1,0,0,44.118622687,-97.215399028
57058,SD,MCCOOK,0,2,1,0,43.722050221000245,-97.38398732086635
57059,SD,BON HOMME,1,2,0,0,43.15251046233337,-97.71907561633334
57062,SD,BON HOMME,0,1,0,0,42.8531237810001,-97.900909304
57064,SD,LINCOLN,0,1,0,0,43.452995329,-96.828960825
57066,SD,BON HOMME,1,1,1,0,42.994548735337844,-97.86530499976529
57069,SD,CLAY,1,2,1,0,42.77864193960829,-96.92343069710431
57070,SD,TURNER,1,2,1,0,43.17521750693516,-97.08403726794816
57071,SD,BROOKINGS,0,1,0,0,44.323428429,-96.927995885
57073,SD,CLAY,0,3,0,0,43.00533902633333,-97.10238058099999
57078,SD,YANKTON,3,8,1,0,42.891749188358155,-97.40392024062272
57103,SD,MINNEHAHA,0,4,0,0,43.51558878200008,-96.684680659
57104,SD,MINNEHAHA,1,5,1,0,43.558934433176866,-96.737358632975
57105,SD,MINNEHAHA,6,4,0,0,43.52856212130003,-96.7412884349
57106,SD,MINNEHAHA,0,7,0,0,43.51167850728575,-96.78768192642856
57107,SD,MINNEHAHA,0,1,0,0,43.5852970660001,-96.779168823
57108,SD,LINCOLN,3,4,0,0,43.48825530700002,-96.77263642457142
57110,SD,MINNEHAHA,0,5,0,0,43.54269393500006,-96.6701924958
57117,SD,MINNEHAHA,2,0,0,0,43.532669729999995,-96.734690325
57157,IA,CLAYTON,0,1,0,0,43.020087705,-91.1930758249999
57201,SD,CODINGTON,1,8,1,0,44.9037025308152,-97.10443368661946
57212,SD,KINGSBURY,0,2,0,0,44.36860780900005,-97.13225493600001
57219,SD,DAY,0,2,0,0,45.342864929500095,-97.752026538
57221,SD,HAMLIN,0,1,0,0,44.586156283,-97.470569443
57223,SD,HAMLIN,0,1,0,0,44.722822943,-97.033162545
57225,SD,CLARK,0,3,1,0,44.88113334948107,-97.7355758620959
57226,SD,DEUEL,1,2,1,0,44.750792055877284,-96.68396794147918
57231,SD,KINGSBURY,1,2,0,0,44.38732495100004,-97.55567121166666
57234,SD,HAMLIN,0,1,0,0,44.5792128320001,-96.903041961
57235,SD,CODINGTON,0,1,0,0,45.057824,-97.3303979999999
57241,SD,HAMLIN,0,0,1,0,44.65703325075177,-97.20352947446358
57248,SD,HAMLIN,0,2,0,0,44.5817239085,-97.20987440249995
57249,SD,KINGSBURY,0,1,0,0,44.355190341,-97.369999084
57252,SD,GRANT,1,4,1,0,45.215549587772124,-96.6324991625504
57260,SD,ROBERTS,0,1,0,0,45.868552218,-96.726763601
57261,SD,DAY,0,2,0,0,45.4938113425001,-97.492309057
57262,SD,ROBERTS,1,2,1,0,45.661594298924996,-97.048169338239
57274,SD,DAY,1,1,1,0,45.33760265665998,-97.52248992274004
57279,SD,ROBERTS,0,2,0,0,45.4122733700001,-96.8604224214999
57301,SD,DAVISON,2,7,1,0,43.714023360409904,-98.02802388006401
57311,SD,HANSON,0,0,1,0,43.65407863422609,-97.7824958374041
57313,SD,DOUGLAS,1,2,1,0,43.321833446008235,-98.34492824313797
57317,SD,GREGORY,0,1,0,0,43.0782865400001,-98.94651379
57319,SD,MCCOOK,0,4,0,0,43.55713180951615,-97.50311487031036
57325,SD,BRULE,1,3,1,0,43.79945180617435,-99.33071369145266
57328,SD,DOUGLAS,0,2,0,0,43.42662682350005,-98.406948015
57339,SD,BUFFALO,0,0,1,0,44.06545638490544,-99.43939689140014
57345,SD,HYDE,0,2,0,0,44.5135816275,-99.4360618135
57349,SD,MINER,0,3,1,0,44.01340286885967,-97.52898133133522
57350,SD,BEADLE,1,5,1,0,44.354804089838844,-98.22035858155218
57355,SD,BRULE,0,1,0,0,43.7450742870001,-98.962754309
57356,SD,CHARLES MIX,0,1,1,0,43.15496004223946,-98.53732068033511
57362,SD,HAND,1,3,1,0,44.52009617595894,-98.98855913555492
57366,SD,HUTCHINSON,1,2,1,0,43.39964463535169,-97.99095808827595
57368,SD,AURORA,1,0,1,0,43.72135891642277,-98.47568558185695
57369,SD,CHARLES MIX,1,2,0,0,43.3859933743334,-98.83656886066667
57380,SD,CHARLES MIX,1,1,0,0,43.079703275,-98.3018796895
57382,SD,JERAULD,1,1,1,0,44.081039490554815,-98.56368100946732
57383,SD,AURORA,0,2,0,0,43.7240977550001,-98.71040120750001
57385,SD,SANBORN,0,1,1,0,44.05188072145407,-98.27916230113237
57401,SD,BROWN,3,10,1,0,45.46422920116681,-98.47557049586193
57428,SD,EDMUNDS,1,1,1,0,45.44809810229223,-99.66087364060793
57430,SD,MARSHALL,1,2,1,0,45.789240594755576,-97.75037275545894
57437,SD,MCPHERSON,1,3,1,0,45.77047439964748,-99.61875543679176
57438,SD,FAULK,1,2,1,0,45.0316392937451,-99.13096222458732
57442,SD,POTTER,1,1,0,0,45.0130737335,-99.94693329199995
57445,SD,BROWN,0,1,0,0,45.4570534360001,-98.100698203
57451,SD,EDMUNDS,0,2,0,0,45.450073467500005,-99.03621442
57456,SD,MCPHERSON,0,0,1,0,45.72328321706368,-98.94010020389591
57469,SD,SPINK,1,5,1,0,44.871616118772536,-98.51869428653426
57472,SD,WALWORTH,0,1,0,0,45.506933433,-100.025860644
57501,SD,HUGHES,1,5,2,0,44.36372665157212,-100.33986975337389
57523,SD,GREGORY,1,1,1,0,43.18130417245798,-99.29361737296297
57532,SD,STANLEY,0,0,1,0,44.35534173623636,-100.37325613988989
57533,SD,GREGORY,1,2,0,0,43.23275737266667,-99.433524589
57543,SD,JACKSON,0,1,1,0,43.83541234190703,-101.51548966491097
57544,SD,LYMAN,0,0,1,0,43.90214943218323,-99.86200308346322
57551,SD,BENNETT,1,1,1,0,43.17165125618528,-101.73175639326739
57567,SD,HAAKON,1,2,1,0,44.03949571603796,-101.6707486255018
57570,SD,TODD,1,0,0,0,43.25674297,-100.85060972
57579,SD,MELLETTE,0,1,0,0,43.573591589,-100.743088701
57580,SD,TRIPP,1,3,1,0,43.37097238546467,-99.84677792677402
57601,SD,WALWORTH,1,1,1,0,45.54620520923567,-100.4496033497448
57623,SD,ZIEBACH,0,0,1,0,45.04708309731,-101.60234200476445
57625,SD,ZIEBACH,1,2,0,0,44.99214681633333,-101.24629317033333
57626,SD,MEADE,0,0,1,0,45.02385476854076,-102.0409158273618
57632,SD,CAMPBELL,0,1,0,0,45.8410549760001,-100.069220273
57638,SD,PERKINS,0,2,1,0,45.94065024668168,-102.16514861344228
57642,SD,CORSON,1,0,0,0,45.8092599,-100.80835085
57656,SD,DEWEY,0,0,1,0,45.4288510601442,-101.07178100608094
57701,SD,PENNINGTON,4,17,1,0,44.05640449405625,-103.2203532109513
57702,SD,PENNINGTON,3,8,0,0,44.07017927563641,-103.27549760418182
57706,SD,MEADE,1,0,0,0,44.1473989,-103.0726056
57717,SD,BUTTE,0,4,1,0,44.65234695956321,-103.85462881931558
57718,SD,MEADE,0,1,0,0,44.1871527,-103.3395119
57720,SD,HARDING,0,0,1,0,45.58388177600755,-103.55055920361006
57730,SD,CUSTER,1,2,1,0,43.77149079181244,-103.59471943568226
57732,SD,LAWRENCE,1,0,1,0,44.36160960862338,-103.7336815255727
57741,SD,MEADE,1,0,0,0,44.41267726,-103.47181513
57747,SD,FALL RIVER,3,3,1,0,43.429392074861006,-103.48407335324025
57754,SD,LAWRENCE,0,1,0,0,44.35258636,-103.779019654
57760,SD,BUTTE,0,0,1,0,44.71489606286406,-103.4202451382236
57761,SD,PENNINGTON,0,1,0,0,44.092664681,-102.831671784
57770,SD,OGLALA LAKOTA,1,0,1,0,43.02369640063111,-102.54134697594992
57783,SD,LAWRENCE,3,7,1,0,44.49389459856629,-103.84148526844074
57785,SD,MEADE,2,5,1,0,44.406434424350806,-103.51312162641236
57793,SD,LAWRENCE,0,1,0,0,44.462042942,-103.636570436
58027,ND,RANSOM,0,1,0,0,46.6284914620001,-97.6084955109999
58032,ND,SARGENT,0,2,1,0,46.10479076479336,-97.63841092248947
58041,ND,RICHLAND,0,1,0,0,46.0667000240001,-96.903354795
58045,ND,TRAILL,1,2,1,0,47.40334275374272,-97.0580007454071
58054,ND,RANSOM,1,3,1,0,46.43675673770609,-97.68049517538434
58072,ND,BARNES,1,3,1,0,46.93018104446577,-97.99727220279024
58075,ND,RICHLAND,0,2,1,0,46.274335767789985,-96.60816391234607
58078,ND,CASS,0,5,0,0,46.84892044220002,-96.8996748454
58102,ND,CASS,1,1,1,0,46.89332908561074,-96.78249787253242
58103,ND,CASS,3,4,0,0,46.85812750871431,-96.80784223628571
58104,ND,CASS,3,10,0,0,46.827496386525794,-96.83456906453048
58122,ND,CASS,2,0,0,0,46.884621245000005,-96.787238425
58201,ND,GRAND FORKS,4,5,1,0,47.89594360615567,-97.06066524053958
58205,ND,GRAND FORKS,1,0,0,0,47.95062491,-97.37394655
58206,ND,GRAND FORKS,1,0,0,0,47.90954377,-97.06973339
58208,ND,GRAND FORKS,1,0,0,0,47.87786025,-97.04697286
58212,ND,NELSON,0,1,0,0,47.6790101490001,-97.991601765
58220,ND,PEMBINA,1,1,1,0,48.79266405175352,-97.62602365621957
58230,ND,STEELE,0,0,1,0,47.51455449398196,-97.8384177371227
58237,ND,WALSH,1,2,1,0,48.417546971084235,-97.40468641589166
58240,ND,TRAILL,0,3,0,0,47.6364397816667,-97.45228412633331
58249,ND,CAVALIER,1,1,1,0,48.76134782212051,-98.37158316142035
58251,ND,GRAND FORKS,0,1,0,0,47.9055429490001,-97.617851694
58254,ND,NELSON,1,2,1,0,47.76723748126217,-98.17704008015852
58257,ND,TRAILL,1,2,0,0,47.5012429546667,-97.31485648166665
58267,ND,GRAND FORKS,1,2,0,0,47.734762496333396,-97.57508948533332
58270,ND,WALSH,1,1,0,0,48.3978522385,-97.7496297055
58282,ND,PEMBINA,0,1,0,0,48.920468252,-97.923448007
58301,ND,RAMSEY,1,3,1,0,48.11367095372337,-98.85003950503383
58316,ND,ROLETTE,2,0,1,0,48.84324173589525,-99.74870139507148
58318,ND,BOTTINEAU,1,1,0,0,48.825958801,-100.4419212205
58324,ND,TOWNER,1,1,1,0,48.489017568875205,-99.20576378781617
58329,ND,ROLETTE,0,1,0,0,48.813596535,-100.059150543
58335,ND,BENSON,0,0,1,0,47.98472588558568,-98.99384488919945
58341,ND,WELLS,1,1,0,0,47.76710411,-99.93198526949995
58344,ND,NELSON,0,1,0,0,48.0365513840001,-98.3509716679999
58351,ND,BENSON,0,0,1,0,48.07133667923155,-99.25558470310285
58356,ND,EDDY,0,2,1,0,47.68126836252389,-99.14367124070061
58366,ND,ROLETTE,0,1,0,0,48.667675,-99.8404313349999
58367,ND,ROLETTE,1,1,1,0,48.86337509324099,-99.61274368078107
58368,ND,PIERCE,1,2,1,0,48.36386056719534,-99.99429318088076
58401,ND,STUTSMAN,2,5,1,0,46.909320987296866,-98.70260595681343
58413,ND,MCINTOSH,1,1,1,0,46.038720519871255,-99.37202492663586
58421,ND,FOSTER,1,2,1,0,47.45209338924529,-99.11819226009199
58425,ND,GRIGGS,1,3,0,0,47.4440007331039,-98.11821727119853
58436,ND,DICKEY,0,2,1,0,46.009743065536156,-98.52521919266316
58438,ND,WELLS,0,0,1,0,47.64914134907822,-99.62624111207232
58458,ND,LAMOURE,0,1,1,0,46.35617653352054,-98.29443667876407
58463,ND,SHERIDAN,0,0,1,0,47.48445708754374,-100.44050895202274
58474,ND,DICKEY,1,2,0,0,46.144815919000074,-98.08667206199993
58482,ND,KIDDER,0,0,1,0,46.859405838367856,-99.91887666288554
58495,ND,MCINTOSH,1,2,0,0,46.254832425,-99.5586006053333
58501,ND,BURLEIGH,3,6,1,0,46.82229430957665,-100.57277640442037
58503,ND,BURLEIGH,0,12,0,0,46.846476703499725,-100.772972320902
58504,ND,BURLEIGH,0,0,1,0,46.80430684678693,-100.78375867256158
58506,ND,BURLEIGH,1,1,0,0,46.8076806025,-100.78008858499999
58523,ND,MERCER,0,1,0,0,47.2853739240001,-101.779008614
58530,ND,OLIVER,0,0,1,0,47.11506522278279,-101.29887449728692
58533,ND,GRANT,1,0,0,0,46.40732581,-101.84146346
58538,ND,SIOUX,2,0,1,0,46.094874091171896,-100.62831655742428
58540,ND,MCLEAN,1,3,0,0,47.652247346000074,-101.40898808349999
58545,ND,MERCER,1,0,0,0,47.29863667,-101.61060003
58552,ND,EMMONS,2,1,1,0,46.27135354968813,-100.23352129658375
58554,ND,MORTON,1,5,1,0,46.82464880991946,-100.87680777848048
58561,ND,LOGAN,0,4,1,0,46.50220205704581,-99.7641677953059
58563,ND,MORTON,0,2,0,0,46.84564091000005,-101.407965236
58573,ND,EMMONS,0,1,0,0,46.131478149,-100.163988927
58575,ND,MCLEAN,1,0,0,0,47.51821552,-100.89444809
58577,ND,MCLEAN,0,0,1,0,47.287866807223956,-101.02974969182222
58601,ND,STARK,2,6,1,0,46.89270588183166,-102.7926209117153
58621,ND,GOLDEN VALLEY,0,1,0,0,46.9098763590001,-104.010321073
58623,ND,BOWMAN,1,2,0,0,46.184000407333336,-103.40771945266665
58631,ND,MORTON,0,1,0,0,46.813607103,-101.822443024
58639,ND,ADAMS,1,2,0,0,46.00409270833337,-102.63121670666668
58640,ND,DUNN,0,2,1,0,47.3703321418762,-102.78047015905109
58646,ND,HETTINGER,0,1,1,0,46.374449051389334,-102.31659985914771
58652,ND,STARK,0,1,0,0,46.888178107,-102.316678773
58701,ND,WARD,2,7,1,0,48.217602096423576,-101.30456512640288
58702,ND,WARD,0,1,0,0,48.2445264360001,-101.28623977
58703,ND,WARD,0,1,0,0,48.252399875,-101.319787881
58705,ND,WARD,1,0,0,0,48.4172037,-101.3021616
58721,ND,BURKE,0,0,1,0,48.80077698725563,-102.24862341601902
58730,ND,DIVIDE,1,2,1,0,48.90892117249322,-103.29552661200205
58746,ND,WARD,1,0,1,0,48.67277608660636,-102.08386822440947
58761,ND,RENVILLE,0,1,0,0,48.7628006410001,-101.503744435
58763,ND,MCKENZIE,0,0,1,0,47.981640356765375,-102.57665998486118
58784,ND,MOUNTRAIL,1,2,1,0,48.312585461516136,-102.38240163465343
58790,ND,MCHENRY,0,2,0,0,48.05150586200005,-100.930716473
58801,ND,WILLIAMS,1,2,1,0,48.15561636179217,-103.63142181580922
58852,ND,WILLIAMS,1,1,0,0,48.4029689905,-102.9347652515
58853,ND,WILLIAMS,0,0,1,0,48.0742677083703,-103.83148770572139
58854,ND,MCKENZIE,1,2,1,0,47.80369137391946,-103.27850932588738
59001,MT,STILLWATER,0,1,0,0,45.519449294,-109.445372276
59003,MT,ROSEBUD,0,1,0,0,45.58810442,-106.265974101
59011,MT,SWEET GRASS,1,1,1,0,45.82893918709701,-109.95197080241563
59019,MT,STILLWATER,1,2,1,0,45.64251281041356,-109.26059847848722
59022,MT,BIG HORN,1,1,1,0,45.58933805550779,-107.4534326990965
59034,MT,BIG HORN,1,2,1,0,45.73150016870899,-107.61730110964558
59036,MT,WHEATLAND,1,0,0,0,46.4373286,-109.84107931
59038,MT,TREASURE,0,0,1,0,46.29398553805736,-107.2318940133252
59043,MT,ROSEBUD,0,0,1,0,45.625077816873016,-106.66564380808637
59044,MT,YELLOWSTONE,0,6,0,0,45.67988560366672,-108.77000717216667
59047,MT,PARK,2,5,1,0,45.66191190033429,-110.55706117272699
59068,MT,CARBON,1,1,0,0,45.19932735,-109.24635252
59070,MT,CARBON,0,1,0,0,45.4355989998245,-109.091569377165
59072,MT,MUSSELSHELL,1,4,0,0,46.449892615200056,-108.54721991859999
59101,MT,YELLOWSTONE,2,2,1,0,45.78677502649438,-108.49649703739536
59102,MT,YELLOWSTONE,2,29,0,0,45.82364950082937,-108.62516253675803
59105,MT,YELLOWSTONE,0,25,0,0,45.87134487722838,-108.52602065173997
59106,MT,YELLOWSTONE,0,15,0,0,45.78754613120004,-108.6183996206
59107,MT,YELLOWSTONE,1,1,0,0,45.78997012650005,-108.556908521
59201,MT,ROOSEVELT,1,1,1,0,48.09671779495388,-105.64265559421239
59215,MT,MCCONE,1,1,1,0,47.418204339405406,-105.58607251300856
59218,MT,ROOSEVELT,1,0,0,0,48.1514501,-104.51461041
59230,MT,VALLEY,1,2,1,0,48.19526357668367,-106.63679465770232
59254,MT,SHERIDAN,1,2,1,0,48.776396980139076,-104.55929313519593
59255,MT,ROOSEVELT,1,0,1,0,48.115338226634066,-105.19325789655268
59262,MT,RICHLAND,0,1,0,0,47.4498090000001,-104.343367
59263,MT,DANIELS,1,0,1,0,48.78955632893003,-105.41938853376803
59270,MT,RICHLAND,1,3,1,0,47.71320289252763,-104.16992516848185
59301,MT,CUSTER,1,8,1,0,46.40430038453253,-105.83154944561969
59313,MT,FALLON,1,2,1,0,46.3668680169841,-104.27958529976635
59317,MT,POWDER RIVER,0,1,1,0,45.44571911851861,-105.405722244714
59324,MT,CARTER,1,0,1,0,45.888179405033654,-104.54856502538674
59327,MT,ROSEBUD,1,3,1,0,46.26541862486569,-106.67718870452731
59330,MT,DAWSON,1,4,1,0,47.11716938019433,-104.70267533401784
59337,MT,GARFIELD,1,1,1,0,47.318864532748194,-106.91136169884199
59349,MT,PRAIRIE,1,0,1,0,46.791848458566115,-105.31444730916628
59353,MT,WIBAUX,0,2,1,0,46.98350459941066,-104.18835617229111
59401,MT,CASCADE,0,4,1,0,47.50334333932996,-111.28618371728842
59402,MT,CASCADE,1,0,0,0,47.5165614,-111.1955012
59403,MT,CASCADE,1,0,0,0,47.48881047,-111.29849987
59404,MT,CASCADE,0,4,0,0,47.48424738125,-111.31226716225001
59405,MT,CASCADE,2,26,0,0,47.48556263610718,-111.27282305517859
59406,MT,CASCADE,0,2,0,0,47.2683564128546,-110.4689976187495
59417,MT,GLACIER,1,1,1,0,48.56393795340292,-113.01787065327592
59422,MT,TETON,1,2,1,0,47.81199243234404,-112.19040096365588
59425,MT,PONDERA,1,3,1,0,48.17473632093113,-111.95458196903283
59427,MT,GLACIER,1,5,1,0,48.6291130120084,-112.32631110006517
59436,MT,TETON,0,1,0,0,47.6199269890001,-111.977529761
59442,MT,CHOUTEAU,1,2,1,0,47.82259909445083,-110.66473925115935
59453,MT,WHEATLAND,0,2,0,0,46.67676551450005,-109.7519899485
59457,MT,FERGUS,1,11,1,0,47.05622436952191,-109.43981954943897
59474,MT,TOOLE,1,2,1,0,48.50713276823326,-111.85413005251331
59501,MT,HILL,1,7,1,0,48.544874523680576,-109.6952943985333
59520,MT,CHOUTEAU,1,1,0,0,48.178781365000006,-110.10873875
59521,MT,HILL,0,0,1,0,48.26288781960456,-109.78218804913544
59522,MT,LIBERTY,1,2,1,0,48.511243629487566,-110.97368716568917
59523,MT,BLAINE,0,1,1,0,48.59325157107163,-109.23732971241982
59526,MT,BLAINE,1,0,1,0,48.482431473799735,-108.76293414027514
59538,MT,PHILLIPS,1,3,1,0,48.357894142849425,-107.86194506358683
59601,MT,LEWIS AND CLARK,1,24,2,0,46.60608234995015,-111.90007318882608
59602,MT,LEWIS AND CLARK,0,4,0,0,46.62344738500005,-111.9910028795
59604,MT,LEWIS AND CLARK,1,0,0,0,46.58242897,-111.98889283
59632,MT,JEFFERSON,0,2,1,0,46.23367118950483,-112.1229697479388
59634,MT,JEFFERSON,0,2,0,0,46.495283906000054,-111.96114521199999
59636,MT,LEWIS AND CLARK,1,0,0,0,46.61866261,-112.10178651
59644,MT,BROADWATER,1,4,1,0,46.31766090470316,-111.50699431228462
59645,MT,MEAGHER,1,0,1,0,46.548208133633,-110.90430022336517
59701,MT,SILVER BOW,2,12,1,0,45.98239274598729,-112.49947254734171
59711,MT,DEER LODGE,1,3,1,0,46.129549412427274,-112.94824967977304
59714,MT,GALLATIN,0,5,0,0,45.80836823380007,-111.18733221359999
59715,MT,GALLATIN,1,10,1,0,45.77528360825995,-110.91703390798811
59716,MT,GALLATIN,1,0,0,0,45.26038213,-111.30093122
59718,MT,GALLATIN,0,6,0,0,45.69726070650005,-111.07363993566666
59722,MT,POWELL,1,2,1,0,46.40275615493743,-112.72846701770234
59725,MT,BEAVERHEAD,1,8,1,0,45.188233014016504,-112.65943896014512
59729,MT,MADISON,1,1,0,0,45.35110321950005,-111.732008449
59741,MT,GALLATIN,0,4,0,0,45.80012432550003,-111.31943233574998
59749,MT,MADISON,1,2,0,0,45.4522141906667,-112.19063255533332
59752,MT,GALLATIN,0,1,0,0,45.8882876860001,-111.552782367
59755,MT,MADISON,0,0,1,0,45.294815042353854,-111.94479529713821
59756,MT,DEER LODGE,1,0,0,0,46.18081803,-112.79086729
59759,MT,JEFFERSON,0,5,0,0,45.87149672920002,-112.10523223340002
59802,MT,MISSOULA,0,8,1,0,46.884336905736546,-113.97041731406631
59803,MT,MISSOULA,0,4,0,0,46.81768282975003,-114.04867815725001
59804,MT,MISSOULA,1,13,0,0,46.864905608571476,-114.0444675739286
59806,MT,MISSOULA,1,2,0,0,46.9253658599031,-112.54934145816634
59808,MT,MISSOULA,0,8,0,0,46.88802527000002,-114.03825858337501
59828,MT,RAVALLI,0,2,0,0,46.29983300000005,-114.0888115
59833,MT,RAVALLI,0,1,0,0,46.628773552,-114.010085551
59840,MT,RAVALLI,1,12,1,0,46.25392858273968,-114.1698529556987
59845,MT,SANDERS,0,2,0,0,47.61033214737185,-114.67603497439049
59858,MT,GRANITE,1,0,1,0,46.33173321473832,-113.2938107583266
59859,MT,SANDERS,1,1,0,0,47.468449874499996,-114.8881620855
59860,MT,LAKE,1,8,1,0,47.68448734162951,-114.16060731213352
59864,MT,LAKE,1,3,0,0,47.52819859125,-114.10890398975
59865,MT,LAKE,0,3,1,0,47.31776611394256,-114.09454815437815
59870,MT,RAVALLI,0,4,0,0,46.5337890975,-114.08061380825
59872,MT,MINERAL,1,0,1,0,47.184946928086475,-114.87621491494963
59873,MT,SANDERS,0,1,1,0,47.594674247707516,-115.34261859156328
59901,MT,FLATHEAD,1,15,1,0,48.21097062557689,-114.32573576348852
59911,MT,FLATHEAD,0,2,0,0,48.0853764805001,-114.083304743
59912,MT,FLATHEAD,0,10,0,0,48.36769115850005,-114.215936575
59917,MT,LINCOLN,0,3,0,0,48.87358056100004,-115.04613683066667
59923,MT,LINCOLN,1,2,1,0,48.370685305218636,-115.54329761068493
59937,MT,FLATHEAD,1,2,0,0,48.38935972200003,-114.32846184733334
59972,MT,BEAVERHEAD,0,1,0,0,45.1964525070001,-112.651406009
60002,IL,LAKE,0,1,0,0,42.4434258000001,-88.1217027
60004,IL,COOK,0,5,0,0,42.113359523400064,-87.98841409299996
60005,IL,COOK,1,7,0,0,42.06494763700007,-87.984859331625
60007,IL,COOK,1,2,0,0,42.0015769166667,-88.04402754766666
60008,IL,COOK,0,2,0,0,42.07231750050005,-88.03028173000001
60010,IL,LAKE,1,8,0,0,42.153351344111165,-88.14090136422217
60012,IL,MCHENRY,0,3,0,0,42.2670538013334,-88.28979825666666
60013,IL,MCHENRY,0,1,0,0,42.220407171,-88.2477862329999
60014,IL,MCHENRY,1,7,0,0,42.22997089725006,-88.315435507375
60015,IL,LAKE,0,6,0,0,42.15650321000007,-87.8575133115
60016,IL,COOK,2,5,0,0,42.049461400571474,-87.88398553628569
60018,IL,COOK,0,10,0,0,42.01251581300006,-87.88905185339993
60020,IL,LAKE,0,1,0,0,42.3925577310001,-88.175150856
60025,IL,COOK,1,7,0,0,42.07672286675004,-87.83218290849997
60026,IL,COOK,0,2,0,0,42.0809231287752,-87.81568635414484
60030,IL,LAKE,0,3,0,0,42.34557392231284,-88.01888325235389
60031,IL,LAKE,0,8,0,0,42.362487660000056,-87.94949357612495
60033,IL,MCHENRY,2,2,0,0,42.424366601204326,-88.6086960127788
60035,IL,LAKE,1,6,0,0,42.1863060551429,-87.80999710314283
60040,IL,LAKE,0,1,0,0,42.19732645,-87.815033566
60042,IL,LAKE,0,1,0,0,42.2687556610001,-88.194397936
60044,IL,LAKE,0,2,0,0,42.2873701045001,-87.88057038349996
60045,IL,LAKE,2,4,0,0,42.2536882226667,-87.87147909199997
60046,IL,LAKE,0,2,0,0,42.412626547500054,-88.05445840149994
60047,IL,LAKE,0,12,0,0,42.18049135491672,-88.04472669716664
60048,IL,LAKE,2,6,0,0,42.28441883700006,-87.9562877485
60050,IL,MCHENRY,2,6,0,0,42.33265578450005,-88.27779118749997
60053,IL,COOK,0,3,0,0,42.034417524666736,-87.78867266066668
60056,IL,COOK,0,1,0,0,42.0433842,-87.946985
60061,IL,LAKE,0,4,0,0,42.231624894250054,-87.95232234349999
60062,IL,COOK,0,15,0,0,42.126613196066714,-87.83303805679998
60064,IL,LAKE,1,0,0,0,42.30704823,-87.86051071
60067,IL,COOK,0,4,0,0,42.109680208250055,-88.05120487874997
60068,IL,COOK,1,7,0,0,42.02599451562504,-87.84172824599997
60069,IL,LAKE,0,5,0,0,42.19555407500006,-87.92758190600001
60070,IL,COOK,0,2,0,0,42.09858063,-87.928544563
60072,IL,MCHENRY,0,1,0,0,42.402430687,-88.331038822
60073,IL,LAKE,0,1,0,0,42.3800603170001,-88.08681348
60076,IL,COOK,1,5,0,0,42.05365120150008,-87.7367286905
60077,IL,COOK,0,6,1,0,42.03378298989785,-87.75194449924922
60083,IL,LAKE,0,1,0,0,42.4137333,-87.9150116
60084,IL,LAKE,0,1,0,0,42.2552347540001,-88.147400945
60085,IL,LAKE,3,4,1,0,42.35770899721757,-87.8547231144071
60087,IL,LAKE,0,1,0,0,42.3916383700001,-87.851046078
60089,IL,LAKE,0,4,0,0,42.17055245975008,-87.95307788324996
60090,IL,COOK,0,6,0,0,42.14159508183341,-87.93245766049999
60091,IL,COOK,0,5,0,0,42.07639116680002,-87.71495207859998
60098,IL,MCHENRY,1,7,1,0,42.31012733868002,-88.43626634460722
60099,IL,LAKE,1,4,0,0,42.458654449400015,-87.84896699659998
60101,IL,DUPAGE,0,3,0,0,41.9380588640001,-88.01447723533335
60102,IL,MCHENRY,0,2,0,0,42.16781027637475,-88.3346522762752
60103,IL,COOK,0,4,0,0,41.97489819925005,-88.19384738549999
60104,IL,COOK,0,0,1,0,41.88850670449455,-87.88494118276185
60106,IL,DUPAGE,0,2,0,0,41.949010681000104,-87.936756894
60107,IL,COOK,1,2,0,0,42.016949128333366,-88.16624152466663
60108,IL,DUPAGE,0,6,0,0,41.950448089333385,-88.07052088683328
60115,IL,DEKALB,1,5,1,0,41.95486973338718,-88.74249270741294
60118,IL,KANE,0,2,0,0,42.09378951095115,-88.29556727310255
60119,IL,KANE,0,1,0,0,41.8862107273777,-88.4279004501451
60120,IL,KANE,1,3,0,0,42.034968304000024,-88.27718917374995
60123,IL,KANE,2,8,0,0,42.04168635590002,-88.31336239589999
60124,IL,KANE,0,1,0,0,42.051648626,-88.346080355
60126,IL,DUPAGE,1,9,0,0,41.883826609200064,-87.94115973469995
60130,IL,COOK,1,1,0,0,41.86453232000005,-87.827001715
60133,IL,COOK,0,2,0,0,41.98153818100005,-88.14004219999995
60134,IL,KANE,2,7,0,0,41.88364904944451,-88.3436033821111
60137,IL,DUPAGE,0,6,0,0,41.85609907550007,-88.06376168516664
60139,IL,DUPAGE,2,0,0,0,41.914892550000005,-88.057081665
60140,IL,KANE,0,1,0,0,42.0686367000001,-88.4134159
60141,IL,COOK,1,0,0,0,41.8610986,-87.84129591
60142,IL,MCHENRY,1,1,0,0,42.163991391500005,-88.4195518075
60143,IL,DUPAGE,0,1,0,0,41.9620151870001,-88.011595276
60148,IL,DUPAGE,0,9,0,0,41.85093025900004,-88.01093109911108
60152,IL,MCHENRY,0,1,0,0,42.2467514160001,-88.6022474929999
60153,IL,COOK,1,0,0,0,41.8602285,-87.83485434
60154,IL,COOK,0,4,0,0,41.85244600875008,-87.88731497674993
60156,IL,MCHENRY,0,4,0,0,42.19223280318597,-88.35444610116355
60160,IL,COOK,2,1,0,0,41.90491193400003,-87.84492357133333
60162,IL,COOK,0,3,0,0,41.866376766333396,-87.89132341766661
60164,IL,COOK,1,1,0,0,41.911519379000055,-87.8974402865
60169,IL,COOK,2,4,0,0,42.05249004250005,-88.13331712816667
60172,IL,DUPAGE,0,1,0,0,41.983268024,-88.081665393
60173,IL,COOK,0,4,0,0,42.03269941700005,-88.21105763999996
60174,IL,KANE,0,11,0,0,41.92112189054548,-88.30044992981817
60175,IL,KANE,0,1,0,0,41.912381182,-88.350734075
60177,IL,KANE,0,4,0,0,41.9897845307602,-88.31843241648554
60178,IL,DEKALB,1,2,0,0,41.993899766666665,-88.69124504333331
60181,IL,DUPAGE,0,3,0,0,41.86950651266673,-87.97421147499993
60185,IL,DUPAGE,0,2,1,0,41.88517109898959,-88.2086354198005
60187,IL,DUPAGE,1,8,1,0,41.86305559849499,-88.12804350350663
60188,IL,DUPAGE,0,3,0,0,41.89869329533334,-88.12278840699993
60189,IL,DUPAGE,0,1,0,0,41.83024872,-88.092603018
60190,IL,DUPAGE,1,1,0,0,41.870840176,-88.162505654
60191,IL,DUPAGE,0,2,0,0,41.963138280500104,-87.98443268299995
60193,IL,COOK,0,2,0,0,42.0281194155001,-88.06960359349995
60194,IL,COOK,0,3,0,0,42.0366344773334,-88.10519843833329
60201,IL,COOK,1,14,1,0,42.05360074934044,-87.69754745299575
60202,IL,COOK,1,5,0,0,42.02457975033338,-87.68838773449998
60301,IL,COOK,0,1,1,0,41.88900623042058,-87.80192417476724
60302,IL,COOK,1,7,1,0,41.88811847328481,-87.79188002004972
60304,IL,COOK,1,1,0,0,41.878633504999996,-87.80326066500001
60305,IL,COOK,0,1,0,0,41.8948045038917,-87.8055546879902
60401,IL,WILL,0,1,0,0,41.3540314370001,-87.620564744
60402,IL,COOK,1,3,0,0,41.82789279808288,-87.79482674111303
60403,IL,WILL,0,1,0,0,41.5540407570001,-88.120264596
60404,IL,WILL,0,2,0,0,41.5395729665,-88.21287385
60406,IL,COOK,1,0,0,0,41.65811419,-87.67783029
60411,IL,COOK,0,6,0,0,41.50695078816673,-87.62068145866668
60415,IL,COOK,0,2,0,0,41.7022006495001,-87.7919495579999
60417,IL,WILL,0,3,0,0,41.43849662666677,-87.5947737463333
60419,IL,COOK,0,2,0,0,41.6244552215,-87.5782571245
60420,IL,LIVINGSTON,0,1,0,0,41.0947343240001,-88.422861859
60422,IL,COOK,0,1,0,0,41.531094071,-87.694678267
60423,IL,WILL,0,3,0,0,41.502324075548565,-87.84972145654399
60425,IL,COOK,0,1,0,0,41.5394751150001,-87.597929557
60426,IL,COOK,1,3,0,0,41.60698541075005,-87.66190143074998
60429,IL,COOK,1,5,0,0,41.567644361833366,-87.696326001
60430,IL,COOK,0,7,0,0,41.55599560785722,-87.66122164614282
60431,IL,WILL,0,3,0,0,41.550615199000035,-88.16539364866662
60432,IL,WILL,0,2,0,0,41.5333665585,-88.06438887549996
60433,IL,WILL,0,2,1,0,41.50438467562571,-88.0659286367407
60435,IL,WILL,2,5,0,0,41.53031382471435,-88.13080871914285
60436,IL,WILL,0,1,0,0,41.5144324940001,-88.137115384
60438,IL,COOK,0,3,0,0,41.56860423766673,-87.55085391333326
60439,IL,COOK,0,5,0,0,41.67210152900006,-87.97794944020002
60440,IL,WILL,1,7,0,0,41.69492473321147,-88.09559252566216
60443,IL,COOK,0,4,0,0,41.511670037,-87.74602224399996
60445,IL,COOK,0,4,0,0,41.63339329525008,-87.73217462999997
60446,IL,WILL,0,3,0,0,41.60683033666674,-88.13668079299997
60448,IL,WILL,0,2,0,0,41.5233499750001,-87.90798804799995
60450,IL,GRUNDY,2,5,1,0,41.36924340608848,-88.43337394244782
60451,IL,WILL,2,5,0,0,41.50991638028576,-87.9719928304285
60452,IL,COOK,1,1,0,0,41.60796485,-87.73573394
60453,IL,COOK,1,6,0,0,41.71829879114289,-87.76044797642854
60455,IL,COOK,0,2,0,0,41.739940128,-87.8002116255
60457,IL,COOK,0,1,0,0,41.722588128,-87.8183457929999
60458,IL,COOK,0,1,0,0,41.744475519,-87.8419468709999
60459,IL,COOK,0,3,1,0,41.74346393506731,-87.761173429224
60461,IL,COOK,1,3,0,0,41.52245127500005,-87.70402052800002
60462,IL,COOK,0,5,0,0,41.61242533340008,-87.83492912399997
60463,IL,COOK,1,6,0,0,41.669653362571474,-87.79766884200001
60464,IL,COOK,0,3,0,0,41.659545989000065,-87.8807975666666
60465,IL,COOK,0,1,0,0,41.700906221,-87.817916725
60466,IL,COOK,0,2,0,0,41.492739150000006,-87.68621484999991
60467,IL,COOK,0,5,0,0,41.57959053680007,-87.87297719259998
60471,IL,COOK,0,3,0,0,41.4779752526667,-87.71820427233335
60472,IL,COOK,0,1,0,0,41.64001274,-87.7001653309999
60473,IL,COOK,0,12,0,0,41.60839283375007,-87.60276662674995
60477,IL,COOK,0,8,0,0,41.568224924625035,-87.78973865762497
60481,IL,WILL,0,1,0,0,41.297495299,-88.149424704
60487,IL,WILL,0,1,0,0,41.5432804000001,-87.8023065
60490,IL,WILL,0,1,0,0,41.6773470000001,-88.1270605999999
60491,IL,WILL,0,2,0,0,41.61645106150005,-87.9417389355
60502,IL,KANE,0,1,0,0,41.8178472000001,-88.2737567999999
60504,IL,KANE,1,4,0,0,41.74315258080006,-88.2497399456
60505,IL,KANE,0,10,0,0,41.768752667400044,-88.2971136165
60506,IL,KANE,2,6,1,0,41.7765385292741,-88.336909643469
60510,IL,KANE,0,5,0,0,41.8632111079185,-88.31998366221575
60513,IL,COOK,0,3,0,0,41.83763649867393,-87.83891094118826
60514,IL,DUPAGE,0,1,0,0,41.7878662260001,-87.9532457299999
60515,IL,DUPAGE,1,1,0,0,41.821675237,-88.01234331099995
60516,IL,DUPAGE,0,2,0,0,41.76744628050005,-87.99101455199995
60517,IL,DUPAGE,0,2,0,0,41.7252995475001,-88.0452613305
60521,IL,DUPAGE,2,7,0,0,41.798617063000016,-87.92915780177775
60523,IL,DUPAGE,0,5,0,0,41.84734414900004,-87.94766092120001
60525,IL,COOK,1,4,0,0,41.7991548338,-87.87940109319997
60526,IL,COOK,0,5,0,0,41.82229430680006,-87.87714658439997
60527,IL,DUPAGE,0,6,0,0,41.7610540878334,-87.93743091999998
60532,IL,DUPAGE,0,6,0,0,41.79182878002889,-88.08572189760463
60539,IL,COOK,0,1,0,0,41.663540164,-87.970219624
60540,IL,DUPAGE,2,3,0,0,41.7646089044,-88.14805811499996
60542,IL,KANE,0,1,0,0,41.8156681940001,-88.312974515
60543,IL,KENDALL,0,5,0,0,41.68594439760006,-88.33042326159998
60544,IL,WILL,0,2,0,0,41.613991306500054,-88.20769560549995
60546,IL,COOK,0,2,0,0,41.84035175699999,-87.8268441359999
60548,IL,DEKALB,1,2,0,0,41.6540190516667,-88.61802226899992
60550,IL,DEKALB,0,1,0,0,41.7674461980001,-88.879144646
60554,IL,KANE,0,1,0,0,41.774798473199,-88.4453181259369
60559,IL,DUPAGE,0,6,0,0,41.7863273916667,-87.97425652766664
60560,IL,KENDALL,0,2,1,0,41.65941396180751,-88.4575164049532
60563,IL,DUPAGE,0,11,0,0,41.79057344263639,-88.17392883863634
60564,IL,WILL,0,1,0,0,41.716458,-88.2039569999999
60565,IL,DUPAGE,0,1,0,0,41.7439526850001,-88.124526465
60585,IL,WILL,1,3,0,0,41.662941539500025,-88.22414809274997
60601,IL,COOK,0,0,2,0,41.884978120328796,-87.63230988070046
60603,IL,COOK,0,0,1,0,41.87997870725741,-87.62495816543226
60604,IL,COOK,0,0,1,0,41.877569921788606,-87.62721483403759
60605,IL,COOK,0,2,0,0,41.8686907500001,-87.6275977
60607,IL,COOK,1,1,0,0,41.877567237,-87.66214075799995
60608,IL,COOK,3,2,0,0,41.857132317400044,-87.6944187546
60609,IL,COOK,0,1,0,0,41.8063069130001,-87.6832581209999
60610,IL,COOK,0,2,0,0,41.90173124650005,-87.6339819545
60611,IL,COOK,4,2,0,0,41.895836984166685,-87.62180365433335
60612,IL,COOK,5,1,0,0,41.87514935083333,-87.67737470883333
60613,IL,COOK,1,2,0,0,41.95903321800003,-87.6514609016666
60614,IL,COOK,0,6,0,0,41.92741680316673,-87.64939659466665
60615,IL,COOK,1,1,0,0,41.798876705000055,-87.598228635
60616,IL,COOK,1,4,0,0,41.84082776700004,-87.6228868982
60617,IL,COOK,2,2,0,0,41.74004017450005,-87.56445127399996
60618,IL,COOK,1,2,0,0,42.037886326000034,-87.73350791133333
60620,IL,COOK,0,2,0,0,41.7462259140001,-87.6788705745
60621,IL,COOK,1,2,0,0,41.7718981193334,-87.631875967
60622,IL,COOK,4,3,0,0,41.90541064542857,-87.68785787685712
60623,IL,COOK,1,2,0,0,41.854875996333334,-87.70641793633335
60624,IL,COOK,3,0,0,0,41.88542608666667,-87.71344445
60625,IL,COOK,1,6,0,0,41.9758063305715,-87.7017432834285
60626,IL,COOK,0,10,0,0,42.01417057050006,-87.6693205813
60628,IL,COOK,1,1,0,0,41.693739732,-87.63405946349995
60629,IL,COOK,1,1,0,0,41.76999120800005,-87.71659982950001
60630,IL,COOK,0,1,0,0,41.973559204,-87.7277901369999
60631,IL,COOK,2,8,0,0,41.98910390704778,-87.80511518399429
60632,IL,COOK,0,1,0,0,41.811738593,-87.74290222
60633,IL,COOK,0,1,0,0,41.631196066,-87.555862921
60634,IL,COOK,1,3,0,0,41.94521497650005,-87.78360230749999
60637,IL,COOK,2,3,0,0,41.79005531040004,-87.59262190059998
60639,IL,COOK,0,1,0,0,41.9254523430001,-87.7663735099999
60640,IL,COOK,3,17,0,0,41.97191759615004,-87.65811319275
60641,IL,COOK,1,4,0,0,41.94608437796294,-87.73248014933002
60643,IL,COOK,0,4,0,0,41.69591811625005,-87.67158474450001
60644,IL,COOK,2,5,0,0,41.87575262357147,-87.76445835528571
60645,IL,COOK,0,6,0,0,42.01063785166668,-87.6900399218333
60646,IL,COOK,0,3,0,0,41.99482609900003,-87.747490175
60647,IL,COOK,0,2,0,0,41.9257160960001,-87.702558071
60649,IL,COOK,2,4,0,0,41.7630007716667,-87.56606375883335
60652,IL,COOK,0,1,0,0,41.735631535,-87.696425505
60653,IL,COOK,0,3,0,0,41.816677102666695,-87.61253861399996
60655,IL,COOK,0,1,0,0,41.713585139,-87.7122428979999
60656,IL,COOK,0,1,0,0,41.9787156,-87.833654
60657,IL,COOK,3,7,0,0,41.93710467416364,-87.64771951700841
60659,IL,COOK,0,10,0,0,41.99313278870004,-87.70234782309998
60660,IL,COOK,0,3,0,0,41.98999348000007,-87.660638334
60661,IL,COOK,0,1,0,0,41.8839610000001,-87.647256
60706,IL,COOK,0,3,0,0,41.9633792460001,-87.81809691299996
60707,IL,COOK,1,2,0,0,41.92374316500007,-87.80918219099999
60712,IL,COOK,0,4,0,0,42.00653424325002,-87.71464681524996
60714,IL,COOK,0,11,0,0,42.02374020354548,-87.8092669103636
60803,IL,COOK,0,1,0,0,41.6901865,-87.7489411
60804,IL,COOK,0,2,0,0,41.8418550775,-87.773742215
60805,IL,COOK,1,3,0,0,41.722397857000026,-87.69768899275
60901,IL,KANKAKEE,3,5,1,0,41.12465171945701,-87.87983020945056
60914,IL,KANKAKEE,0,6,0,0,41.16500682716667,-87.882479073
60915,IL,KANKAKEE,0,1,0,0,41.1522792170001,-87.8503399419999
60920,IL,COLES,0,1,0,0,39.4800026870001,-88.16241973
60927,IL,IROQUOIS,0,1,0,0,40.9308851370001,-87.90629146
60930,IL,IROQUOIS,0,2,0,0,40.8244462645,-87.98289873099995
60936,IL,FORD,1,4,0,0,40.474905364800044,-88.36953013039997
60938,IL,IROQUOIS,0,1,0,0,40.7494377360001,-87.9973537769999
60941,IL,KANKAKEE,0,1,0,0,41.05076853,-88.0874246769999
60942,IL,VERMILION,2,3,0,0,40.4613566214,-87.667244901
60950,IL,KANKAKEE,0,2,0,0,41.245207484,-87.81693858099995
60954,IL,KANKAKEE,0,2,0,0,41.15684765250005,-87.6622540769999
60957,IL,FORD,0,3,0,0,40.4637999173334,-88.08912623399998
60959,IL,FORD,0,1,0,0,40.752357755,-88.1820904529999
60966,IL,IROQUOIS,0,1,0,0,40.7727936410001,-87.5649653839999
60970,IL,IROQUOIS,1,2,1,0,40.772935702196776,-87.73108364894706
61008,IL,BOONE,1,3,1,0,42.253938415338936,-88.84108136678765
61010,IL,OGLE,0,1,0,0,42.1270830230001,-89.266620529
61021,IL,LEE,1,5,1,0,41.845677312501934,-89.48019283188738
61024,IL,WINNEBAGO,0,1,0,0,42.42921512,-89.331095154
61025,IL,JO DAVIESS,0,1,0,0,42.4938574240001,-90.6409354739999
61028,IL,JO DAVIESS,0,2,0,0,42.31236061650005,-90.2214464525
61031,IL,LEE,0,2,0,0,41.84738349600005,-89.3024406685
61032,IL,STEPHENSON,1,8,1,0,42.28665982368498,-89.64321025640383
61036,IL,JO DAVIESS,1,5,1,0,42.42967259598294,-90.44235017352243
61048,IL,STEPHENSON,0,1,0,0,42.3705238370001,-89.827549179
61053,IL,CARROLL,0,1,1,0,42.09607358486563,-89.98732705235244
61054,IL,OGLE,0,1,0,0,42.043694944,-89.433216047
61061,IL,OGLE,0,2,1,0,42.009900151855355,-89.34167438073852
61064,IL,OGLE,0,1,0,0,41.983614017,-89.567599436
61068,IL,OGLE,1,4,0,0,41.931352909400026,-89.0660511658
61071,IL,WHITESIDE,0,2,0,0,41.778922005000055,-89.6732356104999
61072,IL,WINNEBAGO,0,2,0,0,42.44036030350005,-89.06733655400001
61073,IL,WINNEBAGO,0,1,0,0,42.4509845540001,-89.00749159
61074,IL,CARROLL,0,1,0,0,42.096786186,-90.138230928
61080,IL,WINNEBAGO,0,1,0,0,42.478997237,-89.044860699
61081,IL,WHITESIDE,1,9,0,0,41.80593638930003,-89.68950774419999
61085,IL,JO DAVIESS,0,1,0,0,42.350181089,-90.0008139879999
61088,IL,WINNEBAGO,0,1,0,0,42.272843762,-89.236342295
61101,IL,WINNEBAGO,0,1,0,0,42.271121314,-89.093301181
61103,IL,WINNEBAGO,1,4,1,0,42.31263270111604,-89.08582067887626
61104,IL,WINNEBAGO,1,0,1,0,42.26431779849658,-89.08339254627802
61107,IL,WINNEBAGO,0,8,0,0,42.281561501625056,-89.005328000125
61108,IL,WINNEBAGO,2,5,0,0,42.25898706528577,-88.99015895042855
61111,IL,WINNEBAGO,0,2,0,0,42.32148559500005,-89.027501301
61112,IL,WINNEBAGO,0,1,0,0,42.252491966,-88.972588506
61114,IL,WINNEBAGO,1,5,0,0,42.3120227656667,-89.0070651436666
61115,IL,WINNEBAGO,0,1,0,0,42.3478417650001,-89.0544902409999
61201,IL,ROCK ISLAND,1,7,1,0,41.49148645223194,-90.57099185961667
61231,IL,MERCER,1,3,1,0,41.20289852212893,-90.75668899781417
61244,IL,ROCK ISLAND,0,4,0,0,41.49661435000002,-90.44461586349996
61252,IL,WHITESIDE,0,1,0,0,41.8691525690001,-90.147030889
61254,IL,HENRY,1,4,0,0,41.434096304200054,-90.15446608559999
61264,IL,ROCK ISLAND,0,3,0,0,41.43782311800003,-90.56718541
61265,IL,ROCK ISLAND,3,7,0,0,41.48092319970004,-90.50980116039999
61270,IL,WHITESIDE,1,5,1,0,41.80575735664593,-89.94531975989416
61277,IL,WHITESIDE,0,2,0,0,41.6742117475001,-89.9309669085
61282,IL,ROCK ISLAND,1,4,0,0,41.4942541287349,-90.4149200302536
61301,IL,LASALLE,0,2,0,0,41.344785159000054,-89.0996874865
61310,IL,LEE,0,1,0,0,41.72186143,-89.334884927
61327,IL,PUTNAM,0,0,1,0,41.25318631043018,-89.34515108548672
61341,IL,LASALLE,0,1,0,0,41.327782229,-88.7187820359999
61342,IL,LASALLE,1,4,0,0,41.55219270100006,-89.11507660159998
61350,IL,LASALLE,1,5,1,0,41.34395665240313,-88.84424786426639
61354,IL,LASALLE,1,6,0,0,41.34228440300005,-89.12262185828568
61356,IL,BUREAU,1,4,1,0,41.373793272499135,-89.45658780943546
61362,IL,BUREAU,1,2,0,0,41.332384031,-89.19480790633331
61364,IL,LASALLE,1,4,0,0,41.12949923440002,-88.82318304579995
61369,IL,MARSHALL,0,1,0,0,41.01080239,-89.132808213
61376,IL,BUREAU,0,1,0,0,41.553931494,-89.599843458
61401,IL,KNOX,2,6,1,0,40.96888076601826,-90.37307247481951
61402,IL,KNOX,0,1,0,0,40.955762013593,-90.3658140102708
61410,IL,KNOX,0,1,0,0,40.8022949800001,-90.4108776859999
61421,IL,STARK,0,1,0,0,41.1740271530001,-89.6634926689999
61422,IL,MCDONOUGH,0,1,0,0,40.5579808900001,-90.498575648
61427,IL,FULTON,0,1,0,0,40.48814573,-90.193102384
61434,IL,HENRY,0,1,0,0,41.176955472,-90.0477401429999
61437,IL,HENDERSON,0,0,1,0,40.86268116741327,-90.96259945631543
61443,IL,HENRY,1,5,1,0,41.22770201787064,-89.93787557366889
61448,IL,KNOX,0,2,0,0,40.91344410550005,-90.2820208495
61450,IL,HANCOCK,0,1,0,0,40.5840648980001,-90.971746379
61455,IL,MCDONOUGH,1,8,1,0,40.457576302296104,-90.56230284788597
61462,IL,WARREN,1,3,1,0,40.91839534750244,-90.65696539965822
61470,IL,MCDONOUGH,0,1,0,0,40.6202996580001,-90.456249111
61473,IL,WARREN,0,1,0,0,40.7317215570001,-90.661029474
61480,IL,HENDERSON,0,1,0,0,40.7426141030001,-90.9142055949999
61483,IL,STARK,0,1,0,0,41.0932231670001,-89.8667686479999
61520,IL,FULTON,1,7,1,0,40.55993582172428,-90.024115146217
61523,IL,PEORIA,0,2,0,0,40.9035902065001,-89.49837905999996
61529,IL,PEORIA,0,1,0,0,40.78166105,-89.957999349
61530,IL,WOODFORD,1,3,1,0,40.71924078501056,-89.27406734573786
61531,IL,FULTON,0,3,0,0,40.69532989466669,-89.9998809503333
61534,IL,TAZEWELL,0,1,0,0,40.4803846120001,-89.672515064
61537,IL,MARSHALL,0,2,0,0,41.124027691000094,-89.363905581
61540,IL,MARSHALL,0,1,1,0,41.02743089409333,-89.40984183654516
61542,IL,FULTON,0,1,0,0,40.3906869680001,-90.1538926649999
61544,IL,TAZEWELL,0,1,0,0,40.534649797,-89.630564079
61546,IL,MASON,0,1,0,0,40.412671872,-89.773880853
61548,IL,WOODFORD,0,3,0,0,40.78809426133336,-89.37494439366667
61550,IL,TAZEWELL,0,5,0,0,40.60886811480004,-89.45948892999998
61554,IL,TAZEWELL,1,6,0,0,40.55105526104675,-89.62570358370401
61561,IL,WOODFORD,0,1,0,0,40.795083182,-89.210644813
61568,IL,TAZEWELL,0,0,1,0,40.53856039817924,-89.51653891583608
61571,IL,TAZEWELL,0,4,0,0,40.717467305750105,-89.43800333874998
61604,IL,PEORIA,0,7,1,0,40.72043557198359,-89.6348394048281
61605,IL,PEORIA,1,0,0,0,40.69288862,-89.60072965
61607,IL,PEORIA,0,1,0,0,40.6753144210001,-89.6773690049999
61611,IL,TAZEWELL,0,7,0,0,40.695724025000054,-89.53438128199994
61614,IL,PEORIA,1,16,1,0,40.76481976564244,-89.59932855232465
61615,IL,PEORIA,0,6,0,0,40.77152986100004,-89.64891650999999
61616,IL,PEORIA,0,2,0,0,40.74775536450005,-89.5685811314999
61636,IL,PEORIA,1,0,0,0,40.70013899,-89.59517517
61637,IL,PEORIA,1,0,0,0,40.70250791,-89.591918
61701,IL,MCLEAN,1,8,1,0,40.4764340502778,-88.9726009237417
61704,IL,MCLEAN,0,3,0,0,40.475895652333335,-88.95205855966664
61726,IL,MCLEAN,0,1,0,0,40.74505164,-88.804070178
61727,IL,DE WITT,1,2,1,0,40.14780469432162,-88.96314218945695
61728,IL,MCLEAN,0,1,0,0,40.561025703,-88.613583024
61738,IL,WOODFORD,0,2,0,0,40.737373880000106,-89.00555013899995
61739,IL,LIVINGSTON,0,3,0,0,40.750046094000034,-88.51224158233333
61740,IL,LIVINGSTON,0,2,0,0,40.875468513000044,-88.85674577549995
61747,IL,TAZEWELL,1,3,0,0,40.41901065976367,-89.41617944733912
61752,IL,MCLEAN,0,1,0,0,40.342014175,-88.765980091
61760,IL,WOODFORD,0,1,0,0,40.8984825110001,-89.030592272
61761,IL,MCLEAN,1,6,0,0,40.5144119027143,-88.97982781614283
61764,IL,LIVINGSTON,1,7,1,0,40.87544650908867,-88.63938387122099
61801,IL,CHAMPAIGN,2,1,0,0,40.10580649066666,-88.216499596
61802,IL,CHAMPAIGN,0,5,0,0,40.090424268200024,-88.19449835579998
61813,IL,PIATT,0,1,0,0,39.9268978470001,-88.575641118
61820,IL,CHAMPAIGN,1,4,2,0,40.11827280290209,-88.24895537806309
61821,IL,CHAMPAIGN,0,1,0,0,40.0914525210001,-88.2772681339999
61822,IL,CHAMPAIGN,0,3,0,0,40.09491624933337,-88.30071331733335
61832,IL,VERMILION,2,5,1,0,40.14246950610523,-87.62264210561278
61833,IL,VERMILION,0,1,0,0,40.10128854,-87.629080565
61834,IL,VERMILION,0,1,0,0,40.097909128,-87.6622810109999
61842,IL,DE WITT,0,1,0,0,40.247389556,-88.649941128
61847,IL,CHAMPAIGN,0,1,0,0,40.31388084,-88.0200596189999
61853,IL,CHAMPAIGN,0,2,0,0,40.1813984990001,-88.394535122
61856,IL,PIATT,1,4,0,0,40.040879592600035,-88.56648112079999
61866,IL,CHAMPAIGN,0,1,0,0,40.3039125860001,-88.173640217
61874,IL,CHAMPAIGN,0,8,0,0,40.05923343200005,-88.25413388024998
61880,IL,CHAMPAIGN,0,1,0,0,39.978264493,-88.260406313
61910,IL,DOUGLAS,0,3,0,0,39.67768852866673,-88.299210808
61911,IL,MOULTRIE,0,2,0,0,39.71189519700005,-88.47811616549996
61920,IL,COLES,0,4,1,0,39.48655977618449,-88.17429872953672
61924,IL,EDGAR,0,1,0,0,39.8083413030001,-87.68187675
61938,IL,COLES,1,8,0,0,39.47884411822229,-88.33478961666665
61942,IL,DOUGLAS,0,1,0,0,39.7935534280001,-87.980324796
61943,IL,COLES,0,1,0,0,39.654401653,-88.029311814
61944,IL,EDGAR,2,4,1,0,39.61088373393641,-87.68267155367971
61951,IL,MOULTRIE,0,6,1,0,39.59989087212265,-88.60326341463883
61953,IL,DOUGLAS,0,1,1,0,39.78831762601706,-88.25937095600523
62001,IL,MADISON,0,2,0,0,38.887848017500104,-89.73088951199995
62002,IL,MADISON,3,9,0,0,38.90305244608336,-90.15455475399999
62010,IL,MADISON,0,2,0,0,38.907180674,-90.0347172365
62012,IL,MACOUPIN,0,1,0,0,39.043597477,-90.1414789839999
62014,IL,MACOUPIN,0,1,0,0,39.038382272,-89.9501762739999
62016,IL,GREENE,1,2,1,0,39.299417856276555,-90.40994467357183
62024,IL,MADISON,0,1,0,0,38.8944936,-90.060944665
62025,IL,MADISON,1,5,0,0,38.796511193666724,-89.94962172266662
62033,IL,MACOUPIN,0,1,0,0,39.1086181050001,-89.815501168
62034,IL,MADISON,0,11,1,0,38.77362917179999,-89.97509118056689
62035,IL,MADISON,0,5,0,0,38.946050610800015,-90.1990332076
62040,IL,MADISON,1,5,0,0,38.7193138436667,-90.11929898699996
62047,IL,CALHOUN,0,2,1,0,39.15818271460403,-90.62042098147953
62049,IL,MONTGOMERY,1,4,1,0,39.14644322650159,-89.4823404280492
62052,IL,JERSEY,1,8,1,0,39.11479083072945,-90.32837864868449
62056,IL,MONTGOMERY,1,5,0,0,39.17754363635237,-89.64370346425994
62062,IL,MADISON,1,2,0,0,38.7296010256667,-89.94835513366667
62075,IL,MONTGOMERY,0,1,0,0,39.300027448,-89.274340162
62088,IL,MACOUPIN,1,2,0,0,39.0155343176667,-89.78908421233331
62092,IL,GREENE,0,1,0,0,39.438833328,-90.4153557929999
62095,IL,MADISON,0,1,1,0,38.871390903721995,-90.09250552241387
62205,IL,ST. CLAIR,0,2,1,0,38.61020690854613,-90.11434729713119
62206,IL,ST. CLAIR,0,2,0,0,38.5573385115,-90.16227136
62207,IL,ST. CLAIR,1,0,0,0,38.57014999,-90.10848249
62208,IL,ST. CLAIR,0,4,0,0,38.60098099075005,-89.98068223399997
62216,IL,CLINTON,0,1,0,0,38.607608107,-89.610961488
62220,IL,ST. CLAIR,0,3,1,0,38.514423755876095,-89.99043334114373
62221,IL,ST. CLAIR,0,1,0,0,38.5659515,-89.946266958
62223,IL,ST. CLAIR,0,3,0,0,38.54164254900004,-90.05501839466666
62226,IL,ST. CLAIR,2,7,0,0,38.54247473933336,-89.99928002633332
62230,IL,CLINTON,1,3,0,0,38.62204000925008,-89.52497921724998
62231,IL,CLINTON,0,2,1,0,38.6139253583132,-89.36569693608362
62232,IL,ST. CLAIR,0,1,0,0,38.6350916590001,-90.0360865919999
62233,IL,RANDOLPH,1,3,1,0,37.920756574128845,-89.81359260887774
62234,IL,MADISON,0,3,0,0,38.67543084966667,-89.996495723
62236,IL,MONROE,0,3,0,0,38.4483581170001,-90.21521147566664
62237,IL,RANDOLPH,0,1,0,0,38.185990126,-89.612488958
62243,IL,ST. CLAIR,0,2,0,0,38.41376784000005,-89.90020850549995
62246,IL,BOND,1,5,1,0,38.889973294929256,-89.40835576077413
62249,IL,MADISON,1,6,0,0,38.73611857242859,-89.68058394899995
62254,IL,ST. CLAIR,0,2,0,0,38.607815409,-89.81861130299995
62258,IL,ST. CLAIR,0,4,0,0,38.495390812000025,-89.80836600174992
62260,IL,ST. CLAIR,0,1,0,0,38.459309868,-90.087553239
62263,IL,WASHINGTON,1,3,1,0,38.389397244483256,-89.49778818472859
62264,IL,MADISON,0,2,0,0,38.52419796150005,-89.8894840279999
62265,IL,CLINTON,0,1,0,0,38.5336728,-89.6978491
62269,IL,ST. CLAIR,2,5,0,0,38.580388732797424,-89.91339122905684
62274,IL,PERRY,1,1,1,0,38.07641535582818,-89.37426771585758
62278,IL,RANDOLPH,1,3,0,0,38.19000385050005,-89.99377591849998
62285,IL,ST. CLAIR,0,1,0,0,38.4075583370001,-89.9946260519999
62286,IL,RANDOLPH,1,4,0,0,38.12304412860002,-89.699418178
62293,IL,CLINTON,0,1,0,0,38.6050858890001,-89.668786435
62294,IL,MADISON,0,2,0,0,38.727795403500096,-89.9014056995
62298,IL,MONROE,0,4,1,0,38.34524299982011,-90.14382054549576
62301,IL,ADAMS,1,9,1,0,39.93449912352581,-91.39979090834092
62305,IL,ADAMS,0,8,0,0,39.94713859600004,-91.36973054099997
62311,IL,HANCOCK,0,1,0,0,40.2306567970001,-90.961193164
62312,IL,PIKE,0,1,0,0,39.6916371880001,-91.033529957
62320,IL,ADAMS,0,1,0,0,40.0366853150001,-91.06345357
62321,IL,HANCOCK,1,5,1,0,40.409737540474694,-91.12806720213241
62339,IL,ADAMS,0,1,0,0,40.107304092,-91.0273585319999
62340,IL,PIKE,0,1,0,0,39.7066928190001,-90.732750858
62341,IL,HANCOCK,0,1,0,0,40.397248286,-91.335815936
62351,IL,ADAMS,0,1,0,0,40.0893202020001,-91.300448085
62353,IL,BROWN,0,1,1,0,39.98921880023281,-90.76742335695434
62363,IL,PIKE,1,4,1,0,39.60622532081639,-90.80837794431217
62401,IL,EFFINGHAM,1,11,1,0,39.12472355048906,-88.54962564623932
62411,IL,EFFINGHAM,0,1,0,0,39.0527889350001,-88.752809976
62417,IL,LAWRENCE,0,1,0,0,38.7123531870001,-87.749207697
62420,IL,CLARK,0,3,0,0,39.3013826393334,-87.98766681699999
62428,IL,CUMBERLAND,0,1,0,0,39.2527726210001,-88.157653483
62433,IL,CRAWFORD,0,1,0,0,39.1043259900001,-87.662616608
62439,IL,LAWRENCE,1,4,1,0,38.72662207074319,-87.69835797111817
62441,IL,CLARK,0,4,0,0,39.39580283675008,-87.69545355799997
62442,IL,CLARK,0,0,1,0,39.34823811927691,-87.88374052958721
62447,IL,CUMBERLAND,0,1,0,0,39.317736273,-88.4585753549999
62448,IL,JASPER,0,2,1,0,38.98592063589333,-88.16595016375653
62449,IL,CRAWFORD,0,1,0,0,38.995359928,-87.905637327
62450,IL,RICHLAND,1,8,0,0,38.737572847482284,-88.08078221794929
62454,IL,CRAWFORD,1,6,1,0,39.01288522930823,-87.74879467513573
62458,IL,FAYETTE,0,1,0,0,39.024509863,-88.845214884
62468,IL,CUMBERLAND,0,0,1,0,39.273289007032645,-88.24398795005068
62471,IL,FAYETTE,1,3,1,0,38.9655518712501,-89.10406172864607
62476,IL,EDWARDS,0,1,0,0,38.520943935,-88.0207958349999
62515,IL,SANGAMON,0,1,0,0,39.889733737,-89.431263397
62521,IL,MACON,1,4,1,0,39.830580814496045,-88.94942147339363
62522,IL,MACON,0,1,0,0,39.8418946150001,-89.0005160329999
62525,IL,MACON,0,1,0,0,39.827539206,-88.932026274
62526,IL,MACON,1,11,0,0,39.87671193483338,-88.96849653933332
62535,IL,MACON,0,2,0,0,39.92087118950005,-88.96397543399999
62544,IL,MACON,0,1,0,0,39.7077563010001,-88.990067255
62548,IL,LOGAN,0,1,0,0,40.0207167460001,-89.2840998839999
62549,IL,MACON,0,1,0,0,39.784349504,-88.875759666
62550,IL,SHELBY,0,2,0,0,39.619741666,-89.01742757999995
62557,IL,CHRISTIAN,1,5,0,0,39.3850165883334,-89.08185347933335
62561,IL,SANGAMON,0,1,0,0,39.8617503,-89.53649924
62563,IL,SANGAMON,0,2,0,0,39.7423248595,-89.53798976249996
62565,IL,SHELBY,1,4,1,0,39.41013681398984,-88.81174490063528
62568,IL,CHRISTIAN,1,6,1,0,39.55541269187505,-89.29879514278204
62615,IL,SANGAMON,0,2,0,0,39.5926597355,-89.73714043299995
62618,IL,CASS,0,1,0,0,40.0000369910001,-90.424198761
62626,IL,MACOUPIN,1,3,1,0,39.29180217904984,-89.880283785107
62629,IL,SANGAMON,0,4,0,0,39.67156971600005,-89.69249931249998
62640,IL,MACOUPIN,0,3,0,0,39.43998839333337,-89.82532444966667
62644,IL,MASON,1,3,1,0,40.3014530249545,-90.05175138672152
62650,IL,MORGAN,1,7,1,0,39.74050162797741,-90.25030934275655
62656,IL,LOGAN,1,8,1,0,40.15108839099272,-89.37928308074346
62664,IL,MASON,0,1,0,0,40.2069360780001,-89.679524352
62669,IL,ST. CLAIR,0,1,0,0,38.575294587,-89.946738044
62675,IL,MENARD,0,1,1,0,40.010128210743204,-89.83592749626126
62681,IL,SCHUYLER,1,2,1,0,40.11870269153585,-90.56198441976994
62684,IL,SANGAMON,0,2,0,0,39.88724834450005,-89.6100460465
62690,IL,MACOUPIN,0,1,0,0,39.4979394970001,-89.7770890099999
62691,IL,CASS,0,1,1,0,39.947483737896505,-90.20961958337207
62694,IL,SCOTT,0,1,1,0,39.63577342042237,-90.4591634546414
62701,IL,SANGAMON,0,1,0,0,39.7940352000001,-89.6684329
62702,IL,SANGAMON,2,5,1,0,39.80973784258089,-89.65672027020764
62703,IL,SANGAMON,1,2,0,0,39.75928940666673,-89.63983422199999
62704,IL,SANGAMON,0,3,0,0,39.7846294833334,-89.70374964066666
62711,IL,SANGAMON,0,13,0,0,39.77015790184623,-89.72064496246152
62712,IL,SANGAMON,0,4,0,0,39.73437443075005,-89.6762842055
62761,IL,SANGAMON,0,0,1,0,39.80337841697575,-89.66127110862129
62763,IL,PIKE,0,1,0,0,39.6074008428142,-90.8151709841125
62781,IL,SANGAMON,1,0,0,0,39.8097674,-89.65628409
62801,IL,MARION,1,4,0,0,38.52813732320004,-89.11150196499999
62806,IL,EDWARDS,0,1,0,0,38.377405233,-88.0608809839999
62812,IL,FRANKLIN,1,4,0,0,38.003668531802916,-88.91932017669626
62821,IL,WHITE,0,2,0,0,38.08148244100005,-88.16768776
62823,IL,WAYNE,0,1,0,0,38.516954307,-88.4391297459999
62826,IL,MACOUPIN,0,1,0,0,39.299249995,-89.883108141
62832,IL,PERRY,1,3,0,0,38.01385575482107,-89.23442854258352
62835,IL,WHITE,0,1,0,0,38.1036538820001,-88.336531271
62837,IL,WAYNE,1,2,1,0,38.38183032187928,-88.38021609990724
62839,IL,CLAY,1,6,1,0,38.67712743231932,-88.48418269059583
62844,IL,WHITE,0,1,0,0,38.2547994130001,-87.999435246
62858,IL,CLAY,0,1,0,0,38.7704057780001,-88.5072113109999
62859,IL,HAMILTON,1,3,1,0,38.09051913032091,-88.5396305136122
62863,IL,WABASH,1,3,1,0,38.415237617560756,-87.77394986978123
62864,IL,JEFFERSON,2,8,1,0,38.311045613698205,-88.92898768580426
62870,IL,MARION,0,1,0,0,38.6203619560001,-89.05048713
62881,IL,MARION,1,4,1,0,38.6337110659008,-88.9564175774813
62896,IL,FRANKLIN,0,3,0,0,37.93761350733334,-88.91991435
62901,IL,JACKSON,1,7,0,0,37.726308708500056,-89.22051276737498
62906,IL,UNION,1,5,0,0,37.46343370026167,-89.24471893741348
62914,IL,ALEXANDER,0,1,0,0,37.00216184,-89.178414671
62917,IL,SALINE,0,1,0,0,37.6829558650001,-88.625905403
62918,IL,WILLIAMSON,0,3,0,0,37.75150569566674,-89.03334043199993
62920,IL,UNION,0,1,0,0,37.5248421110001,-89.253693927
62930,IL,SALINE,1,3,1,0,37.812027345779676,-88.44153635457886
62933,IL,WILLIAMSON,0,1,0,0,37.773487636,-89.0236247569999
62938,IL,POPE,0,1,0,0,37.358036306,-88.4872993389999
62946,IL,SALINE,1,4,0,0,37.73394278760004,-88.54305742399997
62948,IL,WILLIAMSON,1,4,0,0,37.788414726600045,-89.02589547079994
62951,IL,WILLIAMSON,0,1,0,0,37.814332375,-88.926393445
62952,IL,UNION,0,2,0,0,37.4428681575,-89.26758340299995
62959,IL,WILLIAMSON,3,12,2,0,37.73813061633713,-88.954349978755
62960,IL,MASSAC,1,4,0,0,37.15983009847794,-88.72992404260232
62966,IL,JACKSON,1,3,1,0,37.77090873503435,-89.30870027800317
62979,IL,GALLATIN,0,1,0,0,37.7931613800001,-88.269608642
62982,IL,HARDIN,1,2,0,0,37.419855719,-88.35368249400001
62988,IL,ALEXANDER,0,1,0,0,37.2314697680001,-89.270898314
62992,IL,PULASKI,0,0,1,0,37.270987653963346,-89.03648059157838
62995,IL,JOHNSON,0,1,0,0,37.4188724320001,-88.901358135
63010,MO,JEFFERSON,0,5,0,0,38.4428281588,-90.40113757339995
63011,MO,ST. LOUIS,1,4,0,0,38.60592587820006,-90.54832912259997
63016,MO,JEFFERSON,0,1,0,0,38.35853259,-90.647785676
63017,MO,ST. LOUIS,3,21,0,0,38.64708345660575,-90.52404095034181
63019,MO,JEFFERSON,1,2,0,0,38.22010927400004,-90.38345095800001
63020,MO,JEFFERSON,0,6,0,0,38.118395893833366,-90.5269440598333
63021,MO,ST. LOUIS,0,7,0,0,38.57254026957149,-90.54707251671428
63025,MO,ST. LOUIS,0,2,0,0,38.504201905500054,-90.624237094
63026,MO,ST. LOUIS,1,3,0,0,38.50629684100005,-90.45330796999997
63028,MO,JEFFERSON,0,16,0,0,38.20955859931255,-90.39415761281249
63031,MO,ST. LOUIS,1,5,0,0,38.79492990316672,-90.33548939466665
63033,MO,ST. LOUIS,0,7,0,0,38.79475674428574,-90.29003511128568
63034,MO,ST. LOUIS,0,3,0,0,38.8386841815607,-90.25294319354366
63037,MO,FRANKLIN,0,2,0,0,38.406431739685644,-91.32068102466451
63040,MO,ST. LOUIS,0,1,0,0,38.582189289,-90.631751643
63043,MO,ST. LOUIS,1,3,0,0,38.72471951500005,-90.42601236824996
63044,MO,ST. LOUIS,3,5,0,0,38.70082811612504,-90.68455650337498
63048,MO,JEFFERSON,0,2,0,0,38.251466008500046,-90.3990337475
63050,MO,JEFFERSON,0,0,1,0,38.232512613243586,-90.56494919138235
63068,MO,FRANKLIN,0,3,0,0,38.60200158066676,-91.22433633633334
63069,MO,FRANKLIN,0,4,0,0,38.481887339750074,-90.75830989699992
63074,MO,ST. LOUIS,0,1,0,0,38.7327234810001,-90.383755857
63077,MO,FRANKLIN,0,3,0,0,38.341163848666696,-90.98102432999997
63080,MO,FRANKLIN,1,5,0,0,38.207766821500066,-91.16571465599998
63084,MO,FRANKLIN,0,4,1,0,38.4458554597045,-91.00451728804464
63088,MO,ST. LOUIS,0,3,0,0,38.5631763833334,-90.4836876623333
63090,MO,FRANKLIN,1,10,0,0,38.54548847400004,-91.00601187581816
63103,MO,ST. LOUIS (CITY),0,1,1,0,38.626622880656704,-90.21899164325644
63104,MO,ST. LOUIS,2,0,0,0,38.6229368,-90.23878593
63105,MO,ST. LOUIS,0,1,1,0,38.64689754318505,-90.34278717465307
63106,MO,ST. LOUIS,2,3,0,0,38.645277513000025,-90.211775025
63107,MO,ST. LOUIS (CITY),0,3,0,0,38.6591369076667,-90.21483459799997
63108,MO,ST. LOUIS (CITY),1,14,0,0,38.64427861719603,-90.25662946436246
63109,MO,ST. LOUIS (CITY),0,3,0,0,38.590125715,-90.3031364646666
63110,MO,ST. LOUIS,7,3,0,0,38.62491751640001,-90.25225315719999
63111,MO,ST. LOUIS (CITY),0,7,0,0,38.5592542614286,-90.24635894728567
63112,MO,ST. LOUIS,2,4,0,0,38.65731159566672,-90.28258530483333
63113,MO,ST. LOUIS (CITY),0,6,0,0,38.66169871866672,-90.24994610949996
63114,MO,ST. LOUIS,0,6,0,0,38.707580746166734,-90.37737702849996
63116,MO,ST. LOUIS (CITY),0,2,0,0,38.5870481695,-90.26990225749995
63117,MO,ST. LOUIS,2,4,0,0,38.63296683266667,-90.3237923745
63118,MO,ST. LOUIS (CITY),1,3,0,0,38.58851192800005,-90.2301808845
63119,MO,ST. LOUIS,0,5,0,0,38.57959975700006,-90.34049371979997
63120,MO,ST. LOUIS (CITY),0,2,0,0,38.695224104999994,-90.2454647725
63121,MO,ST. LOUIS,0,2,0,0,38.7080877850001,-90.29157957549995
63122,MO,ST. LOUIS,1,9,0,0,38.57810535182439,-90.41835010922969
63123,MO,ST. LOUIS,0,2,0,0,38.53380879300005,-90.33297535450001
63124,MO,ST. LOUIS,0,4,0,0,38.65956773525005,-90.35888680574998
63125,MO,ST. LOUIS,1,6,0,0,38.51981806742861,-90.28839529428569
63127,MO,ST. LOUIS,0,5,0,0,38.53825543976702,-90.41371463564344
63128,MO,ST. LOUIS,3,6,0,0,38.501274933111155,-90.38364344777776
63129,MO,ST. LOUIS,0,4,0,0,38.47493262475005,-90.31407763499998
63130,MO,ST. LOUIS,0,3,0,0,38.665368606000065,-90.31055185833327
63131,MO,ST. LOUIS,2,3,0,0,38.61550523820002,-90.45665101679998
63133,MO,ST. LOUIS,1,1,0,0,38.6896636565,-90.31043081799999
63134,MO,ST. LOUIS,0,1,0,0,38.720003922,-90.3188816109999
63135,MO,ST. LOUIS,0,3,0,0,38.74675294290207,-90.29815690305196
63136,MO,ST. LOUIS,1,5,0,0,38.7599553885,-90.25009226133334
63137,MO,ST. LOUIS,0,1,0,0,38.7372920920001,-90.22532584
63138,MO,ST. LOUIS,0,1,0,0,38.776826941,-90.183092422
63139,MO,ST. LOUIS,1,1,0,0,38.6180531185,-90.28822850899999
63141,MO,ST. LOUIS,2,6,0,0,38.66329273987503,-90.45039859499998
63144,MO,ST. LOUIS,0,1,0,0,38.6297092670001,-90.350209873
63146,MO,ST. LOUIS,0,8,0,0,38.68427956875007,-90.43081163524997
63147,MO,ST. LOUIS (CITY),0,1,0,0,38.716216306,-90.2370702119999
63301,MO,ST. CHARLES,2,9,1,0,38.78768511250733,-90.49928420078577
63303,MO,ST. CHARLES,0,3,0,0,38.7546857613334,-90.52610272733334
63304,MO,ST. CHARLES,1,4,0,0,38.72588116040006,-90.650960906
63334,MO,PIKE,0,3,1,0,39.341902708178985,-91.19880730589414
63343,MO,LINCOLN,0,4,0,0,39.16448998273874,-90.8114706633324
63351,MO,MONTGOMERY,0,1,0,0,38.854295344,-91.2991135359999
63353,MO,PIKE,1,2,0,0,39.43975879766666,-91.07151980100001
63361,MO,MONTGOMERY,0,2,1,0,38.97656446629116,-91.50930448259379
63362,MO,LINCOLN,0,3,0,0,38.942843382666695,-90.91023533766668
63363,MO,MONTGOMERY,0,1,0,0,38.9137603020001,-91.459820103
63366,MO,ST. CHARLES,0,6,0,0,38.815646262166716,-90.69555877883333
63367,MO,ST. CHARLES,2,1,0,0,38.79315789,-90.77620358333333
63368,MO,ST. CHARLES,1,7,0,0,38.747719976625035,-90.72686389937499
63376,MO,ST. CHARLES,2,9,0,0,38.78637075300004,-90.59867022654545
63377,MO,LINCOLN,0,2,0,0,39.12831440000005,-91.05662055650001
63379,MO,LINCOLN,1,7,1,0,38.98031686050885,-90.96671630527212
63382,MO,AUDRAIN,0,3,0,0,39.3125512563334,-91.48933892100001
63383,MO,WARREN,0,6,1,0,38.80215840224931,-91.14806254551401
63384,MO,MONTGOMERY,0,1,0,0,39.071349137,-91.560894666
63385,MO,ST. CHARLES,1,7,0,0,38.81130737931405,-90.8517486661274
63389,MO,LINCOLN,0,3,0,0,38.9947365226667,-90.7407353646666
63401,MO,MARION,1,10,1,0,39.71118178334431,-91.40418656215553
63435,MO,LEWIS,0,1,0,0,40.1404024980001,-91.5415612799999
63436,MO,RALLS,0,1,0,0,39.511098958,-91.5322958089999
63437,MO,SHELBY,0,1,0,0,39.7440235770001,-92.252758235
63445,MO,CLARK,0,1,1,0,40.43013682939865,-91.72002914216742
63447,MO,LEWIS,0,1,0,0,40.1215958490001,-91.923390141
63452,MO,LEWIS,0,1,0,0,40.087,-91.793958
63456,MO,MONROE,0,3,0,0,39.653528361000035,-91.71615455366664
63457,MO,LEWIS,0,0,1,0,40.122415150448894,-91.71012691820543
63459,MO,RALLS,0,0,1,0,39.589303187166585,-91.40590741752875
63461,MO,MARION,0,3,0,0,39.78391883886926,-91.52495798026762
63468,MO,SHELBY,0,2,0,0,39.690991607500095,-92.04040863099996
63469,MO,SHELBY,0,0,1,0,39.806335596945054,-92.03422055668625
63501,MO,ADAIR,1,5,1,0,40.18179655069492,-92.57143956156492
63537,MO,KNOX,0,3,1,0,40.16897975180054,-92.1646574331439
63548,MO,SCHUYLER,0,0,1,0,40.520557780738635,-92.52652342132474
63549,MO,MACON,0,1,0,0,40.02346872,-92.483180578
63552,MO,MACON,1,7,1,0,39.748544781382364,-92.47015528179116
63555,MO,SCOTLAND,1,2,1,0,40.46489980806797,-92.16542905458705
63556,MO,SULLIVAN,1,5,1,0,40.1917980614243,-93.13153012552202
63561,MO,SCHUYLER,0,1,0,0,40.418608437,-92.565922003
63565,MO,PUTNAM,1,3,1,0,40.48159783691575,-93.00690622400425
63601,MO,ST. FRANCOIS,0,7,1,0,37.85668708349636,-90.5196686630485
63620,MO,IRON,0,3,0,0,37.3595930573334,-90.69319260566668
63623,MO,IRON,0,1,0,0,37.7013260910001,-90.8235473349999
63624,MO,ST. FRANCOIS,0,1,0,0,37.77256307,-90.626531797
63628,MO,ST. FRANCOIS,1,1,0,0,37.91350813118885,-90.54322148196815
63629,MO,REYNOLDS,0,2,0,0,37.452688467000044,-91.21032289999995
63631,MO,IRON,0,2,0,0,37.7037889895768,-90.7570873840578
63633,MO,REYNOLDS,0,0,1,0,37.43355377583249,-90.95871613276643
63637,MO,ST. FRANCOIS,0,3,0,0,37.73896981100003,-90.49317706099993
63638,MO,REYNOLDS,1,1,0,0,37.24152266700005,-90.95995174349994
63640,MO,ST. FRANCOIS,3,27,0,0,37.78036074382562,-90.41596438975174
63645,MO,MADISON,1,4,1,0,37.56138312019448,-90.28812601004218
63650,MO,IRON,0,7,1,0,37.592825567211214,-90.61970974267176
63660,MO,WASHINGTON,0,2,0,0,37.89924371400005,-90.6953579375
63662,MO,BOLLINGER,0,1,0,0,37.5025915410001,-90.013192181
63663,MO,IRON,1,1,0,0,37.622195916,-90.64861658249995
63664,MO,WASHINGTON,1,2,1,0,37.92686854728604,-90.77395563663961
63670,MO,STE. GENEVIEVE,1,5,1,0,37.93084844306081,-90.14175159740523
63673,MO,STE. GENEVIEVE,0,1,0,0,37.8813739300001,-89.954063892
63701,MO,CAPE GIRARDEAU,2,10,0,0,37.32576469666672,-89.55812522108333
63703,MO,CAPE GIRARDEAU,2,8,1,0,37.29741746204998,-89.5599547435519
63730,MO,STODDARD,0,2,0,0,37.102558981500096,-89.909839242
63740,MO,SCOTT,0,1,0,0,37.1886458860001,-89.668164974
63755,MO,CAPE GIRARDEAU,0,3,0,0,37.38481846066673,-89.67249106599992
63764,MO,BOLLINGER,0,9,1,0,37.327342470021804,-89.96139118323853
63775,MO,PERRY,1,5,1,0,37.72898582928004,-89.85894486449175
63780,MO,SCOTT,0,2,0,0,37.21040115900005,-89.545093267
63801,MO,SCOTT,1,10,1,0,36.88217304864016,-89.58953418673339
63822,MO,STODDARD,0,3,0,0,36.66510974,-89.98159514733334
63823,MO,MISSISSIPPI,0,1,0,0,36.905629871,-89.460737095
63825,MO,STODDARD,0,1,1,0,36.89274805075367,-89.93020928358328
63830,MO,PEMISCOT,0,1,0,0,36.1958639910001,-89.66580091
63834,MO,MISSISSIPPI,0,2,1,0,36.9211571080614,-89.33893408494276
63841,MO,STODDARD,1,6,0,0,36.800160316714326,-89.96648483399997
63845,MO,MISSISSIPPI,0,1,0,0,36.7854063560001,-89.391487347
63848,MO,NEW MADRID,0,1,0,0,36.453148415,-89.924500682
63851,MO,PEMISCOT,1,0,1,0,36.23723567184801,-89.7412709697753
63857,MO,DUNKLIN,1,5,1,0,36.23087393702837,-90.06175268909003
63863,MO,DUNKLIN,0,3,0,0,36.571733404000064,-89.9708863666666
63867,MO,NEW MADRID,0,1,0,0,36.7501320380001,-89.584604696
63869,MO,NEW MADRID,0,1,1,0,36.59183400190879,-89.54453818557032
63873,MO,NEW MADRID,0,1,0,0,36.440539749,-89.696747721
63876,MO,DUNKLIN,0,1,0,0,36.126030251,-90.154423031
63877,MO,PEMISCOT,0,1,0,0,36.0889479510001,-89.81479282
63901,MO,BUTLER,4,16,1,0,36.76526695647118,-90.41752466427846
63932,MO,BUTLER,0,1,0,0,36.765789931,-90.280793009
63933,MO,DUNKLIN,0,1,0,0,36.489016431,-90.0820241279999
63935,MO,RIPLEY,1,3,1,0,36.62178054456392,-90.82317504784228
63944,MO,WAYNE,0,1,1,0,37.126067000999726,-90.45316068519516
63957,MO,WAYNE,0,1,0,0,37.171579493,-90.6883082799999
63960,MO,STODDARD,0,2,0,0,36.96009188750005,-90.1510907625
63965,MO,CARTER,0,2,1,0,36.99956438675042,-91.01389114946737
63966,MO,BUTLER,0,1,0,0,36.911351,-90.2970989999999
64012,MO,CASS,1,4,0,0,38.80761609060002,-94.52136926479997
64014,MO,JACKSON,1,5,0,0,39.02549307033337,-94.26122321466663
64015,MO,JACKSON,0,4,0,0,39.03180184575005,-94.313142033
64020,MO,LAFAYETTE,0,4,0,0,38.99195269775002,-93.57581288349998
64024,MO,CLAY,1,2,0,0,39.36302857,-94.23578230299997
64029,MO,JACKSON,0,4,0,0,39.00976894875,-94.20764491375
64030,MO,JACKSON,0,2,0,0,38.89730443550005,-94.524652807
64037,MO,LAFAYETTE,0,2,0,0,39.074803696000046,-93.73855627049996
64040,MO,JOHNSON,0,3,0,0,38.71209959200003,-93.9947581993333
64050,MO,JACKSON,0,4,2,0,39.09192916142938,-94.42234191732983
64052,MO,JACKSON,0,2,0,0,39.0914338695001,-94.450961866
64055,MO,JACKSON,0,1,0,0,39.0718560650001,-94.399029378
64057,MO,JACKSON,1,10,0,0,39.06014103063644,-94.36063767472727
64058,MO,JACKSON,0,1,0,0,39.142498011,-94.337759139
64060,MO,CLAY,0,2,0,0,39.35769142800005,-94.36311318
64062,MO,RAY,0,1,0,0,39.4421109460001,-94.208297293
64063,MO,JACKSON,1,1,0,0,38.90299442500005,-94.33211333
64064,MO,JACKSON,1,2,0,0,38.96973911166673,-94.36405930033334
64067,MO,LAFAYETTE,1,3,1,0,39.178948315492676,-93.87126003634549
64068,MO,CLAY,2,10,1,0,39.248810641173684,-94.43495157715132
64075,MO,JACKSON,0,4,0,0,39.005646284808776,-94.1303002569159
64076,MO,LAFAYETTE,0,3,0,0,38.9977547566667,-93.959520923
64079,MO,PLATTE,0,2,1,0,39.3658478438899,-94.78487271245626
64080,MO,CASS,0,3,0,0,38.80485777666673,-94.26465256599994
64081,MO,JACKSON,0,7,0,0,38.91326868722816,-94.39912896305152
64083,MO,CASS,0,6,0,0,38.805016187581266,-94.4667662221237
64085,MO,RAY,1,2,1,0,39.27239301903181,-93.96246346850472
64086,MO,JACKSON,1,0,0,0,38.94189729,-94.38152856
64089,MO,CLAY,1,2,0,0,39.36790756066666,-94.58108447866664
64093,MO,JOHNSON,1,11,1,0,38.76636815882847,-93.72563670650916
64096,MO,LAFAYETTE,0,1,0,0,39.209971528,-93.519078953
64098,MO,PLATTE,0,2,0,0,39.41124842650005,-94.89200362700001
64108,MO,JACKSON,4,0,1,0,39.08425351999996,-94.57386553015716
64109,MO,JACKSON,0,1,0,0,39.0739217660001,-94.573573857
64110,MO,JACKSON,0,3,0,0,39.0533393458443,-94.57429123266756
64111,MO,JACKSON,1,5,0,0,39.05251637350003,-94.59217184350001
64112,MO,JACKSON,0,1,0,0,39.042510787,-94.58621554
64113,MO,JACKSON,0,2,0,0,39.013456170000055,-94.5844736175
64114,MO,JACKSON,1,7,0,0,38.954807150558985,-94.59732952852156
64116,MO,CLAY,2,2,0,0,39.156648161750056,-94.57395106524997
64117,MO,CLAY,0,1,0,0,39.1613053400001,-94.5292218929999
64118,MO,CLAY,1,0,0,0,39.21928776,-94.58726916
64119,MO,CLAY,0,7,0,0,39.20904240101439,-94.54538086274896
64123,MO,JACKSON,0,1,0,0,39.113797951,-94.5197713159999
64127,MO,JACKSON,0,1,0,0,39.083776856,-94.545185626
64128,MO,JACKSON,1,3,0,0,39.062921754500024,-94.542506421
64130,MO,JACKSON,1,6,0,0,39.01984675957144,-94.54526600399997
64131,MO,JACKSON,2,7,0,0,38.959608066555575,-94.57893861699998
64132,MO,JACKSON,1,1,0,0,39.00394460500005,-94.55024687049996
64133,MO,JACKSON,1,5,0,0,39.02002781600005,-94.44772986183331
64134,MO,JACKSON,1,0,0,0,38.9243011,-94.4811889
64137,MO,JACKSON,0,1,0,0,38.935877964,-94.55730457
64138,MO,JACKSON,0,3,0,0,38.96339562341307,-94.45823617838647
64139,MO,JACKSON,1,1,0,0,38.98041749000005,-94.3975243865
64145,MO,JACKSON,0,3,0,0,38.896553114000035,-94.59525592166666
64150,MO,PLATTE,0,3,0,0,39.1731930033334,-94.61868819633332
64151,MO,PLATTE,0,4,0,0,39.20821649975005,-94.63875564825
64153,MO,PLATTE,0,1,0,0,39.2481153040001,-94.675943186
64154,MO,PLATTE,1,6,0,0,39.253301188714325,-94.63438975171428
64155,MO,CLAY,0,2,0,0,39.2947907585,-94.5665944955
64157,MO,CLAY,0,1,0,0,39.267249,-94.483729
64158,MO,CLAY,0,1,0,0,39.2412645000001,-94.48578109
64402,MO,GENTRY,1,0,0,0,40.25275515,-94.32438907
64424,MO,HARRISON,1,3,1,0,40.258727189233824,-94.02818848832588
64429,MO,DEKALB,1,6,0,0,39.745807254285786,-94.24027046585714
64446,MO,ATCHISON,1,0,0,0,40.3494741,-95.3947732
64454,MO,CLINTON,0,1,0,0,39.609454623,-94.595969079
64456,MO,WORTH,0,2,0,0,40.48154747400005,-94.41119415200001
64463,MO,GENTRY,0,1,0,0,40.0551332,-94.5268409
64468,MO,NODAWAY,1,9,1,0,40.33913239302405,-94.87961702742965
64469,MO,DEKALB,0,1,0,0,39.880734311,-94.358454029
64470,MO,HOLT,0,1,0,0,40.1457626120001,-95.2327976879999
64473,MO,HOLT,0,1,1,0,39.98471390269435,-95.14525335871676
64477,MO,CLINTON,0,2,1,0,39.56660164660695,-94.4507841626491
64482,MO,ATCHISON,0,1,0,0,40.4262279120001,-95.519321307
64485,MO,ANDREW,0,2,1,0,39.936453092328264,-94.8031991380703
64489,MO,GENTRY,0,2,1,0,40.21623466750861,-94.5330120375446
64491,MO,ATCHISON,0,1,1,0,40.44493820109085,-95.37954312909099
64501,MO,BUCHANAN,0,6,0,0,39.769215975666675,-94.84312909899997
64503,MO,BUCHANAN,0,2,1,0,39.75888140595976,-94.84460470052606
64504,MO,BUCHANAN,0,1,0,0,39.714340844,-94.863507629
64505,MO,BUCHANAN,0,2,0,0,39.79563877600005,-94.81936231149999
64506,MO,BUCHANAN,3,8,0,0,39.77665062527278,-94.78366108390907
64507,MO,BUCHANAN,0,4,0,0,39.75219137450007,-94.78703793999999
64601,MO,LIVINGSTON,1,11,1,0,39.80674610940132,-93.54637286026171
64624,MO,CALDWELL,0,1,0,0,39.586155444,-93.805291895
64628,MO,LINN,1,4,1,0,39.780034950948185,-93.06603592072914
64633,MO,CARROLL,1,4,1,0,39.368790824897005,-93.4898853666495
64640,MO,DAVIESS,0,1,1,0,39.91216414142164,-93.97268564986922
64644,MO,CALDWELL,0,2,0,0,39.73658749400005,-93.99629679649995
64650,MO,CALDWELL,0,0,1,0,39.640272255181586,-94.03940269092361
64658,MO,LINN,0,3,0,0,39.72028810181533,-92.94875075609548
64673,MO,MERCER,0,4,1,0,40.39907967405827,-93.58726269213936
64683,MO,GRUNDY,1,5,1,0,40.08456840625803,-93.60232643281974
64701,MO,CASS,1,3,1,0,38.65964963030532,-94.34479792984642
64720,MO,BATES,0,1,0,0,38.3950729990112,-94.3593369794638
64724,MO,ST. CLAIR,1,2,0,0,38.1922545036667,-94.021254365
64730,MO,BATES,1,4,1,0,38.252921448273916,-94.33747188461713
64735,MO,HENRY,1,8,1,0,38.37252737545767,-93.76881697237854
64744,MO,CEDAR,2,3,1,0,37.868178522884214,-94.0156630141375
64759,MO,BARTON,1,4,1,0,37.49708752812015,-94.27982858500174
64763,MO,ST. CLAIR,0,1,0,0,38.1377014830001,-93.7221816269999
64772,MO,VERNON,2,10,1,0,37.84565242932438,-94.3545106786011
64776,MO,ST CLAIR,0,0,1,0,38.05131839215804,-93.69112227094399
64801,MO,JASPER,2,4,1,0,37.08064113123914,-94.49030168439744
64804,MO,NEWTON,4,8,0,0,37.05319861733335,-94.53612760058333
64831,MO,MCDONALD,0,1,0,0,36.6411395540001,-94.4366619739999
64834,MO,JASPER,0,1,0,0,37.144381357,-94.5449148449999
64836,MO,JASPER,1,9,1,0,37.15714611136755,-94.3169647819324
64844,MO,NEWTON,0,1,0,0,36.916502662,-94.254511997
64850,MO,NEWTON,1,7,1,0,36.844088165175144,-94.38040469779646
64856,MO,MCDONALD,0,0,1,0,36.59394418718596,-94.38438373810304
64862,MO,JASPER,0,1,0,0,37.070752064,-94.128253763
64865,MO,NEWTON,0,2,0,0,36.834672908,-94.61398193649995
64870,MO,JASPER,0,4,0,0,37.153933213500025,-94.47700314899996
65010,MO,BOONE,0,4,0,0,38.767624547000075,-92.26036720574997
65018,MO,MONITEAU,0,6,1,0,38.62580925077844,-92.56430645972794
65020,MO,CAMDEN,0,5,1,0,38.011699013890535,-92.73963301240182
65026,MO,MILLER,0,6,0,0,38.349398866500046,-92.57044348583332
65038,MO,MORGAN,0,4,0,0,38.20476436788192,-92.8376362637558
65041,MO,GASCONADE,1,4,1,0,38.69067207585115,-91.44940317343033
65043,MO,CALLAWAY,0,4,0,0,38.64862748500005,-92.11431245225
65051,MO,OSAGE,0,3,0,0,38.46402398600003,-91.81797737566666
65059,MO,CALLAWAY,0,1,0,0,38.6806605730001,-91.882083982
65065,MO,CAMDEN,2,6,0,0,38.133763970250065,-92.65159769587498
65066,MO,GASCONADE,0,5,0,0,38.351115450200055,-91.49819669119998
65075,MO,MILLER,0,1,0,0,38.2442758720001,-92.2684155169999
65078,MO,MORGAN,0,3,0,0,38.442732553000035,-92.994166715
65081,MO,MONITEAU,0,3,0,0,38.65140064948367,-92.78470391949183
65082,MO,MILLER,0,1,1,0,38.230892509253586,-92.45326995881359
65084,MO,MORGAN,0,2,1,0,38.4268358434369,-92.85069354850918
65085,MO,OSAGE,0,1,0,0,38.441985947,-92.0029539509999
65101,MO,COLE,1,5,0,0,38.53620217491055,-92.18471846775162
65109,MO,COLE,1,20,2,0,38.58008481962442,-92.22668569278112
65201,MO,BOONE,7,11,0,0,38.93515344977783,-92.30408121272221
65202,MO,BOONE,1,3,0,0,38.99958664300003,-92.32550674024998
65203,MO,BOONE,1,5,1,0,38.93404597754574,-92.35993381654525
65212,MO,BOONE,1,0,0,0,38.93838366,-92.32817811
65233,MO,COOPER,1,8,1,0,38.95000897995536,-92.74966611566047
65236,MO,CHARITON,0,1,0,0,39.4275756760001,-93.13939132
65240,MO,BOONE,0,4,0,0,39.21604235875002,-92.134564591
65248,MO,HOWARD,0,4,1,0,39.14502010726924,-92.69116992485931
65251,MO,CALLAWAY,2,12,1,0,38.85287046556245,-91.95672668891194
65254,MO,HOWARD,0,1,0,0,39.2372507320001,-92.840011604
65259,MO,RANDOLPH,0,1,0,0,39.4389071080001,-92.543585553
65261,MO,CHARITON,0,0,1,0,39.43277616155549,-92.93784612303747
65263,MO,MONROE,0,2,0,0,39.3853616985,-92.21034845349995
65265,MO,AUDRAIN,1,8,1,0,39.170607055741826,-91.88488893797431
65270,MO,RANDOLPH,1,8,1,0,39.41780065480316,-92.42759318132666
65275,MO,MONROE,0,2,1,0,39.478155252910824,-92.00141238515141
65276,MO,COOPER,0,1,0,0,38.8706876040001,-92.918467108
65281,MO,CHARITON,0,3,0,0,39.42216496000003,-92.80748131766666
65284,MO,BOONE,0,2,0,0,39.23652238550005,-92.27637808099999
65301,MO,PETTIS,1,17,1,0,38.70836485177605,-93.2243237849802
65305,MO,JOHNSON,1,0,0,0,38.7282561,-93.5723712
65325,MO,BENTON,0,3,0,0,38.46190046996327,-93.20112733001507
65338,MO,BENTON,0,4,0,0,38.39308523975002,-93.32777438149998
65340,MO,SALINE,1,9,1,0,39.104394341715064,-93.1888320623047
65349,MO,SALINE,0,1,0,0,39.2252282320001,-93.0539638929999
65351,MO,SALINE,1,2,0,0,38.96937165533337,-93.41112420733332
65355,MO,BENTON,0,4,1,0,38.25096000873903,-93.37485547407866
65360,MO,HENRY,1,1,0,0,38.536116252,-93.52438884
65401,MO,PHELPS,1,10,1,0,37.95138047486066,-91.7701093347814
65438,MO,SHANNON,0,1,0,0,36.99618335,-91.501976782
65441,MO,CRAWFORD,0,3,0,0,38.179855681000035,-91.21501849766668
65452,MO,PULASKI,0,0,1,0,37.9462886746152,-92.26486504688836
65453,MO,CRAWFORD,0,7,0,0,38.08184565239554,-91.42788225169761
65459,MO,PULASKI,0,1,0,0,38.0009596350001,-92.0881990839999
65466,MO,SHANNON,0,2,1,0,37.156518828640735,-91.36105875061217
65473,MO,PULASKI,1,0,0,0,37.76616456,-92.11483258
65483,MO,TEXAS,1,1,1,0,37.32306288246077,-91.95911719237343
65536,MO,LACLEDE,1,11,1,0,37.674893145115064,-92.64984068972677
65542,MO,TEXAS,0,2,0,0,37.4972078640001,-91.8576660235
65548,MO,HOWELL,1,2,0,0,37.00559314466673,-91.70096417633333
65556,MO,PULASKI,0,2,0,0,37.857080379000095,-92.4010402185
65559,MO,PHELPS,0,4,0,0,38.02475127500008,-91.6639214525
65560,MO,DENT,1,3,1,0,37.648580798525046,-91.54795509381708
65565,MO,CRAWFORD,0,2,1,0,37.97080332032479,-91.35981690034195
65566,MO,IRON,0,1,0,0,37.721276184,-91.134486075
65582,MO,MARIES,0,3,0,0,38.18936160400006,-91.953345467
65583,MO,PULASKI,1,1,0,0,37.820563894,-92.2095434545
65604,MO,GREENE,0,1,0,0,37.319067626,-93.567467374
65605,MO,LAWRENCE,1,4,0,0,36.96390012560002,-93.7092408412
65606,MO,OREGON,0,1,1,0,36.69278635804579,-91.39681893803444
65608,MO,DOUGLAS,0,2,1,0,36.95059202695476,-92.66322931867006
65613,MO,POLK,1,8,1,0,37.61759310318148,-93.41355733906201
65615,MO,TANEY,1,0,0,0,36.65061008,-93.22186944
65616,MO,TANEY,0,4,0,0,36.66293634225003,-93.2415360595
65619,MO,GREENE,0,1,0,0,37.137882539,-93.36679333
65622,MO,DALLAS,0,6,1,0,37.64239468681749,-93.09918339899217
65625,MO,BARRY,1,3,1,0,36.675822394668174,-93.87552368430293
65633,MO,STONE,0,2,0,0,36.90727524650005,-93.5694927905
65653,MO,TANEY,0,3,1,0,36.67871474163925,-93.12929820865217
65655,MO,OZARK,0,1,1,0,36.60055161732295,-92.44671111934417
65656,MO,STONE,0,0,1,0,36.805630912847306,-93.46611071164749
65661,MO,DADE,0,1,1,0,37.410553104156776,-93.84295190761308
65667,MO,WRIGHT,0,1,1,0,37.25024371944815,-92.51543191037652
65668,MO,HICKORY,0,1,1,0,37.9418056538958,-93.31458323056475
65672,MO,TANEY,0,1,0,0,36.6094878600001,-93.2382461029999
65674,MO,POLK,0,3,0,0,37.795394007333435,-93.57668398999998
65682,MO,DADE,0,2,0,0,37.383868240000055,-93.9548240035
65689,MO,TEXAS,0,3,0,0,37.12179163400003,-92.10825819599997
65704,MO,WRIGHT,0,1,0,0,37.1009817070001,-92.561835307
65705,MO,LAWRENCE,0,2,0,0,37.00224638824865,-93.64064669204319
65706,MO,WEBSTER,0,4,1,0,37.33228030746244,-92.9205918978183
65708,MO,BARRY,1,6,0,0,36.92237007242862,-93.92244468714286
65711,MO,WRIGHT,0,2,0,0,37.14860788450005,-92.257204866
65712,MO,LAWRENCE,1,4,1,0,37.098446881438015,-93.82456712752548
65713,MO,WEBSTER,0,2,0,0,37.4176692070001,-92.725212507
65714,MO,CHRISTIAN,0,7,0,0,37.047253343000044,-93.2988932135714
65721,MO,CHRISTIAN,1,12,1,0,37.04882615973863,-93.21561397321709
65737,MO,STONE,0,1,0,0,36.6944516990001,-93.368369837
65738,MO,GREENE,0,4,0,0,37.12536206482865,-93.46389168571154
65742,MO,WEBSTER,0,1,0,0,37.1011381440001,-93.062992886
65746,MO,WEBSTER,0,1,0,0,37.148583257,-92.779599286
65757,MO,GREENE,0,1,0,0,37.271985407,-93.1269112479999
65767,MO,DALLAS,0,2,0,0,37.840719933500054,-93.1611982675
65769,MO,LAWRENCE,0,1,0,0,37.024262268,-93.7780285539999
65771,MO,TANEY,0,1,0,0,36.80096187,-93.226987234
65775,MO,HOWELL,1,7,1,0,36.727368317136225,-91.86322824316352
65781,MO,GREENE,0,3,0,0,37.29877312333337,-93.43439821333334
65785,MO,CEDAR,0,1,0,0,37.6826246140001,-93.805164083
65791,MO,OREGON,0,1,0,0,36.523479933,-91.552116531
65793,MO,HOWELL,0,2,0,0,36.981691386500046,-91.9885971855
65802,MO,GREENE,1,8,1,0,37.207383092098794,-93.29990883982995
65803,MO,GREENE,1,4,0,0,37.25376579700004,-93.2857933354
65804,MO,GREENE,3,4,0,0,37.14683999057144,-93.26422926400001
65806,MO,GREENE,2,3,0,0,37.20338357440001,-93.30557109400002
65807,MO,GREENE,2,12,0,0,37.1620938413572,-93.3046293915714
65809,MO,GREENE,0,6,0,0,37.17395556269012,-93.21962777480248
65810,MO,GREENE,0,5,0,0,37.1301524394,-93.29637212259996
66002,KS,ATCHISON,2,5,1,0,39.5603722048436,-95.12721698307331
66006,KS,DOUGLAS,0,2,0,0,38.7795306055001,-95.19221416299996
66007,KS,LEAVENWORTH,0,1,0,0,39.1146500090001,-94.943707761
66012,KS,WYANDOTTE,0,1,0,0,39.064972036,-94.8790647389999
66018,KS,JOHNSON,0,1,0,0,38.975238689,-94.975770832
66020,KS,LEAVENWORTH,0,1,0,0,39.346336422,-95.121620714
66025,KS,DOUGLAS,0,2,0,0,38.924532482000046,-95.09724080299995
66027,KS,LEAVENWORTH,1,0,0,0,39.3553971,-94.9249508
66030,KS,JOHNSON,2,3,0,0,38.80701488520002,-94.9356992754
66032,KS,ANDERSON,1,1,1,0,38.28258898469707,-95.2462575735979
66035,KS,DONIPHAN,0,1,0,0,39.8563725760001,-95.270603995
66043,KS,LEAVENWORTH,0,3,0,0,39.2637462526667,-94.90825093699998
66044,KS,DOUGLAS,2,1,1,0,38.979218870638874,-95.24820856410774
66047,KS,DOUGLAS,0,1,0,0,38.9560919780001,-95.303646498
66048,KS,LEAVENWORTH,3,3,1,0,39.28358083924335,-94.9118619897574
66049,KS,DOUGLAS,0,5,0,0,38.97414119687834,-95.29027434167993
66053,KS,MIAMI,0,2,0,0,38.61504992700005,-94.6837329895
66060,KS,JEFFERSON,0,2,0,0,39.41816814300005,-95.3310066155
66061,KS,JOHNSON,1,8,1,0,38.87574477391539,-94.81804984308026
66062,KS,JOHNSON,1,6,0,0,38.89030160000003,-94.76826407928569
66064,KS,MIAMI,2,2,0,0,38.505476661000024,-94.9558550195
66066,KS,JEFFERSON,0,1,1,0,39.21130936227507,-95.3119749654492
66067,KS,FRANKLIN,1,3,1,0,38.59989447078607,-95.38072984753241
66071,KS,MIAMI,1,3,1,0,38.57273234500026,-94.86308430373956
66075,KS,LINN,0,0,1,0,38.17585458054643,-94.70990446719385
66080,KS,FRANKLIN,0,1,0,0,38.3981706270001,-95.25198012
66083,KS,MIAMI,0,2,0,0,38.73235699750005,-94.8264759325
66086,KS,LEAVENWORTH,0,2,0,0,39.104320353000105,-95.0877532489999
66087,KS,DONIPHAN,0,0,1,0,39.78546977972376,-95.08992119296606
66088,KS,JEFFERSON,0,2,0,0,39.33672815450009,-95.461079299
66090,KS,DONIPHAN,1,1,0,0,39.758440241500054,-94.91535359150001
66092,KS,FRANKLIN,0,1,0,0,38.7163963240001,-95.085115811
66097,KS,JEFFERSON,2,1,0,0,39.32583182033337,-95.27003018666666
66101,KS,WYANDOTTE,0,0,1,0,39.11334466310497,-94.62508843961386
66103,KS,WYANDOTTE,0,1,0,0,39.0570673,-94.612138554
66104,KS,WYANDOTTE,0,2,0,0,39.138654925000054,-94.72456596
66106,KS,WYANDOTTE,1,1,0,0,39.08930092350005,-94.742222139
66109,KS,WYANDOTTE,0,1,0,0,39.1312409610001,-94.8418383329999
66111,KS,WYANDOTTE,0,3,0,0,39.057124308333364,-94.81741533433332
66112,KS,WYANDOTTE,3,3,0,0,39.12549132416667,-94.78193398916665
66160,KS,WYANDOTTE,1,0,0,0,39.0558273,-94.6089825
66203,KS,JOHNSON,1,2,0,0,39.0110029073334,-94.70312699999995
66204,KS,JOHNSON,1,3,0,0,38.99043498150005,-94.67716182699998
66205,KS,JOHNSON,0,2,0,0,39.018186903499995,-94.64689853499995
66206,KS,JOHNSON,0,2,0,0,38.970516033500104,-94.621883363
66207,KS,JOHNSON,1,4,0,0,38.941144390200066,-94.646631332
66208,KS,JOHNSON,0,2,0,0,38.9904937170001,-94.62946509549995
66209,KS,JOHNSON,1,5,0,0,38.90823437233338,-94.64569333349998
66210,KS,JOHNSON,1,3,0,0,38.92417460825007,-94.71643129974997
66211,KS,JOHNSON,3,1,0,0,38.92520843775002,-94.64050334775
66212,KS,JOHNSON,3,3,0,0,38.94204085550003,-94.66246861283334
66213,KS,JOHNSON,2,4,0,0,38.89986954700003,-94.6906706073333
66214,KS,JOHNSON,0,1,0,0,38.991736759,-94.704460655
66215,KS,JOHNSON,1,8,0,0,38.95726759133338,-94.73935828266661
66216,KS,JOHNSON,0,2,0,0,39.01736334200005,-94.7324445254999
66217,KS,JOHNSON,0,1,0,0,38.998088926,-94.7733138139999
66219,KS,JOHNSON,1,0,0,0,38.92442295,-94.76900543
66220,KS,JOHNSON,0,1,0,0,38.953486513,-94.839926149
66221,KS,JOHNSON,1,2,0,0,38.90001680400004,-94.703603961
66223,KS,JOHNSON,1,2,0,0,38.858766397,-94.67317703966664
66224,KS,JOHNSON,0,2,0,0,38.868466024,-94.64747676249996
66226,KS,JOHNSON,1,0,0,0,39.0053238,-94.844691
66227,KS,JOHNSON,2,0,0,0,38.971963954,-94.8554852995
66401,KS,WABAUNSEE,0,1,1,0,39.016264243520205,-96.28962325514587
66402,KS,SHAWNEE,0,1,0,0,38.9117661500001,-95.8138707419999
66415,KS,NEMAHA,0,1,0,0,39.724166138,-96.123849901
66423,KS,WABAUNSEE,0,1,0,0,38.8647730650001,-96.105283575
66427,KS,MARSHALL,0,1,0,0,39.7056183440001,-96.4117544919999
66434,KS,BROWN,1,2,1,0,39.851360610642544,-95.52836911486183
66436,KS,JACKSON,1,2,1,0,39.466710910725226,-95.74377307004046
66439,KS,BROWN,1,1,0,0,39.67363546400005,-95.52969795699994
66441,KS,GEARY,2,2,1,0,39.014135070418526,-96.85344675349072
66442,KS,GEARY,3,0,0,0,39.09277269999999,-96.78391236666668
66449,KS,RILEY,0,1,0,0,39.364459068,-96.862882933
66451,KS,OSAGE,0,0,1,0,38.612234074051706,-95.68419342811362
66502,KS,RILEY,2,3,1,0,39.20356724006884,-96.60119152320242
66503,KS,RILEY,0,2,0,0,39.206885869500056,-96.633256209
66508,KS,MARSHALL,1,2,1,0,39.847954387483604,-96.63681814249706
66521,KS,POTTAWATOMIE,1,2,0,0,39.49486416400006,-96.17245637699996
66523,KS,OSAGE,0,2,0,0,38.6341753295,-95.82087307099995
66524,KS,OSAGE,0,2,0,0,38.7803035230001,-95.5652793545
66533,KS,SHAWNEE,0,1,0,0,39.136299099,-95.9434629039999
66534,KS,NEMAHA,1,2,1,0,39.902258911259466,-95.80761440119723
66536,KS,POTTAWATOMIE,1,0,0,0,39.18859027,-96.06110542
66538,KS,NEMAHA,1,3,0,0,39.83957757750002,-96.07633162624991
66547,KS,POTTAWATOMIE,1,2,0,0,39.20277686433334,-96.31833686899999
66549,KS,POTTAWATOMIE,0,1,1,0,39.3933920881985,-96.41057946419048
66604,KS,SHAWNEE,2,4,0,0,39.04509261700003,-95.72647042033333
66606,KS,SHAWNEE,2,4,1,0,39.05745969545954,-95.71183321609483
66607,KS,SHAWNEE,0,3,0,0,39.04429782900004,-95.64546898100001
66608,KS,SHAWNEE,0,2,0,0,39.0782760420001,-95.66561109099996
66611,KS,SHAWNEE,0,3,0,0,39.0060170003334,-95.69553591599997
66612,KS,SHAWNEE,0,0,1,0,39.04529368038111,-95.67660497712362
66614,KS,SHAWNEE,0,6,0,0,39.017774874333384,-95.7735179513333
66615,KS,SHAWNEE,1,3,0,0,39.040805441000025,-95.77122093850001
66622,KS,SHAWNEE,1,0,0,0,39.02623218,-95.72279545
66701,KS,BOURBON,1,3,1,0,37.823534880862,-94.71172700323785
66712,KS,CRAWFORD,0,1,0,0,37.5423442200001,-94.696944704
66713,KS,CHEROKEE,0,1,0,0,37.0502894110001,-94.699242119
66720,KS,NEOSHO,2,3,1,0,37.67567027700953,-95.46773890480063
66725,KS,CHEROKEE,1,1,1,0,37.17198992129278,-94.84780158273098
66736,KS,WILSON,1,1,1,0,37.533442775044946,-95.81660557055916
66739,KS,CHEROKEE,1,1,0,0,37.075713754999995,-94.624259753
66743,KS,CRAWFORD,1,2,0,0,37.51542883766673,-94.8567046553333
66749,KS,ALLEN,3,1,1,0,37.93461860945531,-95.39562488439796
66755,KS,ALLEN,0,1,0,0,37.9221536330001,-95.17545474
66757,KS,WILSON,1,2,0,0,37.4269092486667,-95.69032110066667
66762,KS,CRAWFORD,1,4,1,0,37.390561009479036,-94.68835143723918
66763,KS,CRAWFORD,0,1,0,0,37.4503308430001,-94.699051839
66771,KS,NEOSHO,0,1,0,0,37.5166949900001,-95.162517091
66783,KS,WOODSON,0,1,1,0,37.87638792426971,-95.73586647824587
66801,KS,LYON,2,4,1,0,38.41915856112554,-96.20200597030342
66839,KS,COFFEY,2,2,1,0,38.20200088706281,-95.74230608002877
66845,KS,CHASE,0,1,1,0,38.36529346628163,-96.53816534203061
66846,KS,MORRIS,1,2,1,0,38.66251151498982,-96.5032594817909
66861,KS,MARION,2,2,1,0,38.3455588038633,-97.01104607946846
66866,KS,MARION,0,2,0,0,38.1694972910001,-97.11436079500001
66871,KS,COFFEY,1,0,0,0,38.38818202,-95.59962994
66901,KS,CLOUD,2,3,1,0,39.56330042173898,-97.66988952852114
66935,KS,REPUBLIC,1,2,1,0,39.818908424118845,-97.63580407536962
66938,KS,CLOUD,0,1,0,0,39.5906032610001,-97.405955287
66945,KS,WASHINGTON,1,0,0,0,39.89110493,-96.87514381
66953,KS,WASHINGTON,0,1,0,0,39.6808597670001,-97.090158045
66956,KS,JEWELL,1,0,1,0,39.78729123631288,-98.20509797812353
66967,KS,SMITH,1,2,1,0,39.77453239126331,-98.78563943002375
66968,KS,WASHINGTON,1,1,1,0,39.81788538111848,-97.04763495351334
67002,KS,BUTLER,1,5,0,0,37.70874196583336,-97.14072544333328
67003,KS,HARPER,2,2,1,0,37.168221476232254,-98.0242976167968
67005,KS,COWLEY,1,3,0,0,37.097535925500054,-97.03938378874994
67009,KS,HARPER,0,1,0,0,37.2416502190001,-98.229156008
67010,KS,BUTLER,0,2,0,0,37.69739588500005,-96.968564559
67022,KS,SUMNER,2,0,0,0,37.0279525045,-97.6023917485
67025,KS,SEDGWICK,0,1,0,0,37.6340934080001,-97.780185457
67026,KS,SEDGWICK,0,2,0,0,37.5093981940001,-97.49685997399996
67029,KS,COMANCHE,1,1,1,0,37.26794022226384,-99.33224785894623
67030,KS,SEDGWICK,0,1,0,0,37.7796324660001,-97.533555048
67031,KS,SUMNER,0,1,0,0,37.385117349,-97.645429569
67035,KS,KINGMAN,0,1,0,0,37.641768438,-98.429371322
67037,KS,SEDGWICK,1,5,0,0,37.55479019083338,-97.24690009366667
67042,KS,BUTLER,1,2,1,0,37.82010363224601,-96.85185881189949
67045,KS,GREENWOOD,1,2,1,0,37.82570006536321,-96.28817082463621
67052,KS,SEDGWICK,0,2,0,0,37.6645808455,-97.5676395115
67053,KS,MARION,0,1,0,0,38.2470928270001,-97.3433238269999
67054,KS,KIOWA,1,0,1,0,37.60511595097449,-99.29614589556522
67056,KS,HARVEY,0,2,0,0,37.9968958105001,-97.50838522399995
67058,KS,HARPER,1,1,0,0,37.28420298750005,-98.03267655449994
67059,KS,KIOWA,0,1,0,0,37.616761555,-99.106694992
67060,KS,SEDGWICK,0,1,0,0,37.566419087,-97.356627902
67062,KS,HARVEY,0,2,0,0,38.13163513150005,-97.43317318000001
67063,KS,MARION,1,2,0,0,38.350098759666736,-97.1996273236666
67068,KS,KINGMAN,1,1,1,0,37.647175559011266,-98.11966327918606
67070,KS,BARBER,2,1,0,0,37.01335786866667,-98.48429448866666
67104,KS,BARBER,1,0,1,0,37.284771869778695,-98.57766212249999
67107,KS,MCPHERSON,1,2,0,0,38.20081969366673,-97.517256408
67108,KS,SEDGWICK,0,1,0,0,37.8690005820001,-97.657589646
67110,KS,SUMNER,0,2,0,0,37.47430300750005,-97.2376522695
67114,KS,HARVEY,2,3,1,0,38.03828762200374,-97.33203969500558
67117,KS,HARVEY,0,1,0,0,38.0776910540001,-97.3504670469999
67119,KS,SUMNER,0,1,0,0,37.2732402610001,-97.163849237
67124,KS,PRATT,1,3,1,0,37.647615741954894,-98.7292648120249
67127,KS,COMANCHE,0,1,0,0,37.1950802980001,-99.483407754
67133,KS,BUTLER,0,1,0,0,37.56805547,-97.136093321
67135,KS,HARVEY,0,1,0,0,37.9200910170001,-97.42958043
67152,KS,SUMNER,1,3,1,0,37.26715399097271,-97.40437897859377
67154,KS,BUTLER,0,1,0,0,37.957865226,-97.150211494
67156,KS,COWLEY,1,4,1,0,37.24546092000295,-96.97895982474078
67203,KS,SEDGWICK,0,3,1,0,37.702836947432104,-97.37766038296529
67205,KS,SEDGWICK,0,3,0,0,37.74782713500007,-97.43946443999998
67206,KS,SEDGWICK,1,8,0,0,37.71176338377782,-97.22631669555552
67207,KS,SEDGWICK,1,1,0,0,37.654829687000046,-97.242172657
67208,KS,SEDGWICK,0,2,0,0,37.709471095000055,-97.274982075
67209,KS,SEDGWICK,0,3,0,0,37.671935966333365,-97.46106739499997
67211,KS,SEDGWICK,0,1,0,0,37.652601148,-97.3143892369999
67212,KS,SEDGWICK,1,4,0,0,37.702371048400074,-97.42466241979999
67213,KS,SEDGWICK,0,5,0,0,37.66828074140008,-97.36101910059996
67214,KS,SEDGWICK,3,0,0,0,37.69812101333333,-97.32049594333334
67218,KS,SEDGWICK,2,4,0,0,37.66946550466674,-97.2822913283333
67220,KS,SEDGWICK,1,1,0,0,37.7296689685,-97.2618200375
67221,KS,SEDGWICK,1,0,0,0,37.6324176,-97.24611967
67226,KS,SEDGWICK,3,3,0,0,37.74395195983337,-97.23930332949999
67228,KS,SEDGWICK,0,1,0,0,37.721524043,-97.186604593
67235,KS,SEDGWICK,1,1,0,0,37.70206374050005,-97.498064609
67301,KS,MONTGOMERY,1,3,0,0,37.23409688650005,-95.71414359724997
67335,KS,MONTGOMERY,0,1,0,0,37.268063517,-95.566800295
67336,KS,LABETTE,0,1,0,0,37.037542966,-95.095144187
67337,KS,MONTGOMERY,1,4,1,0,37.04039370309702,-95.64351283371616
67349,KS,ELK,0,0,1,0,37.46949427441085,-96.26156489784397
67356,KS,LABETTE,1,1,0,0,37.158832509999996,-95.11160970199995
67357,KS,LABETTE,2,4,1,0,37.33700822656213,-95.26178777555916
67361,KS,CHAUTAUQUA,1,1,1,0,37.13017759605146,-96.18506160945692
67401,KS,SALINE,2,11,1,0,38.82353974493214,-97.59471081995795
67410,KS,DICKINSON,1,3,1,0,38.925228033230745,-97.21244054726169
67420,KS,MITCHELL,1,2,1,0,39.46750743874044,-98.11482020231355
67431,KS,DICKINSON,0,1,0,0,38.977710346,-97.0202027459999
67432,KS,CLAY,1,3,1,0,39.388315240796,-97.12071539603178
67437,KS,OSBORNE,0,1,0,0,39.5076478560001,-98.550095617
67439,KS,ELLSWORTH,1,1,1,0,38.73469993644503,-98.22460203918725
67441,KS,DICKINSON,0,1,0,0,38.898148787,-97.111340813
67445,KS,CLOUD,0,1,0,0,39.3618848510001,-97.837001027
67449,KS,DICKINSON,1,1,0,0,38.6795966335,-96.94257174449996
67455,KS,LINCOLN,1,1,1,0,39.04474117171034,-98.14754315356952
67456,KS,MCPHERSON,1,2,0,0,38.576989808333366,-97.67621509700001
67457,KS,RICE,0,1,0,0,38.39914041,-98.01749345
67460,KS,MCPHERSON,1,3,1,0,38.38346244372206,-97.6649905162445
67464,KS,MCPHERSON,0,1,0,0,38.5520221090001,-97.834448067
67467,KS,OTTAWA,1,1,1,0,39.12964986665357,-97.70323410363137
67473,KS,OSBORNE,1,1,1,0,39.442135950076505,-98.69737034303051
67487,KS,CLAY,0,1,0,0,39.2150361860001,-97.01804929
67490,KS,ELLSWORTH,0,1,0,0,38.8203826170001,-98.4777284529999
67501,KS,RENO,0,0,1,0,38.05434413275933,-97.93623678322072
67502,KS,RENO,2,6,0,0,38.08242008662505,-97.90750125899997
67505,KS,RENO,0,1,0,0,38.0288771560001,-97.953212
67522,KS,RENO,0,1,0,0,38.131719908,-97.775186853
67526,KS,BARTON,1,1,0,0,38.361485074,-98.5848284445
67530,KS,BARTON,1,4,1,0,38.36414836661236,-98.79582081394558
67544,KS,BARTON,1,1,0,0,38.52056529250005,-98.778892829
67546,KS,MCPHERSON,0,1,0,0,38.2325106650001,-97.769613235
67547,KS,EDWARDS,1,1,1,0,37.92141653953083,-99.42111515553798
67548,KS,RUSH,1,1,1,0,38.52947799853309,-99.3144515232756
67550,KS,PAWNEE,2,2,1,0,38.181150001836,-99.1156689684016
67554,KS,RICE,1,2,1,0,38.34091181723724,-98.21612992061686
67560,KS,NESS,1,0,1,0,38.45579107490616,-99.90438081495913
67570,KS,RENO,0,1,0,0,37.7802823440001,-98.0126007119999
67572,KS,NESS,1,0,0,0,38.63598862,-99.93115241
67576,KS,STAFFORD,0,2,1,0,38.00074176325172,-98.75387359792808
67578,KS,STAFFORD,1,1,0,0,37.956706735000054,-98.59474665949995
67579,KS,RICE,0,1,0,0,38.215085227,-98.2089670239999
67601,KS,ELLIS,1,4,1,0,38.881787498272764,-99.31134080246335
67637,KS,ELLIS,0,1,0,0,38.935230688,-99.553273926
67642,KS,GRAHAM,1,1,1,0,39.37027851897361,-99.84364655911047
67646,KS,PHILLIPS,0,1,0,0,39.6611543820001,-99.570175181
67654,KS,NORTON,1,2,1,0,39.83728654173419,-99.89292547776294
67661,KS,PHILLIPS,1,1,1,0,39.75538426098283,-99.31509012496652
67663,KS,ROOKS,1,1,0,0,39.236130556,-99.2978166785
67665,KS,RUSSELL,1,2,1,0,38.88298210773692,-98.85690306949945
67669,KS,ROOKS,0,1,1,0,39.43528579985622,-99.27279779850099
67672,KS,TREGO,1,1,1,0,39.026908987489634,-99.8754660561684
67701,KS,THOMAS,1,3,1,0,39.37968251102158,-101.04823239577827
67730,KS,RAWLINS,1,1,1,0,39.81147967845006,-101.04004900082528
67735,KS,SHERMAN,1,2,1,0,39.35246956730221,-101.71425532316735
67736,KS,GOVE,0,0,1,0,38.95679056309853,-100.48424711113557
67740,KS,SHERIDAN,1,0,1,0,39.35505920718077,-100.43806271796706
67748,KS,LOGAN,1,1,1,0,39.12866597978769,-100.8581906855989
67749,KS,DECATUR,1,1,1,0,39.81862307675549,-100.53535067847656
67752,KS,GOVE,1,0,0,0,39.06757357,-100.24071585
67756,KS,CHEYENNE,1,1,1,0,39.769346927583534,-101.80184581526201
67758,KS,WALLACE,0,1,1,0,38.89992305945367,-101.749914096602
67801,KS,FORD,1,4,1,0,37.76847701636276,-100.02133181194024
67831,KS,CLARK,1,0,1,0,37.18805590219407,-99.76994261220781
67834,KS,FORD,0,1,0,0,37.546802819,-99.6399949729999
67835,KS,GRAY,0,1,1,0,37.81147341493609,-100.34830622336828
67839,KS,LANE,1,0,1,0,38.481393056428495,-100.46843061228185
67843,KS,FORD,0,1,0,0,37.7328563310001,-99.9361988859999
67844,KS,MEADE,0,1,0,0,37.3821909380001,-100.190928212
67846,KS,FINNEY,1,3,1,0,37.98248920820007,-100.86001780614316
67854,KS,HODGEMAN,1,0,1,0,38.08367659646571,-99.89826246103658
67855,KS,STANTON,1,1,1,0,37.573881699789204,-101.74957888486603
67860,KS,KEARNY,1,1,1,0,37.94552234679827,-101.2528375717065
67861,KS,WICHITA,2,1,1,0,38.476713531323284,-101.3583474572263
67864,KS,MEADE,1,0,1,0,37.284775868904745,-100.33475616834878
67865,KS,CLARK,1,0,0,0,37.44152763,-100.01332021
67867,KS,GRAY,0,1,0,0,37.593070975,-100.442850246
67870,KS,HASKELL,1,0,0,0,37.43709292,-100.98656288
67871,KS,SCOTT,1,1,1,0,38.47394993068212,-100.905040809606
67876,KS,FORD,0,1,0,0,37.8484856359617,-99.7519150829319
67877,KS,HASKELL,0,0,1,0,37.47968534955867,-100.85033946311512
67878,KS,HAMILTON,1,0,1,0,37.98255037551753,-101.74599305342724
67879,KS,GREELEY,1,0,1,0,38.47135432324758,-101.75371275100811
67880,KS,GRANT,1,1,1,0,37.5839182695114,-101.35608516497102
67901,KS,SEWARD,1,3,1,0,37.05554899903766,-100.92887092281357
67905,KS,SEWARD,1,1,0,0,37.05647391550005,-100.9267225
67950,KS,MORTON,1,2,1,0,37.00235970657206,-101.90379788073052
67951,KS,STEVENS,1,0,1,0,37.1706723510856,-101.34929251384315
68003,NE,SAUNDERS,0,2,0,0,41.046907080500006,-96.371711155
68005,NE,SARPY,0,3,0,0,41.147566544000036,-95.92452713966667
68007,NE,DOUGLAS,0,1,0,0,41.3698288350001,-96.147492407
68008,NE,WASHINGTON,1,5,0,0,41.54887763650009,-96.1428480523333
68010,NE,DOUGLAS,2,0,0,0,41.24999961,-96.13354724
68022,NE,DOUGLAS,1,8,0,0,41.26718349619139,-96.22335972804677
68023,NE,WASHINGTON,0,1,0,0,41.459614947,-96.024421823
68025,NE,DODGE,1,10,1,0,41.452263842523074,-96.49195692515612
68028,NE,SARPY,0,2,0,0,41.1389571240001,-96.24093086799995
68031,NE,DODGE,0,1,0,0,41.606240719,-96.542939001
68037,NE,CASS,0,2,0,0,40.996852256,-96.165045553
68039,NE,THURSTON,0,1,0,0,42.118840236,-96.3595889169999
68045,NE,BURT,1,2,0,0,41.83259096400007,-96.45889380300001
68046,NE,SARPY,2,5,1,0,41.1484320903444,-96.03928762504731
68047,NE,THURSTON,1,2,0,0,42.110385342333366,-96.71114857533333
68048,NE,CASS,0,5,0,0,41.01024387980006,-95.89632482740001
68061,NE,BURT,0,1,0,0,41.7775167280001,-96.214484643
68064,NE,DOUGLAS,0,2,0,0,41.3052870585001,-96.349355567
68066,NE,SAUNDERS,1,4,0,0,41.202969359,-96.62947704799997
68071,NE,THURSTON,1,0,0,0,42.2325136,-96.47063294
68104,NE,DOUGLAS,0,7,0,0,41.30344614961101,-96.000443727973
68105,NE,DOUGLAS,2,3,0,0,41.248211816200026,-95.9735547908
68106,NE,DOUGLAS,0,2,0,0,41.23604052250005,-96.0102622655
68108,NE,DOUGLAS,0,2,0,0,41.2381765165001,-95.92869268449995
68110,NE,DOUGLAS,0,1,0,0,41.2862621510001,-95.941973791
68111,NE,DOUGLAS,0,3,0,0,41.279671407333396,-95.96429265566667
68112,NE,DOUGLAS,0,2,0,0,41.328678397000104,-95.9592477825
68114,NE,DOUGLAS,3,7,0,0,41.26536508310005,-96.04616687080001
68116,NE,DOUGLAS,0,2,0,0,41.282967832000054,-96.18379195399996
68117,NE,DOUGLAS,0,2,0,0,41.208188586,-95.98860858
68118,NE,DOUGLAS,1,1,0,0,41.25599189850005,-96.1880117735
68122,NE,DOUGLAS,2,0,0,0,41.322148745,-96.02032267000001
68123,NE,SARPY,2,1,0,0,41.133038276000036,-95.95662278133334
68124,NE,DOUGLAS,2,6,0,0,41.24338684262506,-96.03802166975
68128,NE,SARPY,0,2,0,0,41.18014301250005,-96.0551093925
68130,NE,DOUGLAS,1,5,0,0,41.238537326500044,-96.18381497533329
68131,NE,DOUGLAS,2,1,0,0,41.261752327,-95.95741424866667
68133,NE,SARPY,0,3,0,0,41.14088311766673,-95.99887343099998
68134,NE,DOUGLAS,0,4,0,0,41.294193066250074,-96.04941080899997
68136,NE,SARPY,0,1,0,0,41.1895009648709,-96.1933148854178
68137,NE,DOUGLAS,1,5,0,0,41.205536089818416,-96.11969885769473
68138,NE,SARPY,0,1,0,0,41.1859931000001,-96.1396483999999
68144,NE,DOUGLAS,1,4,0,0,41.23693665000002,-96.12173953999998
68152,NE,DOUGLAS,0,4,0,0,41.31992292130238,-96.01605591607823
68154,NE,DOUGLAS,0,6,0,0,41.26148965099492,-96.10865241607816
68164,NE,DOUGLAS,0,2,0,0,41.2935845180001,-96.12905364299999
68183,NE,DOUGLAS,0,0,1,0,41.2570717010572,-95.94048849738371
68198,NE,DOUGLAS,1,0,0,0,41.255229,-95.97863498
68301,NE,GAGE,0,2,0,0,40.452377917,-96.52293711499995
68305,NE,NEMAHA,1,2,1,0,40.39535778931783,-95.84887165675077
68310,NE,GAGE,1,7,0,0,40.273744584000035,-96.73205841074999
68333,NE,SALINE,1,2,1,0,40.63151411596236,-96.94267033539438
68340,NE,THAYER,0,2,0,0,40.136310788000046,-97.723369128
68352,NE,JEFFERSON,1,3,0,0,40.15472958500003,-97.17442603174997
68354,NE,FILLMORE,0,2,0,0,40.634745844500046,-97.590031318
68355,NE,RICHARDSON,1,3,0,0,40.069903245250046,-95.59807192474995
68358,NE,LANCASTER,0,1,0,0,40.538800107,-96.601786786
68359,NE,SALINE,1,0,0,0,40.65345624,-97.28165027
68361,NE,FILLMORE,1,2,0,0,40.52944224600003,-97.59492316733333
68370,NE,THAYER,1,2,0,0,40.16295793233337,-97.59039174766663
68371,NE,YORK,1,2,0,0,40.7832051163334,-97.80769579533334
68372,NE,LANCASTER,0,1,0,0,40.625849089,-96.62022125
68376,NE,RICHARDSON,0,2,0,0,40.1718979930001,-95.94253773949995
68405,NE,SEWARD,0,2,0,0,40.7730211825001,-97.042523658
68410,NE,OTOE,2,5,0,0,40.68354184085716,-95.86239757628569
68420,NE,PAWNEE,1,2,0,0,40.1125284253334,-96.15412875899996
68434,NE,SEWARD,1,4,0,0,40.918892202400045,-97.09579499639997
68446,NE,OTOE,1,2,0,0,40.6678226853334,-96.18810244299993
68450,NE,JOHNSON,1,3,0,0,40.385704798250025,-96.19335471125001
68456,NE,SEWARD,0,1,0,0,40.889595033,-97.3486268939999
68462,NE,LANCASTER,0,1,0,0,40.920235759,-96.534411915
68465,NE,SALINE,0,2,0,0,40.4894885180001,-96.9614660835
68466,NE,GAGE,0,1,0,0,40.118871487,-96.6614288869999
68467,NE,YORK,1,4,1,0,40.879716468349066,-97.59484063633813
68501,NE,LANCASTER,0,3,0,0,40.79387517900003,-96.68054475066663
68502,NE,LANCASTER,2,5,0,0,40.790475813428635,-96.69636758214286
68503,NE,LANCASTER,0,3,0,0,40.81586149866673,-96.68714612733334
68504,NE,LANCASTER,0,2,0,0,40.81468375900005,-96.646640346
68506,NE,LANCASTER,5,11,0,0,40.78189560631253,-96.63724595681248
68507,NE,LANCASTER,0,3,0,0,40.85301914233337,-96.63958770233334
68508,NE,LANCASTER,0,0,1,0,40.81084984311709,-96.70031005791213
68509,NE,LANCASTER,1,0,0,0,40.78078063,-96.73392501
68510,NE,LANCASTER,1,7,1,0,40.80946802083256,-96.64057718083554
68512,NE,LANCASTER,0,3,0,0,40.75534213766673,-96.69202428866663
68516,NE,LANCASTER,0,11,0,0,40.74708120745459,-96.64951949109087
68520,NE,LANCASTER,0,2,0,0,40.785491206,-96.6033740345
68521,NE,LANCASTER,0,3,0,0,40.862075233333336,-96.71273283333333
68522,NE,LANCASTER,1,1,0,0,40.782995289680954,-96.74902572899686
68526,NE,LANCASTER,1,1,0,0,40.733910434500004,-96.59284554300001
68527,NE,LANCASTER,0,1,0,0,40.8114330860001,-96.592021416
68528,NE,LANCASTER,0,1,0,0,40.8131894470001,-96.752311482
68601,NE,PLATTE,1,9,1,0,41.446635192469586,-97.36856883688732
68602,NE,PLATTE,0,1,0,0,41.4446996880001,-97.3770161579999
68620,NE,BOONE,1,2,0,0,41.68171146833333,-98.00443777133334
68629,NE,COLFAX,0,2,0,0,41.7260888485001,-97.130271651
68632,NE,BUTLER,1,3,1,0,41.25178386515485,-97.1236767001898
68633,NE,DODGE,0,1,0,0,41.720643635,-96.876049611
68638,NE,NANCE,0,3,0,0,41.364079054666696,-97.97156677266663
68640,NE,NANCE,1,3,0,0,41.445715031250074,-97.73242397824997
68651,NE,POLK,1,2,1,0,41.179499576505016,-97.54916689760307
68660,NE,BOONE,0,1,0,0,41.572507634,-97.8538770219999
68661,NE,COLFAX,1,1,0,0,41.45714742150005,-97.0605646425
68666,NE,POLK,0,2,0,0,41.1198741845,-97.58949557
68701,NE,MADISON,3,9,0,0,42.035810073000015,-97.42935217916664
68702,NE,MADISON,0,1,0,0,42.0454193090001,-97.427586035
68713,NE,HOLT,1,2,0,0,42.52841505366674,-98.97691522066667
68714,NE,ROCK,1,1,0,0,42.575349499000055,-99.53715101699996
68715,NE,MADISON,0,2,0,0,41.991598574500046,-97.60008737449999
68716,NE,CUMING,0,2,0,0,41.93169287950005,-96.80425950349996
68718,NE,KNOX,0,2,0,0,42.600114406500055,-97.65463107049995
68722,NE,BOYD,0,2,0,0,42.914839556000004,-98.84211288099999
68727,NE,CEDAR,0,2,0,0,42.508772058000005,-97.20851758250001
68729,NE,KNOX,1,1,0,0,42.46595861600005,-97.9179003355
68731,NE,DAKOTA,0,0,1,0,42.41601905411153,-96.41951079462409
68733,NE,DAKOTA,0,1,0,0,42.28391291,-96.7232204049999
68739,NE,CEDAR,0,2,0,0,42.6181804415,-97.27014309199996
68745,NE,CEDAR,0,2,0,0,42.4227922050001,-97.08887601649995
68746,NE,BOYD,1,0,0,0,42.82457353,-98.46849408
68748,NE,MADISON,0,2,0,0,41.8380535105001,-97.45592178049995
68756,NE,ANTELOPE,1,2,0,0,42.134971483000065,-98.03637518533331
68758,NE,MADISON,0,2,0,0,41.747488797500054,-97.78191287050001
68763,NE,HOLT,1,3,1,0,42.464175364144616,-98.64911919278114
68765,NE,PIERCE,1,0,0,0,42.36030275,-97.59582364
68767,NE,PIERCE,0,1,0,0,42.1997669180001,-97.5208544
68769,NE,PIERCE,1,2,0,0,42.356217684666696,-97.787199887
68770,NE,DIXON,0,2,0,0,42.5660611550001,-96.70076995299999
68771,NE,CEDAR,0,2,0,0,42.37062382450004,-97.35609504099995
68776,NE,DAKOTA,0,2,0,0,42.459348072,-96.4034423155
68779,NE,STANTON,0,2,0,0,41.94430037050005,-97.2349740545
68780,NE,HOLT,0,2,0,0,42.60460688400005,-99.14212546499999
68781,NE,ANTELOPE,1,1,0,0,42.047718990500044,-97.8382406735
68783,NE,KNOX,0,2,0,0,42.59235757350005,-98.0393335695
68784,NE,DIXON,0,2,0,0,42.2687439085001,-96.87287021099999
68786,NE,KNOX,0,1,0,0,42.492067251,-97.543293679
68787,NE,WAYNE,1,3,1,0,42.24041639440119,-97.00935577592949
68788,NE,CUMING,1,2,0,0,41.84337994533333,-96.70685689766663
68791,NE,CUMING,0,2,1,0,41.99377368299244,-96.91443144018102
68801,NE,HALL,0,4,1,0,40.89435295312226,-98.35147002368198
68803,NE,HALL,4,13,0,0,40.91635971393694,-98.3779285140206
68818,NE,HAMILTON,1,3,0,0,40.86988115775,-98.008727376
68822,NE,CUSTER,1,4,0,0,41.40409729300006,-99.631232826
68823,NE,GARFIELD,0,2,1,0,41.78485820607688,-99.13680874337119
68825,NE,CUSTER,1,1,0,0,41.29097520850005,-99.927429933
68826,NE,MERRICK,1,6,1,0,41.1107308531219,-97.9998208545712
68832,NE,HALL,0,1,0,0,40.770524983,-98.37531575
68842,NE,GREELEY,0,2,0,0,41.54733467450005,-98.52885126449995
68845,NE,BUFFALO,1,5,0,0,40.69704530577531,-99.11080931815991
68847,NE,BUFFALO,2,9,0,0,40.71402106572732,-99.07615985118179
68850,NE,DAWSON,1,2,0,0,40.78811602800007,-99.752693562
68853,NE,SHERMAN,0,2,0,0,41.2855484190001,-98.97103332599995
68862,NE,VALLEY,1,1,0,0,41.60602840000005,-98.9381920415
68869,NE,BUFFALO,0,2,0,0,41.02730989300005,-98.9154867725
68873,NE,HOWARD,1,2,0,0,41.219467654333364,-98.45875715999996
68901,NE,ADAMS,1,6,1,0,40.59116066632974,-98.39683639125157
68902,NE,ADAMS,0,2,0,0,40.577704527,-98.3756447759999
68920,NE,HARLAN,1,2,0,0,40.1053827646667,-99.36310116366663
68922,NE,FURNAS,0,2,0,0,40.3018398165,-99.896520066
68926,NE,FURNAS,0,2,0,0,40.131491048,-99.8282845275
68927,NE,PHELPS,0,2,0,0,40.52084921000005,-99.6339958734999
68933,NE,CLAY,0,0,1,0,40.52164658387612,-98.05622190178963
68937,NE,GOSPER,0,2,0,0,40.586916555000045,-99.86098567900001
68939,NE,FRANKLIN,1,2,0,0,40.0987699696667,-98.9579503866666
68944,NE,CLAY,0,2,0,0,40.62292048100005,-98.09287700799999
68949,NE,PHELPS,1,4,1,0,40.441619618286026,-99.38214798114359
68952,NE,WEBSTER,0,1,0,0,40.0943590000001,-98.650593112
68956,NE,ADAMS,0,1,0,0,40.6226031080001,-98.658284769
68959,NE,KEARNEY,1,2,0,0,40.49523823233333,-98.95293698366667
68970,NE,WEBSTER,1,1,0,0,40.087917952,-98.52687608
68978,NE,NUCKOLLS,1,3,0,0,40.02819804775005,-98.06464660150002
68979,NE,CLAY,0,2,0,0,40.61661293250005,-97.861200768
69001,NE,RED WILLOW,1,4,2,0,40.20483904682565,-100.62223873105884
69021,NE,DUNDY,1,1,0,0,40.05171924200005,-101.537898271
69022,NE,FURNAS,1,1,0,0,40.281947862,-100.17945210799999
69025,NE,FRONTIER,0,1,0,0,40.6314095230001,-100.522257441
69033,NE,CHASE,1,2,0,0,40.521428903333366,-101.64893382533334
69044,NE,HITCHCOCK,0,2,0,0,40.1812772475,-101.0122484005
69045,NE,CHASE,0,1,0,0,40.412991634,-101.375105527
69101,NE,LINCOLN,1,6,1,0,41.12801137006927,-100.78396251675285
69130,NE,DAWSON,1,3,0,0,40.86875244150005,-99.98905358274997
69138,NE,DAWSON,1,2,0,0,40.940478161666704,-100.15575743833334
69140,NE,PERKINS,1,2,0,0,40.848872096333366,-101.72667737799999
69145,NE,KIMBALL,2,2,0,0,41.23211893725003,-103.65935732899999
69152,NE,HOOKER,0,1,0,0,42.0459279340001,-101.04402327
69153,NE,KEITH,1,2,1,0,41.13912838018453,-101.71917857546129
69154,NE,GARDEN,1,1,0,0,41.41264917700005,-102.348353793
69162,NE,CHEYENNE,2,2,0,0,41.13428454875,-102.96677949425
69165,NE,LINCOLN,0,1,0,0,41.1595072470001,-101.124557733
69201,NE,CHERRY,1,3,0,0,42.88065371700002,-100.5434178775
69210,NE,BROWN,1,2,0,0,42.54426320600003,-99.852769093
69301,NE,BOX BUTTE,1,3,0,0,42.11643035700005,-102.8701937985
69334,NE,MORRILL,0,3,0,0,41.76460505200007,-103.32226157100001
69336,NE,MORRILL,1,1,0,0,41.665963735,-103.09483849700001
69337,NE,DAWES,1,2,0,0,42.83006100900004,-103.01086622033334
69339,NE,DAWES,0,2,0,0,42.6820413,-103.41704395
69341,NE,SCOTTS BLUFF,0,2,1,0,41.82142488897168,-103.6721936799975
69343,NE,SHERIDAN,1,1,0,0,42.81365547500005,-102.1988042495
69347,NE,SHERIDAN,0,2,0,0,42.68626243300005,-102.6858983475
69348,NE,BOX BUTTE,0,2,1,0,42.32059506999624,-103.07723061423519
69357,NE,SCOTTS BLUFF,0,2,0,0,41.950234521000056,-103.8115486085
69360,NE,SHERIDAN,0,2,0,0,42.8535971375,-102.5123794225
69361,NE,SCOTTS BLUFF,1,10,0,0,41.87938864018189,-103.66438396681819
70001,LA,JEFFERSON,2,2,1,0,29.98460544864929,-90.17393412603265
70002,LA,JEFFERSON,1,8,0,0,30.008743136444497,-90.16930479733333
70003,LA,JEFFERSON,0,10,0,0,30.011931339300055,-90.21395948339999
70005,LA,JEFFERSON,0,6,0,0,30.00082478566672,-90.13131493999997
70006,LA,JEFFERSON,1,5,0,0,30.014736466166735,-90.18681699583333
70037,LA,PLAQUEMINES,0,1,1,0,29.806406379932493,-89.98517819494683
70043,LA,ST. BERNARD,1,0,1,0,29.955437478948348,-89.98571509180931
70047,LA,ST. CHARLES,0,1,0,0,29.966611616,-90.3753601499999
70056,LA,JEFFERSON,3,3,0,0,29.903211608000017,-90.06823158983332
70058,LA,JEFFERSON,0,2,0,0,29.902565952500048,-90.06965264
70062,LA,JEFFERSON,0,1,0,0,29.999996633,-90.239420733
70065,LA,JEFFERSON,5,4,0,0,30.028037550777803,-90.26544249977775
70068,LA,ST. JOHN THE BAPTIST,1,2,0,0,30.07083748566667,-90.50379851566663
70070,LA,ST. CHARLES,1,2,0,0,29.9262587093334,-90.37310618699996
70071,LA,ST. JAMES,2,1,1,0,30.046088485597764,-90.69948423183033
70072,LA,JEFFERSON,2,4,1,0,29.88961249434268,-90.09915021847318
70084,LA,ST. JOHN THE BAPTIST,0,1,1,0,30.07258673851672,-90.56303704349574
70085,LA,ST. BERNARD,0,1,0,0,29.871214835,-89.857528725
70112,LA,ORLEANS,3,1,2,0,29.955338829248358,-90.0792616236282
70114,LA,ORLEANS,0,5,0,0,29.92826965960004,-90.02520859719993
70115,LA,ORLEANS,4,6,0,0,29.92385135570001,-90.09145140129996
70116,LA,ORLEANS,0,1,0,0,29.969251082,-90.066674673
70118,LA,ORLEANS,1,4,0,0,29.92858467960004,-90.13048172459997
70119,LA,ORLEANS,2,1,0,0,29.9533742116667,-90.09026819099996
70121,LA,JEFFERSON,3,4,0,0,30.033684950285714,-90.43177933042857
70122,LA,ORLEANS,0,2,0,0,30.0082040185,-90.0822697759999
70123,LA,JEFFERSON,1,4,0,0,29.95088584040002,-90.2100639102
70124,LA,ORLEANS,0,1,0,0,30.0153495050001,-90.103236447
70125,LA,ORLEANS,0,2,0,0,29.957989615000102,-90.11436526099995
70126,LA,ORLEANS,0,1,0,0,30.010556851,-90.0068554819999
70127,LA,ORLEANS,1,0,0,0,30.0289763,-89.97517048
70128,LA,ORLEANS,2,1,0,0,30.071268755000034,-89.94843339766665
70130,LA,ORLEANS,1,0,0,0,29.93751723,-90.07713092
70131,LA,ORLEANS,0,4,0,0,29.913918881250076,-89.99923369299998
70301,LA,LAFOURCHE,1,7,2,0,29.785316264159484,-90.82245814381328
70345,LA,LAFOURCHE,1,1,0,0,29.50355795950005,-90.32643051199994
70346,LA,ASCENSION,1,1,0,0,30.09146567300005,-91.00019056650001
70360,LA,TERREBONNE,3,9,1,0,29.593334586497924,-90.73184460338244
70363,LA,TERREBONNE,1,0,0,0,29.56985347,-90.68848926
70364,LA,TERREBONNE,1,1,0,0,29.63871867400005,-90.751342885
70374,LA,LAFOURCHE,0,1,0,0,29.6325555760001,-90.5110590369999
70380,LA,ST. MARY,1,2,1,0,29.702302330861553,-91.18846062485937
70390,LA,ASSUMPTION,1,1,1,0,29.952156375455804,-91.03413887901458
70392,LA,ST. MARY,0,1,0,0,29.6860236520001,-91.312756282
70394,LA,LAFOURCHE,1,0,0,0,29.70267142,-90.5652539
70401,LA,TANGIPAHOA,0,1,0,0,30.48710264,-90.485692362
70403,LA,TANGIPAHOA,7,6,1,0,30.476967528638543,-90.45676169809285
70422,LA,TANGIPAHOA,1,2,0,0,30.730766177000064,-90.51928364666662
70427,LA,WASHINGTON,3,1,1,0,30.785715362124193,-89.86099956143065
70433,LA,ST. TAMMANY,7,10,0,0,30.442234523905572,-90.10902962079038
70435,LA,ST. TAMMANY,0,1,0,0,30.5302859970001,-90.065734248
70438,LA,WASHINGTON,1,2,1,0,30.84506083260117,-90.15139665112025
70441,LA,ST. HELENA,1,1,1,0,30.831080812736488,-90.66563741322373
70443,LA,TANGIPAHOA,1,0,0,0,30.6222688,-90.49780203
70444,LA,TANGIPAHOA,2,1,0,0,30.943864403333336,-90.56212724333334
70445,LA,ST. TAMMANY,3,2,0,0,30.35888841740004,-89.91833780999998
70448,LA,ST. TAMMANY,1,5,0,0,30.35489479833335,-90.03017445433333
70454,LA,TANGIPAHOA,0,1,0,0,30.450595763,-90.456324273
70458,LA,ST. TAMMANY,4,6,0,0,30.29094780460005,-89.7565337305
70461,LA,ST. TAMMANY,1,2,1,0,30.287921525418888,-89.74090819355216
70471,LA,ST. TAMMANY,1,5,1,0,30.400353572856233,-90.07706610879397
70501,LA,LAFAYETTE,1,2,1,0,30.233590591321736,-92.00290698002307
70503,LA,LAFAYETTE,3,0,0,0,30.2047094,-92.01721552
70506,LA,LAFAYETTE,5,3,0,0,30.20016932650004,-92.06447187812499
70507,LA,LAFAYETTE,1,3,0,0,30.274578849000026,-92.0303529275
70508,LA,LAFAYETTE,8,10,1,0,30.163045602463686,-92.02605319362733
70510,LA,VERMILION,1,3,1,0,29.977672375643447,-92.10679998661774
70512,LA,ST. LANDRY,0,1,0,0,30.4133547860001,-91.933544855
70515,LA,EVANGELINE,0,1,0,0,30.489074585,-92.596808524
70517,LA,ST. MARTIN,2,1,0,0,30.289838439333366,-91.900852339
70518,LA,LAFAYETTE,1,2,0,0,30.137874726000035,-91.98099015933333
70520,LA,LAFAYETTE,0,1,0,0,30.310339673,-92.0395706099999
70525,LA,ACADIA,1,1,0,0,30.395070902500052,-92.210683355
70526,LA,ACADIA,1,3,1,0,30.223247443881643,-92.36957770347051
70527,LA,ACADIA,1,0,0,0,30.21933721,-92.36894278
70535,LA,ST. LANDRY,2,2,0,0,30.4971570915,-92.39157806374996
70538,LA,ST. MARY,1,1,0,0,29.795519056,-91.52268699299995
70542,LA,VERMILION,0,1,0,0,30.0329989640001,-92.510986897
70544,LA,IBERIA,0,1,0,0,29.9533929840001,-91.715656315
70546,LA,JEFFERSON DAVIS,4,3,1,0,30.236173748831717,-92.6617680028173
70548,LA,VERMILION,1,2,0,0,30.00535516133337,-92.26737208166664
70554,LA,EVANGELINE,1,1,0,0,30.64291383450005,-92.4168317065
70555,LA,VERMILION,0,2,0,0,30.0992312835001,-92.12050555350001
70560,LA,IBERIA,1,4,1,0,30.001405998151412,-91.81664688241801
70562,LA,IBERIA,1,0,0,0,29.9899452,-91.78566038
70563,LA,IBERIA,1,2,0,0,30.014343032,-91.80309633233331
70570,LA,ST. LANDRY,3,3,1,0,30.520183943113217,-92.07436740981863
70576,LA,EVANGELINE,0,1,0,0,30.777249716,-92.423288957
70578,LA,ACADIA,0,2,0,0,30.228229391,-92.3058845045
70582,LA,ST. MARTIN,0,1,1,0,30.107648346199333,-91.8663140907682
70586,LA,EVANGELINE,1,1,1,0,30.69100034842806,-92.28579243975226
70591,LA,JEFFERSON DAVIS,0,1,0,0,30.2298757610001,-92.816635414
70592,LA,LAFAYETTE,0,1,0,0,30.105678584,-91.991792083
70601,LA,CALCASIEU,6,3,1,0,30.206678020484095,-93.21519225771573
70605,LA,CALCASIEU,3,12,0,0,30.165272532496992,-93.25203143171493
70607,LA,CALCASIEU,2,1,0,0,30.1799858414181,-93.20458465684005
70615,LA,CALCASIEU,0,1,0,0,30.2189074250001,-93.168060699
70631,LA,CAMERON,1,0,0,0,29.80807845,-93.16568331
70633,LA,CALCASIEU,1,1,0,0,30.453934527,-93.435856274
70634,LA,BEAUREGARD,2,2,1,0,30.846463998593215,-93.2958825260325
70648,LA,ALLEN,1,1,0,0,30.4944441395,-92.8497941615
70655,LA,ALLEN,0,1,0,0,30.627070485,-92.774745942
70659,LA,VERNON,0,1,0,0,30.923759454,-93.283151904
70663,LA,CALCASIEU,1,3,0,0,30.249368603250026,-93.35291289799997
70706,LA,LIVINGSTON,0,1,0,0,30.546499141,-90.955110017
70714,LA,EAST BATON ROUGE,0,2,0,0,30.578783398591547,-91.13360239867424
70722,LA,EAST FELICIANA,1,0,1,0,30.849659484256833,-91.01076817289407
70726,LA,LIVINGSTON,1,6,0,0,30.4784980651429,-90.93827609599997
70737,LA,ASCENSION,3,5,1,0,30.22119457184399,-90.9236823899381
70748,LA,EAST FELICIANA,3,2,0,0,30.83241654760004,-91.18140623699998
70754,LA,LIVINGSTON,0,0,1,0,30.482909554931947,-90.74898849534303
70760,LA,POINTE COUPEE,1,3,1,0,30.685797523450134,-91.45956664420568
70764,LA,IBERVILLE,2,3,1,0,30.265385269365368,-91.2409543946831
70767,LA,WEST BATON ROUGE,0,2,1,0,30.441796540920265,-91.2175931841329
70769,LA,ASCENSION,1,0,0,0,30.31787889,-90.97855666
70775,LA,WEST FELICIANA,1,1,1,0,30.80271085270259,-91.3490705969419
70777,LA,EAST FELICIANA,0,1,0,0,30.7239456200001,-91.140161163
70785,LA,LIVINGSTON,0,1,0,0,30.4771404530001,-90.861713977
70791,LA,EAST BATON ROUGE,2,5,0,0,30.6479901264286,-91.13856302242857
70802,LA,EAST BATON ROUGE,0,3,2,0,30.45111832229859,-91.17876424432436
70806,LA,EAST BATON ROUGE,4,8,1,0,30.45071043754011,-91.13586148290435
70807,LA,EAST BATON ROUGE,2,0,0,0,30.488523055,-91.109025815
70808,LA,EAST BATON ROUGE,1,4,0,0,30.402516292800062,-91.13225123859999
70809,LA,EAST BATON ROUGE,5,8,0,0,30.395218520000057,-91.18937807561537
70810,LA,EAST BATON ROUGE,3,4,0,0,30.371552448428606,-91.08233532499995
70811,LA,EAST BATON ROUGE,0,1,0,0,30.557816711,-91.1370548309999
70812,LA,EAST BATON ROUGE,2,0,0,0,30.45729619,-91.10810763500001
70815,LA,EAST BATON ROUGE,0,6,0,0,30.452736652333382,-91.05526328650001
70816,LA,EAST BATON ROUGE,2,5,0,0,30.441217337428615,-91.02016081714282
70817,LA,EAST BATON ROUGE,1,3,0,0,30.376704918250027,-91.00935615874998
70818,LA,EAST BATON ROUGE,0,2,0,0,30.539903200000047,-91.0596214
70819,LA,EAST BATON ROUGE,0,1,0,0,30.4668539410001,-91.000069083
70836,LA,EAST BATON ROUGE,0,1,0,0,30.3843049069185,-91.0783819021722
71001,LA,BIENVILLE,1,2,1,0,32.55518705719594,-92.91492001359249
71019,LA,RED RIVER,2,1,1,0,32.02302911356459,-93.34132815803721
71038,LA,CLAIBORNE,0,1,0,0,32.956729739,-93.1374859749999
71040,LA,CLAIBORNE,1,2,1,0,32.806385633190985,-93.06785923141183
71052,LA,DE SOTO,1,2,1,0,32.03585582775336,-93.70283897776005
71055,LA,WEBSTER,1,3,1,0,32.62244693157673,-93.27750999829277
71064,LA,BOSSIER,0,1,0,0,32.9022019170001,-93.703238063
71068,LA,BIENVILLE,0,1,0,0,32.31810977,-93.2825006
71075,LA,WEBSTER,1,1,1,0,33.00448774013223,-93.45534340155926
71082,LA,CADDO,1,1,0,0,32.863254155999996,-93.9865313535
71101,LA,CADDO,6,3,2,0,32.49805728287061,-93.74265139163045
71103,LA,CADDO,4,7,0,0,32.48160005045457,-93.76766050018178
71104,LA,CADDO,1,0,0,0,32.481453199,-93.762199114
71105,LA,CADDO,2,1,0,0,32.43805175033333,-93.72165975733328
71106,LA,CADDO,1,4,0,0,32.423600392000075,-93.74924819519997
71110,LA,BOSSIER,1,0,0,0,32.4914255,-93.6805103
71111,LA,BOSSIER,3,9,0,0,32.55973581802908,-93.70870248466106
71112,LA,BOSSIER,2,5,1,0,32.472763931019145,-93.674705752496
71115,LA,CADDO,2,9,0,0,32.410574794454604,-93.70790420181815
71118,LA,CADDO,1,4,0,0,32.39656793180002,-93.8048174168
71129,LA,CADDO,0,1,0,0,32.4383927320001,-93.855818589
71130,LA,CADDO,0,1,0,0,32.481927166,-93.777873197
71136,LA,CADDO,0,1,0,0,32.435372042,-93.745528872
71201,LA,OUACHITA,5,3,2,0,32.54228018735934,-92.13774053566007
71202,LA,OUACHITA,2,2,0,0,31.848105721500026,-91.58575361874996
71203,LA,OUACHITA,1,5,0,0,32.58004854900003,-92.07019140800001
71210,LA,OUACHITA,0,1,0,0,32.499180359,-92.114187704
71211,LA,OUACHITA,0,1,0,0,32.540957152,-92.079374165
71220,LA,MOREHOUSE,2,4,1,0,32.783863908456006,-91.90596707930288
71222,LA,UNION,1,1,0,0,32.814934800000046,-92.6579897345
71232,LA,RICHLAND,1,1,0,0,32.4569577605,-91.49304942250001
71241,LA,UNION,1,3,1,0,32.78290997967018,-92.39212230136613
71251,LA,JACKSON,1,2,1,0,32.21625970102926,-92.70727240676419
71254,LA,EAST CARROLL,1,1,1,0,32.82024268571855,-91.19040030436616
71261,LA,MOREHOUSE,0,1,0,0,32.781367237,-91.806279268
71263,LA,WEST CARROLL,1,2,1,0,32.86489239720758,-91.38582033258282
71269,LA,RICHLAND,1,2,1,0,32.46320912819576,-91.74908234504613
71270,LA,LINCOLN,4,5,1,0,32.53502968618174,-92.61878402259595
71280,LA,MOREHOUSE,1,0,0,0,32.77637613,-91.91945782
71282,LA,MADISON,1,1,1,0,32.40028996749598,-91.18352740670066
71291,LA,OUACHITA,4,5,0,0,32.51585151911116,-92.16437239099999
71292,LA,OUACHITA,0,1,0,0,32.5032899670001,-92.163021041
71295,LA,FRANKLIN,1,2,1,0,32.16486693797932,-91.71510366570176
71301,LA,RAPIDES,7,5,0,0,31.195347427333342,-92.425925693
71303,LA,RAPIDES,4,5,1,0,31.292122991532818,-92.49754611034852
71322,LA,AVOYELLES,2,2,0,0,30.9506141075,-92.18011269224998
71323,LA,AVOYELLES,0,1,0,0,31.252637039,-92.1936291069999
71329,LA,AVOYELLES,0,1,0,0,30.9289803520001,-91.94997692
71334,LA,CONCORDIA,2,2,1,0,31.62917523906579,-91.54639039910265
71341,LA,AVOYELLES,0,1,0,0,31.0588348800001,-92.133273015
71342,LA,LASALLE,1,2,1,0,31.69011368132098,-92.1409835182181
71343,LA,CATAHOULA,0,1,1,0,31.624384765028054,-91.82920278548022
71346,LA,RAPIDES,1,0,0,0,31.09761805,-92.39772103
71350,LA,AVOYELLES,0,2,0,0,31.092817633000053,-92.05742688499996
71351,LA,AVOYELLES,1,2,1,0,31.12164320381971,-92.06328395665923
71358,LA,ST. LANDRY,0,1,0,0,30.6993811560001,-91.9469041579999
71360,LA,RAPIDES,3,4,0,0,31.34409190814289,-92.42474459685711
71366,LA,TENSAS,0,0,1,0,31.91826898695344,-91.23186378990671
71369,LA,AVOYELLES,0,1,0,0,30.9865189180001,-91.823343243
71373,LA,CONCORDIA,1,0,0,0,31.56117486,-91.42606698
71378,LA,FRANKLIN,0,2,0,0,31.9815348845001,-91.656050435
71417,LA,GRANT,0,1,1,0,31.524243394199548,-92.68565731409817
71418,LA,CALDWELL,2,1,1,0,32.08475329933947,-92.08954605996547
71446,LA,VERNON,5,1,1,0,31.112744438867946,-93.27131453366027
71449,LA,SABINE,1,2,1,0,31.561934717798344,-93.46904136232926
71457,LA,NATCHITOCHES,2,5,1,0,31.75002037294182,-93.07209612009717
71459,LA,VERNON,1,0,0,0,31.0624557,-93.2138014
71463,LA,ALLEN,1,1,1,0,30.81560745077248,-92.64688118582897
71465,LA,LASALLE,1,0,0,0,31.86065862,-92.27558967
71467,LA,GRANT,0,1,0,0,31.514602552,-92.4082574239999
71483,LA,WINN,3,2,1,0,31.926351485129146,-92.64425196835754
71486,LA,SABINE,0,1,0,0,31.650029025,-93.6447145079999
71601,AR,JEFFERSON,0,6,0,0,34.2185421208334,-91.99703226333334
71602,AR,JEFFERSON,1,1,0,0,34.2844436745,-92.10573470149996
71603,AR,JEFFERSON,2,12,1,0,34.17942877382463,-92.03674289161675
71635,AR,ASHLEY,1,3,1,0,33.130296293514576,-91.95325890354636
71638,AR,CHICOT,0,1,0,0,33.5195740350001,-91.444507119
71639,AR,DESHA,1,1,0,0,33.87645379700005,-91.480150552
71646,AR,ASHLEY,0,1,0,0,33.2313624220001,-91.7981321
71653,AR,CHICOT,2,3,1,0,33.31580633470542,-91.28933004284586
71654,AR,DESHA,1,1,1,0,33.62629596890582,-91.39838184880058
71655,AR,DREW,2,4,1,0,33.627413707657915,-91.80797762776521
71665,AR,CLEVELAND,0,1,1,0,33.957149433206844,-92.18778682011558
71667,AR,LINCOLN,0,4,1,0,33.94846013934254,-91.84397390373219
71671,AR,BRADLEY,1,3,1,0,33.61114191608276,-92.05266843562615
71701,AR,OUACHITA,1,4,1,0,33.571992536189285,-92.85344961644905
71730,AR,UNION,1,10,1,0,33.211265760087635,-92.66303171874114
71742,AR,DALLAS,1,4,1,0,33.820177466145395,-92.41208025418882
71744,AR,CALHOUN,0,0,1,0,33.53841499587901,-92.45260982414145
71753,AR,COLUMBIA,1,3,1,0,33.28207558357948,-93.22214298659479
71801,AR,HEMPSTEAD,1,4,1,0,33.65473570397085,-93.59132349980932
71802,AR,HEMPSTEAD,0,1,0,0,33.6762900000001,-93.58617
71822,AR,LITTLE RIVER,1,3,1,0,33.667828352173856,-94.11896725588267
71832,AR,SEVIER,2,2,1,0,34.05790942486925,-94.34110665391115
71833,AR,HOWARD,0,1,0,0,34.1145341710001,-94.020571504
71845,AR,LAFAYETTE,0,0,1,0,33.36608161133585,-93.57893798665786
71852,AR,HOWARD,1,4,1,0,33.944887229329005,-93.85363655287198
71854,AR,MILLER,1,6,1,0,33.45309548512685,-94.03063577861917
71857,AR,NEVADA,0,3,1,0,33.80538094887703,-93.38844185633894
71860,AR,LAFAYETTE,0,1,0,0,33.3697228510001,-93.48992451
71861,AR,COLUMBIA,0,1,0,0,33.1052139700001,-93.463649781
71901,AR,GARLAND,3,13,1,0,34.49974252145441,-93.03066958664644
71909,AR,SALINE,0,5,0,0,34.64658922840006,-92.96114542679999
71913,AR,GARLAND,3,8,0,0,34.47005950754549,-93.09439998390907
71923,AR,CLARK,1,5,1,0,34.13137496848561,-93.0796764602542
71929,AR,HOT SPRING,0,1,0,0,34.313360088,-93.1675867659999
71943,AR,PIKE,0,2,0,0,34.331680958999996,-93.541547035
71953,AR,POLK,1,4,1,0,34.58187569556038,-94.23135267811278
71957,AR,MONTGOMERY,0,2,1,0,34.546622152671794,-93.63264714357871
71958,AR,PIKE,1,1,1,0,34.068545245947384,-93.69039982921579
72006,AR,WOODRUFF,0,0,1,0,35.28877674528094,-91.35827224813522
72010,AR,WHITE,0,1,0,0,35.2997796870001,-91.5902520129999
72012,AR,WHITE,0,1,0,0,35.0774533520001,-91.892313287
72015,AR,SALINE,1,9,1,0,34.57916592930592,-92.56645232431381
72019,AR,SALINE,2,1,0,0,34.642877071333366,-92.58301656033332
72021,AR,MONROE,0,1,1,0,34.9032204511751,-91.19639461332028
72022,AR,SALINE,0,6,0,0,34.625362641000066,-92.49252651149999
72023,AR,LONOKE,1,6,0,0,34.98369044942863,-92.02839695399999
72024,AR,LONOKE,0,2,0,0,34.7754286340001,-91.73530177199996
72031,AR,VAN BUREN,1,1,1,0,35.56332286653902,-92.4538379951456
72032,AR,FAULKNER,1,2,1,0,35.08121391442042,-92.4342838468104
72034,AR,FAULKNER,3,11,0,0,35.07908322795181,-92.4639367661762
72040,AR,PRAIRIE,0,1,1,0,34.977598204078724,-91.50709100054637
72042,AR,ARKANSAS,1,3,0,0,34.28166007800008,-91.34031935299997
72046,AR,LONOKE,0,1,0,0,34.545739419,-91.952400971
72053,AR,PULASKI,0,1,0,0,34.7074240000001,-92.225771
72058,AR,FAULKNER,0,1,0,0,35.221808842,-92.385056687
72064,AR,PRAIRIE,0,1,0,0,34.7785459570001,-91.5627003879999
72076,AR,PULASKI,1,5,1,0,34.86979592689864,-92.11367676414872
72081,AR,WHITE,0,1,0,0,35.268177816,-91.6662395709999
72086,AR,LONOKE,0,4,1,0,34.79906273394583,-91.91938666526494
72088,AR,VAN BUREN,0,3,0,0,35.61789701766677,-92.26237711966667
72099,AR,PULASKI,1,0,0,0,34.89566356,-92.14981865
72101,AR,WOODRUFF,0,2,0,0,35.25623900000005,-91.2207874999999
72104,AR,HOT SPRING,2,4,1,0,34.36276186940942,-92.81656952379834
72110,AR,CONWAY,1,4,1,0,35.16512537199746,-92.72778943957069
72112,AR,JACKSON,3,3,1,0,35.61122772673285,-91.25766288591946
72113,AR,PULASKI,2,5,0,0,34.861710116714285,-92.39211756228568
72114,AR,PULASKI,1,3,1,0,34.77851976462266,-92.28624998521663
72116,AR,PULASKI,0,3,0,0,34.79823442933337,-92.22873146299997
72117,AR,PULASKI,1,3,0,0,34.78967296925005,-92.21383917274999
72118,AR,PULASKI,1,1,0,0,34.8074322555,-92.31090928599994
72120,AR,PULASKI,2,5,0,0,34.827258215428586,-92.20501130942856
72126,AR,PERRY,0,1,1,0,35.01049284583558,-92.806166406773
72131,AR,CLEBURNE,0,2,0,0,35.4085356755243,-92.10991057390456
72143,AR,WHITE,3,7,1,0,35.242072834221304,-91.73607787558012
72150,AR,GRANT,0,2,1,0,34.30657714636813,-92.40487058806882
72160,AR,ARKANSAS,1,2,1,0,34.50713549596513,-91.5579264594353
72164,AR,PULASKI,0,1,0,0,34.685664839,-92.238483655
72173,AR,FAULKNER,0,1,0,0,35.105363116,-92.1595647569999
72178,AR,WHITE,0,1,0,0,35.2020280350001,-91.5997112109999
72202,AR,PULASKI,1,1,0,0,34.73844376400005,-92.282216114
72204,AR,PULASKI,0,9,2,0,34.73337081476006,-92.35248622388006
72205,AR,PULASKI,8,10,1,0,34.7449426429151,-92.36028401362229
72206,AR,PULASKI,0,3,0,0,34.659992872000096,-92.25125368699999
72209,AR,PULASKI,1,2,1,0,34.67039043693587,-92.35529508855448
72210,AR,PULASKI,0,1,0,0,34.7077260990001,-92.40997734
72211,AR,PULASKI,2,6,0,0,34.74990636062501,-92.416453826
72212,AR,PULASKI,0,3,0,0,34.78358717800007,-92.40487031266663
72223,AR,PULASKI,0,5,0,0,34.7934142322001,-92.46303020379995
72227,AR,PULASKI,0,1,0,0,34.76187,-92.3806731
72301,AR,CRITTENDEN,4,12,1,0,35.14663005886642,-90.18160495485961
72315,AR,MISSISSIPPI,1,3,1,0,35.94439868548048,-89.91612274961396
72332,AR,CRITTENDEN,0,1,0,0,35.1027541020001,-90.308219498
72335,AR,ST. FRANCIS,1,4,1,0,35.02806152469286,-90.77576714462951
72342,AR,PHILLIPS,1,3,1,0,34.52622794026185,-90.62102244958803
72360,AR,LEE,0,3,1,0,34.759210641754976,-90.77961503603538
72364,AR,CRITTENDEN,0,1,0,0,35.201488757,-90.209918844
72365,AR,POINSETT,0,1,0,0,35.5264612510001,-90.43749652
72366,AR,PHILLIPS,0,1,0,0,34.551033848,-90.907912927
72370,AR,MISSISSIPPI,1,2,0,0,35.7020609496667,-89.988432511
72376,AR,CRITTENDEN,0,3,0,0,35.096997904697496,-90.23329829472989
72390,AR,PHILLIPS,0,1,0,0,34.5395035660001,-90.6482755919999
72396,AR,CROSS,1,2,1,0,35.21938622763494,-90.78569835551085
72401,AR,CRAIGHEAD,4,11,1,0,35.82626315757466,-90.68363718149699
72404,AR,CRAIGHEAD,0,7,0,0,35.79911411757147,-90.69763986028569
72405,AR,CRAIGHEAD,2,0,0,0,35.859522095,-90.653151785
72422,AR,CLAY,0,1,0,0,36.4199137640001,-90.587544092
72432,AR,POINSETT,0,1,1,0,35.567769731582814,-90.72060754306996
72437,AR,CRAIGHEAD,0,1,0,0,35.8181252250001,-90.44289871
72442,AR,MISSISSIPPI,0,1,0,0,35.8900493350001,-90.158484892
72447,AR,CRAIGHEAD,0,1,0,0,35.9008058950001,-90.342185522
72450,AR,GREENE,1,4,1,0,36.05238357312891,-90.5076866968874
72454,AR,CLAY,1,3,1,0,36.38566575852165,-90.19972837728963
72455,AR,RANDOLPH,1,3,1,0,36.281548285055884,-90.98598844250128
72461,AR,CLAY,0,1,0,0,36.251790543,-90.283914785
72472,AR,POINSETT,0,3,0,0,35.68136305600003,-90.53423866533326
72476,AR,LAWRENCE,1,2,1,0,36.073968802887485,-90.96838607367275
72501,AR,INDEPENDENCE,1,6,1,0,35.76659071265283,-91.62014281358555
72512,AR,IZARD,0,1,0,0,36.2141780000001,-91.755999
72513,AR,SHARP,0,2,1,0,36.23812773481947,-91.59531679107346
72519,AR,IZARD,1,1,0,0,36.13043342500005,-92.12842258499995
72521,AR,SHARP,0,1,0,0,35.9476978220001,-91.551763803
72543,AR,CLEBURNE,1,3,1,0,35.49515945558318,-92.0136067949874
72556,AR,IZARD,0,1,1,0,36.05656134256945,-91.88746321737591
72560,AR,STONE,1,2,1,0,35.86582857853625,-92.10766167420142
72576,AR,FULTON,1,1,1,0,36.370827603760354,-91.82600756331148
72601,AR,BOONE,1,6,1,0,36.24475622848122,-93.1122702421784
72616,AR,CARROLL,1,1,1,0,36.35969070185288,-93.55093701789197
72619,AR,MARION,0,1,0,0,36.375784256,-92.584710779
72631,AR,CARROLL,0,2,0,0,36.46992441400005,-93.7391374084999
72632,AR,CARROLL,1,2,0,0,36.390245978666734,-93.73023448099995
72634,AR,MARION,0,1,0,0,36.2839054360001,-92.611616265
72635,AR,BAXTER,0,1,0,0,36.2811192410001,-92.499377528
72641,AR,NEWTON,0,1,1,0,36.00892577633038,-93.18594488807793
72650,AR,SEARCY,0,1,1,0,35.902827488938975,-92.66087310078977
72653,AR,BAXTER,1,8,1,0,36.33432830204626,-92.38993541817055
72687,AR,MARION,0,1,1,0,36.23750468343326,-92.69493256894162
72701,AR,WASHINGTON,0,1,0,0,36.0596501370001,-94.16504579
72703,AR,WASHINGTON,5,8,2,0,36.10439331222639,-94.14648519318749
72704,AR,WASHINGTON,1,2,0,0,36.096319555333366,-94.1990576413333
72712,AR,BENTON,1,6,1,0,36.354937954938876,-94.1978138577786
72713,AR,BENTON,0,2,0,0,36.33525573516205,-94.25628763506465
72714,AR,BENTON,0,1,0,0,36.4753659790001,-94.252867838
72715,AR,BENTON,0,6,0,0,36.466534324398935,-94.2754248000342
72719,AR,BENTON,0,1,0,0,36.3593483280001,-94.307842675
72730,AR,WASHINGTON,0,1,0,0,36.0343792,-94.243002718
72736,AR,BENTON,1,0,0,0,36.40858329,-94.45911011
72740,AR,MADISON,0,2,1,0,36.092776872673454,-93.74167929957731
72741,AR,WASHINGTON,1,0,0,0,36.13551027,-94.18621922
72751,AR,BENTON,0,1,0,0,36.432585999,-94.1165156769999
72753,AR,WASHINGTON,0,1,0,0,35.9679193640001,-94.3172148789999
72756,AR,BENTON,0,1,0,0,36.3569716750001,-94.148731476
72758,AR,BENTON,2,10,0,0,36.316435798233925,-94.163253335421
72761,AR,BENTON,1,1,0,0,36.19005909500005,-94.5282593595
72762,AR,WASHINGTON,1,5,0,0,36.17023753266673,-94.1891713193333
72764,AR,WASHINGTON,2,10,0,0,36.18300988108338,-94.12489465408333
72801,AR,POPE,1,6,1,0,35.28140668346612,-93.14380874258644
72802,AR,POPE,0,0,1,0,35.279889112834645,-93.10741481463057
72823,AR,POPE,0,1,0,0,35.248637247,-92.943460024
72830,AR,JOHNSON,1,4,1,0,35.46440549302798,-93.44951658012148
72833,AR,YELL,1,2,0,0,35.05270467233337,-93.38859608166662
72834,AR,YELL,1,2,1,0,35.22144957744205,-93.16178923999857
72853,AR,YELL,0,1,0,0,35.0350387460001,-93.2296964769999
72855,AR,LOGAN,1,2,1,0,35.28873184473838,-93.73205427606295
72901,AR,SEBASTIAN,3,2,0,0,35.36176341820004,-94.4206290168
72903,AR,SEBASTIAN,4,7,1,0,35.3565184494993,-94.36227303307959
72904,AR,SEBASTIAN,0,1,0,0,35.41135265,-94.375458608
72908,AR,SEBASTIAN,0,4,0,0,35.312917322000004,-94.40832795624999
72916,AR,SEBASTIAN,1,1,0,0,35.315652024,-94.3252874565
72921,AR,CRAWFORD,0,2,0,0,35.48963993150005,-94.220052404
72923,AR,SEBASTIAN,1,3,0,0,35.33213118575003,-94.30901280699997
72927,AR,LOGAN,1,3,0,0,35.13092852775007,-93.92141435624997
72933,AR,FRANKLIN,0,1,0,0,35.2989737890001,-94.014261413
72936,AR,SEBASTIAN,0,3,0,0,35.21651176800007,-94.27135103899997
72947,AR,CRAWFORD,0,1,0,0,35.5095373730001,-94.052263163
72949,AR,FRANKLIN,1,1,1,0,35.48840808234272,-93.83439736330071
72950,AR,SCOTT,0,1,0,0,34.9010420000001,-94.097571
72956,AR,CRAWFORD,1,6,1,0,35.44916249282526,-94.34553073072901
72958,AR,SCOTT,1,1,1,0,34.89571726137783,-94.1006979703331
73003,OK,OKLAHOMA,0,3,0,0,35.673258600666706,-97.49548947499996
73005,OK,CADDO,1,1,1,0,35.07466397396016,-98.24073531858674
73008,OK,OKLAHOMA,1,6,0,0,35.50258830128576,-97.63955169614285
73009,OK,CADDO,0,1,0,0,35.3128944360001,-98.342607489
73010,OK,MCCLAIN,0,1,0,0,35.1465524590001,-97.659138131
73012,OK,OKLAHOMA,0,3,0,0,35.65740582000004,-97.54822173566663
73013,OK,OKLAHOMA,2,6,0,0,35.62518600550004,-97.50108838899997
73015,OK,CADDO,1,1,0,0,35.108107444,-98.6047737935
73018,OK,GRADY,1,3,1,0,35.03647670646018,-97.95596140940545
73023,OK,GRADY,0,3,0,0,35.04006252863823,-97.9609377392815
73024,OK,WASHITA,0,1,0,0,35.374571012,-98.783760144
73025,OK,LOGAN,0,1,0,0,35.7370080000001,-97.514492
73030,OK,MURRAY,0,1,0,0,34.5015227210001,-97.113075408
73034,OK,OKLAHOMA,5,5,0,0,35.65281193497804,-97.45491768875812
73036,OK,CANADIAN,1,4,1,0,35.53155669681845,-97.97086962350619
73040,OK,BLAINE,0,1,0,0,35.6378399120001,-98.323590436
73044,OK,LOGAN,1,3,1,0,35.875689522490525,-97.43702173249235
73045,OK,OKLAHOMA,0,2,0,0,35.515666587000055,-97.18989079100001
73048,OK,BLAINE,0,1,0,0,35.5532719380001,-98.57800274
73049,OK,OKLAHOMA,0,1,0,0,35.563568355,-97.295666758
73051,OK,CLEVELAND,0,2,0,0,35.01102540300005,-97.33541098749996
73052,OK,GARVIN,1,0,0,0,34.83899678,-97.62624442
73055,OK,STEPHENS,0,3,0,0,34.64274049600004,-97.96397672466664
73064,OK,CANADIAN,0,2,0,0,35.396080536,-97.75260955050001
73068,OK,CLEVELAND,0,3,0,0,35.169894875390234,-97.24106783312357
73069,OK,CLEVELAND,0,3,0,0,35.232817743333364,-97.46679364866668
73070,OK,CLEVELAND,2,1,0,0,35.229847433801865,-97.42628625138813
73071,OK,CLEVELAND,3,1,1,0,35.226563750876686,-97.42534658665537
73072,OK,CLEVELAND,1,8,0,0,35.22522491144448,-97.49478507488887
73075,OK,GARVIN,1,3,1,0,34.72447990106848,-97.21393919706495
73077,OK,NOBLE,1,1,1,0,36.287595342997975,-97.28804447216191
73080,OK,MCCLAIN,1,3,1,0,35.02568563357177,-97.37049327684994
73086,OK,MURRAY,1,4,1,0,34.50223646905486,-96.98449694791378
73089,OK,GRADY,0,1,0,0,35.2893589,-97.8076071999999
73096,OK,CUSTER,1,4,0,0,35.53666580840003,-98.6762243404
73099,OK,CANADIAN,1,7,1,0,35.51262184374437,-97.72924966301136
73101,OK,OKLAHOMA,2,0,0,0,35.478258572499996,-97.5230499675
73102,OK,OKLAHOMA,2,0,0,0,35.476402969999995,-97.524185645
73103,OK,OKLAHOMA,1,0,0,0,35.48280596,-97.51627313
73104,OK,OKLAHOMA,4,0,1,0,35.48081753638178,-97.49796789466306
73105,OK,OKLAHOMA,0,1,1,0,35.522638444006745,-97.49987854377846
73106,OK,OKLAHOMA,0,3,0,0,35.49152041,-97.52881930000001
73107,OK,OKLAHOMA,0,1,0,0,35.4789856350001,-97.573355482
73109,OK,OKLAHOMA,4,3,0,0,35.418831950428604,-97.52868826571425
73110,OK,OKLAHOMA,3,5,0,0,35.465704194375036,-97.39229778024996
73111,OK,OKLAHOMA,0,3,0,0,35.51264206766673,-97.47880625766659
73112,OK,OKLAHOMA,3,10,0,0,35.530107240307736,-97.56793592753846
73114,OK,OKLAHOMA,4,1,0,0,35.57173496040002,-97.52044544520001
73115,OK,OKLAHOMA,0,2,0,0,35.46009944650005,-97.45354901599995
73116,OK,OKLAHOMA,0,2,0,0,35.54363622600005,-97.57717658300001
73117,OK,OKLAHOMA,0,2,0,0,35.485332782,-97.46434230399996
73119,OK,OKLAHOMA,0,2,0,0,35.408596483,-97.55878272549995
73120,OK,OKLAHOMA,5,13,0,0,35.58835132538891,-97.56892350794443
73121,OK,OKLAHOMA,0,1,0,0,35.4915635240001,-97.4407273689999
73122,OK,OKLAHOMA,0,1,0,0,35.509440238,-97.6052494309999
73127,OK,OKLAHOMA,0,2,0,0,35.4845441505,-97.6322630345
73129,OK,OKLAHOMA,1,0,0,0,35.40567403,-97.50933012
73130,OK,OKLAHOMA,0,2,0,0,35.4478386375,-97.348120413
73132,OK,OKLAHOMA,0,5,0,0,35.56099455631638,-97.63734833895396
73134,OK,OKLAHOMA,1,3,0,0,35.61862086642738,-97.5672399684561
73135,OK,OKLAHOMA,2,1,0,0,35.39922568633334,-97.42313813266667
73136,OK,OKLAHOMA,0,1,0,0,35.6070298660001,-97.4612111499999
73139,OK,OKLAHOMA,1,4,0,0,35.38039782720006,-97.52460025179998
73141,OK,OKLAHOMA,1,0,0,0,35.52293278,-97.41193749
73142,OK,OKLAHOMA,1,3,0,0,35.605018464500006,-97.62911371074998
73159,OK,CLEVELAND,1,4,0,0,35.36901388520002,-97.55918160479997
73160,OK,CLEVELAND,0,2,1,0,35.344930695780285,-97.48699193955379
73162,OK,OKLAHOMA,1,10,0,0,35.5797882606364,-97.64889150036362
73169,OK,OKLAHOMA,0,2,0,0,35.3912196105,-97.663896855
73170,OK,CLEVELAND,0,6,0,0,35.35147491900009,-97.54715202249996
73401,OK,CARTER,4,9,1,0,34.181955623430916,-97.1407180535228
73402,OK,CARTER,0,1,0,0,34.1615588589634,-97.1454582726146
73438,OK,CARTER,1,0,0,0,34.22286842,-97.49146648
73439,OK,MARSHALL,0,1,0,0,33.999267741,-96.729485788
73446,OK,MARSHALL,1,1,1,0,34.084284930402454,-96.77495107685725
73448,OK,LOVE,1,1,1,0,33.94269075548073,-97.13245814956208
73460,OK,JOHNSTON,1,1,1,0,34.22495777465655,-96.67143221081965
73463,OK,CARTER,0,1,0,0,34.1622325550001,-97.4214627599999
73501,OK,COMANCHE,0,3,0,0,34.599329897666735,-98.34849550166666
73502,OK,GARVIN,0,1,0,0,34.8361227340001,-97.62221836
73505,OK,COMANCHE,6,6,1,0,34.60905633095647,-98.45708437274389
73506,OK,COMANCHE,1,0,0,0,34.592924413,-98.463218377
73507,OK,COMANCHE,1,1,0,0,34.62707248050005,-98.39471078849995
73521,OK,JACKSON,1,4,1,0,34.65844137857546,-99.32133539716038
73529,OK,STEPHENS,0,1,0,0,34.3671956680001,-97.9625766679999
73533,OK,STEPHENS,1,7,1,0,34.513592334820686,-97.9695592256413
73534,OK,STEPHENS,1,2,0,0,34.508449869642696,-97.9704563280222
73542,OK,TILLMAN,0,1,1,0,34.40466593733333,-99.01448049739375
73550,OK,HARMON,1,1,1,0,34.69091959973017,-99.91574453633162
73554,OK,GREER,1,1,1,0,34.89028374835578,-99.50089812359703
73566,OK,KIOWA,0,1,0,0,34.657439117,-98.95582064
73568,OK,COTTON,0,1,0,0,34.2642338590001,-98.232132995
73572,OK,COTTON,0,0,1,0,34.34413737666406,-98.31297933842806
73573,OK,JEFFERSON,1,1,1,0,34.16514927876878,-97.99277476715281
73601,OK,CUSTER,3,5,1,0,35.509842606207194,-98.9915178800799
73628,OK,ROGER MILLS,1,0,0,0,35.60943113,-99.67153117
73632,OK,WASHITA,1,1,0,0,35.304115703,-98.989400957
73644,OK,BECKHAM,3,5,0,0,35.417149181000035,-99.43165727762499
73651,OK,KIOWA,1,2,1,0,35.03817776269899,-99.09870675147536
73662,OK,BECKHAM,1,1,1,0,35.296839096079005,-99.63427424113384
73663,OK,DEWEY,1,1,0,0,36.15383651550005,-98.921721031
73701,OK,GARFIELD,3,5,1,0,36.39328016120661,-97.8670749561158
73702,OK,GARFIELD,1,0,0,0,36.39016529,-97.88742558
73703,OK,GARFIELD,0,6,0,0,36.43084726800007,-97.93115073716662
73706,OK,GARFIELD,0,2,0,0,36.39376392703845,-97.92477074507545
73717,OK,WOODS,1,2,1,0,36.79299457212499,-98.6697432756866
73737,OK,MAJOR,1,2,1,0,36.27425930336645,-98.47393307359788
73742,OK,KINGFISHER,0,1,0,0,36.1064857260001,-97.89105957
73750,OK,KINGFISHER,1,3,1,0,35.83800564953914,-97.93762902216336
73759,OK,GRANT,0,1,1,0,36.80430134394325,-97.73354859632506
73762,OK,CANADIAN,0,1,0,0,35.7220300000001,-97.981663
73763,OK,BLAINE,1,1,0,0,36.1167674,-98.31476775499996
73771,OK,GRANT,0,1,0,0,36.8787138650001,-97.9283459219999
73772,OK,BLAINE,1,0,1,0,35.84892505302989,-98.41875594450181
73801,OK,WOODWARD,1,2,1,0,36.42650546342365,-99.39182968241842
73834,OK,HARPER,1,1,0,0,36.844189595,-99.62845253500001
73841,OK,WOODWARD,1,0,0,0,36.396473,-99.359022
73848,OK,HARPER,0,1,1,0,36.704514477027615,-99.89959841391453
73852,OK,WOODWARD,0,1,0,0,36.434339703,-99.1994107949999
73858,OK,ELLIS,1,2,0,0,36.27408162315974,-99.87219351586744
73859,OK,DEWEY,0,1,0,0,36.1507336,-99.3028596
73932,OK,BEAVER,1,1,1,0,36.80684181970914,-100.5176083304256
73933,OK,CIMARRON,1,0,0,0,36.72867274,-102.51806477
73942,OK,TEXAS,1,1,1,0,36.69179330159518,-101.47592554939742
74002,OK,OSAGE,0,1,0,0,36.5581514630001,-96.159993336
74005,OK,WASHINGTON,0,1,0,0,36.7076483500001,-95.936445517
74006,OK,WASHINGTON,3,6,1,0,36.74253578637923,-95.92923962551035
74008,OK,TULSA,0,2,0,0,35.9880581730001,-95.8800124485
74010,OK,CREEK,1,2,0,0,35.8298357596667,-96.394058879
74011,OK,TULSA,0,2,0,0,36.014642724,-95.8323769205
74012,OK,TULSA,1,16,0,0,36.05646985411771,-95.80581566964705
74014,OK,TULSA,1,0,0,0,36.14749923,-95.967660827
74015,OK,WAGONER,0,3,0,0,36.16278346539763,-95.75518702942942
74017,OK,ROGERS,3,6,1,0,36.322166274405845,-95.61343717350306
74018,OK,ROGERS,0,1,0,0,36.3205389880304,-95.6492593265297
74019,OK,ROGERS,0,1,0,0,36.2924497930001,-95.577810233
74020,OK,PAWNEE,1,1,0,0,36.3134351125,-96.4740805375
74021,OK,TULSA,0,3,0,0,36.36760738666673,-95.85275285899996
74023,OK,PAYNE,2,1,0,0,35.977493535,-96.75415844166662
74029,OK,WASHINGTON,0,3,0,0,36.799088825666665,-95.93598754599998
74030,OK,CREEK,1,1,0,0,35.996434745,-96.60713984549994
74033,OK,TULSA,0,2,0,0,35.96967390100005,-95.99918758599995
74036,OK,ROGERS,0,1,0,0,36.1562394360001,-95.512872682
74037,OK,TULSA,1,1,0,0,36.027777683,-95.98695488749999
74044,OK,CREEK,0,1,0,0,36.124277341,-96.354872014
74048,OK,NOWATA,1,2,0,0,36.69566840233337,-95.64214565399998
74055,OK,TULSA,3,7,0,0,36.28394276439338,-95.834736960772
74056,OK,OSAGE,1,0,1,0,36.66874673430901,-96.33182006033107
74058,OK,PAWNEE,0,1,1,0,36.33228810108033,-96.80414156503993
74059,OK,PAYNE,0,1,0,0,35.978668457,-97.035538076
74063,OK,TULSA,0,2,0,0,36.12492174500005,-96.1192012455
74066,OK,CREEK,1,4,1,0,35.98966207522745,-96.10449889687635
74067,OK,CREEK,0,1,0,0,36.0026248990001,-96.112653125
74070,OK,OSAGE,0,1,0,0,36.366886149,-96.009284872
74074,OK,PAYNE,1,4,1,0,36.10997824448689,-97.09728086907255
74075,OK,PAYNE,0,5,0,0,36.15174712772582,-97.0505447833863
74076,OK,PAYNE,1,0,0,0,36.1150603,-97.0749713
74079,OK,LINCOLN,1,2,0,0,35.74779665600004,-96.67186254599996
74102,OK,TULSA,1,0,0,0,36.07832931,-95.80075925
74104,OK,TULSA,3,0,0,0,36.138364966666664,-95.96648908000002
74105,OK,TULSA,0,4,0,0,36.08408462249433,-95.9582633291584
74106,OK,TULSA,0,3,0,0,36.207566671121036,-95.9908306084004
74107,OK,TULSA,0,2,0,0,36.08945781610005,-96.0197697913747
74110,OK,TULSA,0,1,0,0,36.207262032885,-95.9507632288504
74114,OK,TULSA,1,1,0,0,36.1257406,-95.9387917
74120,OK,TULSA,2,0,0,0,36.14608184,-95.969172965
74126,OK,TULSA,0,1,0,0,36.2308201380001,-95.968080571
74127,OK,TULSA,3,0,0,0,35.84185889666667,-96.48667602333332
74128,OK,TULSA,1,1,0,0,36.150050255,-95.852314035
74129,OK,TULSA,0,5,0,0,36.12896701040008,-95.87994846039999
74132,OK,TULSA,2,3,0,0,36.060953196915875,-96.01570923393186
74133,OK,TULSA,6,9,0,0,36.046202887400035,-95.8704510972
74134,OK,TULSA,0,1,1,0,36.09122696183929,-95.80397940937387
74135,OK,TULSA,0,4,0,0,36.108718908250076,-95.92325523149998
74136,OK,TULSA,3,11,0,0,36.06699913379241,-95.93449525051186
74137,OK,TULSA,3,3,0,0,36.037898923166686,-95.94891368135592
74145,OK,TULSA,1,3,0,0,36.09064737725003,-95.89513663824997
74301,OK,CRAIG,2,10,1,0,36.62132807961688,-95.14814097444322
74331,OK,OTTAWA,0,2,0,0,36.7001442856469,-94.9431579997753
74333,OK,CRAIG,0,2,0,0,36.801582048517304,-95.06866334176036
74337,OK,MAYES,0,1,0,0,36.1831320810001,-95.340487777
74338,OK,DELAWARE,0,1,0,0,36.1806884320001,-94.567018262
74339,OK,OTTAWA,0,1,0,0,36.9394136430001,-94.867917518
74343,OK,OTTAWA,0,1,0,0,36.7520467040001,-94.846319363
74344,OK,DELAWARE,1,4,0,0,36.59149098540006,-94.77797937719997
74345,OK,DELAWARE,0,1,0,0,36.5856579470001,-94.788204883
74346,OK,DELAWARE,0,1,1,0,36.42463984946194,-94.79519829064961
74350,OK,MAYES,0,2,0,0,36.470511399239754,-95.0489981565137
74354,OK,OTTAWA,2,4,1,0,36.890895980503544,-94.86618601661394
74361,OK,MAYES,1,2,1,0,36.30774387117889,-95.31097465877612
74362,OK,MAYES,0,1,0,0,36.3080263030001,-95.301582001
74363,OK,OTTAWA,0,1,0,0,36.953506315,-94.785859083
74365,OK,MAYES,0,1,0,0,36.2956136380001,-95.147989511
74401,OK,MUSKOGEE,6,2,1,0,35.75827486640137,-95.40559920238466
74403,OK,MUSKOGEE,0,10,0,0,35.74465833660005,-95.33727641949997
74426,OK,MCINTOSH,0,3,1,0,35.443346300936454,-95.53443762929498
74429,OK,WAGONER,0,1,0,0,35.945017288,-95.641485739
74432,OK,MCINTOSH,1,3,1,0,35.302316172217786,-95.59245600725939
74434,OK,MUSKOGEE,0,1,0,0,35.797967042,-95.248092549
74435,OK,SEQUOYAH,0,1,0,0,35.524917386,-95.122098955
74436,OK,MUSKOGEE,0,1,0,0,35.8224368960001,-95.676887861
74437,OK,OKMULGEE,1,2,0,0,35.43986118333337,-95.99001168066667
74447,OK,OKMULGEE,3,5,1,0,35.62699248114199,-95.95792670896877
74458,OK,WAGONER,0,1,0,0,35.887607035,-95.593705722
74462,OK,HASKELL,1,1,1,0,35.261693028424126,-95.1234334910204
74464,OK,CHEROKEE,3,8,1,0,35.916913654224295,-94.96563559556107
74465,OK,CHEROKEE,1,0,0,0,35.913533088,-94.95085429
74467,OK,WAGONER,1,2,1,0,35.96222715415187,-95.38977456810035
74469,OK,MUSKOGEE,0,1,0,0,35.492914329,-95.295722653
74471,OK,CHEROKEE,0,2,0,0,35.8068990686176,-94.85754483056746
74501,OK,PITTSBURG,3,9,1,0,34.93768749896129,-95.75618896687313
74502,OK,PITTSBURG,1,1,0,0,34.9372211265,-95.7675514975
74523,OK,PUSHMATAHA,1,2,1,0,34.2313319349991,-95.62418267162221
74525,OK,ATOKA,1,1,1,0,34.37983328558392,-96.1454056216193
74538,OK,COAL,1,1,1,0,34.533922169010104,-96.22220640120302
74547,OK,PITTSBURG,0,1,0,0,34.838670855,-95.552102641
74561,OK,PITTSBURG,0,1,0,0,35.1224260970001,-95.370451037
74571,OK,LATIMER,1,1,0,0,34.7546303765727,-95.0657084469085
74578,OK,LATIMER,1,2,1,0,34.918939641399135,-95.31887995980591
74601,OK,KAY,1,1,1,0,36.72470592455027,-97.08034600948258
74604,OK,KAY,0,5,0,0,36.7269641652,-97.05126044119999
74631,OK,KAY,1,1,1,0,36.79184802374596,-97.29132555656406
74637,OK,OSAGE,1,1,0,0,36.56435581150005,-96.7112644565
74653,OK,KAY,0,1,0,0,36.6931302,-97.3063063
74701,OK,BRYAN,1,5,1,0,34.007088907681265,-96.39123014412517
74728,OK,MCCURTAIN,0,1,0,0,34.021611314,-94.7450758259999
74730,OK,BRYAN,0,1,0,0,33.9449541330001,-96.418775274
74733,OK,BRYAN,0,1,0,0,33.8534525000001,-96.5146003999999
74743,OK,CHOCTAW,2,2,1,0,34.00757358144405,-95.49915342510558
74745,OK,MCCURTAIN,1,2,1,0,33.88903017801658,-94.81750930157567
74801,OK,POTTAWATOMIE,1,1,1,0,35.299433122819984,-96.94140601964527
74804,OK,POTTAWATOMIE,1,7,0,0,35.35957831562506,-96.921418399875
74820,OK,PONTOTOC,5,6,1,0,34.77312633946565,-96.64825134353777
74829,OK,OKFUSKEE,0,6,0,0,35.494142751245185,-96.47722406862884
74834,OK,LINCOLN,0,1,1,0,35.70985557746111,-96.87100862433928
74848,OK,HUGHES,1,2,1,0,35.09142884555844,-96.38581108121588
74849,OK,SEMINOLE,0,2,0,0,34.96099426800005,-96.7551865385
74851,OK,POTTAWATOMIE,0,1,0,0,35.425639937,-97.0976146949999
74854,OK,POTTAWATOMIE,0,2,0,0,35.1299241985,-96.779974954
74855,OK,LINCOLN,0,1,0,0,35.5101491680001,-96.8952517289999
74859,OK,OKFUSKEE,2,2,1,0,35.428823905232186,-96.30065989843533
74860,OK,OKFUSKEE,0,1,0,0,35.5129570280001,-96.5647226039999
74864,OK,LINCOLN,1,5,0,0,35.465754422614175,-96.66775107825303
74868,OK,SEMINOLE,1,3,0,0,35.244087674250025,-96.68642752324998
74873,OK,POTTAWATOMIE,0,1,0,0,35.2613400280001,-96.938763589
74880,OK,OKFUSKEE,0,1,0,0,35.3358987570001,-96.142355337
74884,OK,SEMINOLE,0,2,1,0,35.15692440537217,-96.49877591036459
74901,OK,LE FLORE,0,1,0,0,35.352637207,-94.4339483159999
74902,OK,LE FLORE,0,1,0,0,35.2581285540001,-94.466909555
74937,OK,LE FLORE,0,1,0,0,34.893529103,-94.603964868
74940,OK,LE FLORE,0,1,0,0,34.9483489180001,-94.632775097
74953,OK,LE FLORE,2,1,1,0,35.04390346953079,-94.61249305717627
74954,OK,SEQUOYAH,0,1,0,0,35.4095360910001,-94.494479707
74955,OK,SEQUOYAH,1,1,1,0,35.46420118128536,-94.78635804966784
74959,OK,LE FLORE,0,1,0,0,35.2377617000001,-94.6217529
74960,OK,ADAIR,2,2,1,0,35.80985543049215,-94.63753207622176
74962,OK,SEQUOYAH,0,1,0,0,35.5010576700001,-94.9681476649999
75001,TX,DALLAS,1,0,0,0,32.98467285,-96.82934071
75002,TX,COLLIN,0,21,0,0,33.09494852404765,-96.64796325057142
75006,TX,DALLAS,1,6,0,0,32.97446358028577,-96.88264543814282
75007,TX,DENTON,0,15,0,0,33.0215462242667,-96.8777942723333
75009,TX,COLLIN,0,1,0,0,33.336177154,-96.7688058209999
75010,TX,DENTON,3,8,0,0,33.0336285397273,-96.89072688299997
75013,TX,COLLIN,2,5,0,0,33.117200921714314,-96.68089978557143
75019,TX,DALLAS,0,7,0,0,32.966770248857145,-96.96669351571423
75020,TX,GRAYSON,2,16,0,0,33.747748885388916,-96.56676059572222
75021,TX,GRAYSON,0,1,0,0,33.739026301,-96.5279031159999
75022,TX,DENTON,1,5,0,0,33.034516959,-97.085513732
75023,TX,COLLIN,0,22,0,0,32.983972176400464,-96.8610051153487
75024,TX,COLLIN,3,6,0,0,32.634526382111126,-96.31825007188885
75025,TX,COLLIN,0,6,0,0,33.07973317400007,-96.73902255233331
75028,TX,DENTON,1,7,0,0,33.043457471375035,-97.06370633749995
75032,TX,ROCKWALL,1,13,0,0,32.87951389700005,-96.46147321742858
75033,TX,DENTON,1,6,0,0,32.929171294401364,-97.21342033609596
75034,TX,DENTON,5,19,0,0,32.858541930884925,-97.26449002252862
75035,TX,COLLIN,1,9,0,0,33.138565147700035,-96.7799366179
75036,TX,DENTON,0,3,0,0,32.5728958732698,-97.70632890655725
75038,TX,DALLAS,0,11,0,0,32.862119017090954,-97.00346887109089
75039,TX,DALLAS,1,0,0,0,32.90173298,-96.95656507
75040,TX,DALLAS,0,13,0,0,32.945432788769274,-96.64373801607691
75041,TX,DALLAS,0,5,0,0,32.89022810900002,-96.6136311858
75042,TX,DALLAS,2,1,0,0,32.91598760833336,-96.66667839266664
75043,TX,DALLAS,0,12,0,0,32.87449316858334,-96.60343241016665
75044,TX,DALLAS,0,7,0,0,32.958204153285784,-96.66113355314282
75048,TX,COLLIN,2,7,0,0,32.97394112033341,-96.58592338144439
75050,TX,DALLAS,0,5,0,0,32.75048305800006,-97.0157371632
75051,TX,DALLAS,1,2,0,0,32.7303033146667,-97.01929333766667
75052,TX,DALLAS,1,13,0,0,32.6536591556429,-97.03021841757139
75054,TX,TARRANT,0,1,0,0,32.611960787,-97.038170394
75056,TX,DENTON,1,0,0,0,33.0661757,-96.8852838
75057,TX,DENTON,1,4,0,0,33.05708908640004,-97.00847714679999
75060,TX,DALLAS,0,1,0,0,32.807639393,-96.98986917
75061,TX,DALLAS,1,5,0,0,32.823824983333395,-96.95898816383333
75062,TX,DALLAS,0,4,0,0,32.84974894300002,-96.97086495949995
75063,TX,DALLAS,1,2,0,0,32.9172283163334,-96.95829212633329
75067,TX,DENTON,0,19,0,0,32.77311055523309,-97.37782228257973
75069,TX,COLLIN,1,14,1,0,33.06946262920461,-96.79159782085738
75070,TX,COLLIN,3,24,0,0,32.78569480325396,-97.27236635029739
75071,TX,COLLIN,3,5,0,0,33.21533315687501,-96.66554638324999
75072,TX,COLLIN,0,2,0,0,33.183996353000055,-96.72708113849995
75074,TX,COLLIN,0,3,0,0,33.050018428000065,-96.67472073866668
75075,TX,COLLIN,5,19,0,0,33.01982248608336,-96.74968424125001
75076,TX,GRAYSON,0,1,0,0,33.7624888330001,-96.671096828
75077,TX,DENTON,0,8,0,0,33.06713219012504,-97.05137799312497
75078,TX,COLLIN,2,3,0,0,33.23142439600004,-96.82609964639998
75080,TX,DALLAS,5,12,0,0,32.96947019747061,-96.73846100894116
75081,TX,DALLAS,0,7,0,0,32.948231755000066,-96.71531716699998
75082,TX,COLLIN,1,6,0,0,32.9928495131429,-96.67426535899996
75087,TX,ROCKWALL,1,4,0,0,32.92799638060005,-96.46829639619995
75088,TX,DALLAS,1,4,0,0,32.905983767800066,-96.54285278779996
75089,TX,DALLAS,0,3,0,0,32.92435031433337,-96.55289414333333
75090,TX,GRAYSON,3,7,1,0,33.662656041702924,-96.59881801637344
75092,TX,GRAYSON,4,3,0,0,33.6557187757143,-96.63474932457142
75093,TX,COLLIN,10,11,0,0,33.026939064714306,-96.81403194233332
75094,TX,COLLIN,1,4,0,0,33.01575809180002,-96.6119667058
75098,TX,COLLIN,0,8,0,0,33.01334701512506,-96.53273472324999
75103,TX,VAN ZANDT,0,6,0,0,32.53571092883337,-95.8655435428333
75104,TX,DALLAS,0,9,0,0,32.59297983477782,-96.93349894011108
75110,TX,NAVARRO,1,8,1,0,32.08213284884776,-96.49671667212954
75115,TX,DALLAS,3,16,0,0,32.61306890873686,-96.85911203510527
75116,TX,DALLAS,0,6,0,0,32.64889278366672,-96.90978086383332
75119,TX,ELLIS,1,4,0,0,32.31232721600004,-96.63534612199997
75126,TX,KAUFMAN,0,2,0,0,32.7429051875,-96.45096098799999
75134,TX,DALLAS,0,5,0,0,32.616783322600085,-96.78616402039994
75137,TX,DALLAS,0,1,0,0,32.6423246690001,-96.941172866
75140,TX,VAN ZANDT,1,3,0,0,32.681822381000025,-95.71023763874997
75142,TX,KAUFMAN,1,4,0,0,32.58467237020002,-96.30856014419997
75143,TX,KAUFMAN,0,2,0,0,32.43069619100005,-96.22121922749994
75144,TX,NAVARRO,0,1,0,0,32.1372947570001,-96.220098981
75146,TX,DALLAS,1,11,0,0,32.59664884675005,-96.79192203799998
75147,TX,KAUFMAN,0,2,0,0,31.90796134290465,-97.70936563433585
75148,TX,HENDERSON,0,1,0,0,32.1649621440001,-96.036808499
75149,TX,DALLAS,3,13,0,0,32.76457230743754,-96.59069407993748
75150,TX,DALLAS,0,9,0,0,32.821983252627724,-96.62529932736227
75154,TX,ELLIS,0,2,0,0,32.533597126500055,-96.79839561299995
75156,TX,HENDERSON,0,1,0,0,32.3286502,-96.1243609
75159,TX,DALLAS,0,1,0,0,32.6610050580001,-96.5749264469999
75160,TX,KAUFMAN,1,6,0,0,32.72831548285721,-96.27719879499998
75161,TX,KAUFMAN,0,1,0,0,32.717168416,-96.134235895
75165,TX,ELLIS,4,8,0,0,32.4036423661667,-96.84983361466665
75169,TX,KAUFMAN,0,6,0,0,32.674171134000034,-96.05125399899998
75180,TX,DALLAS,0,1,0,0,32.7121625230001,-96.613539407
75181,TX,DALLAS,0,7,0,0,32.739578450000046,-96.56451149857142
75182,TX,DALLAS,1,1,0,0,32.7810617245,-96.5702638245
75189,TX,ROCKWALL,1,1,0,0,32.963555850000006,-96.34165535
75201,TX,DALLAS,0,2,0,0,32.15525570190465,-98.04428841933586
75203,TX,DALLAS,1,3,0,0,32.73972955725008,-96.80276757675
75204,TX,DALLAS,3,3,0,0,32.79493798916668,-96.78364728933333
75205,TX,DALLAS,0,1,0,0,32.8292786170001,-96.7833754339999
75206,TX,DALLAS,0,2,0,0,32.849749629499996,-96.767162622
75207,TX,DALLAS,0,0,1,0,32.80335082533662,-96.83553356005739
75208,TX,DALLAS,0,3,0,0,32.74295310866666,-96.83261409399996
75209,TX,DALLAS,0,2,0,0,32.8504102125,-96.82893789899995
75211,TX,DALLAS,0,4,0,0,32.73470221950007,-96.88250952025001
75212,TX,DALLAS,0,3,0,0,32.785217321,-96.862029362
75214,TX,DALLAS,0,12,0,0,32.83142734058335,-96.74585955966664
75215,TX,DALLAS,0,3,0,0,32.765328285,-96.76780793166667
75216,TX,DALLAS,1,11,0,0,32.69614392291669,-96.80226952550002
75217,TX,DALLAS,0,4,0,0,32.721046350500096,-96.69006554324994
75218,TX,DALLAS,1,3,0,0,32.83106148825,-96.70525113800001
75219,TX,DALLAS,1,7,0,0,32.63848931285116,-97.12293328195898
75220,TX,DALLAS,0,1,0,0,32.8645890350001,-96.839178886
75224,TX,DALLAS,1,1,0,0,32.70414386950005,-96.85403145800001
75225,TX,DALLAS,0,6,0,0,32.86734396566672,-96.78576173799995
75226,TX,DALLAS,1,0,0,0,32.78817065,-96.78119411
75227,TX,DALLAS,0,9,0,0,32.76196774033339,-96.67578163799998
75228,TX,DALLAS,0,3,0,0,32.81807520000007,-96.68298306833329
75229,TX,DALLAS,0,2,0,0,32.895068587000054,-96.84765590499995
75230,TX,DALLAS,2,22,0,0,32.89872510254171,-96.78450878345832
75231,TX,DALLAS,7,10,0,0,32.88464846323531,-96.76246382617646
75232,TX,DALLAS,0,7,0,0,32.66900740257146,-96.83619803599997
75233,TX,DALLAS,0,5,0,0,32.69946953920004,-96.87645279819996
75234,TX,DALLAS,1,3,0,0,32.91561841275005,-96.86934691774997
75235,TX,DALLAS,6,1,0,0,32.82195276714287,-96.85102388457143
75237,TX,DALLAS,2,2,0,0,32.64839780800003,-96.875435907
75238,TX,DALLAS,0,6,0,0,32.87151001600005,-96.71670371949999
75240,TX,DALLAS,0,6,0,0,32.68500315296824,-97.21341177994526
75241,TX,DALLAS,0,6,0,0,32.67786783566672,-96.79845512666662
75243,TX,DALLAS,3,9,0,0,32.909055650500015,-96.75278482916666
75244,TX,DALLAS,0,5,0,0,32.916582720600005,-96.84195516679995
75246,TX,DALLAS,4,2,0,0,32.31244812766668,-96.58674893033334
75247,TX,DALLAS,1,0,0,0,32.82592017,-96.86960835
75248,TX,DALLAS,0,25,0,0,32.96911522044005,-96.78767749839997
75249,TX,DALLAS,0,2,0,0,32.6347433455,-96.94960251349995
75251,TX,DALLAS,1,2,0,0,32.91749019166674,-96.7717064013333
75252,TX,COLLIN,0,6,0,0,32.99488680533339,-96.77514216883331
75254,TX,DALLAS,0,3,0,0,32.94565978366676,-96.79727360799997
75287,TX,COLLIN,0,3,0,0,32.991113454000036,-96.83759058166667
75401,TX,HUNT,1,6,1,0,33.12466424512507,-96.11498234548516
75402,TX,HUNT,1,3,0,0,33.107070543,-96.10101367774998
75407,TX,COLLIN,0,2,0,0,33.17703138500005,-96.50801815999995
75409,TX,COLLIN,0,5,0,0,33.31509657960006,-96.490433955
75418,TX,FANNIN,2,6,0,0,33.58776828762504,-96.177756201875
75426,TX,RED RIVER,0,2,0,0,33.60668901600005,-95.0559210075
75428,TX,HUNT,0,2,0,0,33.230711639999996,-95.89953436399995
75432,TX,DELTA,0,1,0,0,33.375391,-95.7002639999999
75440,TX,RAINS,0,1,0,0,32.8833152130001,-95.76173376
75442,TX,COLLIN,0,2,0,0,33.15886300850005,-96.3748381515
75446,TX,FANNIN,0,1,0,0,33.584635269,-95.896796883
75455,TX,TITUS,1,10,0,0,33.174054477000034,-94.98342899345452
75457,TX,FRANKLIN,1,2,0,0,33.178564388000034,-95.23290052466666
75460,TX,LAMAR,3,7,1,0,33.669987533004864,-95.54158936675363
75462,TX,LAMAR,0,3,0,0,33.679389999666704,-95.52600428533333
75474,TX,HUNT,0,1,0,0,32.9403432240001,-96.166559464
75479,TX,FANNIN,0,1,0,0,33.5994756470001,-96.364634969
75482,TX,HOPKINS,1,7,1,0,33.14398327329637,-95.59629665164391
75494,TX,WOOD,1,3,0,0,32.94637150575002,-95.28978396449995
75495,TX,GRAYSON,0,1,0,0,33.4232753840001,-96.584309226
75501,TX,BOWIE,2,2,1,0,33.43179678933412,-94.06292509959765
75503,TX,BOWIE,4,16,0,0,33.47347859510005,-94.08055305329998
75551,TX,CASS,1,4,0,0,33.11013419320002,-94.16467282379998
75559,TX,BOWIE,0,1,0,0,33.4891165330001,-94.588082328
75563,TX,CASS,1,1,1,0,33.011805520263856,-94.36865208381317
75568,TX,MORRIS,0,1,0,0,33.200687326,-94.679196153
75570,TX,BOWIE,0,2,0,0,33.4613069,-94.36165925
75571,TX,MORRIS,0,1,0,0,33.1834024,-94.7314311
75601,TX,GREGG,2,3,1,0,32.50832145006731,-94.72329514385983
75602,TX,GREGG,0,3,0,0,32.475179939000064,-94.73320004066663
75603,TX,GREGG,0,1,0,0,32.386963673,-94.684258201
75604,TX,GREGG,0,4,0,0,32.5357290185001,-94.79027647149996
75605,TX,GREGG,5,11,0,0,32.539361241187535,-94.73582978256248
75633,TX,PANOLA,1,8,1,0,32.16675749005296,-94.34468725688609
75638,TX,MORRIS,0,1,0,0,33.028321519,-94.712775598
75639,TX,PANOLA,0,1,0,0,32.2538245210001,-94.213968418
75644,TX,UPSHUR,0,5,0,0,32.739792587800025,-94.95559025259999
75647,TX,UPSHUR,0,3,0,0,32.54251956200006,-94.95679218033331
75652,TX,RUSK,1,2,1,0,32.159983882677224,-94.80018720028575
75654,TX,RUSK,0,4,0,0,32.131627493000074,-94.79669182949995
75656,TX,CASS,0,2,0,0,32.997605813,-94.63212133
75657,TX,MARION,0,2,0,0,32.7701090495,-94.357385124
75662,TX,GREGG,1,3,0,0,32.37028510825002,-94.86465018524997
75670,TX,HARRISON,1,4,1,0,32.35516492150702,-95.18220781458672
75672,TX,HARRISON,0,2,0,0,32.528342633500046,-94.32496110849995
75684,TX,RUSK,0,1,0,0,32.265908713,-94.981366653
75686,TX,CAMP,1,2,0,0,33.0075828386667,-94.96504658233327
75701,TX,SMITH,8,7,0,0,32.32728657886669,-95.28917701846663
75702,TX,SMITH,0,5,1,0,32.36426605109042,-95.33437585948394
75703,TX,SMITH,1,18,0,0,32.27672120152636,-95.32077686363158
75704,TX,SMITH,0,1,0,0,32.3502800360001,-95.3662345
75707,TX,SMITH,0,2,0,0,32.2891885580001,-95.24443805049995
75708,TX,SMITH,1,2,0,0,32.427850819,-95.211339883
75751,TX,HENDERSON,1,12,0,0,32.19587230384617,-95.84574096861533
75757,TX,SMITH,0,1,0,0,32.1444720870001,-95.311666923
75758,TX,HENDERSON,0,1,0,0,32.3139488460001,-95.482431431
75765,TX,WOOD,0,8,0,0,32.59579158875001,-95.2063321915
75766,TX,CHEROKEE,2,9,0,0,31.961493676909104,-95.25452414309092
75771,TX,SMITH,0,4,0,0,32.518377886500026,-95.40210219824995
75773,TX,WOOD,0,4,0,0,32.67138681100005,-95.480909472
75783,TX,WOOD,1,2,1,0,32.79590951716202,-95.43950254626978
75785,TX,CHEROKEE,1,2,1,0,31.802454263714125,-95.1494393271711
75790,TX,VAN ZANDT,0,1,0,0,32.5230763980001,-95.642610011
75791,TX,SMITH,0,2,0,0,32.23965786750005,-95.23842378949995
75801,TX,ANDERSON,2,6,0,0,31.737747286000065,-95.64308810149997
75803,TX,ANDERSON,0,2,0,0,31.77896531250005,-95.63602480649999
75833,TX,LEON,0,1,0,0,31.2524788210001,-95.972753285
75835,TX,HOUSTON,1,5,1,0,31.32140991105052,-95.44538143328045
75839,TX,ANDERSON,0,1,0,0,31.6191356310001,-95.5789958939999
75840,TX,FREESTONE,1,2,1,0,31.72311064910124,-96.16216513157312
75845,TX,TRINITY,0,1,0,0,31.06260216,-95.1370117719999
75860,TX,FREESTONE,0,1,0,0,31.638285427,-96.276708829
75862,TX,TRINITY,1,2,0,0,30.943584282333337,-95.37511995466663
75901,TX,ANGELINA,0,1,0,0,31.3402762900001,-94.692269521
75904,TX,ANGELINA,4,11,1,0,31.3391391506528,-95.31813543557367
75935,TX,SHELBY,0,5,0,0,31.797445210000035,-94.17581868039996
75939,TX,POLK,0,1,0,0,31.00065038,-94.823784215
75941,TX,ANGELINA,0,1,0,0,31.171181674,-94.7891029259999
75946,TX,NACOGDOCHES,0,1,0,0,31.827234257,-94.500063597
75948,TX,SABINE,1,2,0,0,31.3337351146667,-93.864313503
75949,TX,ANGELINA,0,1,0,0,31.2776194200001,-94.573975447
75951,TX,JASPER,1,4,1,0,30.8892853939613,-93.9992635990942
75956,TX,JASPER,0,1,0,0,30.668608239,-93.905807351
75961,TX,NACOGDOCHES,2,2,0,0,31.58228263195235,-95.8146042089179
75964,TX,NACOGDOCHES,0,3,1,0,31.627534104186008,-94.68015673053921
75965,TX,NACOGDOCHES,1,3,0,0,31.65575116625,-94.653252622
75966,TX,NEWTON,0,2,0,0,30.84268327700005,-93.7570352775
75972,TX,SAN AUGUSTINE,1,5,0,0,31.527790198833383,-94.11979013133329
75976,TX,CHEROKEE,0,1,0,0,31.4911540000001,-94.940509
75979,TX,TYLER,1,2,0,0,30.776368934666703,-94.42698288133334
76001,TX,TARRANT,1,8,0,0,32.49960988920105,-97.40831765018572
76002,TX,TARRANT,0,5,0,0,32.629005951600035,-97.0992590262
76006,TX,TARRANT,0,4,0,0,32.78012168775,-97.08309313925001
76008,TX,PARKER,0,1,0,0,32.7100871244529,-97.616726403293
76009,TX,JOHNSON,0,1,0,0,32.407613477,-97.218849004
76011,TX,TARRANT,2,5,0,0,32.752308988000024,-97.10251843457142
76012,TX,TARRANT,3,7,0,0,32.75192445800006,-97.13094168059999
76013,TX,TARRANT,0,1,0,0,32.7070353340001,-97.120872861
76014,TX,TARRANT,0,4,0,0,32.69068426500002,-97.11241015300001
76015,TX,TARRANT,4,3,0,0,32.69203202742858,-97.1230449407143
76016,TX,TARRANT,0,8,0,0,32.702016202500026,-97.17682262662498
76017,TX,TARRANT,1,2,0,0,32.672170453000064,-97.13292764866662
76018,TX,TARRANT,1,2,0,0,32.660041585666704,-97.08975359833333
76020,TX,TARRANT,1,5,0,0,32.88051115416667,-97.53339922316665
76021,TX,TARRANT,1,8,0,0,32.69310721020107,-97.37356511251903
76022,TX,TARRANT,2,4,0,0,32.83250095133334,-97.13371412599997
76028,TX,JOHNSON,2,13,0,0,32.55075585913337,-97.34233903279998
76031,TX,JOHNSON,0,2,1,0,32.36122730468315,-97.40380404523067
76033,TX,JOHNSON,1,6,0,0,32.34272560257147,-97.42857055499998
76034,TX,TARRANT,1,4,0,0,32.8897539574,-97.16442880119999
76036,TX,TARRANT,0,3,0,0,32.5777513303334,-97.36214567033333
76039,TX,TARRANT,0,1,0,0,32.853648854,-97.09584562
76040,TX,TARRANT,0,1,0,0,32.825175792,-97.123897835
76043,TX,SOMERVELL,1,2,0,0,32.243735664000035,-97.74566247633334
76048,TX,HOOD,1,12,1,0,32.43446696336599,-97.79332446244644
76049,TX,HOOD,0,2,0,0,32.43963799900005,-97.75324158000001
76050,TX,JOHNSON,0,1,0,0,32.2709664320001,-97.1851991779999
76051,TX,TARRANT,2,8,0,0,32.91389411010003,-97.10289319949997
76053,TX,TARRANT,0,1,0,0,32.8264504640001,-97.165264559
76054,TX,TARRANT,2,1,0,0,32.85725491333337,-97.18380318
76055,TX,HILL,0,1,0,0,32.1586444000001,-97.142651756
76059,TX,JOHNSON,0,2,0,0,32.389888311500044,-97.3334341115
76060,TX,TARRANT,0,1,0,0,32.645360946,-97.217122068
76063,TX,TARRANT,6,12,0,0,32.58022233205558,-97.11614918188887
76065,TX,ELLIS,1,6,0,0,32.464692403571455,-96.98094819185714
76067,TX,PALO PINTO,1,6,0,0,32.8069479737143,-98.12019051585715
76082,TX,PARKER,0,1,0,0,32.9533741000001,-97.6607031999999
76086,TX,PARKER,2,14,0,0,32.74826950156257,-97.79062188856246
76087,TX,PARKER,0,2,0,0,32.74751225850005,-97.66143967799995
76092,TX,TARRANT,2,7,0,0,32.94479114455557,-97.16116936933332
76102,TX,TARRANT,1,3,0,0,32.74834974425008,-97.342150444
76103,TX,TARRANT,0,2,0,0,32.743922466500095,-97.276666124
76104,TX,TARRANT,10,7,1,0,32.73471762918997,-97.33650166832108
76105,TX,TARRANT,0,1,0,0,32.7388301570001,-97.29007641
76106,TX,TARRANT,0,2,0,0,32.798941312000096,-97.37508135350001
76107,TX,TARRANT,0,3,0,0,32.740119185999994,-97.36632787766656
76108,TX,TARRANT,0,3,0,0,32.74506866300003,-97.45845048299991
76109,TX,TARRANT,1,8,0,0,32.1337636548889,-97.20505875011109
76110,TX,TARRANT,1,0,0,0,32.72732293,-97.34715539
76112,TX,TARRANT,0,5,0,0,32.76537848940004,-97.2303849018
76114,TX,TARRANT,0,2,0,0,32.77534478900005,-97.41127054999995
76116,TX,TARRANT,0,8,0,0,32.716060719750075,-97.41824439812498
76117,TX,TARRANT,0,3,0,0,32.38835411293647,-97.96467426222391
76118,TX,TARRANT,0,2,0,0,32.80780279450005,-97.231213084
76119,TX,TARRANT,0,5,0,0,32.69723809980006,-97.26198594619996
76120,TX,TARRANT,0,1,0,0,32.7773690000001,-97.201993
76123,TX,TARRANT,1,8,0,0,32.4902037535344,-97.61184515763017
76126,TX,TARRANT,0,1,0,0,32.677262978,-97.464622094
76132,TX,TARRANT,8,18,0,0,32.663062364076936,-97.41778470719231
76133,TX,TARRANT,0,11,0,0,32.53962081925545,-97.57320258769741
76134,TX,TARRANT,0,1,0,0,32.634626607,-97.3253146059999
76135,TX,TARRANT,0,3,0,0,32.817367143333364,-97.43899559266663
76137,TX,TARRANT,0,5,0,0,32.86216052700006,-97.30290794799998
76140,TX,TARRANT,0,3,0,0,32.5932462353334,-97.23462523799998
76148,TX,TARRANT,0,3,0,0,32.881221171333365,-97.25050033433332
76161,TX,DALLAS,0,1,0,0,32.718394839,-96.776293201
76177,TX,TARRANT,4,0,0,0,32.89922969,-97.31303263500001
76179,TX,TARRANT,0,5,0,0,32.865369766400065,-97.41048324059996
76180,TX,TARRANT,1,9,0,0,32.835455751500035,-97.21448696469999
76182,TX,TARRANT,0,1,0,0,32.8623862910001,-97.2023031159999
76201,TX,DENTON,3,12,0,0,33.08185585185398,-97.29227301731144
76205,TX,DENTON,0,2,0,0,33.17827260800005,-97.12322707499995
76207,TX,DENTON,0,1,0,0,33.2484681020001,-97.142897849
76208,TX,DENTON,3,10,0,0,33.042108814754585,-97.25541736189783
76209,TX,DENTON,0,3,1,0,33.22282304696637,-97.0929321184193
76210,TX,DENTON,1,15,0,0,33.16833282825002,-97.1132029574375
76226,TX,DENTON,2,4,0,0,33.10470069583334,-97.196113454
76227,TX,DENTON,1,0,0,0,33.22065305,-96.91358852
76230,TX,MONTAGUE,1,2,0,0,33.55913343166667,-97.84469164266663
76233,TX,GRAYSON,0,1,0,0,33.564771351,-96.910923415
76234,TX,WISE,4,4,0,0,33.22432776812502,-97.59232701737498
76240,TX,COOKE,1,7,0,0,33.63081788950004,-97.13359049062498
76244,TX,TARRANT,1,4,0,0,32.91390137300002,-97.30000860679999
76247,TX,DENTON,0,1,0,0,33.084549485,-97.287766367
76248,TX,TARRANT,2,21,0,0,32.91660804386959,-97.23339222613045
76252,TX,COOKE,1,0,0,0,33.65395734,-97.38032336
76255,TX,MONTAGUE,1,5,0,0,33.785443568833365,-97.72902351700002
76258,TX,DENTON,0,2,0,0,33.405809201,-96.95056161099996
76262,TX,TARRANT,1,3,0,0,32.97832182050005,-97.199164533
76266,TX,DENTON,0,3,0,0,33.36853001666674,-97.17147551666663
76270,TX,MONTAGUE,0,3,0,0,33.50040512200007,-97.71247408633333
76273,TX,GRAYSON,0,3,0,0,33.6495405646667,-96.88882570266664
76301,TX,WICHITA,3,3,1,0,33.90647156721802,-98.50141011044403
76302,TX,WICHITA,1,5,0,0,33.46698776363492,-98.62376516161193
76306,TX,WICHITA,0,1,0,0,33.9191266650001,-98.539935508
76308,TX,WICHITA,1,3,0,0,33.85663084525007,-98.526264134
76309,TX,WICHITA,0,2,0,0,33.88041268450005,-98.5514475025
76310,TX,WICHITA,1,5,0,0,33.868341462333355,-98.5613232665
76351,TX,ARCHER,0,0,1,0,33.591058793145464,-98.62182849197507
76354,TX,WICHITA,0,2,0,0,34.0864716420001,-98.564195716
76360,TX,WICHITA,1,1,0,0,34.0228585915,-98.9252284225
76365,TX,CLAY,1,1,0,0,33.813643510999995,-98.20077593949995
76367,TX,WICHITA,0,1,0,0,33.961603407,-98.679407987
76371,TX,KNOX,0,1,0,0,33.4529053850001,-99.626879264
76374,TX,YOUNG,1,1,0,0,33.371287680500004,-98.76897094299994
76380,TX,BAYLOR,1,3,0,0,33.595007777999996,-99.2736092505
76384,TX,WILBARGER,2,3,0,0,34.15718886400002,-99.318404655
76401,TX,ERATH,1,6,0,0,32.22255727885717,-98.23092479657143
76424,TX,STEPHENS,1,1,0,0,32.753587943,-98.88472379550001
76426,TX,WISE,1,2,0,0,33.22046482400007,-97.75468627466664
76437,TX,EASTLAND,0,1,0,0,32.37611617,-98.991909952
76442,TX,COMANCHE,1,3,0,0,31.92786540100005,-98.59158207924999
76444,TX,COMANCHE,0,1,0,0,32.1163442480001,-98.527205345
76446,TX,ERATH,0,2,0,0,32.08620282050005,-98.341831953
76448,TX,EASTLAND,1,4,0,0,32.3973558608,-98.8312860558
76450,TX,YOUNG,1,4,0,0,33.095251616200024,-98.57399356899995
76457,TX,HAMILTON,0,2,0,0,31.98221554600005,-98.03763941150001
76458,TX,JACK,1,3,0,0,33.23445149200002,-98.16242918525
76470,TX,EASTLAND,0,1,0,0,32.4728132590001,-98.685506173
76471,TX,EASTLAND,0,1,0,0,32.091145189,-98.965010843
76483,TX,THROCKMORTON,1,0,0,0,33.18990414,-99.17664894
76501,TX,BELL,0,0,1,0,31.09803158397872,-97.33600491337337
76502,TX,BELL,3,10,0,0,31.078558863384636,-97.38032205253845
76504,TX,BELL,3,7,0,0,31.090251914900016,-97.3635211745
76505,TX,BELL,0,1,0,0,31.061285018,-97.3630217909999
76508,TX,BELL,1,0,0,0,31.07744745,-97.36344799
76511,TX,BELL,0,1,0,0,30.7981715290001,-97.423979511
76513,TX,BELL,1,4,0,0,31.053606497800036,-97.47386182539998
76520,TX,MILAM,1,2,1,0,30.861173780543965,-96.97760394228101
76522,TX,CORYELL,1,4,1,0,31.12042294636272,-97.89439269734844
76528,TX,CORYELL,1,3,0,0,31.433793117250076,-97.76370460174995
76530,TX,WILLIAMSON,0,2,0,0,30.724736773,-97.4411882175
76531,TX,HAMILTON,1,3,0,0,31.703134133750023,-98.10283243674998
76542,TX,BELL,1,0,0,0,31.0746998,-97.7104004
76543,TX,BELL,0,2,0,0,31.07337898700005,-97.68671291199995
76544,TX,BELL,2,0,0,0,31.135663165,-97.74192120000001
76548,TX,BELL,2,1,0,0,31.073133900000002,-97.67460044166667
76549,TX,BELL,2,1,0,0,31.104734621000002,-97.80273432899996
76550,TX,LAMPASAS,1,6,1,0,31.06374968354979,-98.18024329690545
76567,TX,MILAM,1,1,0,0,30.64759311950005,-97.028947814
76570,TX,FALLS,0,1,0,0,31.0791844440001,-96.974418987
76574,TX,WILLIAMSON,1,2,0,0,30.587522109666665,-97.41056295533333
76629,TX,ROBERTSON,0,1,0,0,31.167530857,-96.674441283
76634,TX,BOSQUE,1,5,0,0,31.77882600000007,-97.58758494083332
76642,TX,LIMESTONE,1,5,0,0,31.513197141000017,-96.58366143866668
76643,TX,MCLENNAN,0,3,0,0,31.467990242269767,-97.9109260888905
76645,TX,HILL,1,3,0,0,32.01351070125003,-97.09453796699995
76651,TX,ELLIS,0,1,0,0,32.181480102,-96.8968116889999
76657,TX,MCLENNAN,0,1,0,0,31.432500068,-97.418231179
76661,TX,FALLS,1,2,0,0,31.307063807000002,-96.89326042333327
76664,TX,LIMESTONE,0,2,0,0,31.58829755000005,-96.83321474999995
76665,TX,BOSQUE,0,1,1,0,31.928185108816976,-97.65800861449262
76667,TX,LIMESTONE,1,3,1,0,31.68736216237271,-96.48820494250245
76691,TX,MCLENNAN,0,1,0,0,31.8168962290001,-97.0928731829999
76692,TX,HILL,1,3,0,0,31.961483945000026,-97.32696644875
76702,TX,MCLENNAN,0,1,0,0,31.4747283840001,-97.207811318
76704,TX,MCLENNAN,0,2,0,0,31.5727862200001,-97.1315942185
76705,TX,MCLENNAN,0,3,0,0,31.593302026000032,-97.05494046366665
76706,TX,MCLENNAN,1,0,0,0,31.49951789,-97.16502831
76707,TX,MCLENNAN,0,2,1,0,31.559967059443398,-97.14949870303639
76708,TX,MCLENNAN,0,7,0,0,31.589668486285742,-97.17706491485713
76710,TX,MCLENNAN,0,3,0,0,31.524626846666695,-97.20172620099997
76711,TX,MCLENNAN,1,2,0,0,31.505138892333367,-97.16056959966666
76712,TX,MCLENNAN,4,14,0,0,31.46046761844448,-97.25763932616667
76763,TX,ECTOR,0,1,0,0,31.840165547,-102.399219114
76801,TX,BROWN,1,6,1,0,31.6833309721029,-98.98723505550407
76802,TX,BROWN,0,4,0,0,31.74311175875005,-98.92785717525
76804,TX,BROWN,0,1,0,0,31.677286554,-98.97174796
76821,TX,RUNNELS,1,3,0,0,31.753288425500024,-99.96966502624997
76823,TX,BROWN,0,1,0,0,31.713677755,-99.119895965
76825,TX,MCCULLOCH,1,3,0,0,31.11945927275005,-99.34105660049997
76834,TX,COLEMAN,1,2,0,0,31.820903806666703,-99.43204328899992
76837,TX,CONCHO,1,1,0,0,31.22098126700005,-99.848042331
76844,TX,MILLS,0,2,0,0,31.4518745370001,-98.56789766399996
76849,TX,KIMBLE,1,0,0,0,30.49847308,-99.78056091
76859,TX,MENARD,0,1,0,0,30.916756266,-99.784255064
76877,TX,SAN SABA,0,1,0,0,31.1989603210001,-98.742722016
76901,TX,TOM GREEN,2,8,0,0,31.450154642500042,-100.49404516550001
76903,TX,TOM GREEN,1,6,1,0,31.470735114944652,-100.43333757132838
76904,TX,TOM GREEN,1,5,0,0,31.409304380666715,-100.48172637516666
76905,TX,TOM GREEN,1,0,0,0,31.4717117,-100.40244377
76932,TX,REAGAN,1,1,0,0,31.19728727000005,-101.461504275
76933,TX,COKE,0,1,0,0,31.8790991000001,-100.293491411
76936,TX,SCHLEICHER,1,1,0,0,30.86683003400005,-100.5977220565
76943,TX,CROCKETT,0,1,0,0,30.7221219730001,-101.206633294
76945,TX,COKE,0,1,0,0,31.8956669770001,-100.489460189
76950,TX,SUTTON,1,0,0,0,30.56340928,-100.63443595
76951,TX,STERLING,0,1,0,0,31.8369281120001,-100.981788875
77002,TX,HARRIS,1,0,0,0,29.74811613,-95.36614814
77004,TX,HARRIS,4,2,0,0,29.722191955333347,-95.37873937699997
77005,TX,HARRIS,0,2,0,0,30.584195202904652,-97.36699593733584
77006,TX,HARRIS,0,1,0,0,29.743783638,-95.389646435
77008,TX,HARRIS,3,5,0,0,29.805207434250036,-95.41673146287498
77013,TX,HARRIS,0,2,0,0,29.8119585255,-95.2458762845
77014,TX,HARRIS,0,5,0,0,29.99706725460006,-95.46875837819998
77015,TX,HARRIS,1,1,0,0,29.777336138000052,-95.1899966635
77016,TX,HARRIS,0,12,0,0,29.857546547166695,-95.30742073174997
77017,TX,HARRIS,0,1,0,0,29.6823854100001,-95.2496736429999
77018,TX,HARRIS,0,1,0,0,29.8368810000001,-95.408692
77019,TX,HARRIS,0,4,0,0,29.758189704000074,-95.40731142249999
77021,TX,HARRIS,1,4,0,0,29.70430761700004,-95.3737182948
77022,TX,HARRIS,0,2,0,0,29.8321708665,-95.385900419
77024,TX,HARRIS,1,2,0,0,29.7812728793334,-95.48744508
77025,TX,HARRIS,0,10,0,0,29.692155339100037,-95.43148508299996
77026,TX,HARRIS,1,2,0,0,29.803345390666703,-95.32909709933334
77027,TX,HARRIS,1,0,1,0,29.73756899777424,-95.4508225141273
77028,TX,HARRIS,0,5,0,0,30.1568100675619,-96.08997917893434
77029,TX,HARRIS,0,2,0,0,29.763294087000048,-95.25327143749996
77030,TX,HARRIS,14,1,0,0,29.706865907733338,-95.39885014593332
77031,TX,HARRIS,0,8,0,0,29.65895591937506,-95.54377973812497
77033,TX,HARRIS,0,7,0,0,29.92084151282996,-95.90791446152453
77034,TX,HARRIS,0,2,0,0,29.62304939450005,-95.2017528835
77035,TX,HARRIS,2,7,0,0,29.852168254534416,-95.90142850251907
77036,TX,HARRIS,0,21,0,0,29.70167488714289,-95.53064750057142
77038,TX,HARRIS,0,1,0,0,29.9217533190001,-95.445919966
77039,TX,HARRIS,0,1,0,0,29.9079584890001,-95.326675538
77040,TX,HARRIS,0,3,0,0,29.870353867333368,-95.53239824733329
77042,TX,HARRIS,0,2,0,0,29.746739329500002,-95.57211157249995
77043,TX,HARRIS,0,3,0,0,29.798423627666665,-95.56424555966667
77044,TX,HARRIS,0,1,0,0,29.9573406430001,-95.1657519999999
77045,TX,HARRIS,0,6,0,0,29.634467131000065,-95.42692264783331
77047,TX,HARRIS,0,4,0,0,29.618190246000026,-95.38158858899999
77048,TX,HARRIS,0,1,0,0,29.6044254780001,-95.3392522779999
77049,TX,HARRIS,1,2,0,0,29.81419077033337,-95.1648924123333
77051,TX,HARRIS,0,2,0,0,29.6635238385,-95.36053419999995
77054,TX,HARRIS,4,3,0,0,29.6907697604286,-95.39727148471427
77055,TX,HARRIS,1,4,0,0,30.12617328036192,-96.27357874073432
77056,TX,HARRIS,0,5,0,0,29.745281375799998,-95.45922386399998
77057,TX,HARRIS,0,8,0,0,29.75290597162504,-95.48934651574999
77058,TX,HARRIS,2,4,0,0,29.54786342750002,-95.09729781316662
77059,TX,HARRIS,1,1,0,0,29.61974439,-95.13919958
77061,TX,HARRIS,0,2,0,0,29.67392448950005,-95.276593015
77062,TX,HARRIS,0,5,0,0,29.581317033799998,-95.14471228099998
77063,TX,HARRIS,0,6,0,0,29.739989953166717,-95.52128685616664
77064,TX,HARRIS,0,6,0,0,29.918524758040533,-95.56661611772239
77065,TX,HARRIS,3,10,0,0,29.927166481692357,-95.59919614215382
77066,TX,HARRIS,0,1,0,0,29.9759735380001,-95.513030283
77068,TX,HARRIS,0,3,0,0,29.980259173000068,-95.48578698133333
77069,TX,HARRIS,0,1,0,0,29.9799493030001,-95.543038005
77070,TX,HARRIS,4,13,0,0,29.978227964823553,-95.55943659788234
77071,TX,HARRIS,0,4,0,0,29.660657781750025,-95.51953123449996
77072,TX,HARRIS,1,13,0,0,29.704807244214322,-95.5873557597857
77074,TX,HARRIS,2,10,0,0,29.840728669067488,-95.82861595655596
77075,TX,HARRIS,0,1,0,0,29.6195476,-95.2786701
77076,TX,HARRIS,1,1,0,0,29.8669875455,-95.4026472615
77077,TX,HARRIS,0,9,0,0,29.751491870777826,-95.62292523377778
77078,TX,HARRIS,0,5,0,0,29.85071971200008,-95.25404796139998
77080,TX,HARRIS,1,7,0,0,29.814338849500036,-95.522687152
77081,TX,HARRIS,1,0,0,0,29.70798221,-95.47341614
77082,TX,HARRIS,2,6,0,0,29.72843607737505,-95.59874099187499
77083,TX,HARRIS,0,18,0,0,29.694144767166726,-95.65294843077778
77084,TX,HARRIS,0,3,0,0,29.837712185333334,-95.67877088
77086,TX,HARRIS,0,3,0,0,29.92805053800007,-95.4857534886666
77087,TX,HARRIS,1,4,0,0,29.68904890120002,-95.30617203279995
77089,TX,HARRIS,1,5,0,0,29.588650831666712,-95.21962457866664
77090,TX,HARRIS,8,8,0,0,30.02103784625003,-95.44365119006251
77091,TX,HARRIS,2,4,0,0,29.8562120651667,-95.41830864016663
77093,TX,HARRIS,1,3,0,0,29.840273648750028,-95.34284773375
77094,TX,HARRIS,3,0,0,0,29.78421102333333,-95.70146143333334
77095,TX,HARRIS,0,11,0,0,30.047620813528155,-95.9849766506974
77096,TX,HARRIS,0,1,0,0,29.663693,-95.4917349999999
77098,TX,HARRIS,0,1,0,0,29.7338378000001,-95.4159695
77099,TX,HARRIS,0,5,0,0,29.671483560800016,-95.59201849680001
77301,TX,MONTGOMERY,2,12,1,0,30.321596378654093,-95.45612573028842
77302,TX,MONTGOMERY,0,1,0,0,30.2639688200001,-95.43203425
77303,TX,MONTGOMERY,0,2,0,0,30.38418794900005,-95.33060779600001
77304,TX,MONTGOMERY,5,26,0,0,30.309433480483897,-95.48719007816129
77306,TX,MONTGOMERY,0,1,0,0,30.28604,-95.340846
77315,TX,COLEMAN,0,1,0,0,31.4471380118093,-99.3170915156717
77316,TX,MONTGOMERY,0,6,0,0,30.336125727000052,-95.67559584050001
77318,TX,MONTGOMERY,0,2,0,0,30.463232564500103,-95.56357075299995
77327,TX,LIBERTY,2,1,0,0,30.337380354333334,-95.08599150833334
77336,TX,HARRIS,0,1,0,0,30.0205396,-95.1148
77338,TX,HARRIS,6,8,0,0,29.998941852142895,-95.27846839921428
77339,TX,MONTGOMERY,4,15,0,0,30.05140342305266,-95.24164091242105
77340,TX,WALKER,1,8,0,0,30.698776277111158,-95.55581856477778
77346,TX,HARRIS,0,15,0,0,29.986619428000036,-95.18365388926664
77351,TX,POLK,1,7,0,0,30.724943483000054,-94.94050088462498
77354,TX,MONTGOMERY,0,6,0,0,30.421699820968232,-96.22158594811195
77355,TX,MONTGOMERY,0,4,0,0,30.15554353625007,-95.69233181274997
77356,TX,MONTGOMERY,0,2,0,0,30.39646303700005,-95.67676405899999
77357,TX,MONTGOMERY,0,5,0,0,30.15058579660006,-95.19175956279997
77358,TX,WALKER,0,1,0,0,30.526503,-95.378652
77365,TX,MONTGOMERY,0,7,0,0,30.08643170028574,-95.25410652699998
77371,TX,SAN JACINTO,0,1,0,0,30.4714283820001,-95.0107668209999
77373,TX,HARRIS,0,3,0,0,30.049497896333335,-95.40787782133333
77375,TX,HARRIS,3,18,0,0,30.084264598333366,-95.61357881799998
77377,TX,HARRIS,0,5,0,0,30.31439878736192,-96.35764939313432
77378,TX,MONTGOMERY,0,1,0,0,30.4342905450001,-95.485080049
77379,TX,HARRIS,1,9,0,0,30.032693346500032,-95.52729948429996
77380,TX,MONTGOMERY,2,13,0,0,30.144021150000018,-95.45331527773332
77381,TX,MONTGOMERY,0,3,0,0,30.16802846400007,-95.50290128266666
77382,TX,MONTGOMERY,0,6,0,0,30.202104552166684,-95.55284781683334
77384,TX,MONTGOMERY,7,6,0,0,30.214591827307707,-95.48560387553844
77385,TX,MONTGOMERY,1,4,0,0,30.17518278120004,-95.43633998520001
77386,TX,MONTGOMERY,1,12,0,0,30.13285955669235,-95.433959467
77388,TX,HARRIS,0,13,0,0,30.05393144269235,-95.45604789461537
77389,TX,HARRIS,1,8,0,0,30.25768323742328,-95.93169585307463
77396,TX,HARRIS,0,2,0,0,29.93874914650005,-95.2680063975
77401,TX,HARRIS,2,7,0,0,29.70921854977781,-95.46534105366668
77406,TX,FORT BEND,0,7,0,0,29.654802912428583,-95.7716442221428
77407,TX,FORT BEND,1,9,0,0,29.68607509790001,-95.73290001189997
77414,TX,MATAGORDA,1,6,0,0,28.977811305714315,-95.97682376414284
77417,TX,FORT BEND,0,1,0,0,29.4582407,-96.0093518
77418,TX,AUSTIN,1,5,0,0,29.954906884833367,-96.2672462815
77423,TX,WALLER,0,19,0,0,29.766273890947392,-95.97559724942101
77429,TX,HARRIS,3,9,0,0,29.958578267750045,-95.63327613816665
77433,TX,HARRIS,1,5,0,0,29.918744402500014,-95.7012556068333
77434,TX,COLORADO,1,1,0,0,29.58837829000005,-96.34570185
77437,TX,WHARTON,1,3,0,0,29.19808812000005,-96.30218154099995
77441,TX,FORT BEND,0,4,0,0,29.72246698350005,-95.8572069915
77449,TX,HARRIS,0,4,0,0,29.843875747000023,-95.73987007874997
77450,TX,HARRIS,3,13,0,0,29.758456436937514,-95.74308613287498
77459,TX,FORT BEND,0,21,0,0,29.57786695295242,-95.55423916909521
77461,TX,FORT BEND,0,3,0,0,29.38782766600003,-95.80898500066667
77465,TX,MATAGORDA,1,0,0,0,28.71692636,-96.21422746
77469,TX,FORT BEND,2,10,0,0,29.57825249850003,-95.74030709724998
77471,TX,FORT BEND,0,4,1,0,29.55136504796392,-95.79360995027093
77474,TX,AUSTIN,0,4,0,0,29.7766009455,-96.16251929375001
77477,TX,FORT BEND,1,1,0,0,29.647105088,-95.58834441099995
77478,TX,FORT BEND,3,21,0,0,29.69866787436709,-95.77403086490297
77479,TX,FORT BEND,7,6,0,0,29.5805752362308,-95.63888672923078
77480,TX,BRAZORIA,1,2,0,0,29.0471722596667,-95.69042026499996
77484,TX,WALLER,0,1,0,0,30.057471374,-95.926082669
77488,TX,WHARTON,1,4,0,0,29.318554361200057,-96.09626436359994
77489,TX,FORT BEND,0,9,0,0,29.59632633466671,-95.52120979455555
77493,TX,HARRIS,0,7,0,0,29.790739400000014,-95.80242707299999
77494,TX,FORT BEND,2,22,0,0,29.753558711083368,-95.81290111725001
77498,TX,FORT BEND,1,3,0,0,29.65621484375,-95.63565127224997
77502,TX,HARRIS,0,1,0,0,29.6842018290001,-95.202121833
77503,TX,HARRIS,0,5,0,0,29.68214620360008,-95.1553406224
77504,TX,HARRIS,2,5,0,0,29.659715154000043,-95.18367905899996
77505,TX,HARRIS,3,4,0,0,29.64294731985716,-95.15337572514285
77510,TX,GALVESTON,0,1,0,0,29.387277,-95.0914589
77511,TX,BRAZORIA,0,8,0,0,29.401249541375055,-95.25784366362497
77514,TX,CHAMBERS,1,0,1,0,29.76079748911234,-94.67999371705889
77515,TX,BRAZORIA,1,7,1,0,29.18211889353982,-95.4132121112582
77520,TX,HARRIS,1,3,0,0,29.751463124500077,-94.96630933549999
77521,TX,HARRIS,4,8,0,0,29.775365628666723,-94.95921001625
77523,TX,CHAMBERS,0,1,0,0,29.8346431480001,-94.8400845209999
77530,TX,HARRIS,1,0,0,0,29.77455376,-95.14465578
77531,TX,BRAZORIA,0,2,0,0,29.02407542600005,-95.39721741700001
77535,TX,LIBERTY,0,4,0,0,30.050350256000026,-94.9239908365
77536,TX,HARRIS,0,2,0,0,29.68872487700005,-95.11242025300001
77539,TX,GALVESTON,0,3,0,0,30.1253241492698,-96.4873132742239
77545,TX,FORT BEND,0,2,0,0,29.53118053350005,-95.4454026185
77546,TX,GALVESTON,0,12,0,0,29.521274092500047,-95.19131786724996
77550,TX,GALVESTON,1,8,0,0,29.30456613644449,-94.78413927099999
77551,TX,GALVESTON,0,3,0,0,29.266950409,-94.83258481666667
77554,TX,GALVESTON,0,1,0,0,29.2456627980001,-94.866803204
77555,TX,GALVESTON,1,0,0,0,29.31080769,-94.77712159
77562,TX,HARRIS,0,3,0,0,29.82381100666667,-95.05897080566666
77563,TX,GALVESTON,0,1,0,0,29.351085385,-95.021272784
77564,TX,LIBERTY,0,2,0,0,30.1893960835,-94.63041570549996
77566,TX,BRAZORIA,1,8,0,0,29.028604319222236,-95.44584520922223
77568,TX,GALVESTON,0,4,1,0,29.369476647477256,-94.96994408583458
77571,TX,HARRIS,0,4,0,0,29.660546186499996,-95.07634744549995
77573,TX,GALVESTON,2,17,0,0,29.60363816893737,-95.32104231619321
77575,TX,LIBERTY,1,2,0,0,30.068416569666734,-94.79904229799996
77578,TX,BRAZORIA,0,3,0,0,29.528681135333432,-95.38255936433335
77581,TX,BRAZORIA,0,6,0,0,29.556252699666715,-95.26069396716663
77583,TX,FORT BEND,0,2,0,0,29.5102022475,-95.506688863
77584,TX,BRAZORIA,3,11,0,0,29.5558396104286,-95.36715227314286
77586,TX,HARRIS,0,1,0,0,29.565317813,-95.049586276
77590,TX,GALVESTON,0,2,0,0,29.39707771250005,-94.9150196815
77591,TX,GALVESTON,1,13,0,0,29.684914273758526,-95.61467966516737
77598,TX,HARRIS,9,4,0,0,29.545502423076957,-95.12700562261536
77604,TX,HARRISON,0,1,0,0,32.535342961,-94.3704581219999
77619,TX,JEFFERSON,1,4,0,0,29.941091044400004,-93.91019814879999
77625,TX,HARDIN,0,1,1,0,30.37003797936655,-94.3205879604294
77627,TX,JEFFERSON,1,1,0,0,29.97687057550005,-94.00384439999999
77630,TX,ORANGE,2,7,1,0,30.23709089676391,-94.3365515971374
77640,TX,JEFFERSON,1,1,0,0,29.935447488,-93.989409191
77642,TX,JEFFERSON,1,3,0,0,29.949084371250027,-93.98581563525
77651,TX,JEFFERSON,0,1,0,0,29.9881271,-93.9794255
77656,TX,HARDIN,0,5,0,0,30.57084321316188,-95.20755143153431
77657,TX,HARDIN,1,2,0,0,30.24934959966667,-94.20684472
77662,TX,ORANGE,0,2,0,0,30.12933034550005,-94.011608731
77665,TX,CHAMBERS,1,1,0,0,29.816802156999998,-94.37979848199996
77701,TX,JEFFERSON,3,2,1,0,30.071252295165674,-94.10735548206343
77702,TX,JEFFERSON,3,0,0,0,30.08716920666667,-94.13231752666667
77703,TX,JEFFERSON,0,3,0,0,30.100917304000067,-94.13078789699996
77705,TX,JEFFERSON,0,0,1,0,30.05844720825181,-94.09330202928814
77706,TX,JEFFERSON,1,7,0,0,30.09407119012504,-94.17031264887498
77707,TX,JEFFERSON,3,9,0,0,30.06431935425005,-94.15369250424999
77708,TX,JEFFERSON,0,1,0,0,30.143234464,-94.165389717
77802,TX,BRAZOS,4,13,0,0,30.659854282000016,-96.32953267705882
77803,TX,BRAZOS,0,1,1,0,30.67889260226704,-96.37682395974483
77807,TX,BRAZOS,0,2,0,0,30.6699557650001,-96.41759755299995
77833,TX,WASHINGTON,1,8,0,0,30.15609795200002,-96.38937571344445
77836,TX,BURLESON,1,4,1,0,30.535526173463698,-96.7086748806028
77842,TX,BRAZOS,1,0,0,0,30.58055046,-96.29257915
77845,TX,BRAZOS,2,11,0,0,30.582067272692335,-96.27610318646154
77856,TX,ROBERTSON,0,1,0,0,31.029367268,-96.49184389
77859,TX,ROBERTSON,0,1,0,0,30.865124,-96.593428
77864,TX,MADISON,1,6,0,0,30.955205579714328,-95.91353871857142
77868,TX,GRIMES,1,3,1,0,30.392782327137287,-96.07603154416793
77901,TX,VICTORIA,4,3,1,0,28.81680984093853,-96.98344796046379
77904,TX,VICTORIA,3,13,0,0,29.024274533425622,-97.14504769635447
77905,TX,VICTORIA,0,3,0,0,28.766115482,-97.11737685566663
77954,TX,DEWITT,1,6,1,0,29.095682379137916,-97.27509186154404
77957,TX,JACKSON,1,3,1,0,28.97179014256584,-96.650617072879
77962,TX,JACKSON,0,2,0,0,29.0392228695001,-96.51421805499996
77963,TX,GOLIAD,0,1,0,0,28.6788904950001,-97.39021489
77964,TX,LAVACA,1,4,1,0,29.42467380663939,-96.95040826545763
77975,TX,LAVACA,0,1,0,0,29.57353341,-97.149357901
77979,TX,CALHOUN,1,4,1,0,28.628439767296296,-96.63772732319207
77984,TX,LAVACA,0,3,0,0,29.433779637000033,-97.1734029303333
77995,TX,LAVACA,1,3,0,0,29.298881582500048,-97.13976175649998
78002,TX,BEXAR,0,2,0,0,29.25749750000005,-98.77606850000001
78003,TX,BANDERA,0,2,1,0,29.728676970150058,-99.07276089020013
78006,TX,KENDALL,0,15,1,0,29.77419631410704,-98.71494886469931
78009,TX,MEDINA,0,2,0,0,29.3512968180001,-98.8904761705
78013,TX,KENDALL,0,1,0,0,29.971783873,-98.906932151
78014,TX,LA SALLE,0,1,0,0,28.4457770000001,-99.240487
78016,TX,MEDINA,0,15,0,0,29.183342862833296,-98.90341179636344
78017,TX,FRIO,1,0,0,0,28.67085506,-99.1749823
78022,TX,LIVE OAK,0,1,1,0,28.33528739924774,-98.118530804225
78023,TX,BEXAR,0,4,0,0,29.56094132625,-98.69745493399999
78026,TX,ATASCOSA,1,4,0,0,29.4311448545619,-98.68772578413434
78028,TX,KERR,4,16,1,0,30.05335949784508,-99.13999913315523
78040,TX,WEBB,0,2,1,0,27.51508796558116,-99.4865811161261
78041,TX,WEBB,5,3,0,0,27.54602504812504,-99.47622067787498
78043,TX,WEBB,0,1,0,0,27.5134026600001,-99.4801342439999
78045,TX,WEBB,2,0,0,0,27.61020204,-99.474043705
78052,TX,BEXAR,0,4,0,0,29.25083115900005,-98.803151511
78057,TX,FRIO,0,1,0,0,29.0675903010001,-99.023350744
78059,TX,MEDINA,0,2,0,0,29.24905095100005,-98.8648662905
78061,TX,FRIO,1,1,0,0,28.8967089595,-99.118170436
78064,TX,ATASCOSA,0,4,0,0,28.967436199500025,-98.49308935799998
78065,TX,ATASCOSA,0,1,0,0,29.084434613,-98.597728434
78070,TX,COMAL,0,1,0,0,29.8082590000001,-98.42252
78076,TX,ZAPATA,0,1,1,0,26.90101196448608,-99.26282850892132
78102,TX,BEE,1,3,1,0,28.417270741353057,-97.74162851150427
78108,TX,GUADALUPE,0,5,0,0,29.576254779600003,-98.2554692358
78109,TX,BEXAR,0,3,0,0,29.528238096333364,-98.32250103700001
78114,TX,WILSON,1,4,1,0,29.139185716212804,-98.15353022962796
78118,TX,KARNES,0,1,0,0,28.879877289,-97.910020323
78119,TX,KARNES,1,2,0,0,28.819075468666664,-97.86090416466664
78121,TX,WILSON,0,1,0,0,29.3484580000001,-98.130916
78130,TX,COMAL,4,14,1,0,29.724498987738098,-98.11016277977565
78132,TX,COMAL,1,5,0,0,30.0109271248016,-98.44556626927861
78154,TX,GUADALUPE,1,7,0,0,29.578714171875063,-98.28078325487498
78155,TX,GUADALUPE,1,14,1,0,29.72811712378631,-98.01894455031443
78160,TX,WILSON,0,1,0,0,29.231325,-97.959553
78163,TX,COMAL,0,3,0,0,29.760301794666702,-98.44703666133334
78164,TX,DEWITT,0,1,0,0,28.977742607,-97.51261035
78201,TX,BEXAR,1,4,0,0,29.475153724600062,-98.54329550459997
78202,TX,BEXAR,0,1,0,0,29.4279093050001,-98.4691919269999
78205,TX,BEXAR,3,0,1,0,29.42930909346817,-98.4927827697149
78207,TX,BEXAR,1,2,0,0,29.426493470000036,-98.51847725299996
78209,TX,BEXAR,1,14,0,0,29.493898417733366,-98.46224710546663
78210,TX,BEXAR,0,1,0,0,29.405137107,-98.485810003
78212,TX,BEXAR,2,5,0,0,29.445206176142882,-98.49675375728569
78213,TX,BEXAR,0,6,0,0,29.5074979911667,-98.52102037999998
78214,TX,BEXAR,0,2,0,0,29.351948993500102,-98.47206573899999
78216,TX,BEXAR,1,6,0,0,29.5286144831429,-98.50536831714284
78217,TX,BEXAR,1,7,0,0,29.53861857612504,-98.42116615999994
78218,TX,BEXAR,0,11,0,0,29.505620931909117,-98.4171010463636
78219,TX,BEXAR,0,3,0,0,29.439590199000065,-98.42278951266667
78220,TX,BEXAR,0,3,0,0,29.412548393666736,-98.41004849599999
78221,TX,BEXAR,1,1,0,0,29.338146010000003,-98.49890277299994
78222,TX,BEXAR,1,3,0,0,29.37450758250005,-98.41595697500001
78223,TX,BEXAR,2,4,0,0,29.36587942416671,-98.45401995416665
78224,TX,BEXAR,3,3,0,0,29.9228936071667,-98.25813353
78227,TX,BEXAR,0,3,0,0,29.3886909533334,-98.64843238566665
78228,TX,BEXAR,0,17,0,0,29.47155405505887,-98.57605664370587
78229,TX,BEXAR,10,17,0,0,29.50646069344446,-98.5775306821111
78230,TX,BEXAR,0,4,0,0,29.527960653250048,-98.54645151299997
78231,TX,BEXAR,0,5,0,0,29.593005671600018,-98.5453274216
78232,TX,BEXAR,1,9,0,0,29.585144834900028,-98.47364920889997
78233,TX,BEXAR,2,6,0,0,29.550512051500025,-98.36821805999998
78234,TX,BEXAR,2,0,0,0,29.460209419999998,-98.41575728000001
78235,TX,BEXAR,1,0,0,0,29.34478851,-98.43848672
78236,TX,BEXAR,2,0,0,0,29.3995187,-98.62243981
78237,TX,BEXAR,1,2,0,0,29.409930735000064,-98.5476842833333
78238,TX,BEXAR,0,5,0,0,29.488753061,-98.60831133319998
78239,TX,BEXAR,0,14,0,0,29.519025120804574,-98.34841285934908
78240,TX,BEXAR,6,35,0,0,29.57170786350757,-98.6155034853578
78242,TX,BEXAR,0,1,0,0,29.342529965,-98.6204583859999
78244,TX,BEXAR,0,1,0,0,29.5582575220001,-98.641983198
78245,TX,BEXAR,0,6,0,0,29.406787464000033,-98.70190456016662
78247,TX,BEXAR,1,9,0,0,29.58201147300007,-98.38745593649996
78248,TX,BEXAR,0,1,0,0,29.5838203260001,-98.5348418359999
78249,TX,BEXAR,4,14,0,0,29.57407709038891,-98.59985452905555
78250,TX,BEXAR,1,5,0,0,29.50432984883335,-98.65959409483332
78251,TX,BEXAR,6,8,0,0,29.462362648857162,-98.68837951228569
78253,TX,BEXAR,0,2,0,0,29.4882533015,-98.71694793750001
78254,TX,BEXAR,0,3,0,0,29.522694850000033,-98.64367452899997
78255,TX,BEXAR,0,10,0,0,29.64973438680003,-98.6488050064
78256,TX,BEXAR,0,1,0,0,29.614892109,-98.6194131729999
78257,TX,BEXAR,0,2,0,0,30.541576903904648,-98.96762252983581
78258,TX,BEXAR,5,17,0,0,29.795490795119054,-98.55915691887921
78259,TX,BEXAR,2,0,0,0,29.603329306,-98.43813061450001
78261,TX,BEXAR,0,1,0,0,29.68136,-98.438995
78266,TX,COMAL,0,3,0,0,29.653715654000067,-98.29968344366667
78332,TX,JIM WELLS,1,8,0,0,27.75824054188891,-98.0517534721111
78336,TX,SAN PATRICIO,1,0,0,0,27.91500413,-97.16253788
78355,TX,BROOKS,0,1,1,0,27.22021777823463,-98.13962442947863
78361,TX,JIM HOGG,0,1,0,0,27.319358611,-98.683953644
78363,TX,KLEBERG,1,2,0,0,27.48959629566667,-97.857333554
78368,TX,SAN PATRICIO,0,1,0,0,28.0917014290001,-97.8140190409999
78374,TX,SAN PATRICIO,0,2,0,0,27.89327058900005,-97.3133061164999
78377,TX,REFUGIO,1,2,0,0,28.308120517333368,-97.27967840166667
78380,TX,NUECES,0,1,0,0,27.79947107,-97.659989589
78382,TX,ARANSAS,0,4,0,0,28.041162579250074,-97.05354139399999
78384,TX,DUVAL,0,1,0,0,27.7476560000001,-98.24566
78387,TX,SAN PATRICIO,0,0,1,0,28.03957028782238,-97.51085016431739
78401,TX,NUECES,2,3,0,0,27.7911163058,-97.3968440926
78404,TX,NUECES,3,2,0,0,27.77552135860004,-97.39993658719997
78405,TX,NUECES,1,6,0,0,27.76926298185717,-97.44034812871426
78408,TX,NUECES,0,1,0,0,27.8003073560001,-97.4484673859999
78410,TX,NUECES,1,3,0,0,27.851682555500027,-97.62498230924996
78411,TX,NUECES,2,2,0,0,27.7355444695,-97.38499823774997
78412,TX,NUECES,1,2,0,0,27.69464864833333,-97.34061333366667
78413,TX,NUECES,1,3,0,0,27.678690777500027,-97.3868837955
78414,TX,NUECES,7,10,0,0,27.902192284577033,-97.48607190856893
78415,TX,NUECES,0,1,0,0,27.736600498,-97.410847973
78416,TX,NUECES,0,0,1,0,27.75889952216678,-97.42982375432415
78465,TX,DENTON,1,0,0,0,33.15366153,-97.05667447
78501,TX,HIDALGO,0,8,0,0,26.203453436125066,-98.23223992074996
78503,TX,HIDALGO,7,3,0,0,26.191702396100034,-98.2148217176
78504,TX,HIDALGO,1,0,0,0,26.24610104,-98.1985359
78516,TX,HIDALGO,0,1,0,0,26.160406805,-98.126227608
78520,TX,CAMERON,2,7,0,0,25.950316521333356,-97.51800321233333
78521,TX,CAMERON,0,1,0,0,25.929667427,-97.487700398
78526,TX,CAMERON,3,1,0,0,25.971630762500023,-97.50614544475
78537,TX,HIDALGO,0,4,0,0,26.17284579375005,-98.04483086174997
78539,TX,HIDALGO,8,10,0,0,26.26593456055558,-98.1893960551111
78542,TX,HIDALGO,0,0,1,0,26.287067098525032,-98.1479956237912
78550,TX,CAMERON,5,13,0,0,26.17499159255559,-97.67124323305552
78551,TX,CAMERON,1,0,0,0,26.16067855,-97.70704055
78552,TX,CAMERON,0,2,0,0,26.16777678650005,-97.7416869335
78570,TX,HIDALGO,0,1,0,0,26.1555210000001,-97.943
78572,TX,HIDALGO,1,6,0,0,26.207947977714337,-98.30889058585714
78574,TX,HIDALGO,0,1,0,0,26.315874739,-98.3041085899999
78576,TX,HIDALGO,0,1,0,0,26.2464881000001,-98.4396785
78577,TX,HIDALGO,0,3,0,0,26.201941305333364,-98.19748363066662
78580,TX,WILLACY,0,4,0,0,26.503932127500022,-97.762446135
78582,TX,STARR,1,3,0,0,26.368855365750075,-98.82212920475
78586,TX,CAMERON,0,0,1,0,26.14058732623912,-97.65400516250017
78589,TX,HIDALGO,0,1,0,0,26.195999353,-98.1552998449999
78596,TX,HIDALGO,3,6,0,0,26.1519150855556,-97.9857264952222
78602,TX,BASTROP,1,6,1,0,30.10881521205914,-97.32864735353104
78605,TX,BURNET,0,1,0,0,30.7401160000001,-98.050538
78606,TX,BLANCO,0,1,0,0,30.09692405,-98.4233376289999
78610,TX,HAYS,1,5,0,0,30.08515322433335,-97.83770581433333
78611,TX,BURNET,1,3,0,0,30.738614193500048,-98.23216068
78613,TX,WILLIAMSON,2,17,0,0,30.510690318894763,-97.81851702173681
78620,TX,HAYS,0,3,0,0,30.61672514560317,-98.52097208022387
78621,TX,BASTROP,0,1,0,0,30.35879756,-97.388674921
78624,TX,GILLESPIE,1,14,1,0,30.271023466050867,-98.86495826094844
78626,TX,WILLIAMSON,3,3,1,0,30.633583893787236,-97.67260921792523
78628,TX,WILLIAMSON,0,8,0,0,30.678289353000018,-97.69756961187498
78629,TX,GONZALES,1,4,0,0,29.53003264100006,-97.46255754139995
78633,TX,WILLIAMSON,0,11,0,0,30.712056810909132,-97.74857824490908
78634,TX,WILLIAMSON,0,1,0,0,30.5112300000001,-97.57938
78636,TX,BLANCO,0,1,0,0,30.2711054960001,-98.402200794
78639,TX,LLANO,0,2,0,0,30.667347757,-98.45276523449995
78640,TX,HAYS,3,5,0,0,30.001198040500014,-97.8648319775
78641,TX,WILLIAMSON,0,5,0,0,30.574267722800062,-97.8577332838
78643,TX,LLANO,1,3,0,0,30.75364530125,-98.67314438175
78644,TX,CALDWELL,0,4,1,0,29.87490765929428,-97.67304934987911
78648,TX,CALDWELL,2,3,0,0,29.681315036600022,-97.65108066039998
78652,TX,TRAVIS,0,4,0,0,30.137639062250074,-97.85494626449997
78653,TX,TRAVIS,0,1,0,0,30.3976016610001,-97.63382868
78654,TX,BURNET,1,5,0,0,30.56425664566672,-98.2758486655
78655,TX,GUADALUPE,0,1,0,0,29.8108410560001,-97.8569938809999
78656,TX,CALDWELL,0,3,0,0,29.8782077923334,-97.84791574233333
78657,TX,LLANO,0,5,0,0,30.51997520140002,-98.4039952572
78660,TX,TRAVIS,1,17,0,0,30.449092357046464,-97.62300456276093
78664,TX,WILLIAMSON,0,7,0,0,30.63804540182993,-97.88284698395309
78665,TX,WILLIAMSON,4,19,0,0,30.551775925782646,-97.65980274939128
78666,TX,HAYS,2,10,1,0,29.8717350215986,-97.93661333823545
78676,TX,HAYS,0,7,0,0,30.005405313428586,-98.09416518785714
78681,TX,WILLIAMSON,4,7,0,0,30.508600690818227,-97.71862176236363
78701,TX,TRAVIS,3,0,0,0,30.27445722,-97.73393137333333
78704,TX,TRAVIS,2,2,0,0,30.229202891,-97.76203170749997
78705,TX,TRAVIS,4,0,0,0,30.293276105000004,-97.730246655
78717,TX,WILLIAMSON,2,3,0,0,30.483565609800042,-97.76543802559999
78722,TX,TRAVIS,0,1,0,0,30.282953354,-97.711959419
78723,TX,TRAVIS,1,2,0,0,30.30645105566673,-97.6888654013333
78724,TX,TRAVIS,0,1,0,0,30.3305442240001,-97.6195127829999
78727,TX,TRAVIS,0,6,0,0,30.420564688666698,-97.72451694183333
78729,TX,WILLIAMSON,0,1,0,0,30.4399779010001,-97.776319658
78730,TX,TRAVIS,0,1,0,0,30.3645682,-97.7979714
78731,TX,TRAVIS,2,3,0,0,30.326514391400018,-97.756010498
78732,TX,TRAVIS,1,2,0,0,30.3640842553334,-97.90171610699997
78734,TX,TRAVIS,1,6,0,0,30.349975811571476,-97.97316076385712
78735,TX,TRAVIS,1,4,0,0,30.25878055960004,-97.83860349359995
78736,TX,TRAVIS,0,3,0,0,30.634252112936498,-98.38291086389053
78737,TX,TRAVIS,1,5,0,0,30.211810637166696,-97.96858667016666
78738,TX,TRAVIS,1,11,0,0,30.507013003218233,-98.19513259286192
78741,TX,TRAVIS,0,1,0,0,30.2220881120001,-97.699427581
78745,TX,TRAVIS,3,5,0,0,30.18171751362502,-97.531844016
78746,TX,TRAVIS,2,4,0,0,30.279358996000017,-97.80356965599998
78748,TX,TRAVIS,0,15,0,0,30.15385145286672,-97.81836862633332
78749,TX,TRAVIS,0,6,0,0,30.207356492333385,-97.8590009838333
78750,TX,TRAVIS,0,9,0,0,30.446345330777817,-97.80104399077777
78751,TX,TRAVIS,2,1,0,0,30.311566960000032,-97.73475048933334
78752,TX,TRAVIS,0,1,0,0,30.324609303,-97.696639401
78753,TX,TRAVIS,0,5,0,0,30.38159717620004,-97.67274839640001
78754,TX,TRAVIS,1,3,0,0,30.347200460500023,-97.67643325325
78756,TX,TRAVIS,2,2,1,0,30.316765045349335,-97.74098704516919
78757,TX,TRAVIS,0,1,0,0,30.346131482,-97.736289735
78758,TX,TRAVIS,1,8,0,0,30.40156820677783,-97.6991954282222
78759,TX,TRAVIS,1,8,0,0,30.39961388433339,-97.75311393688888
78801,TX,UVALDE,1,7,0,0,29.219484844875023,-99.77614614349999
78833,TX,REAL,0,1,0,0,29.663307,-100.009358
78834,TX,DIMMIT,1,1,0,0,28.51872794300005,-99.86350181799995
78840,TX,VAL VERDE,2,5,0,0,29.38970108157144,-100.90685713257143
78852,TX,MAVERICK,2,3,0,0,28.714921682199996,-100.4651822604
78861,TX,MEDINA,1,1,1,0,29.338947895179853,-99.13423537020144
78934,TX,COLORADO,1,3,1,0,29.706087419770352,-96.54355428140732
78941,TX,FAYETTE,0,1,0,0,29.694067809,-97.1051828669999
78942,TX,LEE,0,4,0,0,30.192956839500024,-96.932073406
78944,TX,AUSTIN,0,1,0,0,29.9724948160001,-96.493657129
78945,TX,FAYETTE,1,3,0,0,29.90721399200005,-96.87536120249999
78956,TX,FAYETTE,0,4,0,0,29.683466730250075,-96.90587286324998
78957,TX,BASTROP,1,1,0,0,30.00793541550005,-97.1432837555
78962,TX,COLORADO,1,2,0,0,29.697379140666666,-96.78167762333334
79005,TX,LIPSCOMB,0,1,0,0,36.4608347130001,-100.536481281
79007,TX,HUTCHINSON,1,3,0,0,35.657773657750006,-101.40046712025
79014,TX,HEMPHILL,1,2,0,0,35.899717858333396,-100.38440678500001
79015,TX,RANDALL,0,5,0,0,34.982959829400045,-101.91381390640001
79019,TX,ARMSTRONG,0,3,0,0,35.1068573186667,-101.35925558166666
79022,TX,HARTLEY,1,3,1,0,36.05418882279004,-102.52089766973214
79027,TX,CASTRO,1,3,0,0,34.544656554250054,-102.32732027850001
79029,TX,MOORE,1,3,0,0,35.85935681000005,-101.96997537550001
79035,TX,PARMER,1,2,0,0,34.64574499200003,-102.71907288366667
79045,TX,DEAF SMITH,1,1,0,0,34.83380127350005,-102.4189080915
79057,TX,GRAY,0,2,0,0,35.23595475,-100.60189890000001
79064,TX,LAMB,0,3,0,0,34.1765572666667,-102.13884396666667
79065,TX,GRAY,1,4,0,0,35.56006961380002,-100.9730100576
79070,TX,OCHILTREE,1,2,0,0,36.371768935000034,-100.80290148933334
79072,TX,HALE,2,6,1,0,34.19175377527813,-101.7394596972672
79079,TX,WHEELER,1,1,0,0,35.1990395855,-100.24811763950001
79081,TX,HANSFORD,1,1,0,0,36.19032793000005,-101.19934874
79084,TX,SHERMAN,0,1,0,0,36.3413932500001,-102.063188168
79088,TX,SWISHER,1,2,1,0,34.53406578649892,-101.75924375973028
79095,TX,COLLINGSWORTH,1,2,0,0,34.8484013013334,-100.21345505033332
79096,TX,WHEELER,1,3,0,0,35.43913918625003,-100.27214466225
79101,TX,POTTER,0,3,0,0,35.19956298300003,-101.84182979266666
79106,TX,POTTER,8,11,0,0,34.922634107674206,-101.49669461235116
79107,TX,POTTER,0,0,1,0,35.222718077782964,-101.81663759427288
79109,TX,RANDALL,0,2,0,0,35.152617192500045,-101.891386935
79110,TX,RANDALL,0,3,0,0,35.1545975546667,-101.87352765499999
79119,TX,RANDALL,1,5,0,0,35.14433407550003,-101.92681396116667
79121,TX,RANDALL,0,1,0,0,35.1648567760001,-101.92233297
79124,TX,POTTER,5,9,0,0,35.21010133285719,-101.91389325121429
79201,TX,CHILDRESS,1,2,0,0,34.43201316300003,-100.21185315700001
79225,TX,HARDEMAN,1,0,0,0,34.25475226,-99.51579603
79226,TX,DONLEY,0,3,0,0,34.93879315200004,-100.89091458133333
79227,TX,FOARD,0,1,0,0,33.9814250000001,-99.7273
79235,TX,FLOYD,0,1,0,0,33.9704529640001,-101.351314089
79241,TX,FLOYD,1,1,0,0,34.127427859500045,-101.441669228
79244,TX,MOTLEY,0,1,0,0,34.025247333,-100.822421001
79245,TX,HALL,0,1,0,0,34.739177763,-100.552495611
79252,TX,HARDEMAN,1,1,0,0,34.29254293450005,-99.7372738815
79312,TX,LAMB,0,1,0,0,34.0062287470001,-102.42034018
79316,TX,TERRY,1,4,1,0,33.17673342364093,-102.26210600779314
79322,TX,CROSBY,1,2,0,0,33.658156746333404,-101.245756861
79323,TX,YOAKUM,1,1,1,0,32.966514329914475,-102.8369994651395
79325,TX,PARMER,0,1,0,0,34.3856224790001,-103.036998181
79329,TX,LUBBOCK,0,1,0,0,33.66155926,-101.695438719
79331,TX,DAWSON,1,3,1,0,32.74892116205747,-101.95768561287112
79336,TX,HOCKLEY,1,5,0,0,33.56130323716668,-102.35546185916667
79339,TX,LAMB,1,3,0,0,33.91093435675005,-102.3452625835
79346,TX,COCHRAN,1,0,0,0,33.71973751,-102.75752227
79347,TX,BAILEY,1,1,0,0,34.22353765150005,-102.73543819049999
79356,TX,GARZA,0,1,0,0,33.187972315,-101.385291726
79357,TX,CROSBY,0,1,0,0,33.6825602930001,-101.375428155
79360,TX,GAINES,1,3,0,0,32.72108812500005,-102.6516117355
79364,TX,LUBBOCK,0,5,0,0,33.43989585380004,-101.65585729479999
79373,TX,LYNN,1,1,0,0,33.16765562350005,-101.81591535550001
79382,TX,LUBBOCK,0,10,0,0,33.502799300000035,-102.0094644972
79401,TX,LUBBOCK,1,0,0,0,33.5867927,-101.85083078
79403,TX,LUBBOCK,0,1,0,0,33.5902805270001,-101.817609472
79407,TX,LUBBOCK,1,10,0,0,33.37429676261904,-101.69680455860653
79410,TX,LUBBOCK,4,4,0,0,33.57385272675005,-101.901481343375
79411,TX,LUBBOCK,0,1,1,0,33.572284172403656,-101.85090325146504
79412,TX,LUBBOCK,1,0,0,0,33.54949016,-101.86958665
79413,TX,LUBBOCK,0,9,0,0,33.548406061555625,-101.8871139981111
79414,TX,LUBBOCK,0,2,0,0,33.5424209775001,-101.9167218365
79415,TX,LUBBOCK,3,3,0,0,33.608690438000025,-101.89967071183332
79416,TX,LUBBOCK,2,13,0,0,33.5961533678667,-101.93101321859999
79423,TX,LUBBOCK,1,7,0,0,33.52142738750003,-101.874604638875
79424,TX,LUBBOCK,2,10,0,0,33.5116718400419,-101.93653298132007
79501,TX,JONES,1,2,0,0,32.767935097000034,-99.89506112233333
79502,TX,STONEWALL,1,1,0,0,33.15108352500005,-100.22856669999999
79504,TX,CALLAHAN,0,1,0,0,32.3965008480001,-99.3922604479999
79510,TX,CALLAHAN,0,1,0,0,32.395328711,-99.490203341
79512,TX,MITCHELL,1,2,0,0,32.08653042393643,-100.35245988822389
79520,TX,JONES,1,1,0,0,32.882339443,-100.1336519985
79521,TX,HASKELL,1,1,0,0,33.157942089,-99.74546506499999
79528,TX,KENT,0,1,0,0,33.2578310000001,-100.573834
79529,TX,KNOX,1,1,0,0,33.41303933650005,-99.811577087
79536,TX,TAYLOR,0,1,0,0,32.4720259710001,-100.021815
79546,TX,FISHER,1,2,0,0,32.8422633436667,-100.446662012
79549,TX,SCURRY,1,5,1,0,32.72574529682514,-100.91644436802052
79553,TX,JONES,1,4,0,0,32.92956527780002,-99.783563515
79556,TX,NOLAN,1,4,1,0,32.47494832869735,-100.39397755521838
79567,TX,RUNNELS,1,3,0,0,31.95789541725005,-99.95844765924997
79601,TX,TAYLOR,2,6,1,0,32.467339195588025,-99.73587484737043
79602,TX,TAYLOR,1,3,0,0,32.43021012600003,-99.7160960565
79603,TX,TAYLOR,0,2,0,0,32.4753634545001,-99.74487778700001
79605,TX,TAYLOR,0,6,0,0,32.42484741116673,-99.7620381965
79606,TX,TAYLOR,2,9,0,0,32.37905960500004,-99.7538832100909
79701,TX,MIDLAND,1,0,0,0,31.99592009,-102.09950331
79703,TX,MIDLAND,0,1,1,0,31.98144224582149,-102.13067355289459
79705,TX,MIDLAND,0,4,0,0,32.034515496000026,-102.09762236750001
79706,TX,MIDLAND,2,0,0,0,31.952294355,-102.1882679
79707,TX,MIDLAND,1,4,0,0,32.014324231200014,-102.14938647580001
79714,TX,ANDREWS,1,2,1,0,32.332528013306,-102.54935582613426
79720,TX,HOWARD,3,4,1,0,32.23821790003853,-101.48465138385546
79731,TX,CRANE,1,1,0,0,31.3912068015,-102.35670729099999
79735,TX,PECOS,1,1,1,0,30.892689873857048,-102.88990557513512
79744,TX,PECOS,1,0,0,0,30.91483088,-101.9074443
79745,TX,WINKLER,1,0,0,0,31.84959206,-103.09056262
79752,TX,UPTON,1,1,0,0,31.11453409,-102.210772365
79756,TX,WARD,1,1,0,0,31.5854841585,-102.89178196750001
79761,TX,ECTOR,4,0,1,0,31.848256513582697,-102.36752634490058
79762,TX,ECTOR,0,3,0,0,31.896821528666766,-102.345461795
79763,TX,ECTOR,0,2,0,0,31.846701533,-102.3960386045
79765,TX,ECTOR,0,4,0,0,31.91183496600005,-102.28775682100002
79772,TX,REEVES,1,2,0,0,31.403799989333333,-103.50502060866665
79778,TX,UPTON,1,0,0,0,31.23288787,-101.93536606
79782,TX,MARTIN,1,0,0,0,32.13981746,-101.78751971
79830,TX,BREWSTER,1,0,1,0,30.372399728143296,-103.66293460395657
79843,TX,PRESIDIO,0,0,1,0,30.309314976089848,-104.02951264408559
79855,TX,CULBERSON,1,0,0,0,31.04917326,-104.82750864
79902,TX,EL PASO,11,2,0,0,31.777995991538468,-106.48744588915383
79903,TX,EL PASO,0,3,0,0,31.78386579133337,-106.44601849200001
79904,TX,EL PASO,0,4,0,0,31.86406858000005,-106.436688284
79905,TX,EL PASO,3,0,1,0,31.771559268494748,-106.43365600693103
79907,TX,EL PASO,0,2,0,0,31.69859101800005,-106.31131562
79911,TX,EL PASO,1,2,0,0,31.891952557000067,-106.562762493
79912,TX,EL PASO,1,11,0,0,31.8473805571667,-106.55271276433335
79915,TX,EL PASO,0,4,0,0,31.74609243350005,-106.3801763595
79916,TX,EL PASO,1,0,0,0,31.929173515,-106.467284813
79918,TX,EL PASO,1,0,0,0,31.83452249,-106.32634812
79922,TX,EL PASO,0,1,0,0,31.825378916,-106.567251957
79924,TX,EL PASO,0,6,0,0,31.8272317198016,-105.22293240044529
79925,TX,EL PASO,1,9,0,0,31.779837243100037,-106.35067221890002
79927,TX,EL PASO,0,2,0,0,31.67450028000005,-106.29415357549999
79928,TX,EL PASO,1,0,0,0,31.68185462,-106.20802371
79930,TX,EL PASO,1,3,0,0,31.813120881249997,-106.4594570765
79932,TX,EL PASO,0,2,0,0,31.892315920999998,-106.61575295450001
79934,TX,EL PASO,1,2,0,0,31.937923063,-106.41182670033334
79935,TX,EL PASO,0,7,0,0,31.77723226828577,-106.32695904157143
79936,TX,EL PASO,2,10,0,0,31.764495657416717,-106.29517541199999
79938,TX,EL PASO,3,2,0,0,31.785033612,-106.254057732
80002,CO,JEFFERSON,0,4,0,0,39.79455904725,-105.10410753125001
80003,CO,JEFFERSON,0,12,0,0,39.81609688808337,-105.07577944466665
80004,CO,JEFFERSON,0,15,0,0,39.81704026501338,-105.1105479187514
80005,CO,JEFFERSON,0,3,0,0,39.833199016333396,-105.09001806966666
80007,CO,JEFFERSON,0,2,0,0,39.821936504500044,-105.19179825
80010,CO,ARAPAHOE,0,4,0,0,39.72631257100005,-104.8680715915
80011,CO,ARAPAHOE,5,10,0,0,39.730041125266716,-104.81866780486668
80012,CO,ARAPAHOE,1,13,0,0,39.693211235071466,-104.84397763314287
80013,CO,ARAPAHOE,0,10,0,0,39.65577797320005,-104.77829251419999
80014,CO,ARAPAHOE,0,16,0,0,39.66580565418755,-104.8181708465
80015,CO,ARAPAHOE,0,7,0,0,39.628404368428605,-104.80186679157143
80016,CO,ARAPAHOE,0,8,0,0,39.601765291375074,-104.736097897375
80017,CO,ARAPAHOE,0,2,0,0,39.693090271000045,-104.7720505045
80020,CO,BROOMFIELD,1,4,1,0,39.91051903531905,-105.05933645413286
80021,CO,JEFFERSON,1,5,0,0,39.887479362333345,-105.09425133766666
80022,CO,ADAMS,0,3,0,0,39.824109521666706,-104.91721452633332
80023,CO,ADAMS,2,2,0,0,39.9692821059664,-104.98122094563476
80026,CO,BOULDER,1,5,0,0,39.9783087866667,-105.08960285366668
80027,CO,BOULDER,2,6,0,0,39.97002254737504,-105.143363915375
80030,CO,ADAMS,0,5,0,0,39.83666510100002,-105.04403476760001
80031,CO,ADAMS,0,3,0,0,39.87932503366674,-105.04391117633334
80033,CO,JEFFERSON,1,19,0,0,39.77944534336598,-105.08457201192739
80045,CO,ADAMS,5,2,0,0,39.743788181714315,-104.83690187771427
80103,CO,ARAPAHOE,0,1,0,0,39.7120715130001,-104.224555464
80104,CO,DOUGLAS,0,11,0,0,39.37151638645458,-104.85013357845455
80107,CO,ELBERT,0,3,0,0,39.35867656800003,-104.604751699
80108,CO,DOUGLAS,0,4,0,0,39.449360441000024,-104.88577281549999
80109,CO,DOUGLAS,1,9,0,0,39.38895460950005,-104.88411088349999
80110,CO,ARAPAHOE,0,2,0,0,39.647540057499995,-104.9870385455
80111,CO,ARAPAHOE,0,16,1,0,39.60521680058317,-104.88068669086005
80112,CO,ARAPAHOE,3,8,0,0,39.58200937990912,-104.87523602654545
80113,CO,ARAPAHOE,2,8,0,0,39.65426049870004,-104.9738527303
80117,CO,ELBERT,0,0,1,0,39.35175836977945,-104.46640955818562
80120,CO,ARAPAHOE,1,6,0,0,39.591148099000016,-105.00563978028572
80121,CO,ARAPAHOE,0,19,0,0,39.603460065105324,-104.95323785168424
80122,CO,ARAPAHOE,1,23,0,0,39.583736180750044,-104.96485797625002
80123,CO,JEFFERSON,1,12,0,0,39.61414442584623,-105.07368018830768
80124,CO,DOUGLAS,1,1,0,0,39.5306871585,-104.87658714049999
80126,CO,DOUGLAS,0,6,0,0,39.54371400500008,-104.954143666
80127,CO,JEFFERSON,0,11,0,0,39.60764609854547,-105.1226052711818
80128,CO,JEFFERSON,0,22,0,0,39.580630582090954,-105.0664883986818
80129,CO,DOUGLAS,2,4,0,0,39.556234509000056,-105.02962987849999
80130,CO,DOUGLAS,1,2,0,0,39.55124417400003,-104.91293996266667
80132,CO,EL PASO,0,2,0,0,39.0802206495001,-104.8597672515
80133,CO,EL PASO,0,1,0,0,39.1164794,-104.9114249
80134,CO,DOUGLAS,0,13,0,0,39.51406263284619,-104.78835977715383
80136,CO,ADAMS,0,1,0,0,39.745875858,-104.329174721
80138,CO,DOUGLAS,1,6,0,0,39.52357187528579,-104.75147581542856
80202,CO,DENVER,0,2,0,0,39.75297043350005,-105.0022449735
80203,CO,DENVER,0,3,0,0,39.7413762487063,-104.97866307101333
80204,CO,DENVER,2,2,1,0,39.73591601350857,-105.01971670055431
80205,CO,DENVER,0,1,0,0,39.7498032610001,-104.973732315
80206,CO,DENVER,1,4,0,0,39.739348376400045,-104.9530229082
80207,CO,DENVER,0,3,0,0,39.764256273000036,-104.92646292100001
80209,CO,DENVER,0,3,0,0,39.713284205000036,-104.95845847033333
80210,CO,DENVER,3,6,0,0,39.67230889111113,-104.96474841377777
80211,CO,DENVER,0,8,0,0,39.76130525050006,-105.02565070975
80212,CO,DENVER,0,2,0,0,39.7670883190001,-105.0473518015
80214,CO,JEFFERSON,0,21,0,0,39.741282492302766,-105.07402639287399
80215,CO,JEFFERSON,0,10,0,0,39.746207971100056,-105.1161643663
80216,CO,DENVER,0,2,0,0,39.791098764000054,-104.98552490899999
80218,CO,DENVER,9,3,0,0,39.74350164475001,-104.96846943066667
80219,CO,DENVER,0,5,0,0,39.65616713996722,-105.02828067964961
80220,CO,DENVER,2,6,0,0,39.73429448962506,-104.92780524474999
80221,CO,DENVER,0,1,0,0,39.7931021470001,-105.022661931
80222,CO,ARAPAHOE,0,28,0,0,39.67165447160718,-104.92553657775002
80224,CO,DENVER,0,5,0,0,39.70543000900004,-104.91220464099999
80226,CO,JEFFERSON,0,15,0,0,39.711337081800025,-105.07793831246667
80227,CO,JEFFERSON,0,8,0,0,39.66696802912505,-105.07478708974999
80228,CO,JEFFERSON,2,5,0,0,39.701108738428616,-105.12959305528572
80229,CO,ADAMS,3,4,0,0,39.85389604785717,-104.9795609122857
80230,CO,DENVER,3,2,0,0,39.72174593120002,-104.8941865564
80231,CO,ARAPAHOE,0,11,0,0,39.67476197945461,-104.88919831727272
80232,CO,JEFFERSON,0,8,0,0,39.68603537482276,-105.08340268311889
80233,CO,ADAMS,1,12,0,0,39.90008814500004,-104.97058982353848
80234,CO,ADAMS,0,3,0,0,39.900161879000066,-104.97871779366669
80235,CO,JEFFERSON,0,3,0,0,39.64352215400007,-105.08204090633335
80236,CO,DENVER,1,6,0,0,39.64761726585717,-105.03552783271428
80237,CO,DENVER,0,4,0,0,39.635156390750076,-104.90537434375
80238,CO,DENVER,1,1,0,0,39.770449674,-104.887689641
80239,CO,DENVER,0,4,0,0,39.78462886850005,-104.84132933275
80241,CO,ADAMS,0,6,0,0,39.92776634950008,-104.95276289916667
80246,CO,DENVER,0,3,1,0,39.707337343567104,-104.9337994811892
80247,CO,DENVER,0,4,0,0,39.692603678000076,-104.87897271175001
80249,CO,DENVER,0,1,0,0,39.78196647,-104.744705451
80260,CO,ADAMS,0,5,0,0,39.868165022000056,-105.00074075139999
80266,CO,JEFFERSON,0,1,0,0,39.7142002220994,-105.104658952481
80301,CO,BOULDER,0,3,0,0,40.040348916666694,-105.25493941433335
80302,CO,BOULDER,0,3,0,0,40.0076902623334,-105.267573905
80303,CO,BOULDER,1,5,0,0,40.000782447500036,-105.23839738650001
80304,CO,BOULDER,1,4,1,0,40.03110066934747,-105.27374910703941
80305,CO,BOULDER,0,2,0,0,39.98085197,-105.24434029700001
80401,CO,JEFFERSON,2,5,1,0,39.7372549430504,-105.16864854366854
80403,CO,JEFFERSON,0,3,0,0,39.78750429700007,-105.21768739566666
80422,CO,GILPIN,0,0,1,0,39.83924631007648,-105.4821905881737
80439,CO,JEFFERSON,0,4,0,0,39.6293560318949,-105.3356803857385
80440,CO,PARK,0,0,1,0,39.2235696035063,-105.98902635525991
80443,CO,SUMMIT,1,0,1,0,39.57097442979379,-106.0813597180395
80446,CO,GRAND,1,0,0,0,40.075728,-105.925792
80451,CO,GRAND,0,0,1,0,40.07198154761406,-106.10140076797593
80452,CO,CLEAR CREEK,0,0,1,0,39.74259335301536,-105.51643086158286
80459,CO,GRAND,1,1,0,0,40.05768104150005,-106.388899952
80461,CO,LAKE,1,0,1,0,39.246446120725224,-106.29805194433665
80465,CO,JEFFERSON,0,3,0,0,39.647738175000065,-105.17271665233334
80480,CO,JACKSON,0,0,1,0,40.732554048081525,-106.28124610018254
80487,CO,ROUTT,1,2,1,0,40.457534261897464,-106.81409266686607
80501,CO,BOULDER,1,11,0,0,40.1834749443334,-105.11534467416668
80503,CO,BOULDER,0,6,0,0,40.16268162083342,-105.13608057316668
80504,CO,BOULDER,1,0,0,0,40.16185088,-105.05837006
80513,CO,LARIMER,0,3,0,0,40.3154534726667,-105.07800275733332
80516,CO,WELD,0,1,0,0,40.002372284,-105.027769689
80517,CO,LARIMER,1,2,0,0,40.37816213100007,-105.50710395099999
80524,CO,LARIMER,1,10,1,0,40.59683190487996,-105.0486824639968
80525,CO,LARIMER,0,11,0,0,40.52507017481822,-105.061762285
80526,CO,LARIMER,0,6,0,0,40.55478825100003,-105.10932805616666
80528,CO,LARIMER,1,3,0,0,40.519107012250025,-105.01673908824999
80534,CO,LARIMER,4,0,0,0,40.405410035,-104.97322046
80537,CO,LARIMER,0,13,0,0,40.38959253223082,-105.08216802238462
80538,CO,LARIMER,2,7,0,0,40.41682869644448,-105.04827990844446
80550,CO,WELD,0,5,0,0,40.47311981180006,-104.91304956920001
80601,CO,ADAMS,1,8,0,0,39.98439402800004,-104.78970459411111
80602,CO,ADAMS,0,1,0,0,39.9505643,-104.8691205
80620,CO,WELD,0,5,0,0,40.383052181800004,-104.7058708338
80621,CO,WELD,0,4,0,0,40.087567501750044,-104.7780633005
80622,CO,WELD,0,1,0,0,40.5234205840001,-104.585275009
80631,CO,WELD,1,7,1,0,40.415819707759226,-104.69239260980554
80634,CO,WELD,2,15,0,0,40.40637610347063,-104.75693427105884
80643,CO,WELD,0,3,0,0,40.108551753333366,-104.51885966433333
80701,CO,MORGAN,1,5,1,0,40.2588079716637,-103.78813620755446
80720,CO,WASHINGTON,0,1,1,0,40.16128438351818,-103.21201583310068
80723,CO,MORGAN,1,5,0,0,40.25538095637568,-103.64470871945385
80731,CO,PHILLIPS,1,0,0,0,40.6417925,-102.63139823
80734,CO,PHILLIPS,1,2,1,0,40.58021911899003,-102.29930280549388
80737,CO,SEDGWICK,1,2,1,0,40.99219178463639,-102.26808188677126
80751,CO,LOGAN,1,9,1,0,40.61649716919096,-103.21709162726852
80758,CO,YUMA,1,2,0,0,40.061785025333336,-102.22468166666665
80759,CO,YUMA,1,2,1,0,40.121178758724646,-102.7292720516241
80807,CO,KIT CARSON,1,2,1,0,39.30187299682875,-102.26416705623154
80810,CO,CHEYENNE,1,1,1,0,38.82567534765744,-102.35388791290683
80813,CO,TELLER,1,1,0,0,38.7531145705,-105.182231953
80814,CO,TELLER,0,0,1,0,38.94244092418795,-105.15710198287059
80815,CO,KIT CARSON,0,1,0,0,39.292984893,-103.064294118
80817,CO,EL PASO,0,1,0,0,38.7027762,-104.7004553
80821,CO,LINCOLN,1,3,1,0,39.13801812614899,-103.47080392257999
80828,CO,LINCOLN,0,2,0,0,39.268519762500105,-103.7018197405
80835,CO,ELBERT,0,1,0,0,39.141707916,-104.083242199
80836,CO,KIT CARSON,0,1,0,0,39.3043921830001,-102.603966821
80863,CO,TELLER,1,2,0,0,38.97256576033333,-105.06112004833334
80901,CO,EL PASO,1,0,0,0,38.80129367,-104.81694722
80903,CO,EL PASO,0,3,0,0,38.843006888666736,-104.81910236233334
80904,CO,EL PASO,0,8,0,0,38.84513713734424,-104.8642384686519
80905,CO,EL PASO,0,5,0,0,38.82591712120004,-104.83882925200001
80906,CO,EL PASO,1,15,0,0,38.79420643487502,-104.8238282815
80907,CO,EL PASO,1,10,0,0,38.881211167090946,-104.82547176563638
80908,CO,EL PASO,0,2,0,0,38.9943196505001,-104.7047429725
80909,CO,EL PASO,1,18,0,0,38.852612700157955,-104.78660437442102
80910,CO,EL PASO,1,8,1,0,38.82458779472249,-104.78261382741246
80911,CO,EL PASO,0,2,0,0,38.74295043900005,-104.7252492205
80912,CO,EL PASO,1,0,0,0,38.991793224,-104.884596135
80913,CO,EL PASO,2,0,0,0,38.719114164000004,-104.7972034085
80914,CO,EL PASO,1,0,0,0,38.825314419,-104.702950326
80915,CO,EL PASO,0,5,0,0,38.861196448800015,-104.72309385400001
80916,CO,EL PASO,0,1,0,0,38.8097173900001,-104.739378703
80917,CO,EL PASO,0,5,0,0,38.87604569200004,-104.7463747446
80918,CO,EL PASO,2,4,0,0,38.91184057316668,-104.78426636500001
80919,CO,EL PASO,0,3,0,0,38.925716384000104,-104.858320102
80920,CO,EL PASO,2,8,0,0,38.95905681010002,-104.76513687539997
80921,CO,EL PASO,1,4,0,0,39.01410138600006,-104.80416340680001
80922,CO,EL PASO,0,1,0,0,38.8809690000001,-104.714454
80923,CO,EL PASO,3,0,0,0,38.938136093333334,-104.71591584333333
80924,CO,EL PASO,0,3,0,0,38.955705774666704,-104.72670915100001
80925,CO,EL PASO,0,2,0,0,38.72722205700005,-104.641659976
81001,CO,PUEBLO,0,9,0,0,38.29279813677781,-104.599985101
81003,CO,PUEBLO,2,5,1,0,38.276817785291726,-104.6141131513174
81004,CO,PUEBLO,1,16,0,0,38.248029380470626,-104.62958283799999
81005,CO,PUEBLO,0,3,0,0,38.22795764866673,-104.66832063066666
81007,CO,PUEBLO,1,5,0,0,38.31829998333337,-104.72040029816667
81008,CO,PUEBLO,0,4,0,0,38.313172800500084,-104.65106062325
81036,CO,KIOWA,1,1,1,0,38.47904153276017,-102.78378679553963
81039,CO,OTERO,0,1,0,0,38.128615429,-104.017061994
81047,CO,PROWERS,0,1,0,0,38.0557631950001,-102.126812303
81050,CO,OTERO,1,2,1,0,37.97210572936764,-103.54925327993992
81052,CO,PROWERS,1,2,1,0,38.07648779471887,-102.61609448596096
81054,CO,BENT,1,2,1,0,38.070497564672465,-103.20596943756269
81055,CO,HUERFANO,0,1,0,0,37.5083165184783,-105.008201922464
81063,CO,CROWLEY,0,1,0,0,38.219573063,-103.753266525
81067,CO,OTERO,0,2,0,0,38.04396946250005,-103.71955142350001
81073,CO,BACA,1,1,1,0,37.40523346551832,-102.61411298162966
81082,CO,LAS ANIMAS,1,3,1,0,37.16667421560894,-104.49431334630385
81089,CO,HUERFANO,1,1,0,0,37.600546737,-104.83120197599999
81090,CO,BACA,0,2,0,0,37.3842721655001,-102.28039191100001
81101,CO,ALAMOSA,1,3,1,0,37.47281697677571,-105.8891930827646
81122,CO,LA PLATA,0,1,0,0,37.2349238350001,-107.587981732
81130,CO,MINERAL,0,0,1,0,37.847057294739564,-106.9261869438603
81132,CO,RIO GRANDE,1,2,1,0,37.676057181013086,-106.35084582951279
81140,CO,CONEJOS,1,1,1,0,37.26319987600133,-105.96611180384123
81144,CO,RIO GRANDE,0,3,0,0,37.57785401766666,-106.12746559499999
81147,CO,ARCHULETA,1,3,0,0,37.25507801250005,-107.08136372725001
81149,CO,SAGUACHE,0,0,1,0,38.0854087242307,-106.1357163848846
81152,CO,COSTILLA,0,0,1,0,37.19788084032396,-105.4272890865831
81201,CO,CHAFFEE,1,1,1,0,38.53464297159457,-106.00324749308635
81212,CO,FREMONT,1,10,1,0,38.44965783284837,-105.22467916168655
81226,CO,FREMONT,0,3,0,0,38.38378223666677,-105.13338446433333
81230,CO,GUNNISON,1,2,1,0,38.547257608337056,-106.9365432869046
81235,CO,HINSDALE,0,0,1,0,38.02946745517883,-107.31774730759763
81252,CO,CUSTER,0,1,1,0,38.13479502656101,-105.46727423766455
81301,CO,LA PLATA,2,5,0,0,37.271470403428616,-107.8576588642857
81303,CO,LA PLATA,0,1,2,0,37.227916906515425,-107.84804832118238
81321,CO,MONTEZUMA,1,6,1,0,37.35233014435238,-108.57610709168175
81323,CO,MONTEZUMA,0,1,0,0,37.476766631,-108.487254105
81324,CO,DOLORES,0,0,1,0,37.764734311991226,-108.91394489760198
81328,CO,MONTEZUMA,0,2,0,0,37.350394896,-108.2908533175
81401,CO,MONTROSE,1,6,1,0,38.47198596420132,-107.85908136306891
81416,CO,DELTA,1,4,1,0,38.73939523026622,-108.05796173788958
81418,CO,DELTA,0,1,0,0,38.8203020760001,-107.981233624
81425,CO,MONTROSE,0,1,0,0,38.6008228430001,-107.977033437
81427,CO,OURAY,0,0,1,0,38.01972612701312,-107.67310610257243
81428,CO,DELTA,0,1,0,0,38.864297939,-107.581365725
81433,CO,SAN JUAN,0,0,1,0,37.81386530824723,-107.66550076774665
81435,CO,SAN MIGUEL,0,0,1,0,37.93804401434515,-107.81314310499747
81501,CO,MESA,4,8,0,0,39.08321382469717,-108.54261480179194
81503,CO,MESA,0,1,0,0,39.030087962,-108.53009114
81504,CO,MESA,0,1,1,0,39.076196300861014,-108.4993899298732
81505,CO,MESA,1,3,0,0,39.10958614700005,-108.60476814100001
81506,CO,MESA,0,17,0,0,39.09631804089308,-108.54988068860328
81507,CO,MESA,0,3,0,0,39.06746248866677,-108.61570270433333
81520,CO,MESA,0,5,0,0,39.090619322600084,-108.4241379314
81521,CO,MESA,1,2,0,0,39.16345558200003,-108.73903283899999
81526,CO,MESA,0,2,0,0,39.107570661000096,-108.350914084
81601,CO,GARFIELD,1,4,0,0,39.51563049340008,-107.32116009620002
81611,CO,PITKIN,1,1,1,0,39.190817742610555,-106.83925139940466
81623,CO,GARFIELD,0,3,0,0,39.40781132100006,-107.21630865933334
81625,CO,MOFFAT,1,2,0,0,40.518606643333335,-107.56628664766667
81631,CO,EAGLE,0,2,1,0,39.64351934662189,-106.82976886056208
81635,CO,GARFIELD,0,1,0,0,39.4440055430001,-108.021567908
81639,CO,ROUTT,0,1,0,0,40.4947389000001,-107.246892679
81641,CO,RIO BLANCO,1,1,0,0,40.04408469900005,-107.8962746105
81648,CO,RIO BLANCO,1,1,1,0,40.081547111828534,-108.80547146368723
81650,CO,GARFIELD,1,3,1,0,39.53589587254371,-107.77703536187069
81657,CO,EAGLE,2,0,0,0,39.64351999,-106.381724615
82001,WY,LARAMIE,2,3,1,0,41.1432377695698,-104.79046455374306
82005,WY,LARAMIE,1,0,0,0,41.1588527,-104.861211
82007,WY,LARAMIE,0,0,1,0,41.119852163435944,-104.80789035938588
82009,WY,LARAMIE,0,5,1,0,41.172600012870525,-104.80223991417704
82070,WY,ALBANY,0,0,1,0,41.30781513748692,-105.59499465251375
82072,WY,ALBANY,1,2,0,0,41.3138925936667,-105.56585164300002
82201,WY,PLATTE,1,2,1,0,42.050744842474835,-104.96237912886235
82225,WY,NIOBRARA,1,0,1,0,42.75610179453166,-104.44531498813063
82240,WY,GOSHEN,2,2,1,0,42.074476593210186,-104.18814209346445
82301,WY,CARBON,1,1,1,0,41.78860268027265,-107.25148370397166
82331,WY,CARBON,1,1,0,0,41.44894036750005,-106.8156268515
82401,WY,WASHAKIE,1,1,1,0,44.0144190486726,-107.94910496893534
82410,WY,BIG HORN,1,2,0,0,44.388893505666736,-108.04424990033333
82414,WY,PARK,1,2,1,0,44.52723995007804,-109.06457534698835
82426,WY,BIG HORN,0,0,1,0,44.48444187868656,-108.04937656345349
82431,WY,BIG HORN,1,2,1,0,44.82791482566307,-108.39359410801244
82435,WY,PARK,1,2,0,0,44.75670554533337,-108.77149022666667
82443,WY,HOT SPRINGS,1,2,1,0,43.64537692328872,-108.20758131904365
82501,WY,FREMONT,1,2,1,0,43.03134848570736,-108.40047128827632
82513,WY,FREMONT,0,1,0,0,43.5272998630001,-109.617902877
82514,WY,FREMONT,0,1,0,0,43.00429818,-108.880331842
82520,WY,FREMONT,1,3,1,0,42.829597772740996,-108.72408804955721
82601,WY,NATRONA,3,6,1,0,42.83160569003593,-106.32236476979558
82604,WY,NATRONA,0,1,0,0,42.8150974420001,-106.372624554
82609,WY,NATRONA,2,1,0,0,42.841463109666705,-106.24934194666668
82633,WY,CONVERSE,1,2,1,0,42.75633673267913,-105.37697011262847
82701,WY,WESTON,1,2,1,0,43.84899722085299,-104.19698587100473
82716,WY,CAMPBELL,0,2,0,0,44.294288577,-105.513939654
82717,WY,CAMPBELL,1,0,0,0,44.28988265,-105.51747924
82718,WY,CAMPBELL,0,0,1,0,44.27342630133023,-105.50890243063024
82729,WY,CROOK,1,2,1,0,44.40889738597761,-104.37094642267729
82801,WY,SHERIDAN,2,4,1,0,44.79853455064334,-106.97033676710922
82834,WY,JOHNSON,1,5,1,0,44.345809865266055,-106.7147423448017
82901,WY,SWEETWATER,2,1,1,0,41.585189345786006,-109.22571036246052
82902,WY,SWEETWATER,0,1,0,0,41.595450203,-109.256445347
82930,WY,UINTA,1,3,1,0,41.25178146582341,-110.97563654342066
82931,WY,UINTA,1,0,0,0,41.26382872,-110.94709823
82935,WY,SWEETWATER,0,2,1,0,41.50909743808842,-109.47568190652436
82941,WY,SUBLETTE,0,1,1,0,42.86994594844166,-109.85486230113585
83001,WY,TETON,1,1,1,0,43.47965011906832,-110.75078881230543
83101,WY,LINCOLN,1,1,1,0,41.7906347713926,-110.54112790870829
83110,WY,LINCOLN,1,2,1,0,42.7190579206747,-110.92933690367259
83127,WY,LINCOLN,0,1,0,0,42.9527190000001,-110.973595491
83201,ID,BANNOCK,1,13,1,0,42.882288539961756,-112.42918922546328
83202,ID,BANNOCK,0,5,0,0,42.91828960980003,-112.46861679119999
83204,ID,BANNOCK,0,4,0,0,42.84235773650005,-112.43110743775
83211,ID,POWER,1,2,0,0,42.7818656283334,-112.84710787766669
83213,ID,BUTTE,1,0,0,0,43.63957481,-113.29523287
83221,ID,BINGHAM,3,10,0,0,43.20220242300005,-112.33487651630769
83226,ID,CUSTER,0,1,1,0,44.512254702585736,-114.22441603067563
83234,ID,BANNOCK,0,1,0,0,42.4290513170001,-112.119983299
83246,ID,BANNOCK,0,1,0,0,42.618615085,-112.019850125
83252,ID,ONEIDA,1,2,0,0,42.1894597146667,-112.24995223466665
83254,ID,BEAR LAKE,1,2,0,0,42.32023149600004,-111.30297229033333
83255,ID,CUSTER,0,1,0,0,43.814175,-113.426866
83263,ID,FRANKLIN,1,2,0,0,42.099357032000064,-111.87302721000002
83274,ID,BINGHAM,0,2,0,0,43.37922062250005,-112.131797623
83276,ID,CARIBOU,1,2,0,0,42.65103621366671,-111.612182243
83301,ID,TWIN FALLS,1,23,1,0,42.575705119578686,-114.47222274732057
83313,ID,BLAINE,0,3,1,0,43.46972529699973,-114.25748615304738
83316,ID,TWIN FALLS,0,8,0,0,42.59324306925002,-114.75188180575
83318,ID,CASSIA,1,6,1,0,42.52983513463301,-113.789333523994
83328,ID,TWIN FALLS,0,1,0,0,42.5923811870001,-114.632929896
83330,ID,GOODING,1,3,1,0,42.9338910838337,-114.71275184362264
83332,ID,GOODING,0,1,0,0,42.8126530000001,-114.891936
83333,ID,BLAINE,0,1,0,0,43.5290860590001,-114.321931838
83338,ID,JEROME,1,3,1,0,42.725426851131786,-114.51282664403648
83340,ID,BLAINE,1,0,0,0,43.64832025,-114.35002103
83341,ID,TWIN FALLS,0,3,0,0,42.54207682866673,-114.36276981933332
83350,ID,MINIDOKA,1,3,1,0,42.62780273678423,-113.67038025625634
83352,ID,LINCOLN,0,2,0,0,42.936895820000046,-114.40462554550001
83355,ID,GOODING,0,2,0,0,42.778461657500046,-114.7049046225
83401,ID,BONNEVILLE,0,7,1,0,43.49837576025118,-112.00905185377079
83402,ID,BONNEVILLE,0,4,0,0,43.49281557500007,-112.05560702550001
83404,ID,BONNEVILLE,2,4,0,0,43.46786318083334,-111.98971910716666
83406,ID,BONNEVILLE,1,4,0,0,43.47627733400008,-111.98055697740001
83420,ID,FREMONT,0,1,0,0,44.0793427020001,-111.451930999
83422,ID,TETON,1,1,0,0,43.73496996000005,-111.11125778499999
83440,ID,MADISON,1,5,1,0,43.82546048379855,-111.7964201416303
83442,ID,JEFFERSON,0,5,1,0,43.67311627602957,-111.89190446660875
83445,ID,FREMONT,0,1,1,0,43.968983774711695,-111.68373076203085
83455,ID,TETON,0,1,0,0,43.5920077100001,-111.115993663
83467,ID,LEMHI,1,3,1,0,45.16556352240808,-113.89335081094154
83501,ID,NEZ PERCE,1,17,1,0,46.393112048594865,-117.00104693439617
83522,ID,IDAHO,1,1,0,0,46.05344793150005,-116.34911373099999
83530,ID,IDAHO,1,2,1,0,45.92707323495092,-116.1251947099021
83536,ID,LEWIS,0,0,1,0,46.231970651987886,-116.02958388018817
83539,ID,IDAHO,0,1,0,0,46.1078547640001,-115.963175515
83544,ID,CLEARWATER,2,2,1,0,46.488932429475554,-116.26835819520991
83555,ID,LEWIS,0,2,0,0,46.242748875000046,-116.62386558200001
83605,ID,CANYON,1,9,1,0,43.654315353133285,-116.68679570614493
83607,ID,PAYETTE,0,2,0,0,43.72024215500005,-116.713088858
83610,ID,WASHINGTON,0,1,0,0,44.5858993530001,-116.661696295
83611,ID,VALLEY,1,0,0,0,44.51836988,-116.04937908
83616,ID,ADA,1,7,0,0,43.69364745705471,-116.37224337299425
83617,ID,GEM,1,5,1,0,43.87800352209946,-116.49124295145218
83619,ID,PAYETTE,0,1,0,0,44.0229730670001,-116.931545179
83623,ID,ELMORE,0,1,0,0,42.9522834910001,-115.29495411
83624,ID,ADA,1,0,0,0,43.5863289,-116.3589492
83628,ID,OWYHEE,0,1,1,0,43.61846815937293,-116.9360166547767
83634,ID,ADA,0,1,0,0,43.5019005840001,-116.414652044
83638,ID,VALLEY,1,2,1,0,44.90836717926453,-116.09870827778884
83642,ID,ADA,2,19,0,0,43.599286178476234,-116.38259695795239
83644,ID,CANYON,0,2,0,0,43.71112544200005,-116.6329752675
83646,ID,ADA,0,8,0,0,43.642729070500046,-116.403269493875
83647,ID,ELMORE,1,5,1,0,43.13100186010381,-115.69584956998199
83648,ID,ELMORE,1,0,0,0,43.065168,-115.850283
83651,ID,CANYON,0,12,0,0,43.58341076716672,-116.59005342383334
83660,ID,CANYON,0,1,0,0,43.784953058,-116.937485295
83661,ID,PAYETTE,0,4,1,0,44.07449802062018,-116.92430655627894
83669,ID,ADA,0,3,0,0,43.69039387300003,-116.492571876
83672,ID,WASHINGTON,1,3,1,0,44.251773417990364,-116.96674500146374
83686,ID,CANYON,0,10,0,0,43.54983307530006,-116.5639375991
83687,ID,CANYON,3,4,0,0,43.589854684571456,-116.53282765371429
83702,ID,ADA,2,7,1,0,43.6267344604857,-116.20495261948933
83703,ID,ADA,0,6,0,0,43.65104848800004,-116.246464032
83704,ID,ADA,3,16,1,0,43.62721989099063,-116.28183427617209
83705,ID,ADA,0,9,0,0,43.59149079788895,-116.23819855088888
83706,ID,ADA,2,8,0,0,43.597999316200045,-116.20971826600001
83709,ID,ADA,2,7,0,0,43.59480940033339,-116.29524251077777
83710,ID,ADA,0,1,0,0,43.5932809670001,-116.309459292
83712,ID,ADA,1,2,0,0,43.6010043506667,-116.17274151466667
83713,ID,ADA,0,6,0,0,43.637271999333386,-116.32366302016668
83714,ID,ADA,0,5,0,0,43.670729407200035,-116.2942295026
83716,ID,ADA,0,4,0,0,43.5628459337501,-116.12623614825
83805,ID,BOUNDARY,1,4,1,0,48.709510646475486,-116.3170227381121
83814,ID,KOOTENAI,1,11,0,0,47.69144610125002,-116.78597652216665
83815,ID,KOOTENAI,0,7,0,0,47.72176994571434,-116.79780080128572
83835,ID,KOOTENAI,0,10,1,0,47.762305657923754,-116.79103011392172
83837,ID,SHOSHONE,1,1,1,0,47.54372665295653,-116.12665245899318
83840,ID,BONNER,0,1,0,0,48.313484794,-116.51851542
83843,ID,LATAH,1,4,1,0,46.73205124234641,-116.98874328820762
83850,ID,SHOSHONE,0,1,0,0,47.535665694,-116.236926821
83854,ID,KOOTENAI,3,6,0,0,47.712931402111124,-116.92450015411113
83858,ID,KOOTENAI,0,1,0,0,47.7935521100001,-116.871925643
83861,ID,BENEWAH,1,1,1,0,47.31379478733482,-116.56489441230485
83864,ID,BONNER,1,7,1,0,48.27659003957035,-116.56574272113913
83867,ID,SHOSHONE,0,2,0,0,47.49658495800005,-115.960552452
83869,ID,KOOTENAI,0,2,0,0,47.99800619650005,-116.86787338549999
84003,UT,UTAH,1,14,0,0,40.40042053720007,-111.78675952926666
84004,UT,UTAH,0,1,0,0,40.4493946060001,-111.775648107
84010,UT,DAVIS,3,13,0,0,40.88308702837503,-111.87941162949998
84014,UT,DAVIS,0,2,0,0,40.91421356150005,-111.8825048265
84015,UT,DAVIS,0,6,0,0,41.111448282333384,-112.03705684266667
84017,UT,SUMMIT,0,1,1,0,40.91654440429558,-111.39702288709877
84020,UT,SALT LAKE,1,7,0,0,40.524184183625025,-111.872292342125
84025,UT,DAVIS,0,5,1,0,40.978028675595695,-111.90272173336551
84029,UT,TOOELE,0,1,0,0,40.5899293750001,-112.463396323
84032,UT,WASATCH,1,4,1,0,40.494719223828,-111.40939579992518
84036,UT,SUMMIT,0,1,1,0,40.642884636863855,-111.28303672678848
84037,UT,DAVIS,0,4,0,0,41.030417992000075,-111.927912666
84040,UT,DAVIS,0,2,0,0,41.10713366500005,-111.931759543
84041,UT,DAVIS,2,10,0,0,41.0664198711667,-111.969430907
84042,UT,UTAH,0,3,0,0,40.3470825836667,-111.72925779266666
84043,UT,UTAH,2,9,0,0,40.40330687100004,-111.86358116836364
84044,UT,SALT LAKE,0,1,0,0,40.6992853400001,-112.08274741
84047,UT,SALT LAKE,1,3,0,0,40.62168092025008,-111.89521537075
84050,UT,MORGAN,0,2,0,0,41.05692212000005,-111.6814114835
84055,UT,SUMMIT,0,1,0,0,40.706166921,-111.287861567
84056,UT,DAVIS,1,0,0,0,41.10569935,-111.98453756
84057,UT,UTAH,3,11,0,0,40.31076698442859,-111.70403567592858
84058,UT,UTAH,0,3,0,0,40.273133363,-111.72121137833334
84059,MT,FERGUS,0,1,0,0,47.0334470397092,-109.645101841499
84060,UT,SUMMIT,1,0,0,0,40.68745436,-111.46948225
84062,UT,UTAH,0,7,0,0,40.372927342428625,-111.74306304228571
84064,UT,RICH,0,0,1,0,41.671611854721235,-111.1853237939064
84065,UT,SALT LAKE,1,8,0,0,40.51942630800003,-111.96536447344445
84066,UT,DUCHESNE,2,4,0,0,40.300614966333335,-109.99756382116668
84067,UT,WEBER,0,3,0,0,41.165965597666734,-112.05926828666668
84070,UT,SALT LAKE,0,8,0,0,40.57764822687506,-111.87928283425
84074,UT,TOOELE,1,4,1,0,40.550744708508496,-112.29766351116831
84075,UT,DAVIS,1,2,0,0,41.08494685400004,-112.06978994133334
84078,UT,UINTAH,1,6,1,0,40.45076100399287,-109.53342398724932
84081,UT,SALT LAKE,1,1,0,0,40.59725021500005,-112.04259464500001
84084,UT,SALT LAKE,0,1,0,0,40.623521,-112.004596291
84087,UT,DAVIS,1,2,0,0,40.87773384,-111.89551885666667
84088,UT,SALT LAKE,1,6,0,0,40.59223166900006,-111.97603035114285
84092,UT,SALT LAKE,0,5,0,0,40.55520929880004,-111.83448460740001
84093,UT,SALT LAKE,0,4,0,0,40.58526245225005,-111.84112303324999
84094,UT,SALT LAKE,2,1,0,0,40.57726926666667,-111.85496953333332
84095,UT,SALT LAKE,1,17,0,0,40.555004428555606,-111.9541649333889
84096,UT,SALT LAKE,0,3,0,0,40.493030618666666,-112.02020679433333
84097,UT,UTAH,1,5,0,0,40.29327372466672,-111.67548269316666
84098,UT,SUMMIT,0,2,1,0,40.72020224850812,-111.53253391092028
84102,UT,SALT LAKE,1,5,0,0,40.76243372716673,-111.86388609316667
84103,UT,SALT LAKE,1,0,0,0,40.77743651,-111.8504304
84104,UT,SALT LAKE,0,2,0,0,40.7604580555001,-111.9162460355
84105,UT,SALT LAKE,0,1,0,0,40.741165107,-111.85657991
84106,UT,SALT LAKE,1,6,0,0,40.69765084757149,-111.85830451557142
84107,UT,SALT LAKE,3,10,0,0,40.66220512815385,-111.881157124
84108,UT,SALT LAKE,2,0,0,0,40.757126215,-111.82795776
84109,UT,SALT LAKE,0,5,0,0,40.70372998060006,-111.82193667179999
84113,UT,SALT LAKE,1,2,0,0,40.765443973,-111.839108469
84115,UT,SALT LAKE,1,8,1,0,40.7219837374232,-111.88311217780381
84116,UT,SALT LAKE,0,0,1,0,40.77586742768479,-111.93303219985084
84117,UT,SALT LAKE,1,11,0,0,40.668611198833375,-111.84805320966667
84118,UT,SALT LAKE,0,3,0,0,40.6437893676667,-112.00889099366668
84119,UT,SALT LAKE,0,3,0,0,40.71529406233336,-111.93945803966666
84120,UT,SALT LAKE,1,3,0,0,40.68825948325,-112.00247112025
84121,UT,SALT LAKE,0,8,0,0,40.633738424375075,-111.83226332475
84123,UT,SALT LAKE,0,6,0,0,40.64972612100005,-111.91608265833334
84124,UT,SALT LAKE,1,5,0,0,41.843691484666714,-113.55926787850001
84129,UT,SALT LAKE,0,6,0,0,40.65042578500007,-111.96885022466667
84132,UT,SALT LAKE,1,0,0,0,40.77127309,-111.83611302
84143,UT,SALT LAKE,1,0,0,0,40.77931768,-111.87974298
84148,UT,SALT LAKE,1,0,0,0,40.75739725,-111.84055396
84302,UT,BOX ELDER,1,10,1,0,41.4968616699745,-112.02246160539066
84310,UT,WEBER,0,1,0,0,41.304476004,-111.830640303
84317,UT,WEBER,0,1,0,0,41.2535047000001,-111.7189396
84318,UT,CACHE,0,2,0,0,41.80431925,-111.82766915
84319,UT,CACHE,0,1,0,0,41.633437402,-111.836178661
84321,UT,CACHE,0,4,0,0,41.733991196250045,-111.84196492974999
84332,UT,CACHE,0,1,0,0,41.7124390120001,-111.818306904
84335,UT,CACHE,0,1,0,0,41.8249739290001,-111.832407055
84337,UT,BOX ELDER,1,3,0,0,41.71964260175005,-112.17958381374999
84341,UT,CACHE,2,7,1,0,41.763845772750585,-111.8194615439578
84401,UT,WEBER,0,6,1,0,41.20801417371898,-112.00434614152448
84403,UT,WEBER,2,8,0,0,41.17408422800004,-111.94709703420001
84404,UT,WEBER,0,11,0,0,41.26389945163641,-111.9825514149091
84405,UT,WEBER,1,11,0,0,41.16506994308337,-111.96865695475002
84414,UT,WEBER,0,2,0,0,41.2988550555001,-111.9617116865
84501,UT,CARBON,1,7,1,0,39.60327505473665,-110.81826441610646
84511,UT,SAN JUAN,1,4,1,0,37.62027094137502,-109.48072371264065
84513,UT,EMERY,0,2,1,0,39.21173134903981,-111.02006460019442
84520,UT,CARBON,0,1,0,0,39.5437222,-110.4166663
84521,UT,EMERY,0,1,0,0,39.391013496,-110.819896107
84523,UT,EMERY,0,1,0,0,39.090702419,-111.142493842
84526,UT,CARBON,0,1,0,0,39.684802,-110.854314
84532,UT,GRAND,1,1,1,0,38.57194849675556,-109.55593633844546
84535,UT,SAN JUAN,1,0,1,0,37.872669069675666,-109.3460987842635
84601,UT,UTAH,0,4,1,0,40.23365114838848,-111.6864815673429
84604,UT,UTAH,2,8,0,0,40.270296503100056,-111.6619414109
84605,UT,UTAH,1,1,0,0,40.23427570500005,-111.63406662
84606,UT,UTAH,0,1,0,0,40.227044822,-111.643293454
84622,UT,SANPETE,0,1,0,0,39.119586557,-111.819779007
84624,UT,MILLARD,1,2,1,0,39.3515092230439,-112.56708328078075
84627,UT,SANPETE,0,2,0,0,39.36104670900005,-111.5890419905
84631,UT,MILLARD,1,0,1,0,38.961217639535235,-112.33779011468363
84634,UT,SANPETE,1,0,0,0,39.15625599,-111.81648659
84639,UT,JUAB,0,1,0,0,39.561474692,-111.854340536
84642,UT,SANPETE,0,0,1,0,39.26862761411044,-111.63781975169475
84647,UT,SANPETE,1,4,1,0,39.53940201591085,-111.45852800303074
84648,UT,JUAB,1,7,1,0,39.72345148238229,-111.83468460607088
84651,UT,UTAH,1,8,0,0,40.0408312134445,-111.71713361466666
84653,UT,UTAH,0,2,0,0,40.061763927500095,-111.6844457995
84654,UT,SEVIER,0,1,0,0,38.9581619000001,-111.8621451
84655,UT,UTAH,0,2,0,0,39.97110851050005,-111.77975028200001
84660,UT,UTAH,1,8,0,0,40.10782791244451,-111.65479642322221
84662,UT,SANPETE,0,1,0,0,39.119578,-111.820117
84663,UT,UTAH,0,6,0,0,40.1622624921667,-111.61024193966665
84664,UT,UTAH,0,1,0,0,40.12218375,-111.596645074
84701,UT,SEVIER,1,8,1,0,38.78019398900538,-112.08611352378337
84711,UT,SEVIER,0,1,0,0,38.7025698,-112.0561952
84713,UT,BEAVER,1,1,1,0,38.28618666367086,-112.64544273967665
84720,UT,IRON,0,6,0,0,37.67878615716669,-113.064568397
84721,UT,IRON,1,4,1,0,37.7029373077604,-113.0624513371407
84723,UT,PIUTE,0,1,0,0,38.1704697000001,-112.2707917
84725,UT,WASHINGTON,0,1,0,0,37.5698584,-113.7162852
84726,UT,GARFIELD,0,1,0,0,37.7667964,-111.5902884
84737,UT,WASHINGTON,0,9,0,0,37.16572939355558,-113.31892101344444
84738,UT,WASHINGTON,0,1,0,0,37.1656395300001,-113.6749554
84740,UT,PIUTE,0,0,1,0,38.24480142745275,-112.22074346655019
84741,UT,KANE,1,2,1,0,37.04436321488548,-112.53151647462713
84747,UT,WAYNE,0,0,1,0,38.4018274877617,-111.64332946159114
84751,UT,BEAVER,1,0,0,0,38.40716285,-113.00882607
84754,UT,SEVIER,0,1,0,0,38.622845484,-112.120821211
84759,UT,GARFIELD,1,1,1,0,37.82962627566791,-112.43163893664594
84770,UT,WASHINGTON,2,18,1,0,37.09551361006908,-113.58497937157001
84780,UT,WASHINGTON,0,7,0,0,37.127645588714344,-113.47932955957141
84790,UT,WASHINGTON,1,14,0,0,37.096653094169156,-113.55650588939194
85006,AZ,MARICOPA,9,4,0,0,33.462959594769245,-112.05031210399999
85007,AZ,MARICOPA,2,0,1,0,33.44009265646337,-112.08806895257965
85008,AZ,MARICOPA,4,8,0,0,33.4684748544167,-112.00183252075
85009,AZ,MARICOPA,0,1,0,0,33.47289941,-112.143603041
85012,AZ,MARICOPA,4,8,1,0,33.50593807360836,-112.0690793262169
85013,AZ,MARICOPA,3,10,0,0,33.50919140253849,-112.0813417283077
85014,AZ,MARICOPA,0,10,0,0,33.52065168117094,-112.04891852735209
85015,AZ,MARICOPA,2,7,0,0,33.519377471555586,-112.1026053687778
85016,AZ,MARICOPA,4,11,0,0,33.492355701800044,-112.03289186479998
85017,AZ,MARICOPA,0,5,0,0,33.52289105700006,-112.12033959560002
85018,AZ,MARICOPA,1,21,0,0,33.49565376863641,-111.9906905626818
85019,AZ,MARICOPA,0,3,0,0,33.517380686333404,-112.14463313566667
85020,AZ,MARICOPA,1,14,0,0,33.55313849266669,-112.05900191513334
85021,AZ,MARICOPA,0,15,0,0,33.55420824166669,-112.08878010686666
85022,AZ,MARICOPA,0,25,0,0,33.62709454156005,-112.04985714675999
85023,AZ,MARICOPA,0,18,0,0,33.632367381388924,-112.09019836144445
85024,AZ,MARICOPA,0,10,0,0,33.670915112700044,-112.04837025050001
85027,AZ,MARICOPA,2,18,0,0,33.674627987300056,-112.12005490070001
85028,AZ,MARICOPA,0,18,0,0,33.585546035222265,-112.00350925216668
85029,AZ,MARICOPA,0,27,0,0,33.59865234281486,-112.12160616737039
85031,AZ,MARICOPA,1,1,0,0,33.4932566275,-112.1616883595
85032,AZ,MARICOPA,1,46,0,0,33.62655612170572,-111.99977714564787
85033,AZ,MARICOPA,0,5,0,0,33.498945356600025,-112.20747188380001
85035,AZ,MARICOPA,0,2,0,0,33.475117973000096,-112.1927022415
85037,AZ,MARICOPA,1,9,0,0,33.48200614000004,-112.2578384962
85040,AZ,MARICOPA,0,5,0,0,33.38220465440008,-112.04407174180001
85041,AZ,MARICOPA,0,7,0,0,33.3847907698572,-112.10647127428572
85042,AZ,MARICOPA,0,10,0,0,33.37672397510004,-112.0428035542
85043,AZ,MARICOPA,0,8,0,0,33.429183975625065,-112.21631164487499
85044,AZ,MARICOPA,0,20,0,0,33.33059151020005,-111.98803985699999
85048,AZ,MARICOPA,0,9,0,0,33.29885433200005,-111.99050580788891
85050,AZ,MARICOPA,0,13,0,0,33.664841645769236,-112.00059722546156
85051,AZ,MARICOPA,0,16,0,0,33.55646604768755,-112.1353462999375
85053,AZ,MARICOPA,0,22,0,0,33.631638355909146,-112.12829338063635
85054,AZ,MARICOPA,3,2,0,0,33.66221686200002,-111.9539785208
85083,AZ,MARICOPA,0,15,0,0,33.72890642846671,-112.18244736713334
85085,AZ,MARICOPA,1,28,0,0,33.74637889803452,-112.10626075868964
85086,AZ,MARICOPA,0,19,0,0,33.83824861305269,-112.1008468755263
85087,AZ,MARICOPA,0,1,0,0,33.886831,-112.148623
85118,AZ,PINAL,0,1,0,0,33.3560267,-111.4385101
85119,AZ,PINAL,0,4,0,0,33.410388483000055,-111.521264155
85120,AZ,PINAL,1,10,0,0,33.40336018009095,-111.56044942236363
85122,AZ,PINAL,1,15,0,0,32.89129748987506,-111.7377580484375
85128,AZ,PINAL,0,7,0,0,32.904883116285774,-111.51641634328573
85132,AZ,PINAL,1,2,0,0,33.088816142333364,-111.48500575033334
85138,AZ,PINAL,0,11,0,0,33.048261331098175,-111.99558649699998
85139,AZ,PINAL,1,4,0,0,33.05532965120003,-112.05328165220001
85140,AZ,PINAL,1,9,0,0,33.23301274590004,-111.54499777890001
85142,AZ,MARICOPA,0,22,0,0,33.229341536500044,-111.62821707327271
85143,AZ,PINAL,0,8,0,0,33.18426416525696,-111.56293367847537
85147,AZ,PINAL,1,1,0,0,33.07072196379305,-111.757802626969
85194,AZ,PINAL,0,1,0,0,32.944263216,-111.668758778
85201,AZ,MARICOPA,0,16,0,0,33.430757352562544,-111.8402653313125
85202,AZ,MARICOPA,1,13,0,0,33.37386909557147,-111.87779857664285
85203,AZ,MARICOPA,1,18,0,0,33.444973008842126,-111.80019062594738
85204,AZ,MARICOPA,0,12,0,0,33.3980291386667,-111.77724607950002
85205,AZ,MARICOPA,0,17,0,0,33.434211457705906,-111.7169023957647
85206,AZ,MARICOPA,6,29,0,0,33.40033227620004,-111.7148413626857
85207,AZ,MARICOPA,0,32,0,0,33.4409245657188,-111.6530641355
85208,AZ,MARICOPA,0,21,0,0,33.40185518104767,-111.63624891357142
85209,AZ,MARICOPA,1,24,0,0,33.37509666888005,-111.62053817987999
85210,AZ,MARICOPA,1,6,0,0,33.38174746542863,-111.84718727885715
85212,AZ,MARICOPA,1,36,0,0,33.33931425481084,-111.62283765951351
85213,AZ,MARICOPA,0,27,0,0,33.445841063185235,-111.76841590070372
85215,AZ,MARICOPA,0,7,0,0,33.46124949271433,-111.69975172771429
85218,AZ,PINAL,0,1,0,0,33.358240799,-111.466761149
85220,AZ,PINAL,0,1,0,0,33.403336295,-111.538442033
85224,AZ,MARICOPA,3,45,0,0,33.31512071202088,-111.8750083733125
85225,AZ,MARICOPA,1,36,0,0,33.314362119000066,-111.82263760013511
85226,AZ,MARICOPA,0,26,0,0,33.315379772692346,-111.91820103596153
85232,AZ,PINAL,0,0,1,0,33.02701298087726,-111.39130095513661
85233,AZ,MARICOPA,0,10,0,0,33.36074710250004,-111.81494332999998
85234,AZ,MARICOPA,1,20,0,0,33.36459887014291,-111.74369984642858
85236,AZ,MARICOPA,0,1,0,0,33.361223223,-111.69417483
85242,AZ,MARICOPA,0,2,0,0,33.1993678275,-111.635190217
85247,AZ,PINAL,1,1,0,0,33.0731514,-111.75983715000001
85248,AZ,MARICOPA,1,17,0,0,33.24620536897017,-111.85700854496162
85249,AZ,MARICOPA,0,45,0,0,33.22705379880309,-111.79771460289085
85250,AZ,MARICOPA,0,6,0,0,33.52462680516672,-111.90083192516666
85251,AZ,MARICOPA,3,16,0,0,33.490023767842175,-111.91717134915791
85253,AZ,MARICOPA,0,20,0,0,33.56220876295872,-111.95590039231271
85254,AZ,MARICOPA,0,96,0,0,33.62209350093753,-111.9526022995625
85255,AZ,MARICOPA,3,17,0,0,33.69127013560006,-111.90606907410002
85257,AZ,MARICOPA,0,13,0,0,33.47255334723082,-111.91703200192305
85258,AZ,MARICOPA,2,9,0,0,33.56368062154547,-111.89020348927274
85259,AZ,MARICOPA,0,10,0,0,33.58624346710006,-111.82395191760001
85260,AZ,MARICOPA,2,45,0,0,33.59697456253109,-111.8925892828664
85262,AZ,MARICOPA,0,1,0,0,33.7574819640001,-111.914048018
85266,AZ,MARICOPA,0,5,0,0,33.75815943360002,-111.92411300439998
85268,AZ,MARICOPA,0,14,0,0,33.61106498443839,-111.72332284964729
85281,AZ,MARICOPA,1,6,0,0,33.42894397957146,-111.94091009728572
85282,AZ,MARICOPA,0,15,0,0,33.39293366706671,-111.9066284424
85283,AZ,MARICOPA,1,13,0,0,33.365704225071504,-111.92300530600001
85284,AZ,MARICOPA,0,10,0,0,33.33690149970006,-111.9262108309
85286,AZ,MARICOPA,2,25,0,0,33.271891022296344,-111.82312278266666
85295,AZ,MARICOPA,2,14,0,0,33.308019705375024,-111.73614565537501
85296,AZ,MARICOPA,0,18,0,0,33.334326122777846,-111.74755808588888
85297,AZ,MARICOPA,3,14,0,0,33.279601202327946,-111.73578112532529
85298,AZ,MARICOPA,0,16,0,0,33.24688923693752,-111.74603711187498
85301,AZ,MARICOPA,1,4,0,0,33.38873709580008,-112.6347416352
85302,AZ,MARICOPA,1,12,0,0,33.5670844177693,-112.1849395143077
85303,AZ,MARICOPA,0,6,0,0,33.53323109566674,-112.22335448683333
85304,AZ,MARICOPA,1,23,0,0,33.59792099520837,-112.17515814116668
85305,AZ,MARICOPA,0,8,0,0,33.538882804000025,-112.24333991200001
85306,AZ,MARICOPA,1,31,0,0,33.62752361431256,-112.182887343375
85307,AZ,MARICOPA,1,1,0,0,33.52885596100005,-112.2782640735
85308,AZ,MARICOPA,2,62,0,0,33.65873622279694,-112.18810904304686
85309,AZ,MARICOPA,1,0,0,0,33.5412922,-112.3572473
85310,AZ,MARICOPA,0,25,0,0,33.69808940304004,-112.18454305900002
85323,AZ,MARICOPA,0,12,0,0,33.433141136500005,-112.32292505475
85326,AZ,MARICOPA,0,10,0,0,33.43039669850003,-112.52476080310001
85331,AZ,MARICOPA,1,2,0,0,33.76270646666671,-111.97455539100001
85335,AZ,MARICOPA,0,4,0,0,33.61800143925008,-112.33111600500001
85338,AZ,MARICOPA,1,14,0,0,33.444951705600026,-112.40303088520001
85339,AZ,MARICOPA,1,10,0,0,33.36793012881821,-112.16795576509092
85340,AZ,MARICOPA,0,8,0,0,33.50781027187502,-112.37976150112499
85344,AZ,LA PAZ,2,0,1,0,34.143954223076456,-114.2923083056312
85345,AZ,MARICOPA,1,28,0,0,33.574684292034526,-112.25338770082757
85349,AZ,YUMA,0,2,0,0,32.5086091215001,-114.76386915399999
85351,AZ,MARICOPA,1,6,0,0,33.61237810357146,-112.27211277814285
85353,AZ,MARICOPA,0,2,0,0,33.41405526300005,-112.276705299
85355,AZ,MARICOPA,0,4,0,0,33.57238062475005,-112.410483755
85361,AZ,MARICOPA,0,1,0,0,33.740519867,-112.558845151
85363,AZ,MARICOPA,0,10,0,0,33.58261297710004,-112.30503733140002
85364,AZ,YUMA,3,16,1,0,32.69492111188624,-114.63446160159091
85365,AZ,YUMA,1,4,0,0,32.652764443390325,-114.53836455598821
85367,AZ,YUMA,0,5,0,0,32.66141821920002,-114.41989003459999
85373,AZ,MARICOPA,0,8,0,0,33.66182146387504,-112.28801715875001
85374,AZ,MARICOPA,2,39,0,0,33.63881769060982,-112.38092522704879
85375,AZ,MARICOPA,1,9,0,0,33.66492893740004,-112.3618273035
85377,AZ,MARICOPA,0,3,0,0,33.819394519333436,-111.90481630400001
85378,AZ,MARICOPA,3,2,0,0,33.639535023,-112.333906655
85379,AZ,MARICOPA,0,66,0,0,33.60538279398489,-112.37810502628787
85381,AZ,MARICOPA,2,25,0,0,33.61097942281487,-112.23912155599999
85382,AZ,MARICOPA,0,40,0,0,33.658166926150045,-112.25018489580002
85383,AZ,MARICOPA,0,58,0,0,33.70884132015013,-112.25838720922653
85387,AZ,MARICOPA,0,12,0,0,33.71465184008338,-112.42062748849999
85388,AZ,MARICOPA,0,33,0,0,33.62460245787882,-112.43686335303029
85390,AZ,MARICOPA,1,1,0,0,33.9746598305,-112.73970336849999
85392,AZ,MARICOPA,2,13,0,0,33.47541631700005,-112.3114505586
85395,AZ,MARICOPA,1,30,0,0,33.4859623454839,-112.39288088125804
85501,AZ,GILA,1,10,1,0,33.394461125136736,-110.77941338725351
85533,AZ,GREENLEE,0,0,1,0,33.046384960204605,-109.2905637035907
85541,AZ,GILA,1,9,0,0,34.23993933990002,-111.31936316420001
85542,AZ,GRAHAM,1,0,0,0,33.29575753,-110.41787595
85546,AZ,GRAHAM,1,3,1,0,32.825158445018694,-109.71295511625351
85550,AZ,GILA,1,0,0,0,33.35380069,-110.45435599
85552,AZ,GRAHAM,0,1,0,0,32.849836125,-109.752940143
85602,AZ,COCHISE,1,1,0,0,31.961294449500002,-110.298053452
85603,AZ,COCHISE,1,0,1,0,31.405115753043603,-109.90684652488784
85607,AZ,COCHISE,2,4,0,0,31.352583067500035,-109.54915205249999
85613,AZ,COCHISE,2,0,0,0,31.5488985515,-110.35225207799999
85614,AZ,PIMA,1,20,0,0,31.873780781714313,-110.99433311461904
85615,AZ,COCHISE,0,1,0,0,31.4656705670001,-110.253579506
85617,AZ,COCHISE,0,1,0,0,31.4534370000001,-109.794738
85621,AZ,SANTA CRUZ,1,3,1,0,31.36334467312185,-110.95381153389528
85625,AZ,COCHISE,0,1,0,0,31.948184402,-109.843512259
85629,AZ,PIMA,1,5,0,0,31.934783783666745,-110.99356145566666
85631,AZ,PINAL,0,1,0,0,32.6030380020001,-110.626925501
85634,AZ,PIMA,3,1,0,0,32.0551123975,-111.7045199575
85635,AZ,COCHISE,1,12,0,0,31.543950971846183,-110.26578604446152
85643,AZ,COCHISE,1,0,0,0,32.2649674,-109.83814424
85648,AZ,SANTA CRUZ,0,2,0,0,31.481554907500048,-111.0174894
85650,AZ,COCHISE,0,3,0,0,31.477625373000066,-110.26500414599998
85658,AZ,PIMA,0,1,0,0,32.4274120439788,-111.076865810189
85704,AZ,PIMA,2,71,0,0,32.328892658904174,-110.99411379917808
85705,AZ,PIMA,0,13,0,0,32.27505816176928,-110.9753733786923
85706,AZ,PIMA,0,4,0,0,32.15818850500002,-110.95133997650001
85707,AZ,PIMA,2,0,0,0,32.177690859500004,-110.872646356
85710,AZ,PIMA,1,48,0,0,32.21781915722453,-110.82864206122449
85711,AZ,PIMA,3,54,0,0,32.21946786105268,-110.87362159714033
85712,AZ,PIMA,6,39,0,0,32.24975938282227,-110.88228017068889
85713,AZ,PIMA,2,9,0,0,32.1901385719091,-110.9899991980909
85714,AZ,PIMA,0,3,1,0,32.17382291922806,-110.9499768952788
85715,AZ,PIMA,0,11,0,0,32.24906001190913,-110.82795862618183
85716,AZ,PIMA,0,6,0,0,32.22490750650007,-110.91979668216668
85718,AZ,PIMA,0,20,0,0,32.30168943465002,-110.9262020856
85719,AZ,PIMA,0,5,0,0,32.25324916760002,-110.94813499239999
85723,AZ,PIMA,1,0,0,0,32.1809812,-110.9645064
85724,AZ,PIMA,2,0,0,0,32.24166323,-110.946580815
85730,AZ,PIMA,0,15,0,0,32.184146944533396,-110.80316188353335
85735,AZ,PIMA,0,2,0,0,32.16946526150005,-111.0808229245
85737,AZ,PIMA,0,2,0,0,32.3958263225,-110.95846908
85739,AZ,PIMA,1,3,0,0,32.50093149600003,-110.8988145675
85741,AZ,PIMA,3,16,0,0,32.400442989473746,-111.09707898078946
85742,AZ,PIMA,1,8,0,0,32.381385240666724,-111.043464993
85743,AZ,PIMA,0,11,0,0,32.32935625454552,-111.099204487
85745,AZ,PIMA,1,14,0,0,32.248649366933385,-111.02243210253333
85746,AZ,PIMA,0,2,0,0,32.12786630350005,-111.02748381250001
85747,AZ,PIMA,1,1,0,0,32.12829728750005,-110.73426671499999
85748,AZ,PIMA,1,13,0,0,32.22428413092864,-110.77224687449997
85749,AZ,PIMA,0,6,0,0,32.2645538811667,-110.7670798255
85750,AZ,PIMA,0,7,0,0,32.280328957142885,-110.85107426885715
85755,AZ,PIMA,1,6,0,0,32.4407796198572,-110.96694243342857
85757,AZ,PIMA,0,3,0,0,32.161225590000036,-111.08004718333332
85901,AZ,NAVAJO,1,3,0,0,34.22303713225003,-110.04187694825
85925,AZ,APACHE,0,1,0,0,34.109603044,-109.284435298
85929,AZ,NAVAJO,1,3,0,0,34.17871520600003,-110.00325937675
85936,AZ,APACHE,0,1,1,0,34.51105448844709,-109.37454764130521
85937,AZ,NAVAJO,0,3,0,0,34.51125846833337,-110.10963340199999
85938,AZ,APACHE,1,0,0,0,34.13173504,-109.28525796
85940,AZ,APACHE,0,2,0,0,34.255745500000046,-109.7508695
85941,AZ,NAVAJO,3,0,0,0,33.876598142,-109.95970310866666
86001,AZ,COCONINO,2,9,0,0,35.20491674324778,-111.65042308073545
86004,AZ,COCONINO,1,7,1,0,35.23003806506733,-111.56876579290677
86005,AZ,COCONINO,0,1,0,0,35.1305446000001,-111.6884071
86025,AZ,NAVAJO,0,1,1,0,34.902270027077336,-110.15868150292849
86040,AZ,COCONINO,1,2,0,0,36.916645404333366,-111.46361787133333
86042,AZ,NAVAJO,3,0,0,0,35.80211549333333,-110.42662207000001
86045,AZ,COCONINO,2,1,0,0,36.130051900000005,-111.22961862
86047,AZ,NAVAJO,2,1,0,0,35.03545483066667,-110.703575985
86301,AZ,YAVAPAI,2,12,0,0,34.573974573714324,-112.46323910764285
86303,AZ,YAVAPAI,0,3,0,0,34.535186024666736,-112.47271608666665
86305,AZ,YAVAPAI,0,16,1,0,34.63920656124069,-112.50294004073984
86313,AZ,YAVAPAI,2,0,0,0,34.55387325,-112.45257508
86314,AZ,YAVAPAI,3,14,0,0,34.603016960365395,-112.33438822268079
86315,AZ,YAVAPAI,0,4,0,0,34.65667787700005,-112.32506988125
86322,AZ,YAVAPAI,0,5,0,0,34.58321581820006,-111.87026362680001
86323,AZ,YAVAPAI,0,2,0,0,34.7305017765,-112.4632405795
86324,AZ,YAVAPAI,0,3,0,0,34.75131292733343,-112.05789393799999
86325,AZ,YAVAPAI,0,3,0,0,34.72031775366667,-111.90050803166667
86326,AZ,YAVAPAI,1,14,0,0,34.72592485360005,-112.01367130800001
86327,AZ,YAVAPAI,0,1,0,0,34.5605236650001,-112.26463018
86334,AZ,YAVAPAI,0,1,0,0,34.888728595,-112.499723422
86335,AZ,YAVAPAI,0,1,0,0,34.6454016930001,-111.773410884
86336,AZ,YAVAPAI,1,0,0,0,34.85595491,-111.82347943
86351,AZ,YAVAPAI,0,3,0,0,34.781430285333435,-111.765273304
86401,AZ,MOHAVE,0,10,1,0,35.21594459135924,-114.0261109412682
86403,AZ,MOHAVE,1,5,0,0,34.48263976483339,-114.33051595933334
86404,AZ,MOHAVE,0,5,0,0,34.508097472800046,-114.3081664808
86406,AZ,MOHAVE,0,12,0,0,34.461689339083385,-114.28554631608334
86409,AZ,MOHAVE,2,3,0,0,35.23105659020002,-114.02592440560002
86426,AZ,MOHAVE,1,1,0,0,34.996452553,-114.58879797200001
86429,AZ,MOHAVE,1,1,0,0,35.18691178900005,-114.5283666335
86442,AZ,MOHAVE,2,5,0,0,35.11277166828576,-114.55821834257142
86503,AZ,APACHE,2,2,0,0,36.158543594354995,-109.606986915
86504,AZ,APACHE,2,0,0,0,35.759207265,-109.048481175
86505,AZ,APACHE,3,0,0,0,35.71110166,-109.54334861666666
87002,NM,VALENCIA,0,1,1,0,34.65730641948732,-106.78255758845376
87004,NM,SANDOVAL,0,2,1,0,35.31760780427376,-106.56947093538452
87007,NM,CIBOLA,0,1,0,0,35.0229549310001,-107.481362787
87013,NM,SANDOVAL,0,0,1,0,36.01439777229586,-106.96378600554085
87015,NM,SANTA FE,0,2,0,0,35.0691810920001,-106.174389951
87016,NM,TORRANCE,0,0,1,0,34.758875016102515,-106.05970819313954
87020,NM,CIBOLA,1,1,1,0,35.15989070084783,-107.83852165886151
87022,NM,BERNALILLO,0,1,0,0,34.9024870050001,-106.700510284
87031,NM,VALENCIA,0,8,1,0,34.79984084796387,-106.72117388076175
87035,NM,TORRANCE,0,0,1,0,35.00659907585987,-106.05758202279556
87049,NM,CIBOLA,1,0,0,0,35.06856341,-107.57100872
87068,NM,VALENCIA,0,2,0,0,34.846915098500105,-106.691819697
87102,NM,BERNALILLO,7,3,0,0,35.0956259668,-106.632052695
87104,NM,BERNALILLO,0,1,0,0,35.0870303400001,-106.669500924
87105,NM,BERNALILLO,1,9,1,0,35.04179324864683,-106.69112008173339
87106,NM,BERNALILLO,5,3,1,0,35.08208035922025,-106.62652502909421
87107,NM,BERNALILLO,0,8,1,0,35.131213741652886,-106.6254771373216
87108,NM,BERNALILLO,5,8,1,0,35.07145028668398,-106.58154557537853
87109,NM,BERNALILLO,4,17,1,0,35.146944796352734,-106.56797466705298
87110,NM,BERNALILLO,1,18,0,0,35.105599820263215,-106.56817371263156
87111,NM,BERNALILLO,0,30,0,0,35.135001389900054,-106.51969807796667
87112,NM,BERNALILLO,0,13,0,0,35.113574435307754,-106.53312530823077
87113,NM,BERNALILLO,0,11,0,0,35.18169775772735,-106.58257107072727
87114,NM,BERNALILLO,2,14,0,0,35.20159205250005,-106.67282278524999
87120,NM,BERNALILLO,1,17,1,0,35.13613257739578,-106.70800882883522
87121,NM,BERNALILLO,0,2,1,0,35.07144192640998,-106.71690379054303
87122,NM,BERNALILLO,1,2,0,0,35.172874963333406,-106.536333798
87123,NM,BERNALILLO,0,11,0,0,35.06845408667311,-106.50614023787956
87124,NM,SANDOVAL,2,30,0,0,35.23984620946877,-106.66571543465625
87144,NM,SANDOVAL,1,5,0,0,35.29529290966672,-106.64502083899998
87301,NM,MCKINLEY,2,11,1,0,35.51448037241189,-108.74413585462786
87313,NM,MCKINLEY,2,0,0,0,35.698691725,-108.13956439
87321,NM,MCKINLEY,0,1,0,0,35.134311215,-108.493351487
87327,NM,MCKINLEY,1,0,0,0,35.08720767,-108.79112676
87401,NM,SAN JUAN,3,12,1,0,36.73304210034816,-108.20692888087225
87402,NM,SAN JUAN,1,0,0,0,36.767378402,-108.149196493
87410,NM,SAN JUAN,0,3,0,0,36.8303928183334,-108.011759627
87413,NM,SAN JUAN,0,1,1,0,36.71521441876507,-107.98661216221977
87420,NM,SAN JUAN,2,0,0,0,36.805240944999994,-108.69145557499999
87501,NM,SANTA FE,1,3,0,0,35.67981031225003,-105.944174762
87505,NM,SANTA FE,3,9,2,0,35.65108145632401,-105.95447357887032
87507,NM,SANTA FE,1,5,0,0,35.6372933708334,-106.022926004
87532,NM,RIO ARRIBA,1,0,0,0,35.99725109,-106.08882784
87544,NM,LOS ALAMOS,1,4,1,0,35.87342734405001,-106.28711129227703
87571,NM,TAOS,1,3,1,0,36.38586138120119,-105.57578487973096
87575,NM,RIO ARRIBA,0,0,1,0,36.71185131867343,-106.5621311930044
87701,NM,SAN MIGUEL,2,3,1,0,35.61145845071447,-105.23361638899677
87711,NM,GUADALUPE,0,1,0,0,35.205406635,-105.167795349
87732,NM,MORA,0,0,1,0,35.97390715406325,-105.33188711855577
87740,NM,COLFAX,1,4,1,0,36.885985538354085,-104.44473666664582
87747,NM,COLFAX,0,1,0,0,36.3639067280001,-104.586336921
87801,NM,SOCORRO,1,2,1,0,34.05232413792687,-106.90388754160062
87830,NM,CATRON,0,0,1,0,33.71326732269214,-108.76060121555014
87901,NM,SIERRA,1,4,1,0,33.13375132737937,-107.24902238216119
87937,NM,DOÑA ANA,0,1,0,0,32.6727414430001,-107.166085274
88001,NM,DOÑA ANA,1,6,1,0,32.307265874821766,-106.76344873305301
88002,NM,DOÑA ANA,1,0,0,0,32.378949,-106.4889977
88005,NM,DOÑA ANA,0,6,0,0,32.35146312550003,-106.804331033
88007,NM,DONA ANA,0,0,1,0,32.305812463826605,-106.81573406257158
88008,NM,DOÑA ANA,1,0,0,0,31.84226996,-106.61976421
88011,NM,DOÑA ANA,5,13,0,0,32.32686328955561,-106.73904595927777
88012,NM,DOÑA ANA,1,1,1,0,32.37058733409375,-106.74261870129787
88026,NM,GRANT,0,2,0,0,32.7867084610001,-108.1560630525
88030,NM,LUNA,1,2,1,0,32.258861458363306,-107.7592604204572
88031,NM,LUNA,0,1,0,0,32.260338851,-107.767625799
88045,NM,HIDALGO,0,0,1,0,32.33796995130951,-108.7065540665921
88061,NM,GRANT,1,3,1,0,32.79222068774684,-108.26471329380702
88063,NM,DONA ANA,0,0,1,0,31.81388066108328,-106.59602654478546
88081,NM,DONA ANA,0,0,1,0,32.038438614770556,-106.42351881531394
88101,NM,CURRY,2,6,1,0,34.42093413693612,-103.21043897210058
88103,NM,CURRY,1,0,1,0,34.401110718789184,-103.32788019526944
88119,NM,DE BACA,0,0,1,0,34.47235487261748,-104.24381217629976
88130,NM,ROOSEVELT,1,3,1,0,34.17468068675416,-103.3513177477815
88201,NM,CHAVES,2,5,0,0,33.4321559898572,-104.520443583
88203,NM,CHAVES,1,3,2,0,33.351976351045074,-104.52614394096373
88210,NM,EDDY,1,2,1,0,32.85047284042074,-104.41561689491394
88220,NM,EDDY,1,6,1,0,32.44036280826848,-104.24799440266872
88230,NM,CHAVES,0,0,1,0,33.19619293145595,-104.36992499088338
88240,NM,LEA,1,4,1,0,32.73858998925352,-103.15624945419351
88242,NM,LEA,0,1,0,0,32.7696114880001,-103.160400903
88260,NM,LEA,1,2,1,0,32.95494758094726,-103.35503720745997
88310,NM,OTERO,2,5,1,0,32.91345086837212,-105.94641999822606
88330,NM,OTERO,1,0,0,0,32.83885575,-106.073297
88340,NM,OTERO,1,2,0,0,33.157416032000036,-105.77173084133334
88345,NM,LINCOLN,2,1,1,0,33.33233180713137,-105.6527466729945
88352,NM,OTERO,0,0,1,0,33.07329928813156,-106.01875656761423
88401,NM,QUAY,2,1,1,0,35.15586020213197,-103.72555725672653
88415,NM,UNION,1,1,1,0,36.452329574268965,-103.19168477825262
88426,NM,QUAY,0,1,0,0,35.377869902,-103.413051635
88435,NM,GUADALUPE,1,1,1,0,34.936665188605694,-104.68266237952992
89002,NV,CLARK,0,3,0,0,36.00211296200006,-114.97663072333334
89005,NV,CLARK,1,5,0,0,35.97213589383336,-114.84280761116668
89008,NV,LINCOLN,1,1,1,0,37.620734387269884,-114.51422645702858
89011,NV,CLARK,2,2,0,0,36.89195897378417,-115.42133021722026
89012,NV,CLARK,0,6,0,0,36.020170577666725,-115.04603083350001
89014,NV,CLARK,0,4,0,0,36.04894432575002,-115.06512179275
89015,NV,CLARK,1,6,0,0,36.0389351198572,-114.976357531
89027,NV,CLARK,1,4,0,0,36.80694285220004,-114.09779877659999
89030,NV,CLARK,1,4,0,0,36.20518011980004,-115.11324339980001
89031,NV,CLARK,0,3,0,0,36.24910367800007,-115.18962400766667
89032,NV,CLARK,1,2,0,0,36.22864137933336,-115.17026254833333
89041,NV,NYE,0,1,0,0,36.1905701530001,-115.981006732
89048,NV,NYE,1,4,0,0,36.1948814142,-115.97731757300001
89049,NV,NYE,1,0,0,0,38.06164318,-117.22249012
89052,NV,CLARK,6,10,0,0,35.996987794625035,-115.113964471375
89060,NV,NYE,0,1,1,0,36.2540515220569,-116.0045485852024
89074,NV,CLARK,0,5,0,0,36.03669917580004,-115.10314792259999
89081,NV,CLARK,0,1,0,0,36.2425601,-115.1283763
89084,NV,CLARK,0,2,0,0,36.284038014000046,-115.1647294565
89086,NV,CLARK,2,0,0,0,36.284957085,-115.09448966
89101,NV,CLARK,0,1,0,0,36.1642905890001,-115.131186146
89102,NV,CLARK,3,7,0,0,36.15466179599594,-115.18884175860521
89103,NV,CLARK,3,11,0,0,36.11495924550001,-115.22838029028573
89104,NV,CLARK,0,11,0,0,36.15143926781823,-115.09873127636364
89106,NV,CLARK,2,4,1,0,36.170068092050016,-115.16427067259315
89107,NV,CLARK,0,7,0,0,36.17002499442864,-115.1987892392857
89108,NV,CLARK,0,17,0,0,36.20655024611766,-115.2203436149412
89109,NV,CLARK,3,4,0,0,36.141526958571475,-115.14997646214285
89110,NV,CLARK,0,5,0,0,36.172486090400064,-115.0509479024
89113,NV,CLARK,1,6,0,0,36.063840519571485,-115.26163816242858
89115,NV,CLARK,0,2,0,0,36.213435050000044,-115.0598032
89117,NV,CLARK,1,22,0,0,36.13818257573917,-115.26306366860868
89118,NV,CLARK,1,6,0,0,36.088426813428626,-115.233714833
89119,NV,CLARK,3,14,0,0,36.10883374870592,-115.12913475517648
89120,NV,CLARK,0,11,0,0,36.08932660581823,-115.09752317572726
89121,NV,CLARK,1,30,0,0,36.1194106519678,-115.09494479080647
89122,NV,CLARK,0,1,0,0,36.0992239,-115.0529075
89123,NV,CLARK,1,18,0,0,36.036991030684284,-115.14883231089473
89128,NV,CLARK,2,7,0,0,36.20052921822227,-115.25960672855555
89129,NV,CLARK,0,13,0,0,36.2293593845385,-115.27960183338463
89130,NV,CLARK,0,6,0,0,36.25282065700005,-115.22610339583333
89131,NV,CLARK,0,5,0,0,36.30397736060002,-115.2577641136
89134,NV,CLARK,0,2,0,0,36.2016282755001,-115.299187781
89135,NV,CLARK,0,5,0,0,36.14836159480004,-115.32280526939999
89138,NV,CLARK,0,2,0,0,36.177799584499994,-115.35070599299999
89139,NV,CLARK,1,1,0,0,36.024934099999996,-115.2134141
89141,NV,CLARK,0,1,0,0,36.0046572000001,-115.1861601
89143,NV,CLARK,0,1,0,0,36.3182283,-115.2904723
89144,NV,CLARK,1,1,0,0,36.1711825055,-115.320884174
89145,NV,CLARK,0,7,0,0,36.170995553000026,-115.25972752928571
89146,NV,CLARK,4,15,0,0,36.140375435315825,-115.22231424973688
89147,NV,CLARK,1,12,0,0,36.11438969923084,-115.27642829538459
89148,NV,CLARK,3,3,0,0,36.075936992666676,-115.29603661866668
89149,NV,CLARK,2,13,0,0,36.268800786933376,-115.28266344213333
89156,NV,CLARK,0,2,0,0,36.19595090000005,-115.01828585
89169,NV,CLARK,0,7,0,0,36.126057645000046,-115.123637258
89178,NV,CLARK,0,2,0,0,36.01416075000005,-115.267892
89179,NV,CLARK,0,1,0,0,35.9854445,-115.2599556
89183,NV,CLARK,0,6,0,0,36.00607203216671,-115.13726157233333
89191,NV,CLARK,1,0,0,0,36.24602701,-115.04928189
89301,NV,WHITE PINE,1,1,1,0,39.25371511524327,-114.86845418814057
89403,NV,LYON,0,0,1,0,39.239455041264655,-119.5643790786814
89406,NV,CHURCHILL,1,3,1,0,39.4784377086277,-118.77262631145281
89408,NV,LYON,0,2,1,0,39.60371835701429,-119.2300349962856
89410,NV,DOUGLAS,1,2,1,0,38.92713520649124,-119.72805955093457
89415,NV,MINERAL,1,1,1,0,38.51744374863618,-118.6269009783279
89419,NV,PERSHING,1,2,0,0,40.17606354066667,-118.4795917
89423,NV,DOUGLAS,1,0,0,0,38.95780718,-119.77192396
89429,NV,LYON,1,0,1,0,39.40455332303897,-119.25171747895608
89431,NV,WASHOE,2,6,0,0,39.545897993000054,-119.761666656625
89434,NV,WASHOE,3,8,0,0,39.54960567618183,-119.70530061245455
89436,NV,WASHOE,0,8,0,0,39.594292576500024,-119.71310519475001
89441,NV,WASHOE,0,1,0,0,39.644908953,-119.718399669
89445,NV,HUMBOLDT,1,2,1,0,40.96905249771204,-117.72790912383215
89447,NV,LYON,1,2,1,0,38.98579408429792,-119.16714638211687
89451,NV,WASHOE,1,0,0,0,39.2514975,-119.95439402
89460,NV,DOUGLAS,0,1,0,0,38.8941112890001,-119.752422761
89502,NV,WASHOE,4,8,0,0,39.50010347000004,-119.76484018608335
89503,NV,WASHOE,2,20,0,0,39.540116030681865,-119.84404734195455
89506,NV,WASHOE,0,10,0,0,39.597204788400056,-119.83390622830002
89509,NV,WASHOE,0,9,0,0,39.492287670000024,-119.81266219788888
89511,NV,WASHOE,2,8,0,0,39.44238768980005,-119.77647140510001
89512,NV,WASHOE,1,9,1,0,39.54905343284773,-119.79822657119776
89521,NV,WASHOE,2,10,0,0,39.4260624489167,-119.73932373858334
89523,NV,WASHOE,0,10,0,0,39.52239530422616,-119.88558077690962
89701,NV,CARSON (CITY),0,5,0,0,39.16255024840006,-119.7465551392
89703,NV,CARSON (CITY),3,7,0,0,39.18218680200004,-119.7771456262
89706,NV,CARSON CITY,0,1,2,0,39.18232995167349,-119.74223858524401
89801,NV,ELKO,1,2,0,0,40.84658483500003,-115.73997965066667
89820,NV,LANDER,1,1,1,0,40.63947504617634,-116.94064767299083
89832,NV,ELKO,1,0,0,0,41.94989163,-116.097797
90001,CA,NAN,0,0,0,5,33.97864120417471,-118.24941021646018
90002,CA,NAN,0,0,0,2,33.945681004171725,-118.2454965164598
90003,CA,NAN,0,0,0,1,33.988320004175556,-118.2737600164634
90004,CA,LOS ANGELES,0,2,0,6,34.07482032288748,-118.30294420222614
90005,CA,LOS ANGELES,0,1,0,4,34.05906450254564,-118.29328091097338
90006,CA,LOS ANGELES,0,6,0,20,34.05006001402398,-118.29416015166703
90007,CA,NAN,0,0,0,5,34.028328004179194,-118.28063001646483
90008,CA,LOS ANGELES,0,1,0,5,34.010473930648054,-118.33601890072691
90010,CA,NAN,0,0,0,3,34.06181033751554,-118.29873734980045
90011,CA,LOS ANGELES,1,2,0,5,34.01815981923644,-118.26061369128837
90012,CA,LOS ANGELES,3,0,1,15,34.06011775956391,-118.24197742738642
90013,CA,NAN,0,0,0,4,34.046567504180835,-118.24677501645995
90014,CA,NAN,0,0,0,3,34.04328333751388,-118.25039001646051
90015,CA,LOS ANGELES,1,1,0,8,34.03867485034402,-118.26550531016997
90016,CA,LOS ANGELES,0,3,0,7,34.02761049062508,-118.3494304008323
90017,CA,LOS ANGELES,1,2,0,9,34.051764063719226,-118.26341716517992
90018,CA,LOS ANGELES,1,8,0,1,34.03325366821788,-118.3101603767469
90019,CA,LOS ANGELES,0,7,0,6,34.05173504539139,-118.33004026244852
90020,CA,LOS ANGELES,1,0,0,14,34.06632185590376,-118.29524942070233
90021,CA,NAN,0,0,0,1,34.02673500417906,-118.22898801645714
90022,CA,NAN,0,0,0,17,34.02266394535515,-118.15600731056514
90023,CA,LOS ANGELES,2,3,0,7,34.023800710854395,-118.19164992793092
90024,CA,LOS ANGELES,0,2,0,10,34.060393634401684,-118.44150828532288
90025,CA,LOS ANGELES,0,2,0,11,34.0463868316915,-118.45549815372148
90026,CA,LOS ANGELES,4,3,0,7,34.07811801309187,-118.26534938708842
90027,CA,LOS ANGELES,4,2,0,23,34.09991842497486,-118.29564971778413
90028,CA,LOS ANGELES,1,2,0,8,34.10102537313506,-118.32653464643387
90029,CA,LOS ANGELES,0,7,0,9,34.09206437354151,-118.30005706132548
90031,CA,LOS ANGELES,0,1,0,4,34.07386530874673,-118.20884249096403
90032,CA,LOS ANGELES,0,2,0,2,34.08609297109216,-118.17949101147524
90033,CA,LOS ANGELES,7,6,0,13,34.07299226637034,-118.29832228697845
90034,CA,LOS ANGELES,1,5,0,8,34.02809829388814,-118.40327919834677
90035,CA,LOS ANGELES,0,7,0,12,34.05302299627246,-118.38212692672373
90036,CA,LOS ANGELES,2,4,0,11,34.06894383570648,-118.3535740329967
90037,CA,LOS ANGELES,0,5,0,6,33.99954699009649,-118.28673408598068
90038,CA,LOS ANGELES,0,2,0,7,34.08902676992145,-118.33036886836736
90039,CA,LOS ANGELES,0,2,0,3,34.11427628671238,-118.2663343958775
90041,CA,LOS ANGELES,0,4,0,7,34.13625556975655,-118.21119679319844
90042,CA,LOS ANGELES,0,2,0,4,34.11370843212462,-118.19009506996781
90043,CA,LOS ANGELES,0,2,0,3,33.98627237570545,-118.34086814248421
90044,CA,LOS ANGELES,0,3,0,2,33.967049118869774,-118.29021331918622
90045,CA,LOS ANGELES,0,1,0,5,33.96302963015493,-118.38988592861965
90046,CA,LOS ANGELES,0,10,0,11,34.08940116619123,-118.35417674915297
90047,CA,NAN,0,0,0,4,33.970516254173965,-118.30745051646836
90048,CA,LOS ANGELES,2,7,0,12,34.07245838481894,-118.3734360566539
90049,CA,LOS ANGELES,0,2,0,5,34.055798498844005,-118.46813815577923
90056,CA,LOS ANGELES,1,0,0,1,33.98873529708776,-118.37085706323808
90057,CA,LOS ANGELES,1,8,0,11,34.05942426685015,-118.27463237610519
90058,CA,LOS ANGELES,0,0,1,0,34.00462573663528,-118.23070609955889
90059,CA,LOS ANGELES,1,1,0,2,33.92504254633479,-118.24481477923028
90061,CA,LOS ANGELES,0,2,0,1,33.91935054138973,-118.26554503048767
90062,CA,NAN,0,0,0,1,34.01061000417756,-118.30872001646887
90063,CA,NAN,0,0,0,1,34.04068700418028,-118.18613101645141
90064,CA,LOS ANGELES,0,2,0,9,34.03551199405623,-118.43312953694341
90065,CA,LOS ANGELES,0,2,0,3,34.1081919571122,-118.22028608667469
90066,CA,LOS ANGELES,0,8,0,5,34.000856547913905,-118.4251834876481
90067,CA,LOS ANGELES,1,0,0,3,34.05908373563646,-118.4140237748624
90068,CA,LOS ANGELES,0,1,0,0,34.108052845,-118.337826042
90069,CA,NAN,0,0,0,7,34.088671575613205,-118.38073473076429
90071,CA,NAN,0,0,0,1,34.051890004181345,-118.25546001646102
90073,CA,LOS ANGELES,1,0,0,0,34.05272127,-118.45275224
90077,CA,NAN,0,0,0,1,34.12774000418816,-118.44359001648775
90089,CA,LOS ANGELES,1,0,0,4,34.03831288534365,-118.25436371517021
90094,CA,LOS ANGELES,0,2,0,1,33.97656769039155,-118.41944320116113
90095,CA,LOS ANGELES,2,0,0,4,34.0740075427891,-118.40620063765294
90201,CA,LOS ANGELES,0,3,0,10,33.96947286744151,-118.17452862611584
90210,CA,LOS ANGELES,0,1,0,11,34.06858033716758,-118.40248046510845
90211,CA,LOS ANGELES,0,1,0,13,34.06640964674097,-118.38266390815902
90212,CA,NAN,0,0,0,5,34.064485604182465,-118.40222461648143
90220,CA,NAN,0,0,0,5,33.88936060416666,-118.23397221645826
90221,CA,LOS ANGELES,0,1,0,3,33.89822990312568,-118.20728633734109
90222,CA,LOS ANGELES,0,1,0,1,33.90825007358396,-118.23599578923053
90230,CA,LOS ANGELES,0,3,0,10,33.99437251682772,-118.39583423760061
90232,CA,LOS ANGELES,4,3,0,4,34.02140293124679,-118.39896711626571
90240,CA,LOS ANGELES,0,1,0,1,33.955598527086295,-118.11817815972205
90241,CA,LOS ANGELES,1,4,0,13,33.93818629640144,-118.13239827593173
90242,CA,LOS ANGELES,2,4,0,7,33.9232385269375,-118.13925538400879
90245,CA,LOS ANGELES,1,0,0,4,33.92001236333557,-118.40014319318557
90247,CA,LOS ANGELES,2,7,0,10,33.89225764998256,-118.30015636693045
90248,CA,LOS ANGELES,0,1,0,3,33.87231715312369,-118.29141861685018
90249,CA,LOS ANGELES,0,1,0,5,33.89511175713921,-118.31545786655788
90250,CA,LOS ANGELES,1,5,0,11,33.91463966093281,-118.35203503630726
90254,CA,LOS ANGELES,0,1,0,2,33.86352530277606,-118.39332881098692
90255,CA,LOS ANGELES,1,1,0,14,33.97877932777782,-118.22229355814949
90260,CA,LOS ANGELES,0,1,0,4,33.89319123113359,-118.35070755517968
90262,CA,LOS ANGELES,2,7,0,7,33.93010385069961,-118.20298727844857
90265,CA,NAN,0,0,0,3,34.02954867084596,-118.74652301652951
90266,CA,NAN,0,0,0,5,33.89116020416685,-118.39363541648045
90270,CA,LOS ANGELES,0,1,0,2,33.98607878945035,-118.18714060696762
90272,CA,LOS ANGELES,0,2,0,5,34.05124809455777,-118.53800724750006
90274,CA,LOS ANGELES,0,3,0,5,33.772666016385195,-118.37929607192146
90275,CA,LOS ANGELES,0,3,0,2,33.758708168861844,-118.37313648519248
90277,CA,LOS ANGELES,0,2,0,7,33.835759398347996,-118.38307619792808
90278,CA,LOS ANGELES,0,1,0,7,33.8726166198946,-118.36181465366654
90280,CA,LOS ANGELES,0,1,0,13,33.95360214766011,-118.200387798564
90291,CA,NAN,0,0,0,4,33.999196254176574,-118.470561516491
90292,CA,LOS ANGELES,2,0,0,7,33.9844517276919,-118.44175172837923
90293,CA,LOS ANGELES,0,1,0,1,33.95884486608652,-118.43502754324348
90301,CA,LOS ANGELES,1,5,0,8,33.95766900402749,-118.34795635962807
90302,CA,LOS ANGELES,0,2,0,0,33.97159164150005,-118.349113174
90303,CA,NAN,0,0,0,4,33.938267004171095,-118.32946326647156
90304,CA,NAN,0,0,0,2,33.94205000417145,-118.35293401647472
90401,CA,LOS ANGELES,0,1,0,6,34.01940831086714,-118.4909726227091
90402,CA,LOS ANGELES,0,1,0,1,34.03677328309053,-118.50189562224693
90403,CA,LOS ANGELES,0,4,0,7,34.0273332325687,-118.49505539522337
90404,CA,LOS ANGELES,2,11,0,9,34.02863047943698,-118.4812717602469
90405,CA,LOS ANGELES,0,3,0,5,34.01701294536133,-118.46874407743175
90501,CA,LOS ANGELES,0,3,0,6,33.82946315832967,-118.30717436653471
90502,CA,LOS ANGELES,3,6,0,5,33.829943568914814,-118.29235072945234
90503,CA,LOS ANGELES,2,7,0,9,33.83630276935906,-118.35354954073756
90504,CA,NAN,0,0,0,3,33.87501333749869,-118.34561034980709
90505,CA,LOS ANGELES,3,8,0,20,33.813721909557046,-118.34608205388442
90601,CA,LOS ANGELES,0,1,0,4,33.98148158654001,-118.04278539834554
90602,CA,LOS ANGELES,1,5,0,5,33.96791967798805,-118.04070616955974
90603,CA,LOS ANGELES,0,3,0,5,33.94374671848226,-117.98953513576573
90604,CA,LOS ANGELES,0,2,0,2,33.93194294158559,-118.0245162819642
90605,CA,LOS ANGELES,1,4,0,2,33.943917864192066,-118.01803706569335
90606,CA,LOS ANGELES,0,2,0,3,33.973005386104674,-118.05777042046034
90620,CA,ORANGE,0,3,0,0,33.8335208533334,-118.00813150333333
90621,CA,ORANGE,0,1,0,0,33.8726199,-118.001797
90623,CA,ORANGE,2,1,0,0,33.84726661933337,-118.03890652066667
90631,CA,ORANGE,0,6,0,0,33.93568121200001,-117.95336407416666
90638,CA,LOS ANGELES,1,2,0,10,33.914650043437575,-118.00650848717417
90640,CA,LOS ANGELES,2,3,0,12,34.01674301806696,-118.10975005172325
90650,CA,LOS ANGELES,3,12,0,14,33.909779549357125,-118.08611584541818
90660,CA,LOS ANGELES,0,4,0,11,33.98500595019526,-118.09382033992163
90670,CA,NAN,0,0,0,4,33.93587325417086,-118.05631426643347
90680,CA,ORANGE,0,5,0,0,33.79029506424,-117.98625445907301
90701,CA,LOS ANGELES,0,4,0,6,33.86875048579893,-118.0822602765621
90703,CA,LOS ANGELES,1,2,0,12,33.866572767998214,-118.07318811314798
90704,CA,LOS ANGELES,1,1,0,1,33.340739396038984,-118.32914516315708
90706,CA,LOS ANGELES,2,8,0,12,33.88074209622706,-118.12680791142371
90710,CA,LOS ANGELES,1,0,0,4,33.79235385732637,-118.29940194517386
90712,CA,LOS ANGELES,1,0,0,8,33.852587961478456,-118.14692223350761
90713,CA,NAN,0,0,0,6,33.84542467082937,-118.11562418310824
90715,CA,NAN,0,0,0,1,33.84674100416283,-118.08337501643759
90716,CA,LOS ANGELES,1,0,0,1,33.83279950708074,-118.0752999832177
90717,CA,LOS ANGELES,0,3,0,3,33.79334305057897,-118.29703708539932
90720,CA,ORANGE,1,3,0,0,33.8033205030396,-118.06113025173076
90723,CA,LOS ANGELES,1,3,0,8,33.89071220777782,-118.15592849146486
90731,CA,LOS ANGELES,1,1,0,7,33.73853727223026,-118.29002299669622
90732,CA,LOS ANGELES,7,5,0,5,33.73828034551572,-118.30786985790255
90740,CA,ORANGE,0,2,0,0,33.77396417850005,-118.07458527200001
90744,CA,NAN,0,0,0,5,33.78544360415726,-118.2629228164623
90745,CA,LOS ANGELES,0,2,0,7,33.82346811434707,-118.27651948480535
90746,CA,NAN,0,0,0,3,33.85012133749648,-118.26243368312869
90755,CA,LOS ANGELES,0,1,0,3,33.80392558811951,-118.17374136683762
90802,CA,LOS ANGELES,0,4,0,6,33.77229343429366,-118.18011070187097
90803,CA,LOS ANGELES,0,2,0,5,33.76158364511069,-118.13571543403118
90804,CA,LOS ANGELES,2,9,0,7,33.785067225950066,-118.15022776628514
90805,CA,LOS ANGELES,1,4,0,5,33.864022104382094,-118.16884594712515
90806,CA,LOS ANGELES,6,7,0,10,33.80628336893863,-118.18882067493557
90807,CA,LOS ANGELES,0,8,0,8,33.82794977484556,-118.186642383566
90808,CA,LOS ANGELES,0,1,0,7,33.827025003890775,-118.11449094313615
90810,CA,LOS ANGELES,0,1,0,0,33.816608323,-118.215162054
90813,CA,LOS ANGELES,3,5,0,11,33.78202606440665,-118.18737710673507
90814,CA,LOS ANGELES,0,2,0,1,33.77273081971876,-118.14245475181401
90815,CA,LOS ANGELES,0,2,1,7,33.80026951612411,-118.13227524489369
90822,CA,LOS ANGELES,2,0,0,0,33.777102015,-118.11901069
91001,CA,LOS ANGELES,0,5,0,3,34.189350422947555,-118.13989045579193
91006,CA,NAN,0,0,0,5,34.13426200418868,-118.02581281642941
91007,CA,LOS ANGELES,1,7,0,8,34.12693114578146,-118.05287543577884
91010,CA,LOS ANGELES,1,9,0,5,34.138141853852105,-117.97367178830073
91011,CA,NAN,0,0,0,4,34.205478004195086,-118.20124726645395
91016,CA,LOS ANGELES,1,6,0,4,34.145638446523556,-117.99830373515506
91020,CA,LOS ANGELES,0,3,0,3,34.2077256142643,-118.22972485456205
91024,CA,LOS ANGELES,0,4,0,1,34.16078150683826,-118.05979713448669
91030,CA,LOS ANGELES,0,2,0,4,34.11356337645787,-118.15067281596411
91040,CA,LOS ANGELES,0,3,0,4,34.25973144211429,-118.31895971255419
91042,CA,LOS ANGELES,0,6,0,9,34.24942500371937,-118.28651843707918
91101,CA,LOS ANGELES,0,5,0,6,34.14905453916625,-118.13461942313037
91103,CA,LOS ANGELES,0,11,1,4,34.17279087631095,-118.15055326547
91104,CA,LOS ANGELES,0,5,0,7,34.16880383611187,-118.12319687742415
91105,CA,LOS ANGELES,2,5,0,7,34.13431383252304,-118.15143922179479
91106,CA,LOS ANGELES,0,3,0,4,34.14747162767996,-118.12557455639606
91107,CA,LOS ANGELES,1,4,0,10,34.15108160519329,-118.09028847075848
91108,CA,NAN,0,0,0,2,34.113717004186874,-118.12255051644286
91201,CA,LOS ANGELES,0,2,0,9,34.167977450066026,-118.29074353510852
91202,CA,LOS ANGELES,0,1,0,8,34.161897273614414,-118.26537405896667
91203,CA,NAN,0,0,0,8,34.152652879190356,-118.25823551646141
91204,CA,LOS ANGELES,2,9,0,14,34.135392979185646,-118.25973353789843
91205,CA,LOS ANGELES,0,12,0,21,34.138081183302354,-118.24560478141382
91206,CA,LOS ANGELES,2,4,0,11,34.15060176206422,-118.23609662476738
91207,CA,LOS ANGELES,0,1,0,2,34.15878330279393,-118.25302971097368
91208,CA,LOS ANGELES,2,1,0,3,34.1998191739304,-118.21908687772829
91210,CA,NAN,0,0,0,1,34.14307600418949,-118.25863801646197
91214,CA,LOS ANGELES,0,2,0,5,34.22271928042639,-118.2428251231854
91301,CA,LOS ANGELES,0,4,0,4,34.15213050209523,-118.7580884457657
91302,CA,LOS ANGELES,0,1,0,6,34.15131777002018,-118.66531095430155
91303,CA,LOS ANGELES,0,1,0,7,34.20175023192033,-118.60687531207158
91304,CA,LOS ANGELES,0,5,0,2,34.21992558562754,-118.60806340985971
91306,CA,LOS ANGELES,0,3,0,6,34.20465263935224,-118.57623554178174
91307,CA,LOS ANGELES,1,10,0,12,34.19526218892747,-118.62525571826787
91311,CA,LOS ANGELES,0,3,0,3,34.25629754526641,-118.59471711642072
91316,CA,NAN,0,0,0,10,34.16410160419139,-118.51043531649675
91320,CA,VENTURA,0,2,0,0,34.18828566900005,-118.94405944100001
91321,CA,LOS ANGELES,0,3,0,6,34.380919204029524,-118.53877748388894
91324,CA,LOS ANGELES,0,2,0,10,34.238623678498364,-118.54485053041772
91325,CA,LOS ANGELES,2,6,0,9,34.23305817904564,-118.5202158203813
91326,CA,NAN,0,0,0,5,34.275238804201294,-118.5672984165047
91330,CA,NAN,0,0,0,1,34.23565000419781,-118.52783001649925
91331,CA,LOS ANGELES,0,2,0,9,34.25283138952681,-118.42718489503365
91335,CA,LOS ANGELES,1,12,0,13,34.19908285936659,-118.54150773659643
91340,CA,LOS ANGELES,0,1,0,9,34.28382289348197,-118.44548131513882
91342,CA,LOS ANGELES,2,9,0,5,34.305784282563984,-118.43032931321461
91343,CA,LOS ANGELES,1,1,0,8,34.23288884545782,-118.47325062019313
91344,CA,LOS ANGELES,0,5,0,13,34.26669851708924,-118.50438309846923
91345,CA,LOS ANGELES,1,3,0,7,34.27113870212756,-118.46410064531214
91350,CA,LOS ANGELES,0,1,0,6,34.43997685675598,-118.51227967556984
91351,CA,NAN,0,0,0,5,34.41769440421401,-118.46068281649002
91352,CA,LOS ANGELES,2,5,0,4,34.22929843034428,-118.37710722871934
91354,CA,LOS ANGELES,0,1,0,3,34.4533625061627,-118.5552621193771
91355,CA,LOS ANGELES,2,2,0,13,34.41139175898678,-118.56154349120887
91356,CA,LOS ANGELES,2,5,0,18,34.17136610341823,-118.53887340232068
91360,CA,VENTURA,1,10,0,0,34.21354154145457,-118.87732038145455
91361,CA,VENTURA,1,2,0,1,34.15873997779741,-118.83275699688441
91362,CA,VENTURA,1,6,0,2,34.16237541893118,-118.81285908578587
91364,CA,LOS ANGELES,1,5,0,13,34.16623097664652,-118.60151080854523
91367,CA,LOS ANGELES,1,3,0,6,34.17944617251572,-118.60630946190574
91381,CA,NAN,0,0,0,3,34.38413133754435,-118.57548868317237
91384,CA,NAN,0,0,0,2,34.47596450421917,-118.62263151651212
91387,CA,NAN,0,0,0,4,34.40668725421302,-118.45208101648869
91390,CA,NAN,0,0,0,1,34.460130004217746,-118.5106620164972
91401,CA,LOS ANGELES,1,0,0,13,34.18184512532207,-118.43872250316603
91402,CA,LOS ANGELES,3,3,0,11,34.222872816068424,-118.44432267590345
91403,CA,LOS ANGELES,2,2,0,9,34.15597747659347,-118.45083188564564
91405,CA,LOS ANGELES,1,7,0,11,34.20127231448125,-118.44950633559866
91406,CA,LOS ANGELES,0,1,0,7,34.19912003017025,-118.49399790993245
91411,CA,LOS ANGELES,0,5,0,6,34.18458492183261,-118.46185951353992
91423,CA,LOS ANGELES,0,3,0,6,34.15480027079372,-118.43419542943492
91436,CA,LOS ANGELES,5,3,0,9,34.15747144004215,-118.4957077953789
91501,CA,LOS ANGELES,0,1,0,0,34.1835279910001,-118.304775656
91502,CA,NAN,0,0,0,12,34.17859467085933,-118.31023001646885
91504,CA,LOS ANGELES,0,2,0,5,34.19347860299569,-118.32732204033663
91505,CA,LOS ANGELES,1,3,0,14,34.16699375770471,-118.33708292831187
91506,CA,LOS ANGELES,0,2,0,8,34.17138112845379,-118.32276081337686
91601,CA,LOS ANGELES,0,3,0,5,34.168644958120005,-118.36706834004835
91602,CA,NAN,0,0,0,4,34.15444250419052,-118.37256051647765
91604,CA,LOS ANGELES,0,3,0,8,34.143383816956,-118.39203267689477
91605,CA,LOS ANGELES,0,4,0,5,34.202189376996934,-118.41010666837934
91606,CA,LOS ANGELES,0,5,0,10,34.18424376312887,-118.38381306065298
91607,CA,LOS ANGELES,0,5,0,8,34.163829775040774,-118.40128699445034
91701,CA,SAN BERNARDINO,0,5,0,0,34.131201056794,-117.602713444798
91702,CA,LOS ANGELES,0,2,0,6,34.12702573739078,-117.8838953101815
91706,CA,LOS ANGELES,3,5,0,14,34.07507592329858,-117.97473360599611
91709,CA,SAN BERNARDINO,0,3,0,0,33.962657560333405,-117.703302376
91710,CA,SAN BERNARDINO,2,3,0,0,34.029194216200025,-117.6904255642
91711,CA,LOS ANGELES,0,12,0,5,34.10024789488173,-117.7212627878091
91722,CA,LOS ANGELES,0,2,0,5,34.09287515798944,-117.90494071329472
91723,CA,LOS ANGELES,2,3,0,7,34.08494984952414,-117.89296303157288
91724,CA,LOS ANGELES,1,5,0,6,34.09364463229076,-117.86200798653596
91730,CA,SAN BERNARDINO,1,3,0,0,34.114838765979975,-117.5884753234205
91731,CA,LOS ANGELES,0,2,0,8,34.083469253547236,-118.03377264764399
91732,CA,LOS ANGELES,0,9,0,3,34.08111535921261,-118.01512800769046
91733,CA,LOS ANGELES,1,3,0,4,34.05698172359097,-118.04215520159073
91737,CA,SAN BERNARDINO,0,1,0,0,34.1372568690001,-117.587477068
91740,CA,LOS ANGELES,1,9,0,9,34.11895575640471,-117.86006861529727
91741,CA,LOS ANGELES,1,2,0,6,34.13419382934811,-117.86654133482733
91744,CA,NAN,0,0,0,8,34.03511375417981,-117.94751589141852
91745,CA,LOS ANGELES,0,1,0,9,33.99599170555842,-117.95802190127797
91746,CA,LOS ANGELES,0,1,0,2,34.04358600278699,-117.9997503442836
91748,CA,NAN,0,0,0,14,33.989390004175696,-117.9008581592691
91750,CA,LOS ANGELES,0,5,0,5,34.11118407959346,-117.77050972699674
91752,CA,RIVERSIDE,0,3,0,0,33.98174353966673,-117.53423298333333
91754,CA,LOS ANGELES,2,2,0,16,34.059622173495534,-118.12855199510491
91755,CA,NAN,0,0,0,1,34.037320004180046,-118.10464801644015
91760,CA,RIVERSIDE,0,1,0,0,33.94683917,-117.52618348
91761,CA,SAN BERNARDINO,1,1,0,0,34.04369478000005,-117.64233466499999
91762,CA,SAN BERNARDINO,0,6,0,0,34.04932583783335,-117.66199804733333
91763,CA,SAN BERNARDINO,1,6,0,0,34.07537893014288,-117.698914706
91764,CA,SAN BERNARDINO,1,2,0,0,34.0789894733334,-117.638742674
91765,CA,LOS ANGELES,0,2,0,8,34.006924283341625,-117.81610127312054
91766,CA,LOS ANGELES,0,2,0,9,34.038922915329394,-117.75252596259317
91767,CA,LOS ANGELES,2,4,0,14,34.08756548672901,-117.74247687332289
91768,CA,LOS ANGELES,2,5,0,2,34.06542411281846,-117.76972410464299
91770,CA,LOS ANGELES,2,7,0,16,34.068992627157016,-118.08557920071983
91773,CA,LOS ANGELES,1,6,0,8,34.096622720832436,-117.82291370541387
91775,CA,LOS ANGELES,0,5,0,2,34.11470225576758,-118.08743494426778
91776,CA,LOS ANGELES,2,5,0,16,34.090866312345746,-118.09987025543595
91780,CA,LOS ANGELES,0,5,0,5,34.10346777835117,-118.05242243157434
91786,CA,SAN BERNARDINO,1,5,0,0,34.1087277771667,-117.64600838866669
91789,CA,LOS ANGELES,0,1,0,4,34.00593742354211,-117.85381141272367
91790,CA,LOS ANGELES,2,7,0,11,34.067154245400395,-117.94065779592958
91791,CA,LOS ANGELES,1,2,0,3,34.078662689591795,-117.89567104887209
91792,CA,NAN,0,0,0,5,34.02172840417858,-117.90337901641223
91801,CA,LOS ANGELES,1,8,0,18,34.09011883049347,-118.12941813292534
91803,CA,LOS ANGELES,0,2,0,7,34.08050287525421,-118.14363054167997
91901,CA,SAN DIEGO,0,2,0,0,32.834903232000045,-116.7851007115
91910,CA,SAN DIEGO,1,5,0,0,32.64460595600007,-117.07330828866667
91911,CA,SAN DIEGO,2,4,0,0,32.620229482166714,-117.03374511583336
91913,CA,SAN DIEGO,0,3,0,0,32.62883727966673,-116.98515076400001
91914,CA,SAN DIEGO,0,2,0,0,32.6597488375001,-116.9601160675
91932,CA,SAN DIEGO,0,1,0,0,32.5832883310001,-117.118380492
91941,CA,SAN DIEGO,0,1,0,0,32.7459558900001,-117.043211164
91942,CA,SAN DIEGO,3,12,0,0,32.77714071829116,-117.02011092826129
91945,CA,SAN DIEGO,0,4,0,0,32.73489476389648,-117.0283732299955
91950,CA,SAN DIEGO,2,9,0,0,32.68033398745457,-117.08597339136362
91977,CA,SAN DIEGO,0,5,0,0,32.72650287840004,-117.00507725319999
92007,CA,SAN DIEGO,0,1,0,0,33.020513448,-117.256702795
92008,CA,SAN DIEGO,0,8,0,0,33.15294531187504,-117.32105527362499
92009,CA,SAN DIEGO,0,6,0,0,33.0829280286667,-117.25939175416666
92010,CA,SAN DIEGO,0,1,0,0,33.1379640991268,-117.259896266466
92014,CA,SAN DIEGO,1,0,0,0,32.98388581,-117.22595106
92019,CA,SAN DIEGO,0,3,0,0,32.762635252000074,-116.92996877633334
92020,CA,SAN DIEGO,0,10,0,0,32.78820967210005,-116.95989361020001
92021,CA,SAN DIEGO,0,7,0,0,32.81007232657151,-116.93601270171429
92024,CA,SAN DIEGO,1,10,0,0,33.0403637944546,-117.26899595236362
92025,CA,SAN DIEGO,1,12,0,0,33.1104612268462,-117.07621631438464
92026,CA,SAN DIEGO,0,12,0,0,33.15182022741673,-117.10366160650001
92027,CA,SAN DIEGO,0,12,0,0,33.12879128325006,-117.05506741358334
92028,CA,SAN DIEGO,2,4,0,0,33.38168274733335,-117.24242166233334
92029,CA,SAN DIEGO,2,4,0,0,33.098751680333365,-117.09992960416668
92037,CA,SAN DIEGO,3,8,0,0,32.855091908770525,-117.25704809676554
92040,CA,SAN DIEGO,0,5,0,0,32.855849777400046,-116.9335814532
92054,CA,SAN DIEGO,0,1,0,0,33.1904211,-117.3277667
92055,CA,SAN DIEGO,1,0,0,0,33.2213161,-117.3888045
92056,CA,SAN DIEGO,2,8,0,0,33.188242613300034,-117.285433521
92057,CA,SAN DIEGO,0,6,0,0,33.24242684562872,-117.31082133584134
92058,CA,SAN DIEGO,0,1,0,0,33.2415820000001,-117.326982
92064,CA,SAN DIEGO,2,11,0,0,33.34644420100005,-117.4111675076923
92065,CA,SAN DIEGO,0,1,0,0,33.0384014950001,-116.871927399
92069,CA,SAN DIEGO,0,3,0,0,33.15061767133337,-117.164731933
92071,CA,SAN DIEGO,1,3,0,0,32.84320457125,-116.973356988
92075,CA,SAN DIEGO,0,1,0,0,32.981794587,-117.261432732
92078,CA,SAN DIEGO,1,7,0,0,33.132423566875,-117.202618382625
92081,CA,SAN DIEGO,0,1,0,0,33.162476203,-117.22019394
92083,CA,SAN DIEGO,0,6,0,0,33.19052374100003,-117.263042637
92084,CA,SAN DIEGO,0,8,0,0,33.209573090500044,-117.226172787
92101,CA,SAN DIEGO,0,3,1,0,32.72837241750948,-117.16661354165056
92102,CA,SAN DIEGO,0,1,0,0,32.7181731540001,-117.12072305
92103,CA,SAN DIEGO,5,6,0,0,32.74515160945456,-117.16293558463639
92104,CA,SAN DIEGO,1,0,0,0,32.75638366,-117.1446454
92105,CA,SAN DIEGO,1,5,0,0,32.74254396200007,-117.08170253399999
92106,CA,SAN DIEGO,0,1,0,0,32.7231129,-117.2345503
92108,CA,SAN DIEGO,0,2,0,0,32.78231605050004,-117.10565542500001
92109,CA,SAN DIEGO,0,4,0,0,32.80465900200005,-117.24137881575001
92110,CA,SAN DIEGO,1,2,0,0,32.75310401400004,-117.21309359600001
92111,CA,SAN DIEGO,1,1,0,0,32.802509968500004,-117.1558838595
92115,CA,SAN DIEGO,0,3,0,0,32.76002347066667,-117.07500335033335
92117,CA,SAN DIEGO,0,4,0,0,32.826582965499995,-117.19348187475
92118,CA,SAN DIEGO,2,2,0,0,32.69420981000003,-117.16783826700001
92120,CA,SAN DIEGO,4,2,0,0,32.78300942000002,-117.07260393666667
92122,CA,SAN DIEGO,0,11,0,0,32.85986703072731,-117.21187159454547
92123,CA,SAN DIEGO,8,3,0,0,32.80096952354547,-117.15059357972727
92127,CA,SAN DIEGO,0,5,0,0,33.02397423280006,-117.10320132199999
92128,CA,SAN DIEGO,1,6,0,0,32.99020361357146,-117.07760856085714
92129,CA,SAN DIEGO,0,2,0,0,32.9718235185001,-117.0981767545
92130,CA,SAN DIEGO,0,3,0,0,32.95705774243913,-117.22039017801167
92131,CA,SAN DIEGO,0,4,0,0,32.901342940068275,-117.09415135653751
92134,CA,SAN DIEGO,1,0,0,0,32.72752023,-117.14593729
92139,CA,SAN DIEGO,0,3,0,0,32.68294208233343,-117.04476661033334
92161,CA,SAN DIEGO,1,0,0,0,32.87555805,-117.23241926
92201,CA,RIVERSIDE,2,2,0,0,33.70839072500002,-116.230832508
92211,CA,RIVERSIDE,0,3,0,0,33.7458691473334,-116.34539182433333
92220,CA,RIVERSIDE,1,8,0,0,33.93067641922225,-116.92580808533336
92223,CA,RIVERSIDE,0,3,0,0,33.95540197700004,-116.96062545166667
92225,CA,RIVERSIDE,1,1,0,0,33.615485005,-114.59725970150001
92227,CA,IMPERIAL,1,1,0,0,32.9647756635,-115.55002410200001
92234,CA,RIVERSIDE,0,4,0,0,33.826609887750024,-116.4602308775
92240,CA,RIVERSIDE,0,3,0,0,33.94514748733337,-116.496573564
92243,CA,IMPERIAL,1,6,1,0,32.785038912243174,-115.5741435043087
92250,CA,IMPERIAL,0,2,0,0,32.81048973500005,-115.37241784849999
92251,CA,IMPERIAL,0,1,0,0,32.8409612340001,-115.569674173
92252,CA,SAN BERNARDINO,1,3,0,0,34.134460090750025,-116.29444649975
92253,CA,RIVERSIDE,0,2,0,0,33.710644855000055,-116.292723903
92260,CA,RIVERSIDE,0,11,0,0,33.7373576245455,-116.38053063618182
92262,CA,RIVERSIDE,1,8,0,0,33.83175857677781,-116.53573652422223
92264,CA,RIVERSIDE,0,1,0,0,33.816555927,-116.513365429
92270,CA,RIVERSIDE,3,6,0,0,33.77034958911114,-116.41016992755557
92277,CA,SAN BERNARDINO,0,1,0,0,34.1453179800001,-116.05847828
92278,CA,SAN BERNARDINO,1,0,0,0,34.22706647,-116.04879378
92284,CA,SAN BERNARDINO,0,8,0,0,34.10698189750005,-116.43512828825
92305,CA,SAN BERNARDINO,0,1,0,0,34.147228553,-116.981240281
92307,CA,SAN BERNARDINO,1,1,0,0,34.54147173700005,-117.262951243
92308,CA,SAN BERNARDINO,0,5,0,0,34.46154043460006,-117.20855236279999
92310,CA,SAN BERNARDINO,1,0,0,0,35.2654396,-116.68832955
92311,CA,SAN BERNARDINO,2,2,0,0,34.882530702000054,-117.0306310135
92313,CA,SAN BERNARDINO,0,1,0,0,34.0357464630001,-117.314041457
92315,CA,SAN BERNARDINO,1,1,0,0,34.246475583,-116.8883560555
92324,CA,SAN BERNARDINO,2,2,0,0,34.060712862500004,-117.32107219825001
92335,CA,SAN BERNARDINO,1,3,0,0,34.081704773250046,-117.4450531635
92336,CA,SAN BERNARDINO,0,1,0,0,34.117327431,-117.41329147
92342,CA,SAN BERNARDINO,0,1,0,0,34.7138070510001,-117.332614707
92345,CA,SAN BERNARDINO,0,7,0,0,34.435113386428625,-117.2969122502857
92346,CA,SAN BERNARDINO,0,3,0,0,34.1242792093334,-117.19889200066666
92352,CA,SAN BERNARDINO,1,1,0,0,34.265374858499996,-117.168476821
92354,CA,SAN BERNARDINO,5,9,0,0,34.051995832928604,-117.25306198928573
92357,CA,SAN BERNARDINO,1,0,0,0,34.05023296,-117.25006873
92359,CA,SAN BERNARDINO,0,5,0,0,34.07076891380002,-117.12291364920002
92363,CA,SAN BERNARDINO,1,0,0,0,34.83306592,-114.61749396
92369,CA,SAN BERNARDINO,1,0,0,0,34.13810098,-117.21758236
92373,CA,SAN BERNARDINO,4,12,0,0,34.04239579868058,-117.20086705059137
92374,CA,SAN BERNARDINO,0,5,0,0,34.05429488440004,-117.1662807298
92376,CA,SAN BERNARDINO,0,5,0,0,34.09643932460004,-117.37944946959999
92377,CA,SAN BERNARDINO,0,1,0,0,34.1514041,-117.4019014
92384,CA,SAN BERNARDINO,0,1,0,0,34.11473849,-116.404038501
92392,CA,SAN BERNARDINO,0,3,0,0,34.47915842166673,-117.30339712533333
92395,CA,SAN BERNARDINO,2,4,0,0,34.504648369000016,-117.29712544499999
92399,CA,SAN BERNARDINO,0,9,0,0,34.02128785377782,-117.05858076222222
92404,CA,SAN BERNARDINO,1,9,0,0,34.13396222010005,-117.27216064749999
92405,CA,SAN BERNARDINO,0,1,0,0,34.1465063800001,-117.29808393
92407,CA,SAN BERNARDINO,0,3,0,0,34.17105937633333,-117.30180523666667
92411,CA,SAN BERNARDINO,3,2,0,0,34.1307345252,-117.322679038
92415,CA,SAN BERNARDINO,0,0,1,0,34.10530066493423,-117.28696133962532
92501,CA,RIVERSIDE,2,5,0,0,33.98322367371431,-117.37591151957142
92503,CA,RIVERSIDE,2,5,1,0,33.924974294228335,-117.44945335937099
92504,CA,RIVERSIDE,0,11,0,0,33.94125564683239,-117.4185713294963
92505,CA,RIVERSIDE,1,8,0,0,33.92021547955557,-117.48556815655554
92506,CA,RIVERSIDE,1,5,0,0,33.95173166500003,-117.37655897066666
92507,CA,RIVERSIDE,0,2,0,0,33.962247060500104,-117.3450690495
92509,CA,RIVERSIDE,0,7,0,0,33.99608197257148,-117.44782855685715
92518,CA,RIVERSIDE,0,2,0,0,33.8724860535,-117.293842533
92530,CA,RIVERSIDE,0,1,0,0,33.6816382000001,-117.3938244
92543,CA,RIVERSIDE,2,10,0,0,33.74108015127755,-116.9647981478626
92544,CA,RIVERSIDE,0,8,0,0,33.74749267850002,-116.937879546875
92545,CA,RIVERSIDE,0,6,0,0,33.74579081800005,-116.99449397766666
92555,CA,RIVERSIDE,2,8,0,0,33.914296046500034,-117.18979380030001
92562,CA,RIVERSIDE,1,7,0,0,33.57216225587502,-117.20683927799999
92563,CA,RIVERSIDE,2,1,0,0,33.589877931333326,-117.16946227233332
92570,CA,RIVERSIDE,0,2,0,0,33.84936120650005,-117.29246233250001
92571,CA,RIVERSIDE,1,2,0,0,33.80570846533337,-117.22482968433333
92582,CA,RIVERSIDE,0,1,0,0,33.779699867,-116.977617793
92583,CA,RIVERSIDE,0,2,0,0,33.7849939540001,-116.9559222115
92584,CA,RIVERSIDE,0,1,0,0,33.69526,-117.176158
92585,CA,RIVERSIDE,1,0,0,0,33.71950227,-117.16803304
92586,CA,RIVERSIDE,0,5,0,0,33.70736418740006,-117.1984304288
92591,CA,RIVERSIDE,0,2,0,0,33.5228678055,-117.140831545
92592,CA,RIVERSIDE,1,3,0,0,33.4905496784177,-117.099063707027
92595,CA,RIVERSIDE,1,1,0,0,33.59765911850005,-117.253143599
92604,CA,ORANGE,0,2,0,0,33.67404016450005,-117.7950140505
92612,CA,ORANGE,0,4,0,0,33.65534933275003,-117.82830779675001
92618,CA,ORANGE,3,0,0,0,33.65977811333334,-117.77351457000002
92624,CA,ORANGE,0,2,0,0,33.45148073900005,-117.654761888
92625,CA,ORANGE,0,2,0,0,33.6006419,-117.8666394
92626,CA,ORANGE,1,2,0,0,33.67398430233337,-117.91178574366667
92627,CA,ORANGE,2,9,0,0,33.6479826765455,-117.91595964754546
92629,CA,ORANGE,0,1,0,0,33.470248,-117.685381
92630,CA,ORANGE,0,4,0,0,33.629311323000046,-117.69631817575001
92637,CA,ORANGE,0,3,0,0,33.6018603256667,-117.72126971933334
92646,CA,ORANGE,0,1,0,0,33.6402099000001,-117.9600009
92647,CA,ORANGE,2,2,0,0,33.7061025525,-117.9907046045
92648,CA,ORANGE,0,6,0,0,33.68690688450007,-117.99302464283335
92649,CA,ORANGE,0,1,0,0,33.7405086000001,-118.0224741
92651,CA,ORANGE,2,0,0,0,33.500660894999996,-117.74085066
92653,CA,ORANGE,1,6,0,0,33.603741236857154,-117.7026361512857
92655,CA,ORANGE,0,1,0,0,33.7443883500001,-117.991190772
92656,CA,ORANGE,2,3,0,0,33.560738944800015,-117.72226759360001
92660,CA,ORANGE,0,2,0,0,33.6392662,-117.87335205
92663,CA,ORANGE,2,6,0,0,33.626856032875025,-117.92803510875001
92672,CA,ORANGE,0,1,0,0,33.4084668447021,-117.601185254134
92673,CA,ORANGE,1,1,0,0,33.45664509050005,-117.649474207
92675,CA,ORANGE,0,7,0,0,33.50156263057144,-117.66351403657143
92677,CA,ORANGE,0,4,0,0,33.52541935525008,-117.702750775
92683,CA,ORANGE,1,7,0,0,33.758309335000064,-117.99507728737498
92688,CA,ORANGE,0,1,0,0,33.6434385330001,-117.591558538
92691,CA,ORANGE,2,8,0,0,33.59038865300003,-117.66806563560002
92692,CA,ORANGE,0,3,0,0,33.575037705333365,-117.65901419966667
92694,CA,ORANGE,0,4,0,0,33.54677766482575,-117.63908942772625
92701,CA,ORANGE,0,1,1,0,33.752161684493,-117.86651252144475
92703,CA,ORANGE,0,1,0,0,33.7494687230001,-117.89205735
92704,CA,ORANGE,2,2,0,0,33.707536856000026,-117.8895603245
92705,CA,ORANGE,2,6,0,0,33.75831164377833,-117.82184776576587
92706,CA,ORANGE,1,5,0,0,33.766913885833354,-117.87488999316666
92707,CA,ORANGE,0,3,0,0,33.711773666000035,-117.88363863900001
92708,CA,ORANGE,3,8,0,0,33.70647179209095,-117.9480926850909
92780,CA,ORANGE,2,5,0,0,33.740301239285756,-117.8213520467143
92801,CA,ORANGE,1,8,0,0,33.84624584311114,-117.94609939255555
92802,CA,ORANGE,0,6,0,0,33.812874002500045,-117.93478436916666
92804,CA,ORANGE,3,15,0,0,33.82085908477783,-117.99524272561113
92805,CA,ORANGE,2,2,0,0,33.825387222000025,-117.90807966525
92806,CA,ORANGE,1,3,0,0,33.84206634500005,-117.867113585
92807,CA,ORANGE,1,4,0,0,33.847529075800075,-117.7809067246
92821,CA,ORANGE,1,6,0,0,33.92246102695176,-117.88115767098542
92831,CA,ORANGE,0,5,0,0,33.872460978966224,-117.9058874087334
92832,CA,ORANGE,0,4,0,0,33.873884672500054,-117.9272948295
92833,CA,ORANGE,0,1,0,0,33.8597783000001,-117.97112
92835,CA,ORANGE,1,11,0,0,33.89647225116668,-117.92546545249998
92840,CA,ORANGE,0,3,0,0,33.784816440000036,-117.92705638133333
92841,CA,ORANGE,0,4,0,0,33.77937342700005,-117.97418761325
92843,CA,ORANGE,1,5,0,0,33.77012024683335,-117.92673775583334
92845,CA,ORANGE,0,2,0,0,33.7892718525,-118.028658317
92860,CA,RIVERSIDE,0,1,0,0,33.939986676,-117.52841908
92865,CA,ORANGE,0,2,0,0,33.8260179,-117.83867294999999
92866,CA,ORANGE,1,2,0,0,33.78135862500003,-117.84043766866667
92868,CA,ORANGE,5,4,0,0,33.78206923766669,-117.87430821000001
92869,CA,ORANGE,2,6,0,0,33.78656864925005,-117.82005299225
92870,CA,ORANGE,1,7,0,0,33.88525165062502,-117.8539163825
92879,CA,RIVERSIDE,2,5,0,0,33.86197139585718,-117.55287204071428
92880,CA,RIVERSIDE,0,1,0,0,33.9458968000001,-117.5971363
92881,CA,RIVERSIDE,0,2,0,0,33.838712650000005,-117.5322812
92882,CA,RIVERSIDE,1,4,0,0,33.85544036585804,-117.57117570879939
92883,CA,RIVERSIDE,0,2,0,0,33.8175544500001,-117.5394537
92886,CA,ORANGE,0,8,0,0,33.895063960123714,-117.82429773141237
93001,CA,VENTURA,1,1,0,0,34.2996780625,-119.290182957
93003,CA,VENTURA,3,9,0,0,34.272227590916735,-119.234100995
93004,CA,VENTURA,0,2,0,0,34.28897606050005,-119.1578217075
93010,CA,VENTURA,1,6,0,0,34.23089667614287,-119.0398151612857
93012,CA,VENTURA,0,3,0,0,34.22143268300007,-118.99769581033335
93013,CA,SANTA BARBARA,0,1,0,0,34.39407772,-119.511507608
93015,CA,VENTURA,0,2,0,0,34.3942935425,-118.9212693515
93021,CA,VENTURA,0,1,0,0,34.2700424,-118.8669662
93022,CA,VENTURA,0,1,0,0,34.4093713570001,-119.30661077
93023,CA,VENTURA,1,7,0,0,34.44931284050002,-119.256734488375
93030,CA,VENTURA,2,1,0,0,34.21838069666669,-119.17672171366667
93033,CA,VENTURA,0,3,0,0,34.16666426200003,-119.17809420666667
93036,CA,VENTURA,0,3,1,0,34.22458476311825,-119.16809182732169
93060,CA,VENTURA,1,1,0,0,34.357546224000004,-119.0720150945
93063,CA,VENTURA,0,3,0,0,34.27419322418547,-118.699194704038
93065,CA,VENTURA,1,3,0,0,34.271775615612626,-118.76116472425976
93101,CA,SANTA BARBARA,0,4,0,0,34.426305213750055,-119.71270256825
93103,CA,SANTA BARBARA,0,1,0,0,34.434720778,-119.701951893
93105,CA,SANTA BARBARA,3,12,0,0,34.43130965906671,-119.73106225473333
93108,CA,SANTA BARBARA,0,2,0,0,34.429352745000045,-119.63855154550001
93109,CA,SANTA BARBARA,0,1,0,0,34.4042986110001,-119.70605238
93110,CA,SANTA BARBARA,1,1,1,0,34.4436115339958,-119.77069413589832
93111,CA,SANTA BARBARA,1,3,0,0,34.436785887250025,-119.810070778
93117,CA,SANTA BARBARA,0,2,0,0,34.421584113500046,-119.88609059500001
93203,CA,KERN,0,1,0,0,35.2122262410001,-118.834098052
93210,CA,FRESNO,2,2,0,0,36.1469487275,-120.3188256225
93212,CA,KINGS,1,0,0,0,36.10007945,-119.56395267
93215,CA,KERN,1,3,0,0,35.763452415000074,-119.23478108200001
93230,CA,KINGS,1,5,1,0,36.329365378734884,-119.65262409737885
93238,CA,KERN,0,1,0,0,35.7545719080001,-118.426159211
93240,CA,KERN,1,1,0,0,35.63492851400005,-118.4071327295
93247,CA,TULARE,0,1,0,0,36.210989785,-119.106934045
93257,CA,TULARE,2,7,0,0,36.0629592593334,-119.01898194711112
93263,CA,KERN,0,2,0,0,35.50753699800005,-119.2755279395
93274,CA,TULARE,1,4,0,0,36.22160390920006,-119.3414312078
93277,CA,TULARE,2,13,1,0,36.31395063051377,-119.32953289798547
93285,CA,KERN,0,1,0,0,35.7091098020001,-118.451917201
93291,CA,TULARE,1,2,0,0,36.34064933321294,-119.30423897133933
93292,CA,TULARE,0,4,0,0,36.32661294825003,-119.26862836999999
93301,CA,KERN,3,3,0,0,35.38420727600003,-119.0169581135
93304,CA,KERN,0,2,0,0,35.34345373750005,-119.0189594225
93305,CA,KERN,0,1,0,0,35.3935647210001,-118.973365458
93306,CA,KERN,4,6,1,0,35.38698298267417,-118.9491294442967
93307,CA,KERN,0,4,0,0,35.34509379400005,-118.99806912225
93308,CA,KERN,3,2,0,0,35.40372766360004,-119.04765607819999
93309,CA,KERN,2,7,0,0,35.34071715022228,-119.06017237155555
93311,CA,KERN,1,7,0,0,35.32160701991047,-119.11377206784687
93312,CA,KERN,0,4,0,0,35.38256869325008,-119.121794435
93313,CA,KERN,0,2,0,0,35.287688488500095,-119.060430637
93314,CA,KERN,0,1,0,0,35.3970924000001,-119.1794471
93401,CA,SAN LUIS OBISPO,2,6,1,0,35.27355991969611,-120.6495882130847
93405,CA,SAN LUIS OBISPO,1,1,0,0,35.291760347,-120.669193182
93420,CA,SAN LUIS OBISPO,1,5,0,0,35.11241232566669,-120.59266973650001
93422,CA,SAN LUIS OBISPO,1,7,0,0,35.46419822225003,-120.65563256937499
93436,CA,SANTA BARBARA,3,3,0,0,34.64406781066672,-120.45468365083333
93437,CA,SANTA BARBARA,1,0,0,0,34.74461769,-120.54161146
93442,CA,SAN LUIS OBISPO,0,4,0,0,35.36458537200008,-120.83125878
93444,CA,SAN LUIS OBISPO,0,1,0,0,35.0386719630001,-120.488231486
93446,CA,SAN LUIS OBISPO,0,6,0,0,35.62333189650002,-120.65245358933333
93454,CA,SANTA BARBARA,1,6,0,0,34.94300037757147,-120.40682934457143
93455,CA,SANTA BARBARA,0,3,0,0,34.87826392633337,-120.449030576
93458,CA,SANTA BARBARA,0,1,0,0,34.9490417960001,-120.445799009
93463,CA,SANTA BARBARA,1,3,0,0,34.60221574050003,-120.1271100425
93465,CA,SAN LUIS OBISPO,1,1,0,0,35.5540841885,-120.718803046
93510,CA,NAN,0,0,0,2,34.48048700421957,-118.19576251645299
93514,CA,INYO,1,2,1,0,37.36182172199986,-118.40029153249094
93524,CA,KERN,1,0,0,0,34.9241734,-117.89816679
93534,CA,LOS ANGELES,2,7,0,17,34.688261484117206,-118.15593860490796
93535,CA,LOS ANGELES,0,3,0,6,34.69189411393666,-118.12347938873874
93536,CA,LOS ANGELES,0,4,0,6,34.66388979644122,-118.19941393897209
93543,CA,LOS ANGELES,0,2,0,0,34.56651669750005,-117.9579739335
93545,CA,INYO,1,1,0,0,36.60910887800005,-118.0579293495
93546,CA,MONO,1,0,1,0,37.641306309082836,-118.96341212602891
93550,CA,NAN,0,0,0,2,34.55945550422655,-118.0848570164373
93551,CA,LOS ANGELES,1,1,0,11,34.597812590502265,-118.15969446545574
93552,CA,LOS ANGELES,0,2,0,6,34.56771506567032,-118.04327701232394
93555,CA,KERN,2,3,0,0,35.63295291140002,-117.67127940079999
93561,CA,KERN,2,0,0,0,35.139014079999995,-118.44973002500001
93610,CA,MADERA,0,4,0,0,37.111928868250025,-120.24141254850001
93611,CA,FRESNO,1,5,0,0,36.83165583050002,-119.6933379555
93612,CA,FRESNO,0,3,0,0,36.8259718126667,-119.71010229933331
93618,CA,TULARE,0,2,0,0,36.5401431826103,-119.395749133648
93619,CA,FRESNO,0,1,0,0,36.8634683330909,-119.656506536202
93625,CA,FRESNO,0,3,0,0,36.63005930333336,-119.660940185
93630,CA,FRESNO,0,1,0,0,36.7313380000001,-120.047615
93631,CA,FRESNO,0,1,0,0,36.5257286090001,-119.555608771
93635,CA,MERCED,1,4,0,0,37.05626336299102,-120.8437288404742
93636,CA,MADERA,2,0,0,0,36.883476969499995,-119.802327596
93637,CA,MADERA,1,2,0,0,36.95157531633333,-120.074193605
93638,CA,MADERA,0,1,1,0,36.957783664468835,-120.0437091645099
93644,CA,MADERA,0,2,0,0,37.34337274650005,-119.6839210215
93654,CA,FRESNO,1,5,0,0,36.59169238100343,-119.44583196262384
93657,CA,FRESNO,0,2,0,0,36.70623449500005,-119.5677149595
93662,CA,FRESNO,1,3,0,0,36.568493152749994,-119.60311980975
93702,CA,FRESNO,2,1,0,0,36.73327823433337,-119.75276788566667
93703,CA,FRESNO,3,2,0,0,36.77424512800003,-119.77807087180001
93705,CA,SAN FRANCISCO,0,1,0,0,37.777228,-122.425881
93706,CA,FRESNO,0,5,0,0,36.72981827320008,-119.83614430260002
93710,CA,FRESNO,1,19,0,0,36.828788359900045,-119.75550889294998
93711,CA,LOS ANGELES,0,2,0,0,35.47306780000005,-118.7760248
93720,CA,FRESNO,5,9,0,0,36.84758262652666,-119.7595098971088
93721,CA,FRESNO,1,3,1,0,36.741241627867424,-119.79047329838174
93722,CA,FRESNO,0,9,0,0,36.82261719488895,-119.88240100566665
93725,CA,FRESNO,0,2,0,0,36.64969438300005,-119.734942742
93726,CA,FRESNO,0,6,0,0,36.78794487883338,-119.75889024133333
93727,CA,FRESNO,0,11,0,0,36.73741771136371,-119.7059709599091
93730,CA,FRESNO,0,1,0,0,36.874590465,-119.774351031
93901,CA,MONTEREY,1,5,0,0,36.65828726183339,-121.65124538233333
93906,CA,MONTEREY,2,4,1,0,36.700754942673086,-121.64526731099848
93908,CA,MONTEREY,0,1,0,0,36.6063305320001,-121.695861872
93921,CA,MONTEREY,0,1,0,0,36.5534610545618,-121.923793045717
93923,CA,MONTEREY,0,3,0,0,36.53530892133336,-121.85155302633332
93930,CA,MONTEREY,1,1,0,0,36.206034686500004,-121.1327651455
93940,CA,MONTEREY,3,10,0,0,36.58684890338464,-121.89907326938463
93950,CA,MONTEREY,0,7,0,0,36.612196975571486,-121.92269090242857
93955,CA,MONTEREY,0,2,0,0,36.60940596650005,-121.8459511665
93960,CA,MONTEREY,0,1,0,0,36.4338297460001,-121.323560854
94002,CA,SAN MATEO,0,6,0,0,37.514302748500036,-122.28795652816666
94010,CA,SAN MATEO,1,8,0,0,37.59017116400001,-122.37464866244444
94014,CA,SAN MATEO,0,3,0,0,37.686454198333365,-122.46059313599999
94015,CA,SAN MATEO,2,7,0,0,37.67465639077781,-122.46993824911111
94022,CA,SANTA CLARA,0,4,0,0,37.39548661825005,-122.12216950275
94024,CA,SANTA CLARA,0,1,0,0,37.3565293030001,-122.091457556
94025,CA,SAN MATEO,2,3,0,0,37.45830376260002,-122.17034057660001
94028,CA,SAN MATEO,0,2,0,0,37.37368261950005,-122.22187300350001
94030,CA,SAN MATEO,0,4,0,0,37.60407035850005,-122.39471551825
94037,CA,SAN MATEO,0,3,0,0,37.54258785566673,-122.50463949366667
94038,CA,SAN MATEO,1,1,0,0,37.52629423100005,-122.5072240605
94040,CA,SANTA CLARA,2,4,0,0,37.37004194850002,-122.08150645566667
94044,CA,SAN MATEO,0,3,0,0,37.61244930866673,-122.49643934699999
94061,CA,SAN MATEO,0,4,0,0,37.4645180875189,-122.22297173798675
94062,CA,SAN MATEO,1,6,0,0,37.478179913571516,-122.25055782142859
94063,CA,SAN MATEO,1,2,0,0,37.478321213333366,-122.21189581
94066,CA,SAN MATEO,0,3,0,0,37.62902799100004,-122.432183361
94070,CA,SAN MATEO,0,3,0,0,37.50074997400003,-122.26664840433334
94080,CA,SAN MATEO,1,5,0,0,37.64980621833335,-122.4366182
94086,CA,SANTA CLARA,0,3,0,0,37.381780266333365,-122.05113386900001
94087,CA,SANTA CLARA,0,10,0,0,37.358406083100036,-122.03685702620002
94102,CA,SAN FRANCISCO,0,4,1,0,37.77729823596624,-122.42494782989881
94109,CA,SAN FRANCISCO,3,12,0,0,37.784745061733375,-122.42586840940001
94110,CA,SAN FRANCISCO,3,6,0,0,37.75325339933337,-122.41102647066666
94112,CA,SAN FRANCISCO,1,6,0,0,37.71835369012131,-122.4449357228186
94115,CA,SAN FRANCISCO,5,7,0,0,37.78591429841668,-122.43615440833334
94116,CA,SAN FRANCISCO,1,3,0,0,37.754491619250025,-122.46261097925
94117,CA,SAN FRANCISCO,6,5,0,0,37.77141317318186,-122.44150714372726
94118,CA,SAN FRANCISCO,2,3,0,0,37.786273852227524,-122.4569298652262
94121,CA,SAN FRANCISCO,1,5,0,0,37.7782219381667,-122.49986077316667
94122,CA,SAN FRANCISCO,0,5,0,0,37.76064396640008,-122.47061549760001
94123,CA,SAN FRANCISCO,0,2,0,0,37.80301137550005,-122.431137853
94127,CA,SAN FRANCISCO,0,1,0,0,37.7384210000001,-122.4675
94132,CA,SAN FRANCISCO,0,1,0,0,37.712255,-122.472073
94133,CA,SAN FRANCISCO,1,1,0,0,37.795514440000005,-122.40914932999999
94134,CA,SAN FRANCISCO,0,5,0,0,37.72691705480004,-122.4180383244
94143,CA,SAN FRANCISCO,3,0,0,0,37.76322246666667,-122.45751616666666
94158,CA,SAN FRANCISCO,1,0,0,0,37.76548003,-122.39007048
94301,CA,SANTA CLARA,0,6,0,0,37.44773471933338,-122.156528574
94303,CA,SANTA CLARA,0,2,0,0,37.422347772,-122.1028059275
94304,CA,SANTA CLARA,4,3,0,0,37.433529676285744,-122.1705922122857
94305,CA,SANTA CLARA,3,0,0,0,37.43355366433334,-122.17510406566667
94306,CA,SANTA CLARA,0,2,0,0,37.41959425900005,-122.13430263500001
94401,CA,SAN MATEO,1,7,0,0,37.56825711787503,-122.32995026712499
94402,CA,SAN MATEO,0,1,0,0,37.558098629,-122.320071319
94403,CA,SAN MATEO,2,5,1,0,37.53735740697733,-122.30044748655571
94404,CA,SAN MATEO,0,1,0,0,37.5596284210001,-122.268509749
94501,CA,ALAMEDA,3,11,0,0,37.77050960535718,-122.25737612785714
94502,CA,ALAMEDA,0,1,0,0,37.738488434,-122.239322826
94503,CA,NAPA,0,1,0,0,38.1662382220001,-122.257160691
94506,CA,CONTRA COSTA,0,3,0,0,37.80840173333336,-121.93734213333333
94507,CA,CONTRA COSTA,0,1,0,0,37.857179382,-122.025293058
94509,CA,CONTRA COSTA,1,6,0,0,37.99553901157143,-121.80032905585715
94513,CA,CONTRA COSTA,0,5,0,0,37.9332289148,-121.72059315020002
94515,CA,NAPA,0,1,0,0,38.5785913,-122.583998
94518,CA,CONTRA COSTA,0,3,0,0,37.94934290900003,-122.03134316366668
94519,CA,CONTRA COSTA,0,3,0,0,37.98122467366674,-122.01079248366666
94520,CA,CONTRA COSTA,2,2,0,0,37.979508192000004,-122.04004362225
94521,CA,CONTRA COSTA,0,7,0,0,37.96609697728578,-121.98592230342857
94523,CA,CONTRA COSTA,0,7,0,0,37.93955725428576,-122.07034670285714
94526,CA,CONTRA COSTA,0,4,0,0,37.831922084250095,-121.9915432035
94530,CA,CONTRA COSTA,0,2,0,0,37.91026818400005,-122.3077900655
94531,CA,CONTRA COSTA,1,2,0,0,37.95892075700004,-121.78548734566668
94533,CA,SOLANO,1,7,1,0,38.27323969472591,-122.04027090043708
94534,CA,SOLANO,0,2,0,0,38.24824189300005,-122.1083997115
94535,CA,SOLANO,1,0,0,0,38.2700215,-121.9637813
94536,CA,ALAMEDA,0,9,0,0,37.56296735155559,-121.98826810688888
94538,CA,ALAMEDA,3,6,0,0,37.547223913222254,-121.97819429566668
94541,CA,ALAMEDA,0,20,0,0,37.67584122220002,-122.08773999694999
94542,CA,ALAMEDA,0,2,0,0,37.65548549700004,-122.0674418375
94544,CA,ALAMEDA,0,7,0,0,37.64597152771437,-122.07892366085714
94545,CA,ALAMEDA,1,3,0,0,37.64293566800008,-122.10898662
94546,CA,ALAMEDA,1,13,0,0,37.69758536928574,-122.0803177915
94549,CA,CONTRA COSTA,0,2,0,0,37.90886515850005,-122.1042603905
94550,CA,ALAMEDA,2,12,0,0,37.67619485028574,-121.77716484278571
94552,CA,ALAMEDA,0,1,0,0,37.6992414440001,-122.031096713
94553,CA,CONTRA COSTA,2,2,1,0,38.0008245659577,-122.1215697388609
94556,CA,CONTRA COSTA,0,3,0,0,37.84227709933344,-122.12953251900001
94558,CA,NAPA,2,12,0,0,38.315703245674015,-122.29392447072863
94559,CA,NAPA,0,4,1,0,38.2808984396945,-122.29117085582148
94561,CA,CONTRA COSTA,0,2,0,0,37.99477695000005,-121.71766439999999
94563,CA,CONTRA COSTA,0,1,0,0,37.8830874330001,-122.184206147
94564,CA,CONTRA COSTA,0,2,0,0,37.999284803500004,-122.295324286
94565,CA,CONTRA COSTA,0,4,0,0,38.011801003500025,-121.8905331595
94566,CA,ALAMEDA,0,4,0,0,37.65952206725007,-121.87668435725
94568,CA,ALAMEDA,0,1,0,0,37.7083829,-121.9332228
94574,CA,NAPA,1,1,0,0,38.539432695,-122.47525307000001
94577,CA,ALAMEDA,2,9,0,0,37.72278436781821,-122.1528274200909
94578,CA,ALAMEDA,4,6,0,0,37.70436357190003,-122.12160566139998
94583,CA,CONTRA COSTA,2,5,0,0,37.7617318641429,-121.9540944857143
94585,CA,SOLANO,0,1,0,0,38.255818037,-122.013509905
94587,CA,ALAMEDA,0,5,0,0,37.59684999691744,-122.01027382990881
94588,CA,ALAMEDA,1,4,0,0,37.694285150000056,-121.8748944984
94589,CA,SOLANO,3,5,0,0,38.13227264887505,-122.24364846462498
94590,CA,SOLANO,1,0,0,0,38.11790375,-122.24889369
94591,CA,SOLANO,0,6,0,0,38.10372768433338,-122.21633020999998
94595,CA,CONTRA COSTA,0,6,0,0,37.88094099900004,-122.07187750666667
94596,CA,CONTRA COSTA,1,3,0,0,37.895373599500026,-122.05913170475
94597,CA,CONTRA COSTA,0,2,0,0,37.9231253405,-122.06723072599999
94598,CA,CONTRA COSTA,1,7,0,0,37.92001770437503,-122.03540196499999
94599,CA,NAPA,0,2,0,0,38.3945964575001,-122.3669867465
94601,CA,ALAMEDA,1,10,0,0,37.78431729738451,-122.21860527657064
94602,CA,ALAMEDA,1,4,0,0,37.796514790400046,-122.22450111600001
94605,CA,ALAMEDA,0,1,0,0,37.7435781,-122.1508547
94606,CA,ALAMEDA,0,5,0,0,37.79607379660008,-122.23963351339998
94607,CA,ALAMEDA,0,1,1,0,37.80204903160202,-122.27119867611508
94608,CA,ALAMEDA,0,1,0,0,37.8297386890001,-122.28732593
94609,CA,ALAMEDA,4,4,0,0,37.82257325400003,-122.26419104737501
94610,CA,ALAMEDA,0,10,0,0,37.81265664660004,-122.2528927756
94611,CA,ALAMEDA,1,4,0,0,37.82728504400004,-122.25310083280002
94612,CA,ALAMEDA,0,2,0,0,37.805374454500054,-122.264142066
94618,CA,ALAMEDA,0,1,0,0,37.8353561,-122.2521797
94619,CA,ALAMEDA,0,4,0,0,37.789191553500046,-122.19186302925
94621,CA,ALAMEDA,0,1,0,0,37.7695767970001,-122.195423394
94702,CA,ALAMEDA,0,2,0,0,37.86689491600005,-122.28327277
94704,CA,ALAMEDA,2,1,1,0,37.8650776674272,-122.26844597728358
94705,CA,ALAMEDA,1,5,0,0,37.85676466783337,-122.26155512033331
94706,CA,ALAMEDA,0,2,0,0,37.88694159800005,-122.29686519699999
94710,CA,ALAMEDA,0,2,0,0,37.86570375,-122.29199080000001
94801,CA,CONTRA COSTA,1,0,0,0,37.93718466,-122.36137844
94803,CA,CONTRA COSTA,0,2,0,0,37.9599705910001,-122.298846499
94804,CA,CONTRA COSTA,0,4,0,0,37.93871645550003,-122.341493708
94806,CA,CONTRA COSTA,0,4,0,0,37.95704406150007,-122.3378542845
94901,CA,MARIN,0,6,0,0,37.97525924566671,-122.52538861583332
94903,CA,MARIN,1,14,1,0,38.00456463620042,-122.5408298911806
94904,CA,MARIN,3,5,0,0,37.94903389700004,-122.53841251649999
94920,CA,MARIN,0,1,0,0,37.9007811560001,-122.480689136
94925,CA,MARIN,0,1,0,0,37.9190820490001,-122.506252891
94928,CA,SONOMA,0,2,0,0,38.352413679500046,-122.6852528855
94941,CA,MARIN,0,3,0,0,37.89586112600003,-122.53232509700001
94945,CA,MARIN,1,0,0,0,38.09925492,-122.56002452
94947,CA,MARIN,0,5,0,0,38.098459783000045,-122.57475312860001
94949,CA,MARIN,0,1,0,0,38.0559570023755,-122.518409572315
94951,CA,SONOMA,0,1,0,0,38.3269596,-122.6708972
94952,CA,SONOMA,0,5,0,0,38.22318862360004,-122.6463223834
94954,CA,SONOMA,1,6,0,0,38.25854948185717,-122.63508680314285
94960,CA,MARIN,0,1,0,0,37.971070524,-122.563545675
95003,CA,SANTA CRUZ,0,1,0,0,36.9822829,-121.9121485
95008,CA,SANTA CLARA,1,9,0,0,37.27488923834055,-121.95357532683597
95010,CA,SANTA CRUZ,0,1,0,0,36.9775051830001,-121.957920111
95014,CA,SANTA CLARA,0,7,0,0,37.32803284185716,-122.068459256
95019,CA,SANTA CRUZ,0,1,0,0,36.938751,-121.777374
95020,CA,SANTA CLARA,1,3,0,0,37.02481878125002,-121.577795125
95023,CA,SAN BENITO,1,3,1,0,36.85697824153766,-121.38783453952749
95032,CA,SANTA CLARA,3,7,0,0,37.24269651870003,-121.9558874516
95035,CA,SANTA CLARA,0,2,0,0,37.41608639700005,-121.9047718855
95037,CA,SANTA CLARA,0,7,0,0,37.12815338828579,-121.65051915928572
95046,CA,SANTA CLARA,0,1,0,0,37.0694697160001,-121.593117836
95050,CA,SANTA CLARA,0,2,0,0,37.3453066400001,-121.95549303749999
95051,CA,SANTA CLARA,2,1,0,0,37.34572303533337,-121.99868211500001
95054,CA,SANTA CLARA,0,1,0,0,37.389755504,-121.951606441
95060,CA,SANTA CRUZ,0,2,1,0,36.98184930950115,-122.02219124378131
95062,CA,SANTA CRUZ,2,10,0,0,36.978426777416715,-121.99249022775
95065,CA,SANTA CRUZ,2,1,0,0,36.98999039200003,-121.98170627366666
95066,CA,SANTA CRUZ,0,1,0,0,37.0487466480001,-122.036121158
95070,CA,SANTA CLARA,0,5,0,0,37.2602885824465,-122.0149125013266
95073,CA,SANTA CRUZ,0,1,0,0,36.998654618,-121.944066686
95076,CA,SANTA CRUZ,1,7,0,0,36.935952711500036,-121.76995283912501
95112,CA,SANTA CLARA,0,3,0,0,37.3418355366667,-121.885740338
95116,CA,SANTA CLARA,1,4,0,0,37.35466655920003,-121.85612178779999
95117,CA,SANTA CLARA,0,4,0,0,37.31087588450005,-121.96624461075
95118,CA,SANTA CLARA,0,1,0,0,37.2621058,-121.8757295
95119,CA,SANTA CLARA,1,0,0,0,37.23980334,-121.80021567
95121,CA,SANTA CLARA,0,1,0,0,37.3186154960001,-121.826792392
95123,CA,SANTA CLARA,0,1,0,0,37.253632012,-121.868299689
95124,CA,SANTA CLARA,1,3,0,0,37.248443726915625,-121.9406307779995
95125,CA,SANTA CLARA,0,5,0,0,37.28571487300006,-121.90317864480001
95126,CA,SANTA CLARA,0,4,1,0,37.322236185407746,-121.91580540560408
95127,CA,SANTA CLARA,0,2,0,0,37.36740261850005,-121.82116153
95128,CA,SANTA CLARA,4,9,0,0,37.31524312476926,-121.93668940207691
95129,CA,SANTA CLARA,0,4,0,0,37.295059183250025,-122.00778219600001
95135,CA,SANTA CLARA,0,3,0,0,37.304593186000034,-121.77788177633334
95136,CA,SANTA CLARA,0,1,0,0,37.2652782700001,-121.845616394
95138,CA,SANTA CLARA,1,0,0,0,37.24902093,-121.77445823
95202,CA,SAN JOAQUIN,2,2,0,0,37.96460708625005,-121.28852947525002
95203,CA,SAN JOAQUIN,1,2,0,0,37.960754105000035,-121.31229241800001
95204,CA,SAN JOAQUIN,2,6,0,0,37.97780466637503,-121.29360176162498
95205,CA,SAN JOAQUIN,0,1,1,0,37.952002298948386,-121.2661578223044
95206,CA,SAN JOAQUIN,0,2,0,0,37.91774239350005,-121.309183546
95207,CA,SAN JOAQUIN,0,12,0,0,38.00004529841671,-121.31815420275001
95209,CA,SAN JOAQUIN,0,6,0,0,38.03631888533337,-121.34884729883332
95210,CA,SAN JOAQUIN,0,3,0,0,38.012050832666695,-121.29254190233333
95215,CA,SAN JOAQUIN,0,1,0,0,37.994296289,-121.25022599
95219,CA,SAN JOAQUIN,0,2,0,0,37.98471873050005,-121.35267388599999
95222,CA,CALAVERAS,0,1,0,0,38.076941662,-120.534817727
95231,CA,SAN JOAQUIN,1,3,0,0,37.87770184275005,-121.28508895475
95240,CA,SAN JOAQUIN,1,9,0,0,38.13101407831252,-121.27782891911659
95242,CA,SAN JOAQUIN,1,5,0,0,38.12081454500003,-121.2953915215
95249,CA,CALAVERAS,1,1,1,0,38.19021501046584,-120.66899220268955
95301,CA,MERCED,0,1,0,0,37.348884277,-120.596843713
95307,CA,STANISLAUS,1,1,0,0,37.602280163,-120.96497496949999
95319,CA,STANISLAUS,0,2,0,0,37.636279331000054,-120.900377867
95320,CA,SAN JOAQUIN,0,3,0,0,37.8087771763334,-120.99630024866667
95326,CA,STANISLAUS,0,1,0,0,37.600377591,-120.853164123
95327,CA,TUOLUMNE,0,1,0,0,37.9633674020001,-120.406076643
95334,CA,MERCED,0,1,0,0,37.3747690330001,-120.731278491
95336,CA,SAN JOAQUIN,1,6,0,0,37.80880378773293,-121.20944532948315
95337,CA,SAN JOAQUIN,1,2,0,0,37.799924203666734,-121.242141453
95338,CA,MARIPOSA,1,2,1,0,37.50649989437362,-119.96874068960017
95340,CA,MERCED,2,4,0,0,37.316104831166705,-120.46492882983334
95341,CA,MERCED,0,2,1,0,37.30532910710249,-120.47618352740044
95348,CA,MERCED,0,4,0,0,37.32198012475003,-120.48010370225
95350,CA,STANISLAUS,1,9,1,0,37.668110678308956,-121.01000087537454
95351,CA,STANISLAUS,0,3,0,0,37.62020477766669,-121.00063850033332
95354,CA,STANISLAUS,1,0,0,0,37.64356628,-120.99090489
95355,CA,STANISLAUS,4,8,0,0,37.66912562433334,-120.96306198033334
95356,CA,STANISLAUS,1,4,0,0,37.69869249760002,-121.04911800299999
95360,CA,STANISLAUS,0,1,0,0,37.32206576,-121.02477941
95361,CA,STANISLAUS,2,5,0,0,37.76332492185717,-120.85726840699999
95366,CA,SAN JOAQUIN,0,2,0,0,37.737866107500054,-121.1347340275
95367,CA,STANISLAUS,0,1,0,0,37.737376473,-120.948341634
95368,CA,STANISLAUS,0,3,0,0,37.710385576,-121.09441874733334
95370,CA,TUOLUMNE,3,5,1,0,37.98059662998959,-120.37325893053043
95376,CA,SAN JOAQUIN,1,4,0,0,37.74933296160006,-121.4366959154
95380,CA,STANISLAUS,0,6,0,0,37.50131935223171,-120.84877021873449
95382,CA,STANISLAUS,1,9,0,0,37.51397715770001,-120.84107837440001
95401,CA,SONOMA,1,1,0,0,38.449742397500046,-122.75492758
95403,CA,SONOMA,2,12,0,0,38.476599250571454,-122.73257714457142
95404,CA,SONOMA,1,4,1,0,38.45948517460369,-122.70093966312334
95405,CA,SONOMA,2,4,0,0,38.44453136200003,-122.68531843200002
95407,CA,SONOMA,0,3,0,0,38.41873027600007,-122.72541955000001
95409,CA,SONOMA,1,7,0,0,38.45819458925,-122.644406902625
95422,CA,LAKE,1,2,0,0,38.95267283166667,-122.62714689433335
95425,CA,SONOMA,0,3,0,0,38.79055955300003,-123.02313948299998
95431,CA,SONOMA,1,0,0,0,38.34717995,-122.51869893
95436,CA,SONOMA,0,1,0,0,38.476833707,-122.895329222
95437,CA,MENDOCINO,1,1,0,0,39.4361723215,-123.79432058500001
95448,CA,SONOMA,1,3,0,0,38.62927277125005,-122.869325873
95452,CA,SONOMA,0,1,0,0,38.4189809330001,-122.54962622
95453,CA,LAKE,1,3,1,0,39.055685117409496,-122.92012266393854
95472,CA,SONOMA,1,2,0,0,38.395115158666734,-122.81833127766667
95476,CA,SONOMA,1,8,0,0,38.293295512777824,-122.46889140355557
95482,CA,MENDOCINO,1,4,1,0,39.13976221739285,-123.20796889260284
95490,CA,MENDOCINO,1,1,0,0,39.402549820000004,-123.349978868
95492,CA,SONOMA,0,1,0,0,38.551645396,-122.804675725
95501,CA,HUMBOLDT,3,5,1,0,40.779899303924395,-124.15412024270533
95503,CA,HUMBOLDT,0,10,0,0,40.76850923670003,-124.14583861390001
95519,CA,HUMBOLDT,0,1,0,0,40.939945584,-124.103962919
95521,CA,HUMBOLDT,1,0,0,0,40.89605659,-124.09118922
95531,CA,DEL NORTE,1,2,1,0,41.76947517905261,-124.19514985496917
95540,CA,HUMBOLDT,1,3,0,0,40.588540362,-124.14362148925001
95542,CA,HUMBOLDT,1,1,0,0,40.101669462000004,-123.792251752
95602,CA,PLACER,1,4,0,0,38.945757755800045,-121.10276338060001
95603,CA,PLACER,0,12,1,0,38.91846464135421,-121.08400103726453
95608,CA,SACRAMENTO,2,17,0,0,38.629812351842155,-121.33520238721054
95610,CA,SACRAMENTO,0,6,0,0,38.693054245833366,-121.27274574
95616,CA,YOLO,1,4,0,0,38.559471242800036,-121.7620827716
95618,CA,YOLO,0,1,0,0,38.5515438900001,-121.718005156
95620,CA,SOLANO,0,2,0,0,38.444305102499996,-121.839494345
95621,CA,SACRAMENTO,0,7,0,0,38.6906962797143,-121.301075005
95624,CA,SACRAMENTO,0,10,0,0,38.41638593620006,-121.38259518
95628,CA,SACRAMENTO,0,10,0,0,38.66008763890003,-121.2513864192
95630,CA,SACRAMENTO,2,7,0,0,38.66869177611116,-121.1507531951111
95632,CA,SACRAMENTO,0,2,0,0,38.249770091500096,-121.3034740065
95642,CA,AMADOR,1,4,0,0,38.35328584660006,-120.76881814859999
95648,CA,PLACER,0,4,0,0,38.889097047250004,-121.2983448495
95650,CA,PLACER,0,1,0,0,38.827816625,-121.178769013
95655,CA,SACRAMENTO,1,0,0,0,38.57296625,-121.2964588
95660,CA,SACRAMENTO,0,1,0,0,38.662449931,-121.373302994
95661,CA,PLACER,2,10,0,0,38.741286758750036,-121.26300402741667
95662,CA,SACRAMENTO,0,10,0,0,38.68869998110006,-121.2203132222
95667,CA,EL DORADO,2,7,1,0,38.72316663796523,-120.7997114725842
95670,CA,SACRAMENTO,0,3,0,0,38.61119958166674,-121.27771926633334
95677,CA,PLACER,0,1,0,0,38.7818836500001,-121.205225306
95678,CA,PLACER,1,2,0,0,38.75556546000001,-121.28029352333334
95682,CA,EL DORADO,0,5,0,0,38.66739058020006,-120.9767434466
95685,CA,AMADOR,0,1,1,0,38.37385740862625,-120.81164261139088
95687,CA,SOLANO,1,7,0,0,38.36211654800004,-121.951604410375
95688,CA,SOLANO,1,2,0,0,38.38548011969029,-121.95775637387966
95691,CA,YOLO,0,2,0,0,38.57970960100005,-121.5332506375
95693,CA,SACRAMENTO,0,1,0,0,38.3999705350001,-121.223919499
95695,CA,YOLO,2,9,1,0,38.67754316210618,-121.79074296363912
95746,CA,PLACER,0,4,0,0,38.73580059500005,-121.1969689805
95747,CA,PLACER,0,3,0,0,38.777375997333365,-121.338330599
95757,CA,SACRAMENTO,0,2,0,0,38.40394671735845,-121.40708867881301
95758,CA,SACRAMENTO,0,4,0,0,38.41782084075005,-121.41284727474999
95762,CA,EL DORADO,0,3,0,0,38.679698225666705,-121.07960147800001
95765,CA,PLACER,0,4,0,0,38.823187486500046,-121.2820001985
95814,CA,SACRAMENTO,0,2,1,0,38.575371806838554,-121.50254942170106
95815,CA,SACRAMENTO,1,3,0,0,38.59908883975005,-121.45893508900001
95816,CA,SACRAMENTO,4,5,0,0,38.571700250333365,-121.46609171788889
95817,CA,SACRAMENTO,5,1,0,0,38.5550193,-121.45752076316667
95818,CA,SACRAMENTO,0,1,0,0,38.563828592,-121.481313546
95819,CA,SACRAMENTO,1,2,0,0,38.573197652,-121.44289751333334
95820,CA,SACRAMENTO,1,3,0,0,38.53464721700002,-121.44098688825001
95821,CA,SACRAMENTO,0,5,0,0,38.62626041660006,-121.36572226140001
95822,CA,SACRAMENTO,0,3,0,0,38.507906942,-121.493733172
95823,CA,SACRAMENTO,3,8,1,0,38.47986324718976,-121.43004704609926
95824,CA,SACRAMENTO,0,2,0,0,38.519830986500054,-121.4505030465
95825,CA,SACRAMENTO,2,13,0,0,38.58994364700002,-121.4001367646667
95826,CA,SACRAMENTO,1,0,0,0,38.54992593,-121.41461678
95827,CA,SACRAMENTO,0,1,0,0,38.555987816,-121.346116625
95828,CA,SACRAMENTO,0,4,0,0,38.48690253700002,-121.39841594200001
95829,CA,SACRAMENTO,0,1,0,0,38.4727142,-121.3554363
95831,CA,SACRAMENTO,0,10,0,0,38.496433295700044,-121.52695040210001
95834,CA,SACRAMENTO,1,1,0,0,38.640936245999995,-121.5006666255
95835,CA,SACRAMENTO,0,1,0,0,38.6829017520001,-121.508863095
95838,CA,SACRAMENTO,0,2,0,0,38.644043346000004,-121.454271969
95841,CA,SACRAMENTO,2,4,0,0,38.652470282166696,-121.35580087733332
95843,CA,SACRAMENTO,0,1,0,0,38.707817,-121.3412295
95901,CA,YUBA,1,3,1,0,39.142928017537656,-121.58057664114628
95903,CA,YUBA,1,0,0,0,39.11515208,-121.34158828
95926,CA,BUTTE,5,4,0,0,39.751397659333335,-121.85056314299999
95928,CA,BUTTE,0,8,0,0,39.74255375937505,-121.79346678850001
95932,CA,COLUSA,1,1,1,0,39.20652663862636,-122.00028386593867
95945,CA,NEVADA,1,11,1,0,39.23121927292064,-121.04507207175472
95948,CA,BUTTE,1,1,0,0,39.36748446800005,-121.6896039895
95953,CA,SUTTER,0,1,0,0,39.2622563850001,-121.660797863
95961,CA,YUBA,0,1,0,0,39.068272628,-121.587654921
95963,CA,GLENN,0,2,0,0,39.73716456350005,-122.183155982
95965,CA,BUTTE,0,1,1,0,39.520270343353545,-121.58021577113298
95966,CA,BUTTE,1,6,0,0,39.49655037028576,-121.52658255142858
95969,CA,BUTTE,1,5,0,0,39.7527540806667,-121.59735312250001
95971,CA,PLUMAS,1,0,1,0,39.94582546190304,-120.96255582773611
95973,CA,BUTTE,0,5,0,0,39.76682580460006,-121.8534862944
95987,CA,COLUSA,0,1,0,0,39.152758658,-122.157203476
95988,CA,GLENN,1,1,1,0,39.52248332775546,-122.2074537636088
95991,CA,SUTTER,3,8,0,0,39.14879498963638,-121.62224134600001
95993,CA,SUTTER,1,1,1,0,39.139917731704344,-121.6374811743555
96001,CA,SHASTA,6,5,1,0,40.57588567199644,-122.39842912570101
96002,CA,SHASTA,0,10,0,0,40.55077915450004,-122.34540332239999
96003,CA,SHASTA,0,12,0,0,40.61293352958341,-122.36642482966666
96007,CA,SHASTA,0,2,0,0,40.44880905350005,-122.29794172550001
96020,CA,PLUMAS,1,1,0,0,40.305784818,-121.23475359950001
96028,CA,SHASTA,1,1,0,0,41.02374510700005,-121.42420955099999
96038,CA,SISKIYOU,0,1,0,0,41.64694329604,-122.526564434729
96067,CA,SISKIYOU,1,0,0,0,41.31865738,-122.32112569
96080,CA,TEHAMA,2,6,1,0,40.166108395033476,-122.23822126646938
96093,CA,TRINITY,1,1,1,0,40.72862979079307,-122.93491070368452
96094,CA,SISKIYOU,0,1,0,0,41.4262880860001,-122.385725618
96097,CA,SISKIYOU,1,2,1,0,41.724629804695965,-122.64047512499414
96101,CA,MODOC,1,1,1,0,41.48269783016081,-120.54482664045561
96104,CA,MODOC,1,1,0,0,41.5315161005,-120.171442942
96118,CA,SIERRA,1,1,1,0,39.67774418886496,-120.24272178182366
96120,CA,ALPINE,0,0,1,0,38.769298043051585,-119.81689368599409
96122,CA,PLUMAS,1,1,0,0,39.8055042845,-120.4628659165
96130,CA,LASSEN,1,2,1,0,40.42319515250592,-120.64115904818755
96150,CA,EL DORADO,1,1,0,0,38.911670012000044,-119.997121032
96161,CA,NEVADA,1,1,0,0,39.324986665000054,-120.200801571
96701,HI,HONOLULU,1,0,0,0,21.38347864,-157.93869557
96706,HI,HONOLULU,2,1,0,0,21.365510986000032,-158.03005411666666
96707,HI,HONOLULU,1,2,0,0,21.329241122666733,-158.07398888033333
96717,HI,HONOLULU,0,1,0,0,21.586982762,-157.895758537
96720,HI,HAWAII,1,5,1,0,19.711008238188544,-155.10492087992725
96727,HI,HAWAII,1,1,0,0,20.076255074000052,-155.46978933600002
96731,HI,HONOLULU,1,1,0,0,21.67635477500005,-157.95389147499998
96732,HI,MAUI,0,2,0,0,20.883615876500052,-156.48073410749998
96734,HI,HONOLULU,1,2,0,0,21.396204480000033,-157.76619773000002
96740,HI,HAWAII,0,2,0,0,19.6052371775001,-155.97343629649998
96743,HI,HAWAII,1,0,0,0,20.0223089,-155.66442089
96744,HI,HONOLULU,1,4,0,0,21.404205573600063,-157.795050625
96746,HI,KAUAI,1,1,0,0,22.08781580750005,-159.31291171200002
96748,HI,MAUI,1,0,1,0,21.09227725944549,-157.01971431191959
96750,HI,HAWAII,1,0,0,0,19.52003097,-155.91741004
96755,HI,HAWAII,1,1,0,0,20.23250421850005,-155.796808779
96756,HI,KAUAI,0,1,0,0,21.9260473370001,-159.485844821
96763,HI,MAUI,1,1,0,0,20.82600225503235,-156.9175353551025
96766,HI,KAUAI,1,2,1,0,21.978221053520382,-159.37069623826514
96777,HI,HAWAII,1,0,0,0,19.19966254,-155.47213604
96782,HI,HONOLULU,0,1,0,0,21.391405643,-157.97088926
96786,HI,HONOLULU,1,1,0,0,21.4987891575,-158.0261088835
96789,HI,HONOLULU,0,1,0,0,21.470919156,-158.00548505
96790,HI,MAUI,1,1,0,0,20.70139402200005,-156.3574465905
96792,HI,HONOLULU,0,1,0,0,21.470047406,-158.20618207
96793,HI,MAUI,1,1,1,0,20.888131176743844,-156.4963668542464
96796,HI,KAUAI,1,2,0,0,21.959705683666698,-159.67041149666667
96799,AS,EASTERN,1,0,1,0,-14.289766569163316,-170.68508293757696
96813,HI,HONOLULU,2,2,2,0,21.324798743864463,-157.8727749884459
96815,HI,HONOLULU,0,1,0,0,21.2895504690001,-157.834608604
96816,HI,HONOLULU,1,4,0,0,21.28642862560006,-157.7992387614
96817,HI,HONOLULU,4,6,0,0,21.32577242580003,-157.85454844539998
96818,HI,HONOLULU,0,1,0,0,21.3662666311905,-157.901310862556
96819,HI,HONOLULU,2,1,0,0,21.356707373666666,-157.886497496
96821,HI,HONOLULU,0,3,0,0,21.28150808833343,-157.76203492566665
96822,HI,HONOLULU,0,3,0,0,21.304113564,-157.83593974766666
96825,HI,HONOLULU,0,2,0,0,21.300049586303402,-157.78209539305402
96826,HI,HONOLULU,2,6,0,0,21.297066857250027,-157.834923444375
96853,HI,HONOLULU,1,0,0,0,21.33945114,-157.95852789
96859,HI,HONOLULU,1,0,0,0,21.35964934,-157.890273
96913,GU,GUAM,1,0,1,0,13.472293501820257,144.78522426587557
96919,GU,GUAM,1,0,0,0,13.4752103,144.7366118
96929,GU,GUAM,1,0,0,0,13.525133,144.823076
96940,PW,KOROR,1,0,0,0,7.35419831,134.46413524
96950,MP,SAIPAN,1,0,1,0,15.211259383838675,145.72425853609712
97005,OR,WASHINGTON,0,5,0,0,45.485401605400064,-122.8161059666
97006,OR,WASHINGTON,0,3,0,0,45.527007333333394,-122.85411433333336
97007,OR,WASHINGTON,0,7,0,0,45.46029262228577,-122.82640190857144
97008,OR,WASHINGTON,0,7,0,0,45.456321936417105,-122.80322270223986
97013,OR,CLACKAMAS,0,9,0,0,45.25362766388892,-122.69294669555555
97015,OR,CLACKAMAS,1,7,0,0,45.42555626067002,-122.52760397966938
97016,OR,COLUMBIA,0,2,0,0,46.10428770329635,-123.208970095667
97017,OR,CLACKAMAS,0,1,0,0,45.1740533,-122.4417781
97023,OR,CLACKAMAS,0,1,0,0,45.2943953,-122.3384304
97027,OR,CLACKAMAS,0,4,0,0,45.38758064410945,-122.58362305087576
97030,OR,MULTNOMAH,1,21,0,0,45.50601244253467,-122.4249622638314
97031,OR,HOOD RIVER,1,6,1,0,45.698486209626694,-121.52502295252631
97034,OR,CLACKAMAS,0,4,0,0,45.40031159150003,-122.66091762375
97035,OR,CLACKAMAS,0,11,0,0,45.41751739301734,-122.71870337725537
97037,OR,WASCO,0,1,0,0,45.166799,-121.095233
97038,OR,CLACKAMAS,0,5,0,0,45.148323547993684,-122.5745135483018
97045,OR,CLACKAMAS,1,14,1,0,45.343225071545085,-122.59586010509122
97051,OR,COLUMBIA,0,5,1,0,45.860216830321825,-122.8187565032768
97055,OR,CLACKAMAS,0,4,0,0,45.395780344464846,-122.25525934214025
97056,OR,COLUMBIA,0,2,0,0,45.75039700000005,-122.87172799999999
97058,OR,WASCO,1,10,1,0,45.5996706533229,-121.1776176328512
97060,OR,MULTNOMAH,0,6,0,0,45.533760533333385,-122.41012528333333
97062,OR,WASHINGTON,1,8,0,0,45.38267013822226,-122.77749085333332
97068,OR,CLACKAMAS,0,4,0,0,45.35686172500005,-122.655636625
97070,OR,CLACKAMAS,0,6,0,0,45.30173509133335,-122.76196135800001
97071,OR,MARION,0,9,0,0,45.14940183566668,-122.8718613781111
97080,OR,MULTNOMAH,0,7,0,0,45.48011048291174,-122.40246532246799
97086,OR,CLACKAMAS,0,5,0,0,45.43723031926102,-122.549513309768
97089,OR,CLACKAMAS,0,3,0,0,45.4533233353334,-122.45712404199999
97103,OR,CLATSOP,1,3,1,0,46.18288666572937,-123.82896840986241
97113,OR,WASHINGTON,0,1,0,0,45.5211601,-123.0364059
97116,OR,WASHINGTON,1,12,0,0,45.52032874492311,-123.08939590730769
97123,OR,WASHINGTON,1,11,0,0,45.51143802002233,-122.95505860613633
97124,OR,WASHINGTON,1,3,1,0,45.52920745485806,-122.93939696353682
97128,OR,YAMHILL,1,21,1,0,45.21108854492538,-123.19705280609097
97131,OR,TILLAMOOK,0,1,0,0,45.716264708,-123.906104538
97132,OR,YAMHILL,1,9,0,0,45.30841833000005,-122.9569418915
97138,OR,CLATSOP,1,3,0,0,45.988568505000046,-123.9159711675
97140,OR,WASHINGTON,0,6,0,0,45.364155780166705,-122.84532983133333
97141,OR,TILLAMOOK,1,3,1,0,45.464256574642675,-123.83682745185452
97146,OR,CLATSOP,1,1,0,0,46.146682049999995,-123.90184425
97147,OR,TILLAMOOK,0,1,0,0,45.685645589,-123.88522898
97148,OR,YAMHILL,0,1,0,0,45.3398199632025,-123.188037877449
97201,OR,MULTNOMAH,0,4,0,0,45.505260327354826,-122.6846444277615
97202,OR,MULTNOMAH,0,7,0,0,45.4886929605715,-122.63332573900001
97203,OR,MULTNOMAH,0,7,0,0,45.59616521489094,-122.75219568299512
97204,OR,MULTNOMAH,0,1,1,0,45.521088510833636,-122.67573003665349
97205,OR,MULTNOMAH,0,2,0,0,45.522541250000046,-122.68499475
97206,OR,MULTNOMAH,0,11,0,0,45.489561181270865,-122.59175137108853
97209,OR,MULTNOMAH,0,2,0,0,45.52900759000005,-122.6803628635
97210,OR,MULTNOMAH,1,3,0,0,45.5294632396172,-122.6997737705285
97211,OR,MULTNOMAH,0,5,0,0,45.5677246492,-122.64773317240001
97213,OR,MULTNOMAH,1,4,0,0,45.528468270000005,-122.60687824800002
97214,OR,MULTNOMAH,0,9,0,0,45.51775118483222,-122.63494213460255
97215,OR,MULTNOMAH,0,6,0,0,45.51719758333338,-122.60525095000001
97216,OR,MULTNOMAH,1,7,0,0,45.515634606000035,-122.554596563875
97217,OR,MULTNOMAH,0,1,0,0,45.5563916,-122.677616
97218,OR,MULTNOMAH,0,4,0,0,45.557559874999995,-122.60530924999999
97219,OR,MULTNOMAH,0,9,0,0,45.45745915855559,-122.72625898588892
97220,OR,MULTNOMAH,1,20,0,0,45.53276255454018,-122.54833858073592
97221,OR,MULTNOMAH,0,4,0,0,45.48441346250008,-122.73921676524999
97222,OR,CLACKAMAS,1,12,0,0,45.43199494012766,-122.62431145184662
97223,OR,WASHINGTON,0,7,0,0,45.43830199271431,-122.77949358771427
97224,OR,WASHINGTON,0,5,0,0,45.41327134140003,-122.78192960639998
97225,OR,WASHINGTON,2,8,0,0,45.50032336240774,-122.75869294802291
97227,OR,MULTNOMAH,1,1,0,0,45.54424319,-122.670205055
97229,OR,WASHINGTON,0,7,0,0,45.53170343228576,-122.80567814442858
97230,OR,MULTNOMAH,0,11,0,0,45.53034058057169,-122.51804991314384
97232,OR,MULTNOMAH,1,9,1,0,45.53033328113725,-122.6476313918066
97233,OR,MULTNOMAH,0,10,0,0,45.51238944640002,-122.4796282648
97236,OR,MULTNOMAH,0,18,0,0,45.48804635745529,-122.53843211239729
97239,OR,MULTNOMAH,4,5,0,0,45.49390824492016,-122.68319011468199
97266,OR,MULTNOMAH,0,11,0,0,45.48896871634324,-122.5437834168839
97267,OR,CLACKAMAS,0,23,0,0,45.41449347052177,-122.61640706643477
97301,OR,MARION,2,20,1,0,44.949476187499585,-123.00054200225263
97302,OR,MARION,0,6,0,0,44.890431238166734,-123.03297708066667
97303,OR,MARION,0,13,0,0,45.00133633734572,-123.01911908792354
97304,OR,POLK,0,7,0,0,44.95937005400002,-123.06144025614286
97305,OR,MARION,0,5,0,0,44.964711422000015,-122.9857929426
97306,OR,MARION,0,8,0,0,44.87729596863282,-123.02674653310125
97317,WA,MARION,0,7,0,0,46.24740063228577,-122.64014528628572
97321,OR,LINN,1,10,1,0,44.62898092948074,-123.09168667227532
97322,OR,LINN,0,4,0,0,44.617248250000074,-123.08007699999999
97330,OR,BENTON,1,10,1,0,44.58791193769992,-123.26130637086453
97333,OR,BENTON,0,3,0,0,44.54974653333343,-123.31276663333334
97338,OR,POLK,1,8,1,0,44.926460071256045,-123.31582143681271
97351,OR,POLK,0,2,0,0,44.851311300000106,-123.20345035
97355,OR,LINN,1,7,0,0,44.54195226725002,-122.914515025125
97361,OR,POLK,0,1,0,0,44.8437500000001,-123.231091
97362,OR,MARION,0,4,0,0,45.06544941215445,-122.7928746407955
97365,OR,LINCOLN,1,2,1,0,44.64571149254298,-124.05734216739137
97366,OR,LINCOLN,0,1,0,0,44.6131868000001,-124.0443446
97367,OR,LINCOLN,1,2,0,0,44.97508137833338,-124.00065660766666
97370,OR,BENTON,0,1,0,0,44.5346178,-123.3594086
97378,OR,YAMHILL,0,2,0,0,45.09676581000005,-123.4061412615
97381,OR,MARION,1,3,0,0,45.00419940900002,-122.78112767375
97383,OR,MARION,1,1,0,0,44.808348124999995,-122.788729295
97385,OR,MARION,0,3,0,0,44.8263958123334,-122.789612069
97386,OR,LINN,0,4,0,0,44.40205015479742,-122.70456192264899
97392,OR,MARION,0,2,0,0,44.84351480000005,-122.94956565
97401,OR,LANE,1,17,1,0,44.07212418657899,-123.08488406453822
97402,OR,LANE,0,5,0,0,44.077648179000036,-123.15941282399999
97403,OR,LANE,0,1,0,0,44.0267010000001,-123.075735
97404,OR,LANE,0,8,0,0,44.104220516125054,-123.132595058625
97405,OR,LANE,0,13,0,0,44.01992259838466,-123.09940494492305
97411,OR,COOS,1,4,0,0,43.09815699520008,-124.41602240259999
97415,OR,CURRY,1,4,0,0,42.05551004900001,-124.28227507700001
97417,OR,DOUGLAS,0,2,0,0,42.926301900000055,-123.2819457
97420,OR,COOS,1,5,0,0,43.38307933500005,-124.2454617
97423,OR,COOS,1,0,0,0,43.17944271,-124.17938601
97424,OR,LANE,1,6,0,0,43.79677783500002,-123.056491131
97426,OR,LANE,0,1,0,0,43.911664,-123.021918
97431,OR,LANE,0,1,0,0,43.897498601382,-122.819880552788
97439,OR,LANE,1,5,0,0,43.97898798766672,-124.10649375766666
97442,OR,DOUGLAS,0,1,0,0,42.7538731,-123.3732206
97444,OR,CURRY,1,1,1,0,42.4204517332743,-124.42255550677561
97448,OR,LANE,1,3,0,0,44.2061544525,-123.1957688875
97457,OR,DOUGLAS,0,1,0,0,43.014845,-123.289937
97458,OR,COOS,0,1,0,0,43.0658090000001,-124.139669
97459,OR,COOS,1,1,1,0,43.40253639809933,-124.2370235018654
97467,OR,DOUGLAS,1,1,0,0,43.694606454500004,-124.136361228
97470,OR,DOUGLAS,0,10,1,0,43.22690150021006,-123.35669400239311
97471,OR,DOUGLAS,2,8,0,0,43.228740224774256,-123.36957099047008
97477,OR,LANE,2,12,0,0,44.0714865416429,-123.03630842592857
97478,OR,LANE,0,7,0,0,44.046390188392856,-122.92701742867557
97479,OR,DOUGLAS,0,4,0,0,43.38903986425,-123.32032138275
97487,OR,LANE,0,1,0,0,44.0454506,-123.3623357
97498,OR,LINCOLN,0,1,0,0,44.3226560000001,-124.101233
97501,OR,JACKSON,0,4,0,0,42.30443658950003,-122.869138605
97502,OR,JACKSON,0,5,0,0,42.377883247599996,-122.9161630484
97503,OR,JACKSON,0,2,0,0,42.42448592550005,-122.836049292
97504,OR,JACKSON,2,43,1,0,42.33249728164271,-122.84518768950117
97520,OR,JACKSON,1,6,0,0,42.20932326800003,-122.71928624585713
97524,OR,JACKSON,0,1,0,0,42.4720800000001,-122.805476
97526,OR,JOSEPHINE,0,15,1,0,42.44859130941051,-123.34435685669035
97527,OR,JOSEPHINE,1,12,0,0,42.42179388638465,-123.3496833506923
97530,OR,JACKSON,0,1,0,0,42.3190680000001,-122.960415
97532,OR,JOSEPHINE,0,1,0,0,42.5044593530146,-123.423685850623
97535,OR,JACKSON,0,1,0,0,42.2678026,-122.8125125
97537,OR,JACKSON,0,1,0,0,42.4328570000001,-123.16106
97540,OR,JACKSON,0,1,0,0,42.250116995,-122.7851259
97601,OR,KLAMATH,1,6,1,0,42.24340195037708,-121.7791119483358
97603,OR,KLAMATH,0,8,0,0,42.21903618875004,-121.736362876375
97630,OR,LAKE,1,3,1,0,42.182994817312725,-120.3504694571574
97701,OR,DESCHUTES,1,16,1,0,44.06554567125545,-121.27124094255964
97702,OR,DESCHUTES,0,9,0,0,44.03429692278135,-121.31342480798622
97720,OR,HARNEY,1,3,1,0,43.58512575414511,-119.06488218592862
97738,OR,HARNEY,0,1,0,0,43.57412465,-119.080246441
97739,OR,DESCHUTES,0,4,0,0,43.686239263502074,-121.512573705673
97741,OR,JEFFERSON,1,5,1,0,44.63752714213026,-121.12048900840409
97754,OR,CROOK,2,5,1,0,44.304699621176326,-120.83845447593536
97756,OR,DESCHUTES,1,12,0,0,44.26902054384618,-121.18881543584614
97759,OR,DESCHUTES,0,1,0,0,44.296373391,-121.545077275
97761,OR,JEFFERSON,0,1,0,0,44.753111,-121.265692
97801,OR,UMATILLA,1,11,1,0,45.65782775210987,-118.79633210442474
97814,OR,BAKER,1,4,1,0,44.79233620540302,-117.83494145009176
97823,OR,GILLIAM,0,2,0,0,45.23654630000005,-120.1872178
97828,OR,WALLOWA,1,2,1,0,45.432385742047536,-117.28472289741129
97830,OR,WHEELER,0,2,1,0,44.99850461913252,-120.21313268764368
97836,OR,MORROW,1,2,1,0,45.35227113827578,-119.55042496411887
97838,OR,UMATILLA,1,10,0,0,45.843731717205486,-119.30167053249838
97845,OR,GRANT,1,3,1,0,44.41790851416476,-118.95689591584187
97846,OR,WALLOWA,0,1,0,0,45.3538340740001,-117.233280016
97850,OR,UNION,1,3,1,0,45.316274297038944,-118.09030275033388
97862,OR,UMATILLA,0,3,0,0,45.93888770000004,-118.38439669999998
97869,OR,GRANT,0,1,0,0,44.4623730000001,-118.70892
97913,OR,MALHEUR,0,1,0,0,43.879892054,-117.007003551
97914,OR,MALHEUR,1,7,1,0,44.025695909556674,-116.98366315598426
97918,OR,MALHEUR,0,2,0,0,43.98015170000005,-117.2510811
98002,WA,KING,1,8,0,0,47.31466388133336,-122.22285986177775
98003,WA,KING,1,9,0,0,47.306867989300045,-122.32520123689999
98004,WA,KING,1,6,0,0,47.61793360942862,-122.19318729300001
98005,WA,KING,0,1,0,0,47.617893983,-122.174191984
98007,WA,KING,0,4,0,0,47.61796639475005,-122.139400976
98008,WA,KING,0,2,0,0,47.6210904000001,-122.12882927999999
98011,WA,KING,0,5,0,0,47.755585383200035,-122.1966806938
98012,WA,SNOHOMISH,0,2,0,0,47.8704487925001,-122.21737629649999
98020,WA,SNOHOMISH,1,3,0,0,47.799797938750054,-122.3648502775
98021,WA,SNOHOMISH,0,2,0,0,47.786682868,-122.23923649650001
98022,WA,KING,1,5,0,0,47.20758525816675,-121.98608517449999
98023,WA,KING,0,1,0,0,47.3230659720001,-122.346796472
98026,WA,SNOHOMISH,0,4,0,0,47.8063379902501,-122.33232635275
98027,WA,KING,1,4,0,0,47.53511197460001,-122.0563824796
98028,WA,KING,0,1,0,0,47.760478386,-122.244268973
98029,WA,KING,1,5,0,0,47.556314694000065,-122.02961473916668
98030,WA,KING,0,8,0,0,47.382174799500035,-122.20381232825
98031,WA,KING,0,1,0,0,47.400743451,-122.199446805
98033,WA,KING,1,3,0,0,47.68081535425008,-122.19883201375
98034,WA,KING,2,6,0,0,47.713772958000035,-122.19416080037499
98036,WA,SNOHOMISH,0,2,0,0,47.818761348500104,-122.3184451105
98037,WA,SNOHOMISH,0,6,0,0,47.82887810116668,-122.294792804
98038,WA,KING,0,1,0,0,47.385550127,-122.0420397
98040,WA,KING,0,6,0,0,47.583979989666666,-122.22952596116666
98042,WA,KING,1,4,0,0,47.358556485800044,-122.1210400552
98043,WA,SNOHOMISH,0,2,0,0,47.78846999350005,-122.30983225899999
98045,WA,KING,0,3,0,0,47.492760323333364,-121.78326553666666
98047,WA,KING,0,1,0,0,47.2651572170001,-122.253501696
98052,WA,KING,2,9,0,0,47.67466689563641,-122.12040999763636
98055,WA,KING,1,6,0,0,47.446050820142844,-122.2077719327143
98056,WA,KING,0,1,0,0,47.535149055,-122.165350419
98057,WA,KING,1,3,0,0,47.476474874500056,-122.22098407325001
98058,WA,KING,0,1,0,0,47.450856334,-122.153236209
98059,WA,KING,0,1,0,0,47.53479359,-122.162834018
98065,WA,KING,2,0,0,0,47.51360986,-121.85610890500001
98070,WA,KING,0,1,0,0,47.4673107570001,-122.461059773
98072,WA,KING,0,2,0,0,47.73852901350005,-122.145094823
98075,WA,KING,0,1,0,0,47.581810976,-121.997069802
98087,WA,SNOHOMISH,0,2,0,0,47.85891983800005,-122.283575336
98092,WA,KING,0,2,0,0,47.31439258150005,-122.19674498699999
98101,WA,KING,2,4,0,0,47.61125911766673,-122.33010951633332
98102,WA,KING,0,1,0,0,47.6365264197735,-122.325453133317
98103,WA,KING,0,7,0,0,47.66381905185718,-122.34236604285715
98104,WA,KING,1,5,1,0,47.602626245026215,-122.32522372479528
98105,WA,KING,1,2,0,0,47.66620523766667,-122.28920913033333
98106,WA,KING,0,1,0,0,47.5277255680001,-122.354823159
98107,WA,KING,1,3,0,0,47.66818541400005,-122.3804601175
98108,WA,KING,2,0,0,0,47.562864315,-122.30788758
98109,WA,KING,1,5,0,0,47.62901860983339,-122.34158119366668
98110,WA,KITSAP,0,5,0,0,47.637684684000064,-122.5175452922
98112,WA,KING,2,5,0,0,47.62555980500006,-122.29857984700001
98114,WA,KING,1,0,0,0,47.60866127,-122.32162109
98115,WA,KING,0,3,0,0,47.68679041200007,-122.30677976333334
98116,WA,KING,0,4,0,0,47.57825522200005,-122.38757836949999
98117,WA,KING,0,2,0,0,47.6983805565001,-122.3722894995
98118,WA,KING,0,4,0,0,47.545957023250075,-122.277833195
98119,WA,KING,0,4,0,0,47.63301253100005,-122.35880452625001
98122,WA,KING,1,4,0,0,47.61250711140002,-122.31108640560001
98125,WA,KING,1,7,0,0,47.70822675487506,-122.31599120787499
98126,WA,KING,0,5,0,0,47.55341359300006,-122.3739794438
98133,WA,KING,1,6,0,0,47.74160371128577,-122.34911801157143
98136,WA,KING,0,3,0,0,47.53155230666673,-122.389924029
98144,WA,KING,0,3,0,0,47.589284894000066,-122.29875566066666
98146,WA,KING,1,4,0,0,47.49032449800002,-122.3460811188
98148,WA,KING,0,2,0,0,47.4603667690001,-122.33013176150001
98155,WA,KING,0,8,0,0,47.741450550625046,-122.31477290812501
98166,WA,KING,2,1,0,0,47.46122506833337,-122.34227610966666
98168,WA,KING,2,0,0,0,47.510888054999995,-122.33107520499999
98177,WA,KING,0,3,0,0,47.7265356702207,-122.36668506565366
98178,WA,KING,0,1,0,0,47.5000953900001,-122.219995248
98188,WA,KING,0,1,0,0,47.4605589000001,-122.2493345
98195,WA,KING,1,0,0,0,47.65085814,-122.30926063
98198,WA,KING,0,6,0,0,47.40182729900007,-122.31302991733332
98201,WA,SNOHOMISH,3,4,1,0,47.98428491843843,-122.21115664700191
98203,WA,SNOHOMISH,0,5,0,0,47.94246663660009,-122.211342442
98204,WA,SNOHOMISH,1,4,0,0,48.01754190360004,-122.25092116600001
98208,WA,SNOHOMISH,1,4,0,0,47.886582750800024,-122.2098799224
98221,WA,SKAGIT,1,5,0,0,48.502279167500035,-122.6157833465
98223,WA,SNOHOMISH,1,4,0,0,48.17912457900004,-122.1344874616
98225,WA,WHATCOM,2,12,1,0,48.754240981258846,-122.48166496943233
98226,WA,WHATCOM,0,6,0,0,48.793197509500054,-122.47091862533334
98229,WA,WHATCOM,0,2,0,0,48.73597972600005,-122.444637225
98230,WA,WHATCOM,0,1,0,0,48.999758926,-122.7472079
98233,WA,SKAGIT,0,5,0,0,48.472946652800104,-122.3269398902
98239,WA,ISLAND,1,1,1,0,48.215440906305076,-122.68370736408296
98248,WA,WHATCOM,0,2,0,0,48.8487395145,-122.6110305415
98249,WA,ISLAND,0,1,0,0,48.0111048300001,-122.519504758
98250,WA,SAN JUAN,1,1,1,0,48.5307636007803,-123.02330515871706
98252,WA,SNOHOMISH,0,1,0,0,48.085224528,-121.965085201
98257,WA,SKAGIT,0,1,0,0,48.393353281,-122.496278303
98258,WA,SNOHOMISH,0,1,0,0,48.016211625,-122.080856931
98264,WA,WHATCOM,0,3,0,0,48.96176693000004,-122.442351623
98270,WA,SNOHOMISH,0,5,0,0,48.06211162020006,-122.167420268
98271,WA,SNOHOMISH,1,2,0,0,48.09827885900006,-122.20991782466668
98272,WA,SNOHOMISH,2,2,0,0,47.85924331025001,-121.98909875675
98273,WA,SKAGIT,1,1,1,0,48.424149451126254,-122.31759770422086
98274,WA,SKAGIT,0,4,0,0,48.41975833925007,-122.315659635
98275,WA,SNOHOMISH,0,2,0,0,47.89672595050005,-122.29518913199999
98277,WA,ISLAND,0,6,0,0,48.291104138000044,-122.66341927100001
98278,WA,ISLAND,1,0,0,0,48.336434228,-122.681126154
98284,WA,SKAGIT,0,3,0,0,48.49603528866674,-122.25659627700001
98290,WA,SNOHOMISH,0,2,0,0,47.9255435510001,-122.08826321949999
98292,WA,SNOHOMISH,0,5,0,0,48.21782692820006,-122.35438072100001
98310,WA,KITSAP,1,5,0,0,47.586554287000034,-122.63353140183335
98312,WA,KITSAP,1,6,0,0,47.5722328071429,-122.66925385014288
98321,WA,PIERCE,0,1,0,0,47.159176303,-122.044477005
98327,WA,PIERCE,0,1,0,0,47.0946049030001,-122.65506361
98331,WA,CLALLAM,1,1,0,0,47.946193831,-124.392770333
98332,WA,PIERCE,1,3,0,0,47.356342260250045,-122.5972451825
98335,WA,PIERCE,0,7,0,0,47.29961983100004,-122.57305375885714
98337,WA,KITSAP,0,0,1,0,47.56696232229043,-122.62602808299069
98349,WA,PIERCE,0,1,0,0,47.3391874434613,-122.743319782492
98354,WA,PIERCE,0,2,0,0,47.2581197935001,-122.30867321
98356,WA,LEWIS,1,1,0,0,46.55715269700005,-122.28462703150001
98360,WA,PIERCE,0,1,0,0,47.079504,-122.212124
98362,WA,CLALLAM,1,6,1,0,48.097691635456805,-123.37425338787571
98363,WA,CLALLAM,0,1,0,0,48.123311469,-123.467149499
98366,WA,KITSAP,0,6,0,0,47.51891728133339,-122.64489649433335
98368,WA,JEFFERSON,1,4,1,0,48.112450012139966,-122.78492886293402
98370,WA,KITSAP,0,3,0,0,47.73812853566674,-122.64644041833333
98371,WA,PIERCE,0,4,0,0,47.184416955749995,-122.29397347175001
98372,WA,PIERCE,1,6,0,0,47.189601682142886,-122.28324210185714
98374,WA,PIERCE,0,4,0,0,47.156621225500075,-122.285878413
98375,WA,PIERCE,0,2,0,0,47.111039931500045,-122.302443763
98378,WA,KITSAP,0,1,0,0,47.544990936,-122.615804108
98382,WA,CLALLAM,0,6,0,0,48.07948926583339,-123.11466292683333
98383,WA,KITSAP,1,6,0,0,47.66543151054532,-122.68233623680271
98387,WA,PIERCE,0,2,0,0,47.0501933065,-122.3450268915
98390,WA,PIERCE,0,3,0,0,47.2053637546667,-122.22138938033333
98391,WA,PIERCE,0,1,0,0,47.1222409365135,-122.195916532184
98402,WA,PIERCE,0,1,0,0,47.260705134,-122.445186435
98403,WA,PIERCE,0,1,0,0,47.2621248950001,-122.455602492
98404,WA,PIERCE,0,4,0,0,47.20202856775008,-122.41215380325
98405,WA,PIERCE,4,4,0,0,47.251286687875044,-122.46346305674999
98406,WA,PIERCE,0,6,0,0,47.259264642000055,-122.51627007366666
98407,WA,PIERCE,1,3,0,0,47.287827181000026,-122.51650191075001
98408,WA,PIERCE,0,4,0,0,47.198142891000046,-122.44679910325002
98409,WA,PIERCE,0,3,0,0,47.212639333333335,-122.49684857466666
98411,WA,PIERCE,1,0,0,0,47.24164648,-122.48105459
98418,WA,PIERCE,0,0,1,0,47.22516791027552,-122.43501050420524
98431,WA,PIERCE,2,0,0,0,47.108524305,-122.551937405
98433,WA,PIERCE,2,0,0,0,47.130336944999996,-122.590095185
98438,WA,PIERCE,1,0,0,0,47.129648454,-122.496288569
98443,WA,PIERCE,0,1,0,0,47.21408274,-122.386875695
98444,WA,PIERCE,0,3,0,0,47.16305433900007,-122.45547520999999
98445,WA,PIERCE,0,3,0,0,47.16303259733337,-122.40295954533333
98465,WA,PIERCE,0,2,0,0,47.2486131315,-122.5240030585
98466,WA,PIERCE,0,2,0,0,47.220285883500054,-122.519820393
98467,WA,PIERCE,0,3,0,0,47.205287196333366,-122.526770452
98498,WA,PIERCE,2,0,0,0,47.17963821,-122.56508301
98499,WA,PIERCE,1,2,0,0,47.15679495000006,-122.50784018266665
98501,WA,THURSTON,0,1,1,0,47.007025954298804,-122.89110033845736
98502,WA,THURSTON,1,5,0,0,47.041854937166704,-122.95278409233333
98503,WA,THURSTON,1,6,0,0,47.02368790028577,-122.82000960042858
98506,WA,THURSTON,1,5,1,0,47.0537473401672,-122.8447757847058
98512,WA,THURSTON,0,2,0,0,47.000167592000096,-122.9216249205
98516,WA,THURSTON,0,1,0,0,47.05886287,-122.756847039
98520,WA,GRAYS HARBOR,2,2,1,0,46.979450257053806,-123.84077088324906
98524,WA,MASON,0,1,0,0,47.380947452,-122.836410511
98531,WA,LEWIS,1,7,0,0,46.71734525300003,-122.98400130299999
98532,WA,LEWIS,0,2,1,0,46.655807668338916,-122.96079376271364
98541,WA,GRAYS HARBOR,1,1,0,0,47.005585661,-123.4017879475
98550,WA,GRAYS HARBOR,0,3,0,0,46.9825965366667,-123.87337482733334
98557,WA,GRAYS HARBOR,1,1,0,0,47.0549084085,-123.265071284
98563,WA,GRAYS HARBOR,0,1,0,0,46.988650653,-123.584668409
98569,WA,GRAYS HARBOR,0,1,0,0,46.954579257,-124.13084747
98577,WA,PACIFIC,0,1,0,0,46.6751343010001,-123.747394923
98584,WA,MASON,1,4,1,0,47.22716069146758,-123.11026141464241
98586,WA,PACIFIC,1,1,1,0,46.66376051017579,-123.81266372575395
98597,WA,THURSTON,0,2,0,0,46.948951192500104,-122.61536699050001
98604,WA,CLARK,0,3,0,0,45.77963369800003,-122.54171728533333
98607,WA,CLARK,0,3,0,0,45.5945179606667,-122.41978663333333
98611,WA,COWLITZ,0,1,0,0,46.272990082,-122.908270843
98612,WA,WAHKIAKUM,0,0,1,0,46.20279579013401,-123.3849029009562
98620,WA,KLICKITAT,1,0,1,0,45.82111323082381,-120.81886523192333
98624,WA,PACIFIC,1,0,0,0,46.3114343,-124.04263083
98626,WA,COWLITZ,0,1,0,0,46.146855261,-122.878993903
98632,WA,COWLITZ,2,9,1,0,46.13970739697041,-122.93092784151709
98640,WA,PACIFIC,0,1,0,0,46.458404956,-124.051225604
98642,WA,CLARK,0,1,0,0,45.815747221,-122.747149058
98648,WA,SKAMANIA,0,1,0,0,45.6877861070001,-121.89918742
98660,WA,CLARK,0,2,0,0,45.6282670155,-122.6735622385
98661,WA,CLARK,1,0,1,0,45.637774038508354,-122.65765255753749
98662,WA,CLARK,0,4,0,0,45.66601410000005,-122.58754206725
98663,WA,CLARK,1,2,0,0,45.6504271993334,-122.66870965933333
98664,WA,CLARK,0,4,0,0,45.62505726575008,-122.58056271525
98665,WA,CLARK,0,5,0,0,45.68559615980005,-122.66477547040002
98668,WA,CLARK,1,0,0,0,45.62443751,-122.58072696
98671,WA,CLARK,0,1,0,0,45.5931044290001,-122.383736143
98672,WA,KLICKITAT,1,0,0,0,45.72237924,-121.47053068
98674,WA,COWLITZ,0,2,0,0,45.8992480280001,-122.750982908
98682,WA,CLARK,0,1,0,0,45.6948379500001,-122.55083136
98683,WA,CLARK,0,7,0,0,45.60955036914293,-122.51544146857142
98684,WA,CLARK,0,3,0,0,45.63858684066673,-122.539135384
98686,WA,CLARK,2,4,0,0,45.71771274927462,-122.64327146189851
98801,WA,CHELAN,1,10,0,0,47.41871023054551,-120.32908791436363
98802,WA,DOUGLAS,0,3,1,0,47.417034650901016,-120.28783339790797
98807,WA,CHELAN,1,0,0,0,47.40660465,-120.32103051
98812,WA,OKANOGAN,1,1,0,0,48.106958535000004,-119.77928993
98815,WA,CHELAN,0,2,0,0,47.5179027625,-120.48203402050001
98816,WA,CHELAN,1,1,0,0,47.8445777515,-120.00961498800001
98823,WA,GRANT,1,2,1,0,47.31639799788971,-119.54848347480572
98826,WA,CHELAN,1,1,0,0,47.594574767,-120.6683493585
98837,WA,GRANT,1,6,0,0,47.130664772285755,-119.27523316185713
98840,WA,OKANOGAN,0,0,1,0,48.35689909973298,-119.59383211675309
98841,WA,OKANOGAN,1,2,0,0,48.41511883833337,-119.52042177999999
98848,WA,GRANT,1,1,0,0,47.231680153,-119.8641229315
98851,WA,GRANT,0,1,0,0,47.3866956300001,-119.493072846
98855,WA,OKANOGAN,1,1,0,0,48.706866148500055,-119.43855656650001
98858,WA,DOUGLAS,0,1,0,0,47.648110284,-120.068214051
98901,WA,YAKIMA,0,1,0,0,46.6069625040001,-120.498671047
98902,WA,YAKIMA,2,11,0,0,46.60450415784619,-120.55011599692307
98903,WA,YAKIMA,0,1,1,0,46.55428151266,-120.48710409907152
98908,WA,YAKIMA,0,8,0,0,46.607684627625076,-120.573767410375
98926,WA,KITTITAS,1,5,1,0,46.9861558053198,-120.53657177301015
98930,WA,YAKIMA,0,2,0,0,46.249136603000096,-119.9260486445
98942,WA,YAKIMA,0,2,0,0,46.66289163800005,-120.5284574735
98944,WA,YAKIMA,1,3,0,0,46.32002638175005,-120.00852444875
98948,WA,YAKIMA,1,1,0,0,46.3720182525,-120.3203082585
98951,WA,YAKIMA,0,1,0,0,46.4494227170001,-120.426644217
99004,WA,SPOKANE,0,2,0,0,47.50056970550005,-117.5749606645
99011,WA,SPOKANE,1,0,0,0,47.63941604,-117.64527527
99012,WA,SPOKANE,0,1,0,0,47.381218661,-117.16830457
99016,WA,SPOKANE,0,3,0,0,47.6562931093801,-117.17702560179167
99019,WA,SPOKANE,0,1,0,0,47.6700948770001,-117.093896051
99022,WA,SPOKANE,1,1,0,0,47.562155667,-117.70038613349999
99033,WA,WHITMAN,0,1,0,0,47.2312170920001,-117.083095075
99037,WA,SPOKANE,0,1,0,0,47.654253306,-117.214290502
99109,WA,STEVENS,1,2,0,0,48.27901172500003,-117.71284940166667
99111,WA,WHITMAN,1,3,1,0,46.874705457193016,-117.36869666475692
99114,WA,STEVENS,1,4,1,0,48.54756371938104,-117.90289626970429
99122,WA,LINCOLN,1,0,1,0,47.65733913903503,-118.14580155291843
99130,WA,WHITMAN,0,1,0,0,47.0081615670001,-117.141784347
99133,WA,GRANT,1,0,0,0,47.94244952,-119.00759291
99155,WA,OKANOGAN,0,1,0,0,48.1279450000001,-118.973406
99156,WA,PEND OREILLE,1,1,0,0,48.1814275065,-117.048627618
99159,WA,LINCOLN,1,1,0,0,47.3312313025,-118.68151829199999
99163,WA,WHITMAN,1,3,0,0,46.72273224175002,-117.17895889124999
99166,WA,FERRY,1,1,0,0,48.65273024299999,-118.7318246245
99169,WA,ADAMS,1,1,0,0,47.124541435,-118.3712633675
99171,WA,WHITMAN,0,1,0,0,47.090758572,-117.589098026
99185,WA,LINCOLN,0,1,0,0,47.751522412,-118.704996263
99201,WA,SPOKANE,0,5,1,0,47.66660153682691,-117.43906621510803
99202,WA,SPOKANE,3,5,0,0,47.65170213562502,-117.400225760375
99203,WA,SPOKANE,0,2,0,0,47.6269595080001,-117.3827298885
99204,WA,SPOKANE,2,2,0,0,47.649528143,-117.4221370345
99205,WA,SPOKANE,1,3,0,0,47.69095615425007,-117.44806863024999
99206,WA,SPOKANE,0,8,0,0,47.66281896937507,-117.25782373975001
99207,WA,SPOKANE,1,4,0,0,47.69727188940003,-117.3925711566
99208,WA,SPOKANE,0,6,0,0,47.72112886900006,-117.43104066000001
99210,WA,SPOKANE,1,0,0,0,47.65180024,-117.42343611
99212,WA,SPOKANE,0,2,0,0,47.652708396500046,-117.31129772599999
99216,WA,SPOKANE,1,10,0,0,47.66300537872734,-117.21897767081819
99218,WA,SPOKANE,0,10,0,0,47.753943259500055,-117.4023771668
99220,WA,SPOKANE,1,0,0,0,47.649213,-117.41359539
99223,WA,SPOKANE,0,8,0,0,47.61075919688329,-117.36312753782137
99301,WA,FRANKLIN,1,3,0,0,46.25229390650008,-119.12610659699999
99324,WA,WALLA WALLA,0,3,0,0,46.047730436666704,-118.375524666
99328,WA,COLUMBIA,1,3,1,0,46.31297726360585,-117.97396616670173
99336,WA,BENTON,1,11,1,0,46.211805456140546,-119.17836269797235
99337,WA,BENTON,0,3,0,0,46.186832901000095,-119.15220785766667
99338,WA,BENTON,0,1,0,0,46.1876863150001,-119.174124093
99344,WA,ADAMS,1,2,1,0,46.82996510972432,-119.16324363888606
99347,WA,GARFIELD,1,0,1,0,46.47418316842318,-117.59993158893272
99350,WA,BENTON,1,2,0,0,46.21208058200003,-119.763621043
99352,WA,BENTON,2,5,0,0,46.26816049471428,-119.27407252285715
99354,WA,BENTON,0,4,0,0,46.29668075400008,-119.27635029250001
99362,WA,WALLA WALLA,3,7,1,0,46.058373173615564,-118.33876077176257
99403,WA,ASOTIN,1,3,1,0,46.40452540918693,-117.05634933993478
99501,AK,ANCHORAGE,0,12,1,0,61.21268506983778,-149.878548980606
99502,AK,ANCHORAGE,0,52,0,0,61.14969569145285,-149.94199977497135
99503,AK,ANCHORAGE,1,14,1,0,61.184860632199985,-149.88720445678908
99504,AK,ANCHORAGE,0,155,0,0,61.2026554374226,-149.7478380404247
99505,AK,ANCHORAGE,0,1,0,0,61.128771826,-149.853150929
99506,AK,ANCHORAGE,1,0,0,0,61.23509597,-149.74466706
99507,AK,ANCHORAGE,0,94,0,0,61.153021191373334,-149.82765064274847
99508,AK,ANCHORAGE,7,108,0,0,61.23104137883097,-149.79395231803773
99511,AK,ANCHORAGE,0,1,0,0,61.227952187,-149.802352756
99515,AK,ANCHORAGE,0,69,0,0,61.12374739173761,-149.89695496135252
99516,AK,ANCHORAGE,0,23,0,0,61.10438564156528,-149.81489345404347
99517,AK,ANCHORAGE,0,23,0,0,61.18827920204354,-149.9349585126087
99518,AK,ANCHORAGE,0,18,0,0,61.154718042738864,-149.89353703230438
99546,AK,ALEUTIANS WEST,1,0,0,0,51.868005,-176.640263
99556,AK,KENAI PENINSULA,0,1,0,0,59.7644258270001,-151.829403092
99559,AK,BETHEL,1,5,1,0,60.78747633733964,-161.79008993903267
99567,AK,ANCHORAGE,0,4,0,0,61.40456647525005,-149.47529521725
99574,AK,CHUGACH,1,1,1,0,60.5416948883259,-145.75532159638297
99576,AK,DILLINGHAM,2,1,1,0,59.02363083884333,-158.52872299345773
99577,AK,ANCHORAGE,0,16,0,0,61.32123589868754,-149.54041845306247
99588,AK,COPPER RIVER,1,0,0,0,62.108932,-145.540928
99603,AK,KENAI PENINSULA,1,7,1,0,59.65894035877573,-151.5377368824028
99611,AK,KENAI PENINSULA,0,13,1,0,60.55895289136327,-151.25178480460872
99615,AK,KODIAK ISLAND,1,10,1,0,57.79214798750683,-152.39701530750384
99623,AK,MATANUSKA-SUSITNA,0,8,0,0,61.56889989250004,-149.576213205875
99639,AK,KENAI PENINSULA,0,2,0,0,60.033858637500046,-151.65259528500002
99645,AK,MATANUSKA-SUSITNA,1,26,0,0,61.59918885194697,-149.1779232795541
99652,AK,MATANUSKA-SUSITNA,0,2,0,0,61.5315883375001,-149.8046100595
99654,AK,MATANUSKA-SUSITNA,1,82,1,0,61.5849434982404,-149.45928104879647
99664,AK,KENAI PENINSULA,1,6,1,0,60.13381104259769,-149.42717941594685
99669,AK,KENAI PENINSULA,1,15,0,0,60.48883762762505,-151.0731812608125
99672,AK,KENAI PENINSULA,0,2,0,0,60.53146172900005,-150.811298268
99676,AK,MATANUSKA-SUSITNA,0,2,0,0,62.06936645,-150.02767575000001
99684,AK,NOME,0,1,0,0,63.878370568,-160.795990837
99685,AK,ALEUTIANS WEST,1,0,0,0,53.8722442,-166.5393244
99686,AK,VALDEZ-CORDOVA,1,6,1,0,61.13546438081076,-146.357829786916
99687,AK,MATANUSKA-SUSITNA,0,2,0,0,61.50372905800005,-149.6234110665
99688,AK,MATANUSKA-SUSITNA,0,1,0,0,61.743499,-150.067849104
99694,AK,MATANUSKA-SUSITNA,0,3,0,0,61.59908851366671,-149.78132226533333
99701,AK,FAIRBANKS NORTH STAR,1,21,1,0,64.83902765367715,-147.73383942838169
99702,AK,FAIRBANKS NORTH STAR,1,0,0,0,64.67840671,-147.09262453
99703,AK,FAIRBANKS NORTH STAR,1,0,0,0,64.82970024,-147.66222916
99705,AK,FAIRBANKS NORTH STAR,0,4,0,0,64.76498443575002,-147.3781458675
99709,AK,FAIRBANKS NORTH STAR,0,17,0,0,64.85062593756066,-147.80030218189881
99712,AK,FAIRBANKS NORTH STAR,0,2,0,0,64.89720690000004,-147.60438879999998
99723,AK,NORTH SLOPE,1,2,1,0,71.29933490947579,-156.7492681175332
99731,AK,SOUTHEAST FAIRBANKS,1,0,0,0,63.97166334,-145.7134337
99737,AK,SOUTHEAST FAIRBANKS,0,0,1,0,64.02687433501214,-145.69445118534134
99740,AK,YUKON-KOYUKUK,0,0,1,0,66.56684821365123,-145.24433526808454
99741,AK,YUKON-KOYUKUK,0,1,1,0,64.73940813727647,-156.90575913230919
99752,AK,NORTHWEST ARCTIC,1,3,1,0,66.89674512846307,-162.5897090338761
99762,AK,NOME,2,1,1,0,64.50124331500305,-165.39862498681913
99777,AK,YUKON-KOYUKUK,0,1,0,0,65.1715662220001,-152.093651107
99780,AK,SOUTHEAST FAIRBANKS,0,0,1,0,63.33632028008568,-142.9838384319794
99801,AK,JUNEAU,1,10,1,0,58.363580217998454,-134.5429554485989
99827,AK,HAINES,0,1,1,0,59.23620293513474,-135.44598376061253
99833,AK,PETERSBURG,1,3,1,0,56.81250127497204,-132.95178860144534
99835,AK,SITKA,4,4,1,0,57.517702954123074,-136.9508951615477
99901,AK,KETCHIKAN GATEWAY,1,9,1,0,55.34741347695778,-131.66430537866472
99921,AK,PRINCE OF WALES-OUTER KETCHIKAN,0,0,1,0,55.474200888781304,-133.14807980651352
99929,AK,WRANGELL,1,2,1,0,56.46945662949783,-132.3768116796624
